sigma,transition_length,w,estimator,q,q_star,n_predicted_cps,median_signed_error,median_abs_error,f1_tau5,precision_tau5,recall_tau5,f1_tau10,precision_tau10,recall_tau10,f1_tau25,precision_tau25,recall_tau25
0,1,25,gradient,0.5,0.9962143853357243,36,-23.5,23.5,0.0,0.0,0.0,0.0,0.0,0.0,0.972972972972973,1.0,0.9473684210526315
0,1,25,gradient,0.6,0.9962143853357243,36,-23.5,23.5,0.0,0.0,0.0,0.0,0.0,0.0,0.972972972972973,1.0,0.9473684210526315
0,1,25,gradient,0.7,0.9962143853357243,36,-23.5,23.5,0.0,0.0,0.0,0.0,0.0,0.0,0.972972972972973,1.0,0.9473684210526315
0,1,25,gradient,0.75,0.9962143853357243,36,-23.5,23.5,0.0,0.0,0.0,0.0,0.0,0.0,0.972972972972973,1.0,0.9473684210526315
0,1,25,gradient,0.8,0.9962143853357243,36,-23.5,23.5,0.0,0.0,0.0,0.0,0.0,0.0,0.972972972972973,1.0,0.9473684210526315
0,1,25,gradient,0.85,0.9962143853357243,36,-17.5,17.5,0.0,0.0,0.0,0.0,0.0,0.0,0.972972972972973,1.0,0.9473684210526315
0,1,25,gradient,0.9,0.9962143853357243,36,-11.5,11.5,0.0,0.0,0.0,0.0,0.0,0.0,0.972972972972973,1.0,0.9473684210526315
0,1,25,gradient,0.925,0.9962143853357243,36,-7.5,7.5,0.0,0.0,0.0,0.972972972972973,1.0,0.9473684210526315,0.972972972972973,1.0,0.9473684210526315
0,1,25,gradient,0.95,0.9962143853357243,36,-4.5,4.5,0.972972972972973,1.0,0.9473684210526315,0.972972972972973,1.0,0.9473684210526315,0.972972972972973,1.0,0.9473684210526315
0,1,25,gradient,0.975,0.9962143853357243,36,-1.5,1.5,0.972972972972973,1.0,0.9473684210526315,0.972972972972973,1.0,0.9473684210526315,0.972972972972973,1.0,0.9473684210526315
0,1,25,gradient,0.99,0.9962143853357243,18,0.0,0.0,0.6428571428571429,1.0,0.47368421052631576,0.6428571428571429,1.0,0.47368421052631576,0.6428571428571429,1.0,0.47368421052631576
0,2,25,gradient,0.5,0.9924573243350536,36,-23.0,23.0,0.0,0.0,0.0,0.0,0.0,0.0,0.972972972972973,1.0,0.9473684210526315
0,2,25,gradient,0.6,0.9924573243350536,36,-23.0,23.0,0.0,0.0,0.0,0.0,0.0,0.0,0.972972972972973,1.0,0.9473684210526315
0,2,25,gradient,0.7,0.9924573243350536,36,-23.0,23.0,0.0,0.0,0.0,0.0,0.0,0.0,0.972972972972973,1.0,0.9473684210526315
0,2,25,gradient,0.75,0.9924573243350536,36,-23.0,23.0,0.0,0.0,0.0,0.0,0.0,0.0,0.972972972972973,1.0,0.9473684210526315
0,2,25,gradient,0.8,0.9924573243350536,36,-23.0,23.0,0.0,0.0,0.0,0.0,0.0,0.0,0.972972972972973,1.0,0.9473684210526315
0,2,25,gradient,0.85,0.9924573243350536,36,-17.5,17.5,0.0,0.0,0.0,0.0,0.0,0.0,0.972972972972973,1.0,0.9473684210526315
0,2,25,gradient,0.9,0.9924573243350536,36,-10.5,10.5,0.0,0.0,0.0,0.4864864864864865,0.5,0.47368421052631576,0.972972972972973,1.0,0.9473684210526315
0,2,25,gradient,0.925,0.9924573243350536,36,-7.5,7.5,0.0,0.0,0.0,0.972972972972973,1.0,0.9473684210526315,0.972972972972973,1.0,0.9473684210526315
0,2,25,gradient,0.95,0.9924573243350536,36,-4.5,4.5,0.972972972972973,1.0,0.9473684210526315,0.972972972972973,1.0,0.9473684210526315,0.972972972972973,1.0,0.9473684210526315
0,2,25,gradient,0.975,0.9924573243350536,36,-0.5,0.5,0.972972972972973,1.0,0.9473684210526315,0.972972972972973,1.0,0.9473684210526315,0.972972972972973,1.0,0.9473684210526315
0,2,25,gradient,0.99,0.9924573243350536,18,0.5,0.5,0.6428571428571429,1.0,0.47368421052631576,0.6428571428571429,1.0,0.47368421052631576,0.6428571428571429,1.0,0.47368421052631576
0,3,25,gradient,0.5,0.9887284951552304,36,-22.0,22.0,0.0,0.0,0.0,0.0,0.0,0.0,0.972972972972973,1.0,0.9473684210526315
0,3,25,gradient,0.6,0.9887284951552304,36,-22.0,22.0,0.0,0.0,0.0,0.0,0.0,0.0,0.972972972972973,1.0,0.9473684210526315
0,3,25,gradient,0.7,0.9887284951552304,36,-22.0,22.0,0.0,0.0,0.0,0.0,0.0,0.0,0.972972972972973,1.0,0.9473684210526315
0,3,25,gradient,0.75,0.9887284951552304,36,-22.0,22.0,0.0,0.0,0.0,0.0,0.0,0.0,0.972972972972973,1.0,0.9473684210526315
0,3,25,gradient,0.8,0.9887284951552304,36,-22.0,22.0,0.0,0.0,0.0,0.0,0.0,0.0,0.972972972972973,1.0,0.9473684210526315
0,3,25,gradient,0.85,0.9887284951552304,36,-16.5,16.5,0.0,0.0,0.0,0.0,0.0,0.0,0.972972972972973,1.0,0.9473684210526315
0,3,25,gradient,0.9,0.9887284951552304,36,-10.5,10.5,0.0,0.0,0.0,0.4864864864864865,0.5,0.47368421052631576,0.972972972972973,1.0,0.9473684210526315
0,3,25,gradient,0.925,0.9887284951552304,36,-7.5,7.5,0.0,0.0,0.0,0.972972972972973,1.0,0.9473684210526315,0.972972972972973,1.0,0.9473684210526315
0,3,25,gradient,0.95,0.9887284951552304,36,-3.5,3.5,0.972972972972973,1.0,0.9473684210526315,0.972972972972973,1.0,0.9473684210526315,0.972972972972973,1.0,0.9473684210526315
0,3,25,gradient,0.975,0.9887284951552304,36,-0.5,0.5,0.972972972972973,1.0,0.9473684210526315,0.972972972972973,1.0,0.9473684210526315,0.972972972972973,1.0,0.9473684210526315
0,3,25,gradient,0.99,0.9887284951552304,18,1.0,1.0,0.6428571428571429,1.0,0.47368421052631576,0.6428571428571429,1.0,0.47368421052631576,0.6428571428571429,1.0,0.47368421052631576
0,4,25,gradient,0.5,0.9850275807722616,36,-21.0,21.0,0.0,0.0,0.0,0.0,0.0,0.0,0.972972972972973,1.0,0.9473684210526315
0,4,25,gradient,0.6,0.9850275807722616,36,-21.0,21.0,0.0,0.0,0.0,0.0,0.0,0.0,0.972972972972973,1.0,0.9473684210526315
0,4,25,gradient,0.7,0.9850275807722616,36,-21.0,21.0,0.0,0.0,0.0,0.0,0.0,0.0,0.972972972972973,1.0,0.9473684210526315
0,4,25,gradient,0.75,0.9850275807722616,36,-21.0,21.0,0.0,0.0,0.0,0.0,0.0,0.0,0.972972972972973,1.0,0.9473684210526315
0,4,25,gradient,0.8,0.9850275807722616,36,-21.0,21.0,0.0,0.0,0.0,0.0,0.0,0.0,0.972972972972973,1.0,0.9473684210526315
0,4,25,gradient,0.85,0.9850275807722616,36,-16.5,16.5,0.0,0.0,0.0,0.0,0.0,0.0,0.972972972972973,1.0,0.9473684210526315
0,4,25,gradient,0.9,0.9850275807722616,36,-9.5,9.5,0.0,0.0,0.0,0.972972972972973,1.0,0.9473684210526315,0.972972972972973,1.0,0.9473684210526315
0,4,25,gradient,0.925,0.9850275807722616,36,-6.5,6.5,0.0,0.0,0.0,0.972972972972973,1.0,0.9473684210526315,0.972972972972973,1.0,0.9473684210526315
0,4,25,gradient,0.95,0.9850275807722616,36,-3.5,3.5,0.972972972972973,1.0,0.9473684210526315,0.972972972972973,1.0,0.9473684210526315,0.972972972972973,1.0,0.9473684210526315
0,4,25,gradient,0.975,0.9850275807722616,36,0.5,0.5,0.972972972972973,1.0,0.9473684210526315,0.972972972972973,1.0,0.9473684210526315,0.972972972972973,1.0,0.9473684210526315
0,4,25,gradient,0.99,0.9850275807722616,0,,,0.0,0.0,0.0,0.0,0.0,0.0,0.0,0.0,0.0
0,5,25,gradient,0.5,0.9813542688910697,36,-20.0,20.0,0.0,0.0,0.0,0.0,0.0,0.0,0.972972972972973,1.0,0.9473684210526315
0,5,25,gradient,0.6,0.9813542688910697,36,-20.0,20.0,0.0,0.0,0.0,0.0,0.0,0.0,0.972972972972973,1.0,0.9473684210526315
0,5,25,gradient,0.7,0.9813542688910697,36,-20.0,20.0,0.0,0.0,0.0,0.0,0.0,0.0,0.972972972972973,1.0,0.9473684210526315
0,5,25,gradient,0.75,0.9813542688910697,36,-20.0,20.0,0.0,0.0,0.0,0.0,0.0,0.0,0.972972972972973,1.0,0.9473684210526315
0,5,25,gradient,0.8,0.9813542688910697,36,-20.0,20.0,0.0,0.0,0.0,0.0,0.0,0.0,0.972972972972973,1.0,0.9473684210526315
0,5,25,gradient,0.85,0.9813542688910697,36,-16.5,16.5,0.0,0.0,0.0,0.0,0.0,0.0,0.972972972972973,1.0,0.9473684210526315
0,5,25,gradient,0.9,0.9813542688910697,36,-9.5,9.5,0.0,0.0,0.0,0.972972972972973,1.0,0.9473684210526315,0.972972972972973,1.0,0.9473684210526315
0,5,25,gradient,0.925,0.9813542688910697,36,-6.5,6.5,0.0,0.0,0.0,0.972972972972973,1.0,0.9473684210526315,0.972972972972973,1.0,0.9473684210526315
0,5,25,gradient,0.95,0.9813542688910697,36,-2.5,2.5,0.972972972972973,1.0,0.9473684210526315,0.972972972972973,1.0,0.9473684210526315,0.972972972972973,1.0,0.9473684210526315
0,5,25,gradient,0.975,0.9813542688910697,36,0.5,0.5,0.972972972972973,1.0,0.9473684210526315,0.972972972972973,1.0,0.9473684210526315,0.972972972972973,1.0,0.9473684210526315
0,5,25,gradient,0.99,0.9813542688910697,18,2.0,2.0,0.6428571428571429,1.0,0.47368421052631576,0.6428571428571429,1.0,0.47368421052631576,0.6428571428571429,1.0,0.47368421052631576
0,6,25,gradient,0.5,0.9777082518576456,36,-19.0,19.0,0.0,0.0,0.0,0.0,0.0,0.0,0.972972972972973,1.0,0.9473684210526315
0,6,25,gradient,0.6,0.9777082518576456,36,-19.0,19.0,0.0,0.0,0.0,0.0,0.0,0.0,0.972972972972973,1.0,0.9473684210526315
0,6,25,gradient,0.7,0.9777082518576456,36,-19.0,19.0,0.0,0.0,0.0,0.0,0.0,0.0,0.972972972972973,1.0,0.9473684210526315
0,6,25,gradient,0.75,0.9777082518576456,36,-19.0,19.0,0.0,0.0,0.0,0.0,0.0,0.0,0.972972972972973,1.0,0.9473684210526315
0,6,25,gradient,0.8,0.9777082518576456,36,-19.0,19.0,0.0,0.0,0.0,0.0,0.0,0.0,0.972972972972973,1.0,0.9473684210526315
0,6,25,gradient,0.85,0.9777082518576456,36,-15.5,15.5,0.0,0.0,0.0,0.0,0.0,0.0,0.972972972972973,1.0,0.9473684210526315
0,6,25,gradient,0.9,0.9777082518576456,36,-8.5,8.5,0.0,0.0,0.0,0.972972972972973,1.0,0.9473684210526315,0.972972972972973,1.0,0.9473684210526315
0,6,25,gradient,0.925,0.9777082518576456,36,-5.5,5.5,0.4864864864864865,0.5,0.47368421052631576,0.972972972972973,1.0,0.9473684210526315,0.972972972972973,1.0,0.9473684210526315
0,6,25,gradient,0.95,0.9777082518576456,36,-2.5,2.5,0.972972972972973,1.0,0.9473684210526315,0.972972972972973,1.0,0.9473684210526315,0.972972972972973,1.0,0.9473684210526315
0,6,25,gradient,0.975,0.9777082518576456,36,1.0,1.0,0.972972972972973,1.0,0.9473684210526315,0.972972972972973,1.0,0.9473684210526315,0.972972972972973,1.0,0.9473684210526315
0,6,25,gradient,0.99,0.9777082518576456,0,,,0.0,0.0,0.0,0.0,0.0,0.0,0.0,0.0,0.0
0,7,25,gradient,0.5,0.9740892265731541,36,-18.0,18.0,0.0,0.0,0.0,0.0,0.0,0.0,0.972972972972973,1.0,0.9473684210526315
0,7,25,gradient,0.6,0.9740892265731541,36,-18.0,18.0,0.0,0.0,0.0,0.0,0.0,0.0,0.972972972972973,1.0,0.9473684210526315
0,7,25,gradient,0.7,0.9740892265731541,36,-18.0,18.0,0.0,0.0,0.0,0.0,0.0,0.0,0.972972972972973,1.0,0.9473684210526315
0,7,25,gradient,0.75,0.9740892265731541,36,-18.0,18.0,0.0,0.0,0.0,0.0,0.0,0.0,0.972972972972973,1.0,0.9473684210526315
0,7,25,gradient,0.8,0.9740892265731541,36,-18.0,18.0,0.0,0.0,0.0,0.0,0.0,0.0,0.972972972972973,1.0,0.9473684210526315
0,7,25,gradient,0.85,0.9740892265731541,36,-15.5,15.5,0.0,0.0,0.0,0.0,0.0,0.0,0.972972972972973,1.0,0.9473684210526315
0,7,25,gradient,0.9,0.9740892265731541,36,-8.5,8.5,0.0,0.0,0.0,0.972972972972973,1.0,0.9473684210526315,0.972972972972973,1.0,0.9473684210526315
0,7,25,gradient,0.925,0.9740892265731541,36,-5.5,5.5,0.4864864864864865,0.5,0.47368421052631576,0.972972972972973,1.0,0.9473684210526315,0.972972972972973,1.0,0.9473684210526315
0,7,25,gradient,0.95,0.9740892265731541,36,-1.5,1.5,0.972972972972973,1.0,0.9473684210526315,0.972972972972973,1.0,0.9473684210526315,0.972972972972973,1.0,0.9473684210526315
0,7,25,gradient,0.975,0.9740892265731541,36,1.5,1.5,0.972972972972973,1.0,0.9473684210526315,0.972972972972973,1.0,0.9473684210526315,0.972972972972973,1.0,0.9473684210526315
0,7,25,gradient,0.99,0.9740892265731541,18,3.0,3.0,0.6428571428571429,1.0,0.47368421052631576,0.6428571428571429,1.0,0.47368421052631576,0.6428571428571429,1.0,0.47368421052631576
0,8,25,gradient,0.5,0.9704968944099379,36,-17.0,17.0,0.0,0.0,0.0,0.0,0.0,0.0,0.972972972972973,1.0,0.9473684210526315
0,8,25,gradient,0.6,0.9704968944099379,36,-17.0,17.0,0.0,0.0,0.0,0.0,0.0,0.0,0.972972972972973,1.0,0.9473684210526315
0,8,25,gradient,0.7,0.9704968944099379,36,-17.0,17.0,0.0,0.0,0.0,0.0,0.0,0.0,0.972972972972973,1.0,0.9473684210526315
0,8,25,gradient,0.75,0.9704968944099379,36,-17.0,17.0,0.0,0.0,0.0,0.0,0.0,0.0,0.972972972972973,1.0,0.9473684210526315
0,8,25,gradient,0.8,0.9704968944099379,36,-17.0,17.0,0.0,0.0,0.0,0.0,0.0,0.0,0.972972972972973,1.0,0.9473684210526315
0,8,25,gradient,0.85,0.9704968944099379,36,-14.5,14.5,0.0,0.0,0.0,0.0,0.0,0.0,0.972972972972973,1.0,0.9473684210526315
0,8,25,gradient,0.9,0.9704968944099379,36,-8.5,8.5,0.0,0.0,0.0,0.972972972972973,1.0,0.9473684210526315,0.972972972972973,1.0,0.9473684210526315
0,8,25,gradient,0.925,0.9704968944099379,36,-5.0,5.0,0.7297297297297298,0.75,0.7105263157894737,0.972972972972973,1.0,0.9473684210526315,0.972972972972973,1.0,0.9473684210526315
0,8,25,gradient,0.95,0.9704968944099379,36,-1.5,1.5,0.972972972972973,1.0,0.9473684210526315,0.972972972972973,1.0,0.9473684210526315,0.972972972972973,1.0,0.9473684210526315
0,8,25,gradient,0.975,0.9704968944099379,36,2.5,2.5,0.972972972972973,1.0,0.9473684210526315,0.972972972972973,1.0,0.9473684210526315,0.972972972972973,1.0,0.9473684210526315
0,8,25,gradient,0.99,0.9704968944099379,0,,,0.0,0.0,0.0,0.0,0.0,0.0,0.0,0.0,0.0
0,9,25,gradient,0.5,0.9669309611293754,36,-16.0,16.0,0.0,0.0,0.0,0.0,0.0,0.0,0.972972972972973,1.0,0.9473684210526315
0,9,25,gradient,0.6,0.9669309611293754,36,-16.0,16.0,0.0,0.0,0.0,0.0,0.0,0.0,0.972972972972973,1.0,0.9473684210526315
0,9,25,gradient,0.7,0.9669309611293754,36,-16.0,16.0,0.0,0.0,0.0,0.0,0.0,0.0,0.972972972972973,1.0,0.9473684210526315
0,9,25,gradient,0.75,0.9669309611293754,36,-16.0,16.0,0.0,0.0,0.0,0.0,0.0,0.0,0.972972972972973,1.0,0.9473684210526315
0,9,25,gradient,0.8,0.9669309611293754,36,-16.0,16.0,0.0,0.0,0.0,0.0,0.0,0.0,0.972972972972973,1.0,0.9473684210526315
0,9,25,gradient,0.85,0.9669309611293754,36,-14.5,14.5,0.0,0.0,0.0,0.0,0.0,0.0,0.972972972972973,1.0,0.9473684210526315
0,9,25,gradient,0.9,0.9669309611293754,36,-7.5,7.5,0.0,0.0,0.0,0.972972972972973,1.0,0.9473684210526315,0.972972972972973,1.0,0.9473684210526315
0,9,25,gradient,0.925,0.9669309611293754,36,-4.5,4.5,0.972972972972973,1.0,0.9473684210526315,0.972972972972973,1.0,0.9473684210526315,0.972972972972973,1.0,0.9473684210526315
0,9,25,gradient,0.95,0.9669309611293754,36,-0.5,0.5,0.972972972972973,1.0,0.9473684210526315,0.972972972972973,1.0,0.9473684210526315,0.972972972972973,1.0,0.9473684210526315
0,9,25,gradient,0.975,0.9669309611293754,36,2.5,2.5,0.972972972972973,1.0,0.9473684210526315,0.972972972972973,1.0,0.9473684210526315,0.972972972972973,1.0,0.9473684210526315
0,9,25,gradient,0.99,0.9669309611293754,18,4.0,4.0,0.6428571428571429,1.0,0.47368421052631576,0.6428571428571429,1.0,0.47368421052631576,0.6428571428571429,1.0,0.47368421052631576
0,10,25,gradient,0.5,0.9633911368015414,36,-15.0,15.0,0.0,0.0,0.0,0.0,0.0,0.0,0.972972972972973,1.0,0.9473684210526315
0,10,25,gradient,0.6,0.9633911368015414,36,-15.0,15.0,0.0,0.0,0.0,0.0,0.0,0.0,0.972972972972973,1.0,0.9473684210526315
0,10,25,gradient,0.7,0.9633911368015414,36,-15.0,15.0,0.0,0.0,0.0,0.0,0.0,0.0,0.972972972972973,1.0,0.9473684210526315
0,10,25,gradient,0.75,0.9633911368015414,36,-15.0,15.0,0.0,0.0,0.0,0.0,0.0,0.0,0.972972972972973,1.0,0.9473684210526315
0,10,25,gradient,0.8,0.9633911368015414,36,-15.0,15.0,0.0,0.0,0.0,0.0,0.0,0.0,0.972972972972973,1.0,0.9473684210526315
0,10,25,gradient,0.85,0.9633911368015414,36,-14.5,14.5,0.0,0.0,0.0,0.0,0.0,0.0,0.972972972972973,1.0,0.9473684210526315
0,10,25,gradient,0.9,0.9633911368015414,36,-7.5,7.5,0.0,0.0,0.0,0.972972972972973,1.0,0.9473684210526315,0.972972972972973,1.0,0.9473684210526315
0,10,25,gradient,0.925,0.9633911368015414,36,-3.5,3.5,0.972972972972973,1.0,0.9473684210526315,0.972972972972973,1.0,0.9473684210526315,0.972972972972973,1.0,0.9473684210526315
0,10,25,gradient,0.95,0.9633911368015414,36,-0.5,0.5,0.972972972972973,1.0,0.9473684210526315,0.972972972972973,1.0,0.9473684210526315,0.972972972972973,1.0,0.9473684210526315
0,10,25,gradient,0.975,0.9633911368015414,36,3.0,3.0,0.972972972972973,1.0,0.9473684210526315,0.972972972972973,1.0,0.9473684210526315,0.972972972972973,1.0,0.9473684210526315
0,10,25,gradient,0.99,0.9633911368015414,0,,,0.0,0.0,0.0,0.0,0.0,0.0,0.0,0.0,0.0
0,11,25,gradient,0.5,0.959877135726627,36,-14.0,14.0,0.0,0.0,0.0,0.0,0.0,0.0,0.972972972972973,1.0,0.9473684210526315
0,11,25,gradient,0.6,0.959877135726627,36,-14.0,14.0,0.0,0.0,0.0,0.0,0.0,0.0,0.972972972972973,1.0,0.9473684210526315
0,11,25,gradient,0.7,0.959877135726627,36,-14.0,14.0,0.0,0.0,0.0,0.0,0.0,0.0,0.972972972972973,1.0,0.9473684210526315
0,11,25,gradient,0.75,0.959877135726627,36,-14.0,14.0,0.0,0.0,0.0,0.0,0.0,0.0,0.972972972972973,1.0,0.9473684210526315
0,11,25,gradient,0.8,0.959877135726627,36,-14.0,14.0,0.0,0.0,0.0,0.0,0.0,0.0,0.972972972972973,1.0,0.9473684210526315
0,11,25,gradient,0.85,0.959877135726627,36,-13.5,13.5,0.0,0.0,0.0,0.0,0.0,0.0,0.972972972972973,1.0,0.9473684210526315
0,11,25,gradient,0.9,0.959877135726627,36,-6.5,6.5,0.0,0.0,0.0,0.972972972972973,1.0,0.9473684210526315,0.972972972972973,1.0,0.9473684210526315
0,11,25,gradient,0.925,0.959877135726627,36,-3.5,3.5,0.972972972972973,1.0,0.9473684210526315,0.972972972972973,1.0,0.9473684210526315,0.972972972972973,1.0,0.9473684210526315
0,11,25,gradient,0.95,0.959877135726627,36,0.5,0.5,0.972972972972973,1.0,0.9473684210526315,0.972972972972973,1.0,0.9473684210526315,0.972972972972973,1.0,0.9473684210526315
0,11,25,gradient,0.975,0.959877135726627,36,3.5,3.5,0.972972972972973,1.0,0.9473684210526315,0.972972972972973,1.0,0.9473684210526315,0.972972972972973,1.0,0.9473684210526315
0,11,25,gradient,0.99,0.959877135726627,18,5.0,5.0,0.6428571428571429,1.0,0.47368421052631576,0.6428571428571429,1.0,0.47368421052631576,0.6428571428571429,1.0,0.47368421052631576
0,12,25,gradient,0.5,0.9563886763580719,36,-13.0,13.0,0.0,0.0,0.0,0.0,0.0,0.0,0.972972972972973,1.0,0.9473684210526315
0,12,25,gradient,0.6,0.9563886763580719,36,-13.0,13.0,0.0,0.0,0.0,0.0,0.0,0.0,0.972972972972973,1.0,0.9473684210526315
0,12,25,gradient,0.7,0.9563886763580719,36,-13.0,13.0,0.0,0.0,0.0,0.0,0.0,0.0,0.972972972972973,1.0,0.9473684210526315
0,12,25,gradient,0.75,0.9563886763580719,36,-13.0,13.0,0.0,0.0,0.0,0.0,0.0,0.0,0.972972972972973,1.0,0.9473684210526315
0,12,25,gradient,0.8,0.9563886763580719,36,-13.0,13.0,0.0,0.0,0.0,0.0,0.0,0.0,0.972972972972973,1.0,0.9473684210526315
0,12,25,gradient,0.85,0.9563886763580719,36,-13.0,13.0,0.0,0.0,0.0,0.0,0.0,0.0,0.972972972972973,1.0,0.9473684210526315
0,12,25,gradient,0.9,0.9563886763580719,36,-6.5,6.5,0.0,0.0,0.0,0.972972972972973,1.0,0.9473684210526315,0.972972972972973,1.0,0.9473684210526315
0,12,25,gradient,0.925,0.9563886763580719,36,-2.5,2.5,0.972972972972973,1.0,0.9473684210526315,0.972972972972973,1.0,0.9473684210526315,0.972972972972973,1.0,0.9473684210526315
0,12,25,gradient,0.95,0.9563886763580719,36,0.5,0.5,0.972972972972973,1.0,0.9473684210526315,0.972972972972973,1.0,0.9473684210526315,0.972972972972973,1.0,0.9473684210526315
0,12,25,gradient,0.975,0.9563886763580719,36,4.5,4.5,0.972972972972973,1.0,0.9473684210526315,0.972972972972973,1.0,0.9473684210526315,0.972972972972973,1.0,0.9473684210526315
0,12,25,gradient,0.99,0.9563886763580719,0,,,0.0,0.0,0.0,0.0,0.0,0.0,0.0,0.0,0.0
0,13,25,gradient,0.5,0.952925481227368,36,-12.0,12.0,0.0,0.0,0.0,0.0,0.0,0.0,0.972972972972973,1.0,0.9473684210526315
0,13,25,gradient,0.6,0.952925481227368,36,-12.0,12.0,0.0,0.0,0.0,0.0,0.0,0.0,0.972972972972973,1.0,0.9473684210526315
0,13,25,gradient,0.7,0.952925481227368,36,-12.0,12.0,0.0,0.0,0.0,0.0,0.0,0.0,0.972972972972973,1.0,0.9473684210526315
0,13,25,gradient,0.75,0.952925481227368,36,-12.0,12.0,0.0,0.0,0.0,0.0,0.0,0.0,0.972972972972973,1.0,0.9473684210526315
0,13,25,gradient,0.8,0.952925481227368,36,-12.0,12.0,0.0,0.0,0.0,0.0,0.0,0.0,0.972972972972973,1.0,0.9473684210526315
0,13,25,gradient,0.85,0.952925481227368,36,-12.0,12.0,0.0,0.0,0.0,0.0,0.0,0.0,0.972972972972973,1.0,0.9473684210526315
0,13,25,gradient,0.9,0.952925481227368,36,-5.5,5.5,0.4864864864864865,0.5,0.47368421052631576,0.972972972972973,1.0,0.9473684210526315,0.972972972972973,1.0,0.9473684210526315
0,13,25,gradient,0.925,0.952925481227368,36,-2.5,2.5,0.972972972972973,1.0,0.9473684210526315,0.972972972972973,1.0,0.9473684210526315,0.972972972972973,1.0,0.9473684210526315
0,13,25,gradient,0.95,0.952925481227368,36,1.0,1.0,0.972972972972973,1.0,0.9473684210526315,0.972972972972973,1.0,0.9473684210526315,0.972972972972973,1.0,0.9473684210526315
0,13,25,gradient,0.975,0.952925481227368,36,4.5,4.5,0.972972972972973,1.0,0.9473684210526315,0.972972972972973,1.0,0.9473684210526315,0.972972972972973,1.0,0.9473684210526315
0,13,25,gradient,0.99,0.952925481227368,18,6.0,6.0,0.0,0.0,0.0,0.6428571428571429,1.0,0.47368421052631576,0.6428571428571429,1.0,0.47368421052631576
0,14,25,gradient,0.5,0.94948727687049,36,-11.0,11.0,0.0,0.0,0.0,0.0,0.0,0.0,0.972972972972973,1.0,0.9473684210526315
0,14,25,gradient,0.6,0.94948727687049,36,-11.0,11.0,0.0,0.0,0.0,0.0,0.0,0.0,0.972972972972973,1.0,0.9473684210526315
0,14,25,gradient,0.7,0.94948727687049,36,-11.0,11.0,0.0,0.0,0.0,0.0,0.0,0.0,0.972972972972973,1.0,0.9473684210526315
0,14,25,gradient,0.75,0.94948727687049,36,-11.0,11.0,0.0,0.0,0.0,0.0,0.0,0.0,0.972972972972973,1.0,0.9473684210526315
0,14,25,gradient,0.8,0.94948727687049,36,-11.0,11.0,0.0,0.0,0.0,0.0,0.0,0.0,0.972972972972973,1.0,0.9473684210526315
0,14,25,gradient,0.85,0.94948727687049,36,-11.0,11.0,0.0,0.0,0.0,0.0,0.0,0.0,0.972972972972973,1.0,0.9473684210526315
0,14,25,gradient,0.9,0.94948727687049,36,-5.5,5.5,0.4864864864864865,0.5,0.47368421052631576,0.972972972972973,1.0,0.9473684210526315,0.972972972972973,1.0,0.9473684210526315
0,14,25,gradient,0.925,0.94948727687049,36,-1.5,1.5,0.972972972972973,1.0,0.9473684210526315,0.972972972972973,1.0,0.9473684210526315,0.972972972972973,1.0,0.9473684210526315
0,14,25,gradient,0.95,0.94948727687049,36,1.5,1.5,0.972972972972973,1.0,0.9473684210526315,0.972972972972973,1.0,0.9473684210526315,0.972972972972973,1.0,0.9473684210526315
0,14,25,gradient,0.975,0.94948727687049,36,5.5,5.5,0.4864864864864865,0.5,0.47368421052631576,0.972972972972973,1.0,0.9473684210526315,0.972972972972973,1.0,0.9473684210526315
0,14,25,gradient,0.99,0.94948727687049,0,,,0.0,0.0,0.0,0.0,0.0,0.0,0.0,0.0,0.0
0,15,25,gradient,0.5,0.9460737937559129,36,-10.0,10.0,0.0,0.0,0.0,0.972972972972973,1.0,0.9473684210526315,0.972972972972973,1.0,0.9473684210526315
0,15,25,gradient,0.6,0.9460737937559129,36,-10.0,10.0,0.0,0.0,0.0,0.972972972972973,1.0,0.9473684210526315,0.972972972972973,1.0,0.9473684210526315
0,15,25,gradient,0.7,0.9460737937559129,36,-10.0,10.0,0.0,0.0,0.0,0.972972972972973,1.0,0.9473684210526315,0.972972972972973,1.0,0.9473684210526315
0,15,25,gradient,0.75,0.9460737937559129,36,-10.0,10.0,0.0,0.0,0.0,0.972972972972973,1.0,0.9473684210526315,0.972972972972973,1.0,0.9473684210526315
0,15,25,gradient,0.8,0.9460737937559129,36,-10.0,10.0,0.0,0.0,0.0,0.972972972972973,1.0,0.9473684210526315,0.972972972972973,1.0,0.9473684210526315
0,15,25,gradient,0.85,0.9460737937559129,36,-10.0,10.0,0.0,0.0,0.0,0.972972972972973,1.0,0.9473684210526315,0.972972972972973,1.0,0.9473684210526315
0,15,25,gradient,0.9,0.9460737937559129,36,-4.5,4.5,0.972972972972973,1.0,0.9473684210526315,0.972972972972973,1.0,0.9473684210526315,0.972972972972973,1.0,0.9473684210526315
0,15,25,gradient,0.925,0.9460737937559129,36,-1.5,1.5,0.972972972972973,1.0,0.9473684210526315,0.972972972972973,1.0,0.9473684210526315,0.972972972972973,1.0,0.9473684210526315
0,15,25,gradient,0.95,0.9460737937559129,36,2.5,2.5,0.972972972972973,1.0,0.9473684210526315,0.972972972972973,1.0,0.9473684210526315,0.972972972972973,1.0,0.9473684210526315
0,15,25,gradient,0.975,0.9460737937559129,36,5.5,5.5,0.4864864864864865,0.5,0.47368421052631576,0.972972972972973,1.0,0.9473684210526315,0.972972972972973,1.0,0.9473684210526315
0,15,25,gradient,0.99,0.9460737937559129,18,7.0,7.0,0.0,0.0,0.0,0.6428571428571429,1.0,0.47368421052631576,0.6428571428571429,1.0,0.47368421052631576
0,16,25,gradient,0.5,0.942684766214178,36,-9.0,9.0,0.0,0.0,0.0,0.972972972972973,1.0,0.9473684210526315,0.972972972972973,1.0,0.9473684210526315
0,16,25,gradient,0.6,0.942684766214178,36,-9.0,9.0,0.0,0.0,0.0,0.972972972972973,1.0,0.9473684210526315,0.972972972972973,1.0,0.9473684210526315
0,16,25,gradient,0.7,0.942684766214178,36,-9.0,9.0,0.0,0.0,0.0,0.972972972972973,1.0,0.9473684210526315,0.972972972972973,1.0,0.9473684210526315
0,16,25,gradient,0.75,0.942684766214178,36,-9.0,9.0,0.0,0.0,0.0,0.972972972972973,1.0,0.9473684210526315,0.972972972972973,1.0,0.9473684210526315
0,16,25,gradient,0.8,0.942684766214178,36,-9.0,9.0,0.0,0.0,0.0,0.972972972972973,1.0,0.9473684210526315,0.972972972972973,1.0,0.9473684210526315
0,16,25,gradient,0.85,0.942684766214178,36,-9.0,9.0,0.0,0.0,0.0,0.972972972972973,1.0,0.9473684210526315,0.972972972972973,1.0,0.9473684210526315
0,16,25,gradient,0.9,0.942684766214178,36,-4.5,4.5,0.972972972972973,1.0,0.9473684210526315,0.972972972972973,1.0,0.9473684210526315,0.972972972972973,1.0,0.9473684210526315
0,16,25,gradient,0.925,0.942684766214178,36,-0.5,0.5,0.972972972972973,1.0,0.9473684210526315,0.972972972972973,1.0,0.9473684210526315,0.972972972972973,1.0,0.9473684210526315
0,16,25,gradient,0.95,0.942684766214178,36,2.5,2.5,0.972972972972973,1.0,0.9473684210526315,0.972972972972973,1.0,0.9473684210526315,0.972972972972973,1.0,0.9473684210526315
0,16,25,gradient,0.975,0.942684766214178,36,5.5,5.5,0.4864864864864865,0.5,0.47368421052631576,0.972972972972973,1.0,0.9473684210526315,0.972972972972973,1.0,0.9473684210526315
0,16,25,gradient,0.99,0.942684766214178,0,,,0.0,0.0,0.0,0.0,0.0,0.0,0.0,0.0,0.0
0,17,25,gradient,0.5,0.9393199323689648,36,-8.0,8.0,0.0,0.0,0.0,0.972972972972973,1.0,0.9473684210526315,0.972972972972973,1.0,0.9473684210526315
0,17,25,gradient,0.6,0.9393199323689648,36,-8.0,8.0,0.0,0.0,0.0,0.972972972972973,1.0,0.9473684210526315,0.972972972972973,1.0,0.9473684210526315
0,17,25,gradient,0.7,0.9393199323689648,36,-8.0,8.0,0.0,0.0,0.0,0.972972972972973,1.0,0.9473684210526315,0.972972972972973,1.0,0.9473684210526315
0,17,25,gradient,0.75,0.9393199323689648,36,-8.0,8.0,0.0,0.0,0.0,0.972972972972973,1.0,0.9473684210526315,0.972972972972973,1.0,0.9473684210526315
0,17,25,gradient,0.8,0.9393199323689648,36,-8.0,8.0,0.0,0.0,0.0,0.972972972972973,1.0,0.9473684210526315,0.972972972972973,1.0,0.9473684210526315
0,17,25,gradient,0.85,0.9393199323689648,36,-8.0,8.0,0.0,0.0,0.0,0.972972972972973,1.0,0.9473684210526315,0.972972972972973,1.0,0.9473684210526315
0,17,25,gradient,0.9,0.9393199323689648,36,-4.5,4.5,0.972972972972973,1.0,0.9473684210526315,0.972972972972973,1.0,0.9473684210526315,0.972972972972973,1.0,0.9473684210526315
0,17,25,gradient,0.925,0.9393199323689648,36,-0.5,0.5,0.972972972972973,1.0,0.9473684210526315,0.972972972972973,1.0,0.9473684210526315,0.972972972972973,1.0,0.9473684210526315
0,17,25,gradient,0.95,0.9393199323689648,36,2.5,2.5,0.972972972972973,1.0,0.9473684210526315,0.972972972972973,1.0,0.9473684210526315,0.972972972972973,1.0,0.9473684210526315
0,17,25,gradient,0.975,0.9393199323689648,36,6.5,6.5,0.0,0.0,0.0,0.972972972972973,1.0,0.9473684210526315,0.972972972972973,1.0,0.9473684210526315
0,17,25,gradient,0.99,0.9393199323689648,18,8.0,8.0,0.0,0.0,0.0,0.6428571428571429,1.0,0.47368421052631576,0.6428571428571429,1.0,0.47368421052631576
0,18,25,gradient,0.5,0.9359790340696368,36,-7.0,7.0,0.0,0.0,0.0,0.972972972972973,1.0,0.9473684210526315,0.972972972972973,1.0,0.9473684210526315
0,18,25,gradient,0.6,0.9359790340696368,36,-7.0,7.0,0.0,0.0,0.0,0.972972972972973,1.0,0.9473684210526315,0.972972972972973,1.0,0.9473684210526315
0,18,25,gradient,0.7,0.9359790340696368,36,-7.0,7.0,0.0,0.0,0.0,0.972972972972973,1.0,0.9473684210526315,0.972972972972973,1.0,0.9473684210526315
0,18,25,gradient,0.75,0.9359790340696368,36,-7.0,7.0,0.0,0.0,0.0,0.972972972972973,1.0,0.9473684210526315,0.972972972972973,1.0,0.9473684210526315
0,18,25,gradient,0.8,0.9359790340696368,36,-7.0,7.0,0.0,0.0,0.0,0.972972972972973,1.0,0.9473684210526315,0.972972972972973,1.0,0.9473684210526315
0,18,25,gradient,0.85,0.9359790340696368,36,-7.0,7.0,0.0,0.0,0.0,0.972972972972973,1.0,0.9473684210526315,0.972972972972973,1.0,0.9473684210526315
0,18,25,gradient,0.9,0.9359790340696368,36,-3.5,3.5,0.972972972972973,1.0,0.9473684210526315,0.972972972972973,1.0,0.9473684210526315,0.972972972972973,1.0,0.9473684210526315
0,18,25,gradient,0.925,0.9359790340696368,36,-0.5,0.5,0.972972972972973,1.0,0.9473684210526315,0.972972972972973,1.0,0.9473684210526315,0.972972972972973,1.0,0.9473684210526315
0,18,25,gradient,0.95,0.9359790340696368,36,3.5,3.5,0.972972972972973,1.0,0.9473684210526315,0.972972972972973,1.0,0.9473684210526315,0.972972972972973,1.0,0.9473684210526315
0,18,25,gradient,0.975,0.9359790340696368,36,6.5,6.5,0.0,0.0,0.0,0.972972972972973,1.0,0.9473684210526315,0.972972972972973,1.0,0.9473684210526315
0,18,25,gradient,0.99,0.9359790340696368,0,,,0.0,0.0,0.0,0.0,0.0,0.0,0.0,0.0,0.0
0,19,25,gradient,0.5,0.9326618168252192,36,-6.0,6.0,0.0,0.0,0.0,0.972972972972973,1.0,0.9473684210526315,0.972972972972973,1.0,0.9473684210526315
0,19,25,gradient,0.6,0.9326618168252192,36,-6.0,6.0,0.0,0.0,0.0,0.972972972972973,1.0,0.9473684210526315,0.972972972972973,1.0,0.9473684210526315
0,19,25,gradient,0.7,0.9326618168252192,36,-6.0,6.0,0.0,0.0,0.0,0.972972972972973,1.0,0.9473684210526315,0.972972972972973,1.0,0.9473684210526315
0,19,25,gradient,0.75,0.9326618168252192,36,-6.0,6.0,0.0,0.0,0.0,0.972972972972973,1.0,0.9473684210526315,0.972972972972973,1.0,0.9473684210526315
0,19,25,gradient,0.8,0.9326618168252192,36,-6.0,6.0,0.0,0.0,0.0,0.972972972972973,1.0,0.9473684210526315,0.972972972972973,1.0,0.9473684210526315
0,19,25,gradient,0.85,0.9326618168252192,36,-6.0,6.0,0.0,0.0,0.0,0.972972972972973,1.0,0.9473684210526315,0.972972972972973,1.0,0.9473684210526315
0,19,25,gradient,0.9,0.9326618168252192,36,-3.5,3.5,0.972972972972973,1.0,0.9473684210526315,0.972972972972973,1.0,0.9473684210526315,0.972972972972973,1.0,0.9473684210526315
0,19,25,gradient,0.925,0.9326618168252192,36,0.5,0.5,0.972972972972973,1.0,0.9473684210526315,0.972972972972973,1.0,0.9473684210526315,0.972972972972973,1.0,0.9473684210526315
0,19,25,gradient,0.95,0.9326618168252192,36,3.5,3.5,0.972972972972973,1.0,0.9473684210526315,0.972972972972973,1.0,0.9473684210526315,0.972972972972973,1.0,0.9473684210526315
0,19,25,gradient,0.975,0.9326618168252192,36,7.5,7.5,0.0,0.0,0.0,0.972972972972973,1.0,0.9473684210526315,0.972972972972973,1.0,0.9473684210526315
0,19,25,gradient,0.99,0.9326618168252192,18,9.0,9.0,0.0,0.0,0.0,0.6428571428571429,1.0,0.47368421052631576,0.6428571428571429,1.0,0.47368421052631576
0,20,25,gradient,0.5,0.929368029739777,36,-5.0,5.0,0.972972972972973,1.0,0.9473684210526315,0.972972972972973,1.0,0.9473684210526315,0.972972972972973,1.0,0.9473684210526315
0,20,25,gradient,0.6,0.929368029739777,36,-5.0,5.0,0.972972972972973,1.0,0.9473684210526315,0.972972972972973,1.0,0.9473684210526315,0.972972972972973,1.0,0.9473684210526315
0,20,25,gradient,0.7,0.929368029739777,36,-5.0,5.0,0.972972972972973,1.0,0.9473684210526315,0.972972972972973,1.0,0.9473684210526315,0.972972972972973,1.0,0.9473684210526315
0,20,25,gradient,0.75,0.929368029739777,36,-5.0,5.0,0.972972972972973,1.0,0.9473684210526315,0.972972972972973,1.0,0.9473684210526315,0.972972972972973,1.0,0.9473684210526315
0,20,25,gradient,0.8,0.929368029739777,36,-5.0,5.0,0.972972972972973,1.0,0.9473684210526315,0.972972972972973,1.0,0.9473684210526315,0.972972972972973,1.0,0.9473684210526315
0,20,25,gradient,0.85,0.929368029739777,36,-5.0,5.0,0.972972972972973,1.0,0.9473684210526315,0.972972972972973,1.0,0.9473684210526315,0.972972972972973,1.0,0.9473684210526315
0,20,25,gradient,0.9,0.929368029739777,36,-2.5,2.5,0.972972972972973,1.0,0.9473684210526315,0.972972972972973,1.0,0.9473684210526315,0.972972972972973,1.0,0.9473684210526315
0,20,25,gradient,0.925,0.929368029739777,36,0.5,0.5,0.972972972972973,1.0,0.9473684210526315,0.972972972972973,1.0,0.9473684210526315,0.972972972972973,1.0,0.9473684210526315
0,20,25,gradient,0.95,0.929368029739777,36,4.0,4.0,0.972972972972973,1.0,0.9473684210526315,0.972972972972973,1.0,0.9473684210526315,0.972972972972973,1.0,0.9473684210526315
0,20,25,gradient,0.975,0.929368029739777,36,7.5,7.5,0.0,0.0,0.0,0.972972972972973,1.0,0.9473684210526315,0.972972972972973,1.0,0.9473684210526315
0,20,25,gradient,0.99,0.929368029739777,0,,,0.0,0.0,0.0,0.0,0.0,0.0,0.0,0.0,0.0
0,21,25,gradient,0.5,0.9260974254491573,36,-4.0,4.0,0.972972972972973,1.0,0.9473684210526315,0.972972972972973,1.0,0.9473684210526315,0.972972972972973,1.0,0.9473684210526315
0,21,25,gradient,0.6,0.9260974254491573,36,-4.0,4.0,0.972972972972973,1.0,0.9473684210526315,0.972972972972973,1.0,0.9473684210526315,0.972972972972973,1.0,0.9473684210526315
0,21,25,gradient,0.7,0.9260974254491573,36,-4.0,4.0,0.972972972972973,1.0,0.9473684210526315,0.972972972972973,1.0,0.9473684210526315,0.972972972972973,1.0,0.9473684210526315
0,21,25,gradient,0.75,0.9260974254491573,36,-4.0,4.0,0.972972972972973,1.0,0.9473684210526315,0.972972972972973,1.0,0.9473684210526315,0.972972972972973,1.0,0.9473684210526315
0,21,25,gradient,0.8,0.9260974254491573,36,-4.0,4.0,0.972972972972973,1.0,0.9473684210526315,0.972972972972973,1.0,0.9473684210526315,0.972972972972973,1.0,0.9473684210526315
0,21,25,gradient,0.85,0.9260974254491573,36,-4.0,4.0,0.972972972972973,1.0,0.9473684210526315,0.972972972972973,1.0,0.9473684210526315,0.972972972972973,1.0,0.9473684210526315
0,21,25,gradient,0.9,0.9260974254491573,36,-2.5,2.5,0.972972972972973,1.0,0.9473684210526315,0.972972972972973,1.0,0.9473684210526315,0.972972972972973,1.0,0.9473684210526315
0,21,25,gradient,0.925,0.9260974254491573,36,1.0,1.0,0.972972972972973,1.0,0.9473684210526315,0.972972972972973,1.0,0.9473684210526315,0.972972972972973,1.0,0.9473684210526315
0,21,25,gradient,0.95,0.9260974254491573,36,4.5,4.5,0.972972972972973,1.0,0.9473684210526315,0.972972972972973,1.0,0.9473684210526315,0.972972972972973,1.0,0.9473684210526315
0,21,25,gradient,0.975,0.9260974254491573,36,8.0,8.0,0.0,0.0,0.0,0.972972972972973,1.0,0.9473684210526315,0.972972972972973,1.0,0.9473684210526315
0,21,25,gradient,0.99,0.9260974254491573,18,10.0,10.0,0.0,0.0,0.0,0.6428571428571429,1.0,0.47368421052631576,0.6428571428571429,1.0,0.47368421052631576
0,22,25,gradient,0.5,0.9228497600590624,36,-3.0,3.0,0.972972972972973,1.0,0.9473684210526315,0.972972972972973,1.0,0.9473684210526315,0.972972972972973,1.0,0.9473684210526315
0,22,25,gradient,0.6,0.9228497600590624,36,-3.0,3.0,0.972972972972973,1.0,0.9473684210526315,0.972972972972973,1.0,0.9473684210526315,0.972972972972973,1.0,0.9473684210526315
0,22,25,gradient,0.7,0.9228497600590624,36,-3.0,3.0,0.972972972972973,1.0,0.9473684210526315,0.972972972972973,1.0,0.9473684210526315,0.972972972972973,1.0,0.9473684210526315
0,22,25,gradient,0.75,0.9228497600590624,36,-3.0,3.0,0.972972972972973,1.0,0.9473684210526315,0.972972972972973,1.0,0.9473684210526315,0.972972972972973,1.0,0.9473684210526315
0,22,25,gradient,0.8,0.9228497600590624,36,-3.0,3.0,0.972972972972973,1.0,0.9473684210526315,0.972972972972973,1.0,0.9473684210526315,0.972972972972973,1.0,0.9473684210526315
0,22,25,gradient,0.85,0.9228497600590624,36,-3.0,3.0,0.972972972972973,1.0,0.9473684210526315,0.972972972972973,1.0,0.9473684210526315,0.972972972972973,1.0,0.9473684210526315
0,22,25,gradient,0.9,0.9228497600590624,36,-1.5,1.5,0.972972972972973,1.0,0.9473684210526315,0.972972972972973,1.0,0.9473684210526315,0.972972972972973,1.0,0.9473684210526315
0,22,25,gradient,0.925,0.9228497600590624,36,1.5,1.5,0.972972972972973,1.0,0.9473684210526315,0.972972972972973,1.0,0.9473684210526315,0.972972972972973,1.0,0.9473684210526315
0,22,25,gradient,0.95,0.9228497600590624,36,5.0,5.0,0.7297297297297298,0.75,0.7105263157894737,0.972972972972973,1.0,0.9473684210526315,0.972972972972973,1.0,0.9473684210526315
0,22,25,gradient,0.975,0.9228497600590624,36,8.5,8.5,0.0,0.0,0.0,0.972972972972973,1.0,0.9473684210526315,0.972972972972973,1.0,0.9473684210526315
0,22,25,gradient,0.99,0.9228497600590624,18,10.5,10.5,0.0,0.0,0.0,0.32142857142857145,0.5,0.23684210526315788,0.6428571428571429,1.0,0.47368421052631576
0,23,25,gradient,0.5,0.9196247930844216,36,-2.0,2.0,0.972972972972973,1.0,0.9473684210526315,0.972972972972973,1.0,0.9473684210526315,0.972972972972973,1.0,0.9473684210526315
0,23,25,gradient,0.6,0.9196247930844216,36,-2.0,2.0,0.972972972972973,1.0,0.9473684210526315,0.972972972972973,1.0,0.9473684210526315,0.972972972972973,1.0,0.9473684210526315
0,23,25,gradient,0.7,0.9196247930844216,36,-2.0,2.0,0.972972972972973,1.0,0.9473684210526315,0.972972972972973,1.0,0.9473684210526315,0.972972972972973,1.0,0.9473684210526315
0,23,25,gradient,0.75,0.9196247930844216,36,-2.0,2.0,0.972972972972973,1.0,0.9473684210526315,0.972972972972973,1.0,0.9473684210526315,0.972972972972973,1.0,0.9473684210526315
0,23,25,gradient,0.8,0.9196247930844216,36,-2.0,2.0,0.972972972972973,1.0,0.9473684210526315,0.972972972972973,1.0,0.9473684210526315,0.972972972972973,1.0,0.9473684210526315
0,23,25,gradient,0.85,0.9196247930844216,36,-2.0,2.0,0.972972972972973,1.0,0.9473684210526315,0.972972972972973,1.0,0.9473684210526315,0.972972972972973,1.0,0.9473684210526315
0,23,25,gradient,0.9,0.9196247930844216,36,-1.5,1.5,0.972972972972973,1.0,0.9473684210526315,0.972972972972973,1.0,0.9473684210526315,0.972972972972973,1.0,0.9473684210526315
0,23,25,gradient,0.925,0.9196247930844216,36,2.5,2.5,0.972972972972973,1.0,0.9473684210526315,0.972972972972973,1.0,0.9473684210526315,0.972972972972973,1.0,0.9473684210526315
0,23,25,gradient,0.95,0.9196247930844216,36,5.5,5.5,0.4864864864864865,0.5,0.47368421052631576,0.972972972972973,1.0,0.9473684210526315,0.972972972972973,1.0,0.9473684210526315
0,23,25,gradient,0.975,0.9196247930844216,36,9.5,9.5,0.0,0.0,0.0,0.972972972972973,1.0,0.9473684210526315,0.972972972972973,1.0,0.9473684210526315
0,23,25,gradient,0.99,0.9196247930844216,18,11.0,11.0,0.0,0.0,0.0,0.0,0.0,0.0,0.6428571428571429,1.0,0.47368421052631576
0,24,25,gradient,0.5,0.9164222873900293,36,-1.0,1.0,0.972972972972973,1.0,0.9473684210526315,0.972972972972973,1.0,0.9473684210526315,0.972972972972973,1.0,0.9473684210526315
0,24,25,gradient,0.6,0.9164222873900293,36,-1.0,1.0,0.972972972972973,1.0,0.9473684210526315,0.972972972972973,1.0,0.9473684210526315,0.972972972972973,1.0,0.9473684210526315
0,24,25,gradient,0.7,0.9164222873900293,36,-1.0,1.0,0.972972972972973,1.0,0.9473684210526315,0.972972972972973,1.0,0.9473684210526315,0.972972972972973,1.0,0.9473684210526315
0,24,25,gradient,0.75,0.9164222873900293,36,-1.0,1.0,0.972972972972973,1.0,0.9473684210526315,0.972972972972973,1.0,0.9473684210526315,0.972972972972973,1.0,0.9473684210526315
0,24,25,gradient,0.8,0.9164222873900293,36,-1.0,1.0,0.972972972972973,1.0,0.9473684210526315,0.972972972972973,1.0,0.9473684210526315,0.972972972972973,1.0,0.9473684210526315
0,24,25,gradient,0.85,0.9164222873900293,36,-1.0,1.0,0.972972972972973,1.0,0.9473684210526315,0.972972972972973,1.0,0.9473684210526315,0.972972972972973,1.0,0.9473684210526315
0,24,25,gradient,0.9,0.9164222873900293,36,-0.5,0.5,0.972972972972973,1.0,0.9473684210526315,0.972972972972973,1.0,0.9473684210526315,0.972972972972973,1.0,0.9473684210526315
0,24,25,gradient,0.925,0.9164222873900293,36,2.5,2.5,0.972972972972973,1.0,0.9473684210526315,0.972972972972973,1.0,0.9473684210526315,0.972972972972973,1.0,0.9473684210526315
0,24,25,gradient,0.95,0.9164222873900293,36,6.5,6.5,0.0,0.0,0.0,0.972972972972973,1.0,0.9473684210526315,0.972972972972973,1.0,0.9473684210526315
0,24,25,gradient,0.975,0.9164222873900293,36,9.5,9.5,0.0,0.0,0.0,0.972972972972973,1.0,0.9473684210526315,0.972972972972973,1.0,0.9473684210526315
0,24,25,gradient,0.99,0.9164222873900293,0,,,0.0,0.0,0.0,0.0,0.0,0.0,0.0,0.0,0.0
0,25,25,gradient,0.5,0.91324200913242,36,-1.0,1.0,0.972972972972973,1.0,0.9473684210526315,0.972972972972973,1.0,0.9473684210526315,0.972972972972973,1.0,0.9473684210526315
0,25,25,gradient,0.6,0.91324200913242,36,-1.0,1.0,0.972972972972973,1.0,0.9473684210526315,0.972972972972973,1.0,0.9473684210526315,0.972972972972973,1.0,0.9473684210526315
0,25,25,gradient,0.7,0.91324200913242,36,-1.0,1.0,0.972972972972973,1.0,0.9473684210526315,0.972972972972973,1.0,0.9473684210526315,0.972972972972973,1.0,0.9473684210526315
0,25,25,gradient,0.75,0.91324200913242,36,-1.0,1.0,0.972972972972973,1.0,0.9473684210526315,0.972972972972973,1.0,0.9473684210526315,0.972972972972973,1.0,0.9473684210526315
0,25,25,gradient,0.8,0.91324200913242,36,-1.0,1.0,0.972972972972973,1.0,0.9473684210526315,0.972972972972973,1.0,0.9473684210526315,0.972972972972973,1.0,0.9473684210526315
0,25,25,gradient,0.85,0.91324200913242,36,-1.0,1.0,0.972972972972973,1.0,0.9473684210526315,0.972972972972973,1.0,0.9473684210526315,0.972972972972973,1.0,0.9473684210526315
0,25,25,gradient,0.9,0.91324200913242,36,-0.5,0.5,0.972972972972973,1.0,0.9473684210526315,0.972972972972973,1.0,0.9473684210526315,0.972972972972973,1.0,0.9473684210526315
0,25,25,gradient,0.925,0.91324200913242,36,3.5,3.5,0.972972972972973,1.0,0.9473684210526315,0.972972972972973,1.0,0.9473684210526315,0.972972972972973,1.0,0.9473684210526315
0,25,25,gradient,0.95,0.91324200913242,36,6.5,6.5,0.0,0.0,0.0,0.972972972972973,1.0,0.9473684210526315,0.972972972972973,1.0,0.9473684210526315
0,25,25,gradient,0.975,0.91324200913242,36,10.5,10.5,0.0,0.0,0.0,0.4864864864864865,0.5,0.47368421052631576,0.972972972972973,1.0,0.9473684210526315
0,25,25,gradient,0.99,0.91324200913242,18,12.0,12.0,0.0,0.0,0.0,0.0,0.0,0.0,0.6428571428571429,1.0,0.47368421052631576
0,26,25,gradient,0.5,0.9100837277029487,36,-1.0,1.0,0.972972972972973,1.0,0.9473684210526315,0.972972972972973,1.0,0.9473684210526315,0.972972972972973,1.0,0.9473684210526315
0,26,25,gradient,0.6,0.9100837277029487,36,-1.0,1.0,0.972972972972973,1.0,0.9473684210526315,0.972972972972973,1.0,0.9473684210526315,0.972972972972973,1.0,0.9473684210526315
0,26,25,gradient,0.7,0.9100837277029487,36,-1.0,1.0,0.972972972972973,1.0,0.9473684210526315,0.972972972972973,1.0,0.9473684210526315,0.972972972972973,1.0,0.9473684210526315
0,26,25,gradient,0.75,0.9100837277029487,36,-1.0,1.0,0.972972972972973,1.0,0.9473684210526315,0.972972972972973,1.0,0.9473684210526315,0.972972972972973,1.0,0.9473684210526315
0,26,25,gradient,0.8,0.9100837277029487,36,-1.0,1.0,0.972972972972973,1.0,0.9473684210526315,0.972972972972973,1.0,0.9473684210526315,0.972972972972973,1.0,0.9473684210526315
0,26,25,gradient,0.85,0.9100837277029487,36,-1.0,1.0,0.972972972972973,1.0,0.9473684210526315,0.972972972972973,1.0,0.9473684210526315,0.972972972972973,1.0,0.9473684210526315
0,26,25,gradient,0.9,0.9100837277029487,36,0.5,0.5,0.972972972972973,1.0,0.9473684210526315,0.972972972972973,1.0,0.9473684210526315,0.972972972972973,1.0,0.9473684210526315
0,26,25,gradient,0.925,0.9100837277029487,36,3.5,3.5,0.972972972972973,1.0,0.9473684210526315,0.972972972972973,1.0,0.9473684210526315,0.972972972972973,1.0,0.9473684210526315
0,26,25,gradient,0.95,0.9100837277029487,36,7.5,7.5,0.0,0.0,0.0,0.972972972972973,1.0,0.9473684210526315,0.972972972972973,1.0,0.9473684210526315
0,26,25,gradient,0.975,0.9100837277029487,36,10.5,10.5,0.0,0.0,0.0,0.4864864864864865,0.5,0.47368421052631576,0.972972972972973,1.0,0.9473684210526315
0,26,25,gradient,0.99,0.9100837277029487,0,,,0.0,0.0,0.0,0.0,0.0,0.0,0.0,0.0,0.0
0,27,25,gradient,0.5,0.906947215672048,36,-1.0,1.0,0.972972972972973,1.0,0.9473684210526315,0.972972972972973,1.0,0.9473684210526315,0.972972972972973,1.0,0.9473684210526315
0,27,25,gradient,0.6,0.906947215672048,36,-1.0,1.0,0.972972972972973,1.0,0.9473684210526315,0.972972972972973,1.0,0.9473684210526315,0.972972972972973,1.0,0.9473684210526315
0,27,25,gradient,0.7,0.906947215672048,36,-1.0,1.0,0.972972972972973,1.0,0.9473684210526315,0.972972972972973,1.0,0.9473684210526315,0.972972972972973,1.0,0.9473684210526315
0,27,25,gradient,0.75,0.906947215672048,36,-1.0,1.0,0.972972972972973,1.0,0.9473684210526315,0.972972972972973,1.0,0.9473684210526315,0.972972972972973,1.0,0.9473684210526315
0,27,25,gradient,0.8,0.906947215672048,36,-1.0,1.0,0.972972972972973,1.0,0.9473684210526315,0.972972972972973,1.0,0.9473684210526315,0.972972972972973,1.0,0.9473684210526315
0,27,25,gradient,0.85,0.906947215672048,36,-1.0,1.0,0.972972972972973,1.0,0.9473684210526315,0.972972972972973,1.0,0.9473684210526315,0.972972972972973,1.0,0.9473684210526315
0,27,25,gradient,0.9,0.906947215672048,36,0.5,0.5,0.972972972972973,1.0,0.9473684210526315,0.972972972972973,1.0,0.9473684210526315,0.972972972972973,1.0,0.9473684210526315
0,27,25,gradient,0.925,0.906947215672048,36,4.5,4.5,0.972972972972973,1.0,0.9473684210526315,0.972972972972973,1.0,0.9473684210526315,0.972972972972973,1.0,0.9473684210526315
0,27,25,gradient,0.95,0.906947215672048,36,7.5,7.5,0.0,0.0,0.0,0.972972972972973,1.0,0.9473684210526315,0.972972972972973,1.0,0.9473684210526315
0,27,25,gradient,0.975,0.906947215672048,36,11.5,11.5,0.0,0.0,0.0,0.0,0.0,0.0,0.972972972972973,1.0,0.9473684210526315
0,27,25,gradient,0.99,0.906947215672048,18,13.0,13.0,0.0,0.0,0.0,0.0,0.0,0.0,0.6428571428571429,1.0,0.47368421052631576
0,28,25,gradient,0.5,0.9038322487346349,36,-1.0,1.0,0.972972972972973,1.0,0.9473684210526315,0.972972972972973,1.0,0.9473684210526315,0.972972972972973,1.0,0.9473684210526315
0,28,25,gradient,0.6,0.9038322487346349,36,-1.0,1.0,0.972972972972973,1.0,0.9473684210526315,0.972972972972973,1.0,0.9473684210526315,0.972972972972973,1.0,0.9473684210526315
0,28,25,gradient,0.7,0.9038322487346349,36,-1.0,1.0,0.972972972972973,1.0,0.9473684210526315,0.972972972972973,1.0,0.9473684210526315,0.972972972972973,1.0,0.9473684210526315
0,28,25,gradient,0.75,0.9038322487346349,36,-1.0,1.0,0.972972972972973,1.0,0.9473684210526315,0.972972972972973,1.0,0.9473684210526315,0.972972972972973,1.0,0.9473684210526315
0,28,25,gradient,0.8,0.9038322487346349,36,-1.0,1.0,0.972972972972973,1.0,0.9473684210526315,0.972972972972973,1.0,0.9473684210526315,0.972972972972973,1.0,0.9473684210526315
0,28,25,gradient,0.85,0.9038322487346349,36,-1.0,1.0,0.972972972972973,1.0,0.9473684210526315,0.972972972972973,1.0,0.9473684210526315,0.972972972972973,1.0,0.9473684210526315
0,28,25,gradient,0.9,0.9038322487346349,36,0.5,0.5,0.972972972972973,1.0,0.9473684210526315,0.972972972972973,1.0,0.9473684210526315,0.972972972972973,1.0,0.9473684210526315
0,28,25,gradient,0.925,0.9038322487346349,36,4.5,4.5,0.972972972972973,1.0,0.9473684210526315,0.972972972972973,1.0,0.9473684210526315,0.972972972972973,1.0,0.9473684210526315
0,28,25,gradient,0.95,0.9038322487346349,36,8.5,8.5,0.0,0.0,0.0,0.972972972972973,1.0,0.9473684210526315,0.972972972972973,1.0,0.9473684210526315
0,28,25,gradient,0.975,0.9038322487346349,36,11.5,11.5,0.0,0.0,0.0,0.0,0.0,0.0,0.972972972972973,1.0,0.9473684210526315
0,28,25,gradient,0.99,0.9038322487346349,0,,,0.0,0.0,0.0,0.0,0.0,0.0,0.0,0.0,0.0
0,29,25,gradient,0.5,0.9007386056566384,36,-1.0,1.0,0.972972972972973,1.0,0.9473684210526315,0.972972972972973,1.0,0.9473684210526315,0.972972972972973,1.0,0.9473684210526315
0,29,25,gradient,0.6,0.9007386056566384,36,-1.0,1.0,0.972972972972973,1.0,0.9473684210526315,0.972972972972973,1.0,0.9473684210526315,0.972972972972973,1.0,0.9473684210526315
0,29,25,gradient,0.7,0.9007386056566384,36,-1.0,1.0,0.972972972972973,1.0,0.9473684210526315,0.972972972972973,1.0,0.9473684210526315,0.972972972972973,1.0,0.9473684210526315
0,29,25,gradient,0.75,0.9007386056566384,36,-1.0,1.0,0.972972972972973,1.0,0.9473684210526315,0.972972972972973,1.0,0.9473684210526315,0.972972972972973,1.0,0.9473684210526315
0,29,25,gradient,0.8,0.9007386056566384,36,-1.0,1.0,0.972972972972973,1.0,0.9473684210526315,0.972972972972973,1.0,0.9473684210526315,0.972972972972973,1.0,0.9473684210526315
0,29,25,gradient,0.85,0.9007386056566384,36,-1.0,1.0,0.972972972972973,1.0,0.9473684210526315,0.972972972972973,1.0,0.9473684210526315,0.972972972972973,1.0,0.9473684210526315
0,29,25,gradient,0.9,0.9007386056566384,36,1.5,1.5,0.972972972972973,1.0,0.9473684210526315,0.972972972972973,1.0,0.9473684210526315,0.972972972972973,1.0,0.9473684210526315
0,29,25,gradient,0.925,0.9007386056566384,36,5.5,5.5,0.4864864864864865,0.5,0.47368421052631576,0.972972972972973,1.0,0.9473684210526315,0.972972972972973,1.0,0.9473684210526315
0,29,25,gradient,0.95,0.9007386056566384,36,8.5,8.5,0.0,0.0,0.0,0.972972972972973,1.0,0.9473684210526315,0.972972972972973,1.0,0.9473684210526315
0,29,25,gradient,0.975,0.9007386056566384,36,12.5,12.5,0.0,0.0,0.0,0.0,0.0,0.0,0.972972972972973,1.0,0.9473684210526315
0,29,25,gradient,0.99,0.9007386056566384,18,14.0,14.0,0.0,0.0,0.0,0.0,0.0,0.0,0.6428571428571429,1.0,0.47368421052631576
0,30,25,gradient,0.5,0.8976660682226212,36,-1.0,1.0,0.972972972972973,1.0,0.9473684210526315,0.972972972972973,1.0,0.9473684210526315,0.972972972972973,1.0,0.9473684210526315
0,30,25,gradient,0.6,0.8976660682226212,36,-1.0,1.0,0.972972972972973,1.0,0.9473684210526315,0.972972972972973,1.0,0.9473684210526315,0.972972972972973,1.0,0.9473684210526315
0,30,25,gradient,0.7,0.8976660682226212,36,-1.0,1.0,0.972972972972973,1.0,0.9473684210526315,0.972972972972973,1.0,0.9473684210526315,0.972972972972973,1.0,0.9473684210526315
0,30,25,gradient,0.75,0.8976660682226212,36,-1.0,1.0,0.972972972972973,1.0,0.9473684210526315,0.972972972972973,1.0,0.9473684210526315,0.972972972972973,1.0,0.9473684210526315
0,30,25,gradient,0.8,0.8976660682226212,36,-1.0,1.0,0.972972972972973,1.0,0.9473684210526315,0.972972972972973,1.0,0.9473684210526315,0.972972972972973,1.0,0.9473684210526315
0,30,25,gradient,0.85,0.8976660682226212,36,-1.0,1.0,0.972972972972973,1.0,0.9473684210526315,0.972972972972973,1.0,0.9473684210526315,0.972972972972973,1.0,0.9473684210526315
0,30,25,gradient,0.9,0.8976660682226212,36,1.5,1.5,0.972972972972973,1.0,0.9473684210526315,0.972972972972973,1.0,0.9473684210526315,0.972972972972973,1.0,0.9473684210526315
0,30,25,gradient,0.925,0.8976660682226212,36,5.5,5.5,0.4864864864864865,0.5,0.47368421052631576,0.972972972972973,1.0,0.9473684210526315,0.972972972972973,1.0,0.9473684210526315
0,30,25,gradient,0.95,0.8976660682226212,36,9.5,9.5,0.0,0.0,0.0,0.972972972972973,1.0,0.9473684210526315,0.972972972972973,1.0,0.9473684210526315
0,30,25,gradient,0.975,0.8976660682226212,36,12.5,12.5,0.0,0.0,0.0,0.0,0.0,0.0,0.972972972972973,1.0,0.9473684210526315
0,30,25,gradient,0.99,0.8976660682226212,0,,,0.0,0.0,0.0,0.0,0.0,0.0,0.0,0.0,0.0
0,31,25,gradient,0.5,0.8946144211844695,36,-1.0,1.0,0.972972972972973,1.0,0.9473684210526315,0.972972972972973,1.0,0.9473684210526315,0.972972972972973,1.0,0.9473684210526315
0,31,25,gradient,0.6,0.8946144211844695,36,-1.0,1.0,0.972972972972973,1.0,0.9473684210526315,0.972972972972973,1.0,0.9473684210526315,0.972972972972973,1.0,0.9473684210526315
0,31,25,gradient,0.7,0.8946144211844695,36,-1.0,1.0,0.972972972972973,1.0,0.9473684210526315,0.972972972972973,1.0,0.9473684210526315,0.972972972972973,1.0,0.9473684210526315
0,31,25,gradient,0.75,0.8946144211844695,36,-1.0,1.0,0.972972972972973,1.0,0.9473684210526315,0.972972972972973,1.0,0.9473684210526315,0.972972972972973,1.0,0.9473684210526315
0,31,25,gradient,0.8,0.8946144211844695,36,-1.0,1.0,0.972972972972973,1.0,0.9473684210526315,0.972972972972973,1.0,0.9473684210526315,0.972972972972973,1.0,0.9473684210526315
0,31,25,gradient,0.85,0.8946144211844695,36,-1.0,1.0,0.972972972972973,1.0,0.9473684210526315,0.972972972972973,1.0,0.9473684210526315,0.972972972972973,1.0,0.9473684210526315
0,31,25,gradient,0.9,0.8946144211844695,36,2.5,2.5,0.972972972972973,1.0,0.9473684210526315,0.972972972972973,1.0,0.9473684210526315,0.972972972972973,1.0,0.9473684210526315
0,31,25,gradient,0.925,0.8946144211844695,36,5.5,5.5,0.4864864864864865,0.5,0.47368421052631576,0.972972972972973,1.0,0.9473684210526315,0.972972972972973,1.0,0.9473684210526315
0,31,25,gradient,0.95,0.8946144211844695,36,9.5,9.5,0.0,0.0,0.0,0.972972972972973,1.0,0.9473684210526315,0.972972972972973,1.0,0.9473684210526315
0,31,25,gradient,0.975,0.8946144211844695,36,13.5,13.5,0.0,0.0,0.0,0.0,0.0,0.0,0.972972972972973,1.0,0.9473684210526315
0,31,25,gradient,0.99,0.8946144211844695,18,15.0,15.0,0.0,0.0,0.0,0.0,0.0,0.0,0.6428571428571429,1.0,0.47368421052631576
0,32,25,gradient,0.5,0.891583452211127,36,-1.0,1.0,0.972972972972973,1.0,0.9473684210526315,0.972972972972973,1.0,0.9473684210526315,0.972972972972973,1.0,0.9473684210526315
0,32,25,gradient,0.6,0.891583452211127,36,-1.0,1.0,0.972972972972973,1.0,0.9473684210526315,0.972972972972973,1.0,0.9473684210526315,0.972972972972973,1.0,0.9473684210526315
0,32,25,gradient,0.7,0.891583452211127,36,-1.0,1.0,0.972972972972973,1.0,0.9473684210526315,0.972972972972973,1.0,0.9473684210526315,0.972972972972973,1.0,0.9473684210526315
0,32,25,gradient,0.75,0.891583452211127,36,-1.0,1.0,0.972972972972973,1.0,0.9473684210526315,0.972972972972973,1.0,0.9473684210526315,0.972972972972973,1.0,0.9473684210526315
0,32,25,gradient,0.8,0.891583452211127,36,-1.0,1.0,0.972972972972973,1.0,0.9473684210526315,0.972972972972973,1.0,0.9473684210526315,0.972972972972973,1.0,0.9473684210526315
0,32,25,gradient,0.85,0.891583452211127,36,-1.0,1.0,0.972972972972973,1.0,0.9473684210526315,0.972972972972973,1.0,0.9473684210526315,0.972972972972973,1.0,0.9473684210526315
0,32,25,gradient,0.9,0.891583452211127,36,2.5,2.5,0.972972972972973,1.0,0.9473684210526315,0.972972972972973,1.0,0.9473684210526315,0.972972972972973,1.0,0.9473684210526315
0,32,25,gradient,0.925,0.891583452211127,36,6.5,6.5,0.0,0.0,0.0,0.972972972972973,1.0,0.9473684210526315,0.972972972972973,1.0,0.9473684210526315
0,32,25,gradient,0.95,0.891583452211127,36,10.0,10.0,0.0,0.0,0.0,0.7297297297297298,0.75,0.7105263157894737,0.972972972972973,1.0,0.9473684210526315
0,32,25,gradient,0.975,0.891583452211127,36,13.5,13.5,0.0,0.0,0.0,0.0,0.0,0.0,0.972972972972973,1.0,0.9473684210526315
0,32,25,gradient,0.99,0.891583452211127,36,15.5,15.5,0.0,0.0,0.0,0.0,0.0,0.0,0.972972972972973,1.0,0.9473684210526315
0,33,25,gradient,0.5,0.888572951839346,36,-1.0,1.0,0.972972972972973,1.0,0.9473684210526315,0.972972972972973,1.0,0.9473684210526315,0.972972972972973,1.0,0.9473684210526315
0,33,25,gradient,0.6,0.888572951839346,36,-1.0,1.0,0.972972972972973,1.0,0.9473684210526315,0.972972972972973,1.0,0.9473684210526315,0.972972972972973,1.0,0.9473684210526315
0,33,25,gradient,0.7,0.888572951839346,36,-1.0,1.0,0.972972972972973,1.0,0.9473684210526315,0.972972972972973,1.0,0.9473684210526315,0.972972972972973,1.0,0.9473684210526315
0,33,25,gradient,0.75,0.888572951839346,36,-1.0,1.0,0.972972972972973,1.0,0.9473684210526315,0.972972972972973,1.0,0.9473684210526315,0.972972972972973,1.0,0.9473684210526315
0,33,25,gradient,0.8,0.888572951839346,36,-1.0,1.0,0.972972972972973,1.0,0.9473684210526315,0.972972972972973,1.0,0.9473684210526315,0.972972972972973,1.0,0.9473684210526315
0,33,25,gradient,0.85,0.888572951839346,36,-1.0,1.0,0.972972972972973,1.0,0.9473684210526315,0.972972972972973,1.0,0.9473684210526315,0.972972972972973,1.0,0.9473684210526315
0,33,25,gradient,0.9,0.888572951839346,36,3.5,3.5,0.972972972972973,1.0,0.9473684210526315,0.972972972972973,1.0,0.9473684210526315,0.972972972972973,1.0,0.9473684210526315
0,33,25,gradient,0.925,0.888572951839346,36,6.5,6.5,0.0,0.0,0.0,0.972972972972973,1.0,0.9473684210526315,0.972972972972973,1.0,0.9473684210526315
0,33,25,gradient,0.95,0.888572951839346,36,10.5,10.5,0.0,0.0,0.0,0.4864864864864865,0.5,0.47368421052631576,0.972972972972973,1.0,0.9473684210526315
0,33,25,gradient,0.975,0.888572951839346,36,14.5,14.5,0.0,0.0,0.0,0.0,0.0,0.0,0.972972972972973,1.0,0.9473684210526315
0,33,25,gradient,0.99,0.888572951839346,18,16.0,16.0,0.0,0.0,0.0,0.0,0.0,0.0,0.6428571428571429,1.0,0.47368421052631576
0,34,25,gradient,0.5,0.8855827134254339,36,-1.0,1.0,0.972972972972973,1.0,0.9473684210526315,0.972972972972973,1.0,0.9473684210526315,0.972972972972973,1.0,0.9473684210526315
0,34,25,gradient,0.6,0.8855827134254339,36,-1.0,1.0,0.972972972972973,1.0,0.9473684210526315,0.972972972972973,1.0,0.9473684210526315,0.972972972972973,1.0,0.9473684210526315
0,34,25,gradient,0.7,0.8855827134254339,36,-1.0,1.0,0.972972972972973,1.0,0.9473684210526315,0.972972972972973,1.0,0.9473684210526315,0.972972972972973,1.0,0.9473684210526315
0,34,25,gradient,0.75,0.8855827134254339,36,-1.0,1.0,0.972972972972973,1.0,0.9473684210526315,0.972972972972973,1.0,0.9473684210526315,0.972972972972973,1.0,0.9473684210526315
0,34,25,gradient,0.8,0.8855827134254339,36,-1.0,1.0,0.972972972972973,1.0,0.9473684210526315,0.972972972972973,1.0,0.9473684210526315,0.972972972972973,1.0,0.9473684210526315
0,34,25,gradient,0.85,0.8855827134254339,36,-1.0,1.0,0.972972972972973,1.0,0.9473684210526315,0.972972972972973,1.0,0.9473684210526315,0.972972972972973,1.0,0.9473684210526315
0,34,25,gradient,0.9,0.8855827134254339,36,3.5,3.5,0.972972972972973,1.0,0.9473684210526315,0.972972972972973,1.0,0.9473684210526315,0.972972972972973,1.0,0.9473684210526315
0,34,25,gradient,0.925,0.8855827134254339,36,7.5,7.5,0.0,0.0,0.0,0.972972972972973,1.0,0.9473684210526315,0.972972972972973,1.0,0.9473684210526315
0,34,25,gradient,0.95,0.8855827134254339,36,11.5,11.5,0.0,0.0,0.0,0.0,0.0,0.0,0.972972972972973,1.0,0.9473684210526315
0,34,25,gradient,0.975,0.8855827134254339,36,14.5,14.5,0.0,0.0,0.0,0.0,0.0,0.0,0.972972972972973,1.0,0.9473684210526315
0,34,25,gradient,0.99,0.8855827134254339,36,16.5,16.5,0.0,0.0,0.0,0.0,0.0,0.0,0.972972972972973,1.0,0.9473684210526315
0,35,25,gradient,0.5,0.8826125330979699,36,-1.0,1.0,0.972972972972973,1.0,0.9473684210526315,0.972972972972973,1.0,0.9473684210526315,0.972972972972973,1.0,0.9473684210526315
0,35,25,gradient,0.6,0.8826125330979699,36,-1.0,1.0,0.972972972972973,1.0,0.9473684210526315,0.972972972972973,1.0,0.9473684210526315,0.972972972972973,1.0,0.9473684210526315
0,35,25,gradient,0.7,0.8826125330979699,36,-1.0,1.0,0.972972972972973,1.0,0.9473684210526315,0.972972972972973,1.0,0.9473684210526315,0.972972972972973,1.0,0.9473684210526315
0,35,25,gradient,0.75,0.8826125330979699,36,-1.0,1.0,0.972972972972973,1.0,0.9473684210526315,0.972972972972973,1.0,0.9473684210526315,0.972972972972973,1.0,0.9473684210526315
0,35,25,gradient,0.8,0.8826125330979699,36,-1.0,1.0,0.972972972972973,1.0,0.9473684210526315,0.972972972972973,1.0,0.9473684210526315,0.972972972972973,1.0,0.9473684210526315
0,35,25,gradient,0.85,0.8826125330979699,36,-1.0,1.0,0.972972972972973,1.0,0.9473684210526315,0.972972972972973,1.0,0.9473684210526315,0.972972972972973,1.0,0.9473684210526315
0,35,25,gradient,0.9,0.8826125330979699,36,4.5,4.5,0.972972972972973,1.0,0.9473684210526315,0.972972972972973,1.0,0.9473684210526315,0.972972972972973,1.0,0.9473684210526315
0,35,25,gradient,0.925,0.8826125330979699,36,7.5,7.5,0.0,0.0,0.0,0.972972972972973,1.0,0.9473684210526315,0.972972972972973,1.0,0.9473684210526315
0,35,25,gradient,0.95,0.8826125330979699,36,11.5,11.5,0.0,0.0,0.0,0.0,0.0,0.0,0.972972972972973,1.0,0.9473684210526315
0,35,25,gradient,0.975,0.8826125330979699,36,15.5,15.5,0.0,0.0,0.0,0.0,0.0,0.0,0.972972972972973,1.0,0.9473684210526315
0,35,25,gradient,0.99,0.8826125330979699,18,17.0,17.0,0.0,0.0,0.0,0.0,0.0,0.0,0.6428571428571429,1.0,0.47368421052631576
0,36,25,gradient,0.5,0.8796622097114708,36,-1.0,1.0,0.972972972972973,1.0,0.9473684210526315,0.972972972972973,1.0,0.9473684210526315,0.972972972972973,1.0,0.9473684210526315
0,36,25,gradient,0.6,0.8796622097114708,36,-1.0,1.0,0.972972972972973,1.0,0.9473684210526315,0.972972972972973,1.0,0.9473684210526315,0.972972972972973,1.0,0.9473684210526315
0,36,25,gradient,0.7,0.8796622097114708,36,-1.0,1.0,0.972972972972973,1.0,0.9473684210526315,0.972972972972973,1.0,0.9473684210526315,0.972972972972973,1.0,0.9473684210526315
0,36,25,gradient,0.75,0.8796622097114708,36,-1.0,1.0,0.972972972972973,1.0,0.9473684210526315,0.972972972972973,1.0,0.9473684210526315,0.972972972972973,1.0,0.9473684210526315
0,36,25,gradient,0.8,0.8796622097114708,36,-1.0,1.0,0.972972972972973,1.0,0.9473684210526315,0.972972972972973,1.0,0.9473684210526315,0.972972972972973,1.0,0.9473684210526315
0,36,25,gradient,0.85,0.8796622097114708,36,-1.0,1.0,0.972972972972973,1.0,0.9473684210526315,0.972972972972973,1.0,0.9473684210526315,0.972972972972973,1.0,0.9473684210526315
0,36,25,gradient,0.9,0.8796622097114708,36,4.5,4.5,0.972972972972973,1.0,0.9473684210526315,0.972972972972973,1.0,0.9473684210526315,0.972972972972973,1.0,0.9473684210526315
0,36,25,gradient,0.925,0.8796622097114708,36,8.5,8.5,0.0,0.0,0.0,0.972972972972973,1.0,0.9473684210526315,0.972972972972973,1.0,0.9473684210526315
0,36,25,gradient,0.95,0.8796622097114708,36,11.5,11.5,0.0,0.0,0.0,0.0,0.0,0.0,0.972972972972973,1.0,0.9473684210526315
0,36,25,gradient,0.975,0.8796622097114708,36,15.5,15.5,0.0,0.0,0.0,0.0,0.0,0.0,0.972972972972973,1.0,0.9473684210526315
0,36,25,gradient,0.99,0.8796622097114708,36,17.5,17.5,0.0,0.0,0.0,0.0,0.0,0.0,0.972972972972973,1.0,0.9473684210526315
0,37,25,gradient,0.5,0.8767315448009819,36,-1.0,1.0,0.972972972972973,1.0,0.9473684210526315,0.972972972972973,1.0,0.9473684210526315,0.972972972972973,1.0,0.9473684210526315
0,37,25,gradient,0.6,0.8767315448009819,36,-1.0,1.0,0.972972972972973,1.0,0.9473684210526315,0.972972972972973,1.0,0.9473684210526315,0.972972972972973,1.0,0.9473684210526315
0,37,25,gradient,0.7,0.8767315448009819,36,-1.0,1.0,0.972972972972973,1.0,0.9473684210526315,0.972972972972973,1.0,0.9473684210526315,0.972972972972973,1.0,0.9473684210526315
0,37,25,gradient,0.75,0.8767315448009819,36,-1.0,1.0,0.972972972972973,1.0,0.9473684210526315,0.972972972972973,1.0,0.9473684210526315,0.972972972972973,1.0,0.9473684210526315
0,37,25,gradient,0.8,0.8767315448009819,36,-1.0,1.0,0.972972972972973,1.0,0.9473684210526315,0.972972972972973,1.0,0.9473684210526315,0.972972972972973,1.0,0.9473684210526315
0,37,25,gradient,0.85,0.8767315448009819,36,-1.0,1.0,0.972972972972973,1.0,0.9473684210526315,0.972972972972973,1.0,0.9473684210526315,0.972972972972973,1.0,0.9473684210526315
0,37,25,gradient,0.9,0.8767315448009819,36,4.5,4.5,0.972972972972973,1.0,0.9473684210526315,0.972972972972973,1.0,0.9473684210526315,0.972972972972973,1.0,0.9473684210526315
0,37,25,gradient,0.925,0.8767315448009819,36,8.5,8.5,0.0,0.0,0.0,0.972972972972973,1.0,0.9473684210526315,0.972972972972973,1.0,0.9473684210526315
0,37,25,gradient,0.95,0.8767315448009819,36,12.5,12.5,0.0,0.0,0.0,0.0,0.0,0.0,0.972972972972973,1.0,0.9473684210526315
0,37,25,gradient,0.975,0.8767315448009819,36,16.5,16.5,0.0,0.0,0.0,0.0,0.0,0.0,0.972972972972973,1.0,0.9473684210526315
0,37,25,gradient,0.99,0.8767315448009819,18,18.0,18.0,0.0,0.0,0.0,0.0,0.0,0.0,0.6428571428571429,1.0,0.47368421052631576
0,38,25,gradient,0.5,0.8738203425375742,36,-1.0,1.0,0.972972972972973,1.0,0.9473684210526315,0.972972972972973,1.0,0.9473684210526315,0.972972972972973,1.0,0.9473684210526315
0,38,25,gradient,0.6,0.8738203425375742,36,-1.0,1.0,0.972972972972973,1.0,0.9473684210526315,0.972972972972973,1.0,0.9473684210526315,0.972972972972973,1.0,0.9473684210526315
0,38,25,gradient,0.7,0.8738203425375742,36,-1.0,1.0,0.972972972972973,1.0,0.9473684210526315,0.972972972972973,1.0,0.9473684210526315,0.972972972972973,1.0,0.9473684210526315
0,38,25,gradient,0.75,0.8738203425375742,36,-1.0,1.0,0.972972972972973,1.0,0.9473684210526315,0.972972972972973,1.0,0.9473684210526315,0.972972972972973,1.0,0.9473684210526315
0,38,25,gradient,0.8,0.8738203425375742,36,-1.0,1.0,0.972972972972973,1.0,0.9473684210526315,0.972972972972973,1.0,0.9473684210526315,0.972972972972973,1.0,0.9473684210526315
0,38,25,gradient,0.85,0.8738203425375742,36,-1.0,1.0,0.972972972972973,1.0,0.9473684210526315,0.972972972972973,1.0,0.9473684210526315,0.972972972972973,1.0,0.9473684210526315
0,38,25,gradient,0.9,0.8738203425375742,36,5.5,5.5,0.4864864864864865,0.5,0.47368421052631576,0.972972972972973,1.0,0.9473684210526315,0.972972972972973,1.0,0.9473684210526315
0,38,25,gradient,0.925,0.8738203425375742,36,9.0,9.0,0.0,0.0,0.0,0.972972972972973,1.0,0.9473684210526315,0.972972972972973,1.0,0.9473684210526315
0,38,25,gradient,0.95,0.8738203425375742,36,12.5,12.5,0.0,0.0,0.0,0.0,0.0,0.0,0.972972972972973,1.0,0.9473684210526315
0,38,25,gradient,0.975,0.8738203425375742,36,16.5,16.5,0.0,0.0,0.0,0.0,0.0,0.0,0.972972972972973,1.0,0.9473684210526315
0,38,25,gradient,0.99,0.8738203425375742,36,18.5,18.5,0.0,0.0,0.0,0.0,0.0,0.0,0.972972972972973,1.0,0.9473684210526315
0,39,25,gradient,0.5,0.8709284096847238,36,-1.0,1.0,0.972972972972973,1.0,0.9473684210526315,0.972972972972973,1.0,0.9473684210526315,0.972972972972973,1.0,0.9473684210526315
0,39,25,gradient,0.6,0.8709284096847238,36,-1.0,1.0,0.972972972972973,1.0,0.9473684210526315,0.972972972972973,1.0,0.9473684210526315,0.972972972972973,1.0,0.9473684210526315
0,39,25,gradient,0.7,0.8709284096847238,36,-1.0,1.0,0.972972972972973,1.0,0.9473684210526315,0.972972972972973,1.0,0.9473684210526315,0.972972972972973,1.0,0.9473684210526315
0,39,25,gradient,0.75,0.8709284096847238,36,-1.0,1.0,0.972972972972973,1.0,0.9473684210526315,0.972972972972973,1.0,0.9473684210526315,0.972972972972973,1.0,0.9473684210526315
0,39,25,gradient,0.8,0.8709284096847238,36,-1.0,1.0,0.972972972972973,1.0,0.9473684210526315,0.972972972972973,1.0,0.9473684210526315,0.972972972972973,1.0,0.9473684210526315
0,39,25,gradient,0.85,0.8709284096847238,36,-1.0,1.0,0.972972972972973,1.0,0.9473684210526315,0.972972972972973,1.0,0.9473684210526315,0.972972972972973,1.0,0.9473684210526315
0,39,25,gradient,0.9,0.8709284096847238,36,5.5,5.5,0.4864864864864865,0.5,0.47368421052631576,0.972972972972973,1.0,0.9473684210526315,0.972972972972973,1.0,0.9473684210526315
0,39,25,gradient,0.925,0.8709284096847238,36,9.5,9.5,0.0,0.0,0.0,0.972972972972973,1.0,0.9473684210526315,0.972972972972973,1.0,0.9473684210526315
0,39,25,gradient,0.95,0.8709284096847238,36,13.5,13.5,0.0,0.0,0.0,0.0,0.0,0.0,0.972972972972973,1.0,0.9473684210526315
0,39,25,gradient,0.975,0.8709284096847238,36,17.5,17.5,0.0,0.0,0.0,0.0,0.0,0.0,0.972972972972973,1.0,0.9473684210526315
0,39,25,gradient,0.99,0.8709284096847238,18,19.0,19.0,0.0,0.0,0.0,0.0,0.0,0.0,0.6428571428571429,1.0,0.47368421052631576
0,40,25,gradient,0.5,0.8680555555555556,36,-1.0,1.0,0.972972972972973,1.0,0.9473684210526315,0.972972972972973,1.0,0.9473684210526315,0.972972972972973,1.0,0.9473684210526315
0,40,25,gradient,0.6,0.8680555555555556,36,-1.0,1.0,0.972972972972973,1.0,0.9473684210526315,0.972972972972973,1.0,0.9473684210526315,0.972972972972973,1.0,0.9473684210526315
0,40,25,gradient,0.7,0.8680555555555556,36,-1.0,1.0,0.972972972972973,1.0,0.9473684210526315,0.972972972972973,1.0,0.9473684210526315,0.972972972972973,1.0,0.9473684210526315
0,40,25,gradient,0.75,0.8680555555555556,36,-1.0,1.0,0.972972972972973,1.0,0.9473684210526315,0.972972972972973,1.0,0.9473684210526315,0.972972972972973,1.0,0.9473684210526315
0,40,25,gradient,0.8,0.8680555555555556,36,-1.0,1.0,0.972972972972973,1.0,0.9473684210526315,0.972972972972973,1.0,0.9473684210526315,0.972972972972973,1.0,0.9473684210526315
0,40,25,gradient,0.85,0.8680555555555556,36,-1.0,1.0,0.972972972972973,1.0,0.9473684210526315,0.972972972972973,1.0,0.9473684210526315,0.972972972972973,1.0,0.9473684210526315
0,40,25,gradient,0.9,0.8680555555555556,36,6.5,6.5,0.0,0.0,0.0,0.972972972972973,1.0,0.9473684210526315,0.972972972972973,1.0,0.9473684210526315
0,40,25,gradient,0.925,0.8680555555555556,36,10.5,10.5,0.0,0.0,0.0,0.4864864864864865,0.5,0.47368421052631576,0.972972972972973,1.0,0.9473684210526315
0,40,25,gradient,0.95,0.8680555555555556,36,13.5,13.5,0.0,0.0,0.0,0.0,0.0,0.0,0.972972972972973,1.0,0.9473684210526315
0,40,25,gradient,0.975,0.8680555555555556,36,17.5,17.5,0.0,0.0,0.0,0.0,0.0,0.0,0.972972972972973,1.0,0.9473684210526315
0,40,25,gradient,0.99,0.8680555555555556,36,19.5,19.5,0.0,0.0,0.0,0.0,0.0,0.0,0.972972972972973,1.0,0.9473684210526315
0,41,25,gradient,0.5,0.8652015919709293,36,-1.0,1.0,0.972972972972973,1.0,0.9473684210526315,0.972972972972973,1.0,0.9473684210526315,0.972972972972973,1.0,0.9473684210526315
0,41,25,gradient,0.6,0.8652015919709293,36,-1.0,1.0,0.972972972972973,1.0,0.9473684210526315,0.972972972972973,1.0,0.9473684210526315,0.972972972972973,1.0,0.9473684210526315
0,41,25,gradient,0.7,0.8652015919709293,36,-1.0,1.0,0.972972972972973,1.0,0.9473684210526315,0.972972972972973,1.0,0.9473684210526315,0.972972972972973,1.0,0.9473684210526315
0,41,25,gradient,0.75,0.8652015919709293,36,-1.0,1.0,0.972972972972973,1.0,0.9473684210526315,0.972972972972973,1.0,0.9473684210526315,0.972972972972973,1.0,0.9473684210526315
0,41,25,gradient,0.8,0.8652015919709293,36,-1.0,1.0,0.972972972972973,1.0,0.9473684210526315,0.972972972972973,1.0,0.9473684210526315,0.972972972972973,1.0,0.9473684210526315
0,41,25,gradient,0.85,0.8652015919709293,36,-0.5,0.5,0.972972972972973,1.0,0.9473684210526315,0.972972972972973,1.0,0.9473684210526315,0.972972972972973,1.0,0.9473684210526315
0,41,25,gradient,0.9,0.8652015919709293,36,6.5,6.5,0.0,0.0,0.0,0.972972972972973,1.0,0.9473684210526315,0.972972972972973,1.0,0.9473684210526315
0,41,25,gradient,0.925,0.8652015919709293,36,10.5,10.5,0.0,0.0,0.0,0.4864864864864865,0.5,0.47368421052631576,0.972972972972973,1.0,0.9473684210526315
0,41,25,gradient,0.95,0.8652015919709293,36,14.5,14.5,0.0,0.0,0.0,0.0,0.0,0.0,0.972972972972973,1.0,0.9473684210526315
0,41,25,gradient,0.975,0.8652015919709293,36,18.5,18.5,0.0,0.0,0.0,0.0,0.0,0.0,0.972972972972973,1.0,0.9473684210526315
0,41,25,gradient,0.99,0.8652015919709293,18,20.0,20.0,0.0,0.0,0.0,0.0,0.0,0.0,0.6428571428571429,1.0,0.47368421052631576
0,42,25,gradient,0.5,0.8623663332183511,36,-1.0,1.0,0.972972972972973,1.0,0.9473684210526315,0.972972972972973,1.0,0.9473684210526315,0.972972972972973,1.0,0.9473684210526315
0,42,25,gradient,0.6,0.8623663332183511,36,-1.0,1.0,0.972972972972973,1.0,0.9473684210526315,0.972972972972973,1.0,0.9473684210526315,0.972972972972973,1.0,0.9473684210526315
0,42,25,gradient,0.7,0.8623663332183511,36,-1.0,1.0,0.972972972972973,1.0,0.9473684210526315,0.972972972972973,1.0,0.9473684210526315,0.972972972972973,1.0,0.9473684210526315
0,42,25,gradient,0.75,0.8623663332183511,36,-1.0,1.0,0.972972972972973,1.0,0.9473684210526315,0.972972972972973,1.0,0.9473684210526315,0.972972972972973,1.0,0.9473684210526315
0,42,25,gradient,0.8,0.8623663332183511,36,-1.0,1.0,0.972972972972973,1.0,0.9473684210526315,0.972972972972973,1.0,0.9473684210526315,0.972972972972973,1.0,0.9473684210526315
0,42,25,gradient,0.85,0.8623663332183511,36,-0.5,0.5,0.972972972972973,1.0,0.9473684210526315,0.972972972972973,1.0,0.9473684210526315,0.972972972972973,1.0,0.9473684210526315
0,42,25,gradient,0.9,0.8623663332183511,36,7.0,7.0,0.0,0.0,0.0,0.972972972972973,1.0,0.9473684210526315,0.972972972972973,1.0,0.9473684210526315
0,42,25,gradient,0.925,0.8623663332183511,36,11.5,11.5,0.0,0.0,0.0,0.0,0.0,0.0,0.972972972972973,1.0,0.9473684210526315
0,42,25,gradient,0.95,0.8623663332183511,36,14.5,14.5,0.0,0.0,0.0,0.0,0.0,0.0,0.972972972972973,1.0,0.9473684210526315
0,42,25,gradient,0.975,0.8623663332183511,36,18.5,18.5,0.0,0.0,0.0,0.0,0.0,0.0,0.972972972972973,1.0,0.9473684210526315
0,42,25,gradient,0.99,0.8623663332183511,36,20.5,20.5,0.0,0.0,0.0,0.0,0.0,0.0,0.972972972972973,1.0,0.9473684210526315
0,43,25,gradient,0.5,0.8595495960116899,36,-1.0,1.0,0.972972972972973,1.0,0.9473684210526315,0.972972972972973,1.0,0.9473684210526315,0.972972972972973,1.0,0.9473684210526315
0,43,25,gradient,0.6,0.8595495960116899,36,-1.0,1.0,0.972972972972973,1.0,0.9473684210526315,0.972972972972973,1.0,0.9473684210526315,0.972972972972973,1.0,0.9473684210526315
0,43,25,gradient,0.7,0.8595495960116899,36,-1.0,1.0,0.972972972972973,1.0,0.9473684210526315,0.972972972972973,1.0,0.9473684210526315,0.972972972972973,1.0,0.9473684210526315
0,43,25,gradient,0.75,0.8595495960116899,36,-1.0,1.0,0.972972972972973,1.0,0.9473684210526315,0.972972972972973,1.0,0.9473684210526315,0.972972972972973,1.0,0.9473684210526315
0,43,25,gradient,0.8,0.8595495960116899,36,-1.0,1.0,0.972972972972973,1.0,0.9473684210526315,0.972972972972973,1.0,0.9473684210526315,0.972972972972973,1.0,0.9473684210526315
0,43,25,gradient,0.85,0.8595495960116899,36,0.5,0.5,0.972972972972973,1.0,0.9473684210526315,0.972972972972973,1.0,0.9473684210526315,0.972972972972973,1.0,0.9473684210526315
0,43,25,gradient,0.9,0.8595495960116899,36,7.5,7.5,0.0,0.0,0.0,0.972972972972973,1.0,0.9473684210526315,0.972972972972973,1.0,0.9473684210526315
0,43,25,gradient,0.925,0.8595495960116899,36,11.5,11.5,0.0,0.0,0.0,0.0,0.0,0.0,0.972972972972973,1.0,0.9473684210526315
0,43,25,gradient,0.95,0.8595495960116899,36,15.0,15.0,0.0,0.0,0.0,0.0,0.0,0.0,0.972972972972973,1.0,0.9473684210526315
0,43,25,gradient,0.975,0.8595495960116899,36,19.5,19.5,0.0,0.0,0.0,0.0,0.0,0.0,0.972972972972973,1.0,0.9473684210526315
0,43,25,gradient,0.99,0.8595495960116899,36,21.0,21.0,0.0,0.0,0.0,0.0,0.0,0.0,0.972972972972973,1.0,0.9473684210526315
0,44,25,gradient,0.5,0.8567511994516792,36,-1.0,1.0,0.972972972972973,1.0,0.9473684210526315,0.972972972972973,1.0,0.9473684210526315,0.972972972972973,1.0,0.9473684210526315
0,44,25,gradient,0.6,0.8567511994516792,36,-1.0,1.0,0.972972972972973,1.0,0.9473684210526315,0.972972972972973,1.0,0.9473684210526315,0.972972972972973,1.0,0.9473684210526315
0,44,25,gradient,0.7,0.8567511994516792,36,-1.0,1.0,0.972972972972973,1.0,0.9473684210526315,0.972972972972973,1.0,0.9473684210526315,0.972972972972973,1.0,0.9473684210526315
0,44,25,gradient,0.75,0.8567511994516792,36,-1.0,1.0,0.972972972972973,1.0,0.9473684210526315,0.972972972972973,1.0,0.9473684210526315,0.972972972972973,1.0,0.9473684210526315
0,44,25,gradient,0.8,0.8567511994516792,36,-1.0,1.0,0.972972972972973,1.0,0.9473684210526315,0.972972972972973,1.0,0.9473684210526315,0.972972972972973,1.0,0.9473684210526315
0,44,25,gradient,0.85,0.8567511994516792,36,0.5,0.5,0.972972972972973,1.0,0.9473684210526315,0.972972972972973,1.0,0.9473684210526315,0.972972972972973,1.0,0.9473684210526315
0,44,25,gradient,0.9,0.8567511994516792,36,8.5,8.5,0.0,0.0,0.0,0.972972972972973,1.0,0.9473684210526315,0.972972972972973,1.0,0.9473684210526315
0,44,25,gradient,0.925,0.8567511994516792,36,11.5,11.5,0.0,0.0,0.0,0.0,0.0,0.0,0.972972972972973,1.0,0.9473684210526315
0,44,25,gradient,0.95,0.8567511994516792,36,15.5,15.5,0.0,0.0,0.0,0.0,0.0,0.0,0.972972972972973,1.0,0.9473684210526315
0,44,25,gradient,0.975,0.8567511994516792,36,19.5,19.5,0.0,0.0,0.0,0.0,0.0,0.0,0.972972972972973,1.0,0.9473684210526315
0,44,25,gradient,0.99,0.8567511994516792,36,21.5,21.5,0.0,0.0,0.0,0.0,0.0,0.0,0.972972972972973,1.0,0.9473684210526315
0,45,25,gradient,0.5,0.8539709649871905,36,-1.0,1.0,0.972972972972973,1.0,0.9473684210526315,0.972972972972973,1.0,0.9473684210526315,0.972972972972973,1.0,0.9473684210526315
0,45,25,gradient,0.6,0.8539709649871905,36,-1.0,1.0,0.972972972972973,1.0,0.9473684210526315,0.972972972972973,1.0,0.9473684210526315,0.972972972972973,1.0,0.9473684210526315
0,45,25,gradient,0.7,0.8539709649871905,36,-1.0,1.0,0.972972972972973,1.0,0.9473684210526315,0.972972972972973,1.0,0.9473684210526315,0.972972972972973,1.0,0.9473684210526315
0,45,25,gradient,0.75,0.8539709649871905,36,-1.0,1.0,0.972972972972973,1.0,0.9473684210526315,0.972972972972973,1.0,0.9473684210526315,0.972972972972973,1.0,0.9473684210526315
0,45,25,gradient,0.8,0.8539709649871905,36,-1.0,1.0,0.972972972972973,1.0,0.9473684210526315,0.972972972972973,1.0,0.9473684210526315,0.972972972972973,1.0,0.9473684210526315
0,45,25,gradient,0.85,0.8539709649871905,36,0.5,0.5,0.972972972972973,1.0,0.9473684210526315,0.972972972972973,1.0,0.9473684210526315,0.972972972972973,1.0,0.9473684210526315
0,45,25,gradient,0.9,0.8539709649871905,36,8.5,8.5,0.0,0.0,0.0,0.972972972972973,1.0,0.9473684210526315,0.972972972972973,1.0,0.9473684210526315
0,45,25,gradient,0.925,0.8539709649871905,36,12.5,12.5,0.0,0.0,0.0,0.0,0.0,0.0,0.972972972972973,1.0,0.9473684210526315
0,45,25,gradient,0.95,0.8539709649871905,36,16.5,16.5,0.0,0.0,0.0,0.0,0.0,0.0,0.972972972972973,1.0,0.9473684210526315
0,45,25,gradient,0.975,0.8539709649871905,36,20.5,20.5,0.0,0.0,0.0,0.0,0.0,0.0,0.972972972972973,1.0,0.9473684210526315
0,45,25,gradient,0.99,0.8539709649871905,36,22.0,22.0,0.0,0.0,0.0,0.0,0.0,0.0,0.972972972972973,1.0,0.9473684210526315
0,46,25,gradient,0.5,0.8512087163772557,36,-1.0,1.0,0.972972972972973,1.0,0.9473684210526315,0.972972972972973,1.0,0.9473684210526315,0.972972972972973,1.0,0.9473684210526315
0,46,25,gradient,0.6,0.8512087163772557,36,-1.0,1.0,0.972972972972973,1.0,0.9473684210526315,0.972972972972973,1.0,0.9473684210526315,0.972972972972973,1.0,0.9473684210526315
0,46,25,gradient,0.7,0.8512087163772557,36,-1.0,1.0,0.972972972972973,1.0,0.9473684210526315,0.972972972972973,1.0,0.9473684210526315,0.972972972972973,1.0,0.9473684210526315
0,46,25,gradient,0.75,0.8512087163772557,36,-1.0,1.0,0.972972972972973,1.0,0.9473684210526315,0.972972972972973,1.0,0.9473684210526315,0.972972972972973,1.0,0.9473684210526315
0,46,25,gradient,0.8,0.8512087163772557,36,-1.0,1.0,0.972972972972973,1.0,0.9473684210526315,0.972972972972973,1.0,0.9473684210526315,0.972972972972973,1.0,0.9473684210526315
0,46,25,gradient,0.85,0.8512087163772557,36,1.0,1.0,0.972972972972973,1.0,0.9473684210526315,0.972972972972973,1.0,0.9473684210526315,0.972972972972973,1.0,0.9473684210526315
0,46,25,gradient,0.9,0.8512087163772557,36,9.5,9.5,0.0,0.0,0.0,0.972972972972973,1.0,0.9473684210526315,0.972972972972973,1.0,0.9473684210526315
0,46,25,gradient,0.925,0.8512087163772557,36,12.5,12.5,0.0,0.0,0.0,0.0,0.0,0.0,0.972972972972973,1.0,0.9473684210526315
0,46,25,gradient,0.95,0.8512087163772557,36,16.5,16.5,0.0,0.0,0.0,0.0,0.0,0.0,0.972972972972973,1.0,0.9473684210526315
0,46,25,gradient,0.975,0.8512087163772557,36,20.5,20.5,0.0,0.0,0.0,0.0,0.0,0.0,0.972972972972973,1.0,0.9473684210526315
0,46,25,gradient,0.99,0.8512087163772557,36,22.5,22.5,0.0,0.0,0.0,0.0,0.0,0.0,0.972972972972973,1.0,0.9473684210526315
0,47,25,gradient,0.5,0.8484642796538265,36,-1.0,1.0,0.972972972972973,1.0,0.9473684210526315,0.972972972972973,1.0,0.9473684210526315,0.972972972972973,1.0,0.9473684210526315
0,47,25,gradient,0.6,0.8484642796538265,36,-1.0,1.0,0.972972972972973,1.0,0.9473684210526315,0.972972972972973,1.0,0.9473684210526315,0.972972972972973,1.0,0.9473684210526315
0,47,25,gradient,0.7,0.8484642796538265,36,-1.0,1.0,0.972972972972973,1.0,0.9473684210526315,0.972972972972973,1.0,0.9473684210526315,0.972972972972973,1.0,0.9473684210526315
0,47,25,gradient,0.75,0.8484642796538265,36,-1.0,1.0,0.972972972972973,1.0,0.9473684210526315,0.972972972972973,1.0,0.9473684210526315,0.972972972972973,1.0,0.9473684210526315
0,47,25,gradient,0.8,0.8484642796538265,36,-1.0,1.0,0.972972972972973,1.0,0.9473684210526315,0.972972972972973,1.0,0.9473684210526315,0.972972972972973,1.0,0.9473684210526315
0,47,25,gradient,0.85,0.8484642796538265,36,1.5,1.5,0.972972972972973,1.0,0.9473684210526315,0.972972972972973,1.0,0.9473684210526315,0.972972972972973,1.0,0.9473684210526315
0,47,25,gradient,0.9,0.8484642796538265,36,9.5,9.5,0.0,0.0,0.0,0.972972972972973,1.0,0.9473684210526315,0.972972972972973,1.0,0.9473684210526315
0,47,25,gradient,0.925,0.8484642796538265,36,13.5,13.5,0.0,0.0,0.0,0.0,0.0,0.0,0.972972972972973,1.0,0.9473684210526315
0,47,25,gradient,0.95,0.8484642796538265,36,17.5,17.5,0.0,0.0,0.0,0.0,0.0,0.0,0.972972972972973,1.0,0.9473684210526315
0,47,25,gradient,0.975,0.8484642796538265,36,21.0,21.0,0.0,0.0,0.0,0.0,0.0,0.0,0.972972972972973,1.0,0.9473684210526315
0,47,25,gradient,0.99,0.8484642796538265,18,23.0,23.0,0.0,0.0,0.0,0.0,0.0,0.0,0.6428571428571429,1.0,0.47368421052631576
0,48,25,gradient,0.5,0.8457374830852503,36,-1.0,1.0,0.972972972972973,1.0,0.9473684210526315,0.972972972972973,1.0,0.9473684210526315,0.972972972972973,1.0,0.9473684210526315
0,48,25,gradient,0.6,0.8457374830852503,36,-1.0,1.0,0.972972972972973,1.0,0.9473684210526315,0.972972972972973,1.0,0.9473684210526315,0.972972972972973,1.0,0.9473684210526315
0,48,25,gradient,0.7,0.8457374830852503,36,-1.0,1.0,0.972972972972973,1.0,0.9473684210526315,0.972972972972973,1.0,0.9473684210526315,0.972972972972973,1.0,0.9473684210526315
0,48,25,gradient,0.75,0.8457374830852503,36,-1.0,1.0,0.972972972972973,1.0,0.9473684210526315,0.972972972972973,1.0,0.9473684210526315,0.972972972972973,1.0,0.9473684210526315
0,48,25,gradient,0.8,0.8457374830852503,36,-1.0,1.0,0.972972972972973,1.0,0.9473684210526315,0.972972972972973,1.0,0.9473684210526315,0.972972972972973,1.0,0.9473684210526315
0,48,25,gradient,0.85,0.8457374830852503,36,2.5,2.5,0.972972972972973,1.0,0.9473684210526315,0.972972972972973,1.0,0.9473684210526315,0.972972972972973,1.0,0.9473684210526315
0,48,25,gradient,0.9,0.8457374830852503,36,9.5,9.5,0.0,0.0,0.0,0.972972972972973,1.0,0.9473684210526315,0.972972972972973,1.0,0.9473684210526315
0,48,25,gradient,0.925,0.8457374830852503,36,13.5,13.5,0.0,0.0,0.0,0.0,0.0,0.0,0.972972972972973,1.0,0.9473684210526315
0,48,25,gradient,0.95,0.8457374830852503,36,17.5,17.5,0.0,0.0,0.0,0.0,0.0,0.0,0.972972972972973,1.0,0.9473684210526315
0,48,25,gradient,0.975,0.8457374830852503,36,21.5,21.5,0.0,0.0,0.0,0.0,0.0,0.0,0.972972972972973,1.0,0.9473684210526315
0,48,25,gradient,0.99,0.8457374830852503,36,23.5,23.5,0.0,0.0,0.0,0.0,0.0,0.0,0.972972972972973,1.0,0.9473684210526315
0,49,25,gradient,0.5,0.8430281571404485,36,-1.0,1.0,0.972972972972973,1.0,0.9473684210526315,0.972972972972973,1.0,0.9473684210526315,0.972972972972973,1.0,0.9473684210526315
0,49,25,gradient,0.6,0.8430281571404485,36,-1.0,1.0,0.972972972972973,1.0,0.9473684210526315,0.972972972972973,1.0,0.9473684210526315,0.972972972972973,1.0,0.9473684210526315
0,49,25,gradient,0.7,0.8430281571404485,36,-1.0,1.0,0.972972972972973,1.0,0.9473684210526315,0.972972972972973,1.0,0.9473684210526315,0.972972972972973,1.0,0.9473684210526315
0,49,25,gradient,0.75,0.8430281571404485,36,-1.0,1.0,0.972972972972973,1.0,0.9473684210526315,0.972972972972973,1.0,0.9473684210526315,0.972972972972973,1.0,0.9473684210526315
0,49,25,gradient,0.8,0.8430281571404485,36,-1.0,1.0,0.972972972972973,1.0,0.9473684210526315,0.972972972972973,1.0,0.9473684210526315,0.972972972972973,1.0,0.9473684210526315
0,49,25,gradient,0.85,0.8430281571404485,36,2.5,2.5,0.972972972972973,1.0,0.9473684210526315,0.972972972972973,1.0,0.9473684210526315,0.972972972972973,1.0,0.9473684210526315
0,49,25,gradient,0.9,0.8430281571404485,36,10.5,10.5,0.0,0.0,0.0,0.4864864864864865,0.5,0.47368421052631576,0.972972972972973,1.0,0.9473684210526315
0,49,25,gradient,0.925,0.8430281571404485,36,14.5,14.5,0.0,0.0,0.0,0.0,0.0,0.0,0.972972972972973,1.0,0.9473684210526315
0,49,25,gradient,0.95,0.8430281571404485,36,18.5,18.5,0.0,0.0,0.0,0.0,0.0,0.0,0.972972972972973,1.0,0.9473684210526315
0,49,25,gradient,0.975,0.8430281571404485,36,22.5,22.5,0.0,0.0,0.0,0.0,0.0,0.0,0.972972972972973,1.0,0.9473684210526315
0,49,25,gradient,0.99,0.8430281571404485,18,24.0,24.0,0.0,0.0,0.0,0.0,0.0,0.0,0.6428571428571429,1.0,0.47368421052631576
0,50,25,gradient,0.5,0.8403361344537815,36,-1.0,1.0,0.972972972972973,1.0,0.9473684210526315,0.972972972972973,1.0,0.9473684210526315,0.972972972972973,1.0,0.9473684210526315
0,50,25,gradient,0.6,0.8403361344537815,36,-1.0,1.0,0.972972972972973,1.0,0.9473684210526315,0.972972972972973,1.0,0.9473684210526315,0.972972972972973,1.0,0.9473684210526315
0,50,25,gradient,0.7,0.8403361344537815,36,-1.0,1.0,0.972972972972973,1.0,0.9473684210526315,0.972972972972973,1.0,0.9473684210526315,0.972972972972973,1.0,0.9473684210526315
0,50,25,gradient,0.75,0.8403361344537815,36,-1.0,1.0,0.972972972972973,1.0,0.9473684210526315,0.972972972972973,1.0,0.9473684210526315,0.972972972972973,1.0,0.9473684210526315
0,50,25,gradient,0.8,0.8403361344537815,36,-1.0,1.0,0.972972972972973,1.0,0.9473684210526315,0.972972972972973,1.0,0.9473684210526315,0.972972972972973,1.0,0.9473684210526315
0,50,25,gradient,0.85,0.8403361344537815,36,2.5,2.5,0.972972972972973,1.0,0.9473684210526315,0.972972972972973,1.0,0.9473684210526315,0.972972972972973,1.0,0.9473684210526315
0,50,25,gradient,0.9,0.8403361344537815,36,10.5,10.5,0.0,0.0,0.0,0.4864864864864865,0.5,0.47368421052631576,0.972972972972973,1.0,0.9473684210526315
0,50,25,gradient,0.925,0.8403361344537815,36,14.5,14.5,0.0,0.0,0.0,0.0,0.0,0.0,0.972972972972973,1.0,0.9473684210526315
0,50,25,gradient,0.95,0.8403361344537815,36,18.5,18.5,0.0,0.0,0.0,0.0,0.0,0.0,0.972972972972973,1.0,0.9473684210526315
0,50,25,gradient,0.975,0.8403361344537815,36,22.5,22.5,0.0,0.0,0.0,0.0,0.0,0.0,0.972972972972973,1.0,0.9473684210526315
0,50,25,gradient,0.99,0.8403361344537815,36,24.5,24.5,0.0,0.0,0.0,0.0,0.0,0.0,0.972972972972973,1.0,0.9473684210526315
0,51,25,gradient,0.5,0.8376612497905846,36,-1.0,1.0,0.972972972972973,1.0,0.9473684210526315,0.972972972972973,1.0,0.9473684210526315,0.972972972972973,1.0,0.9473684210526315
0,51,25,gradient,0.6,0.8376612497905846,36,-1.0,1.0,0.972972972972973,1.0,0.9473684210526315,0.972972972972973,1.0,0.9473684210526315,0.972972972972973,1.0,0.9473684210526315
0,51,25,gradient,0.7,0.8376612497905846,36,-1.0,1.0,0.972972972972973,1.0,0.9473684210526315,0.972972972972973,1.0,0.9473684210526315,0.972972972972973,1.0,0.9473684210526315
0,51,25,gradient,0.75,0.8376612497905846,36,-1.0,1.0,0.972972972972973,1.0,0.9473684210526315,0.972972972972973,1.0,0.9473684210526315,0.972972972972973,1.0,0.9473684210526315
0,51,25,gradient,0.8,0.8376612497905846,36,-1.0,1.0,0.972972972972973,1.0,0.9473684210526315,0.972972972972973,1.0,0.9473684210526315,0.972972972972973,1.0,0.9473684210526315
0,51,25,gradient,0.85,0.8376612497905846,36,3.5,3.5,0.972972972972973,1.0,0.9473684210526315,0.972972972972973,1.0,0.9473684210526315,0.972972972972973,1.0,0.9473684210526315
0,51,25,gradient,0.9,0.8376612497905846,36,11.5,11.5,0.0,0.0,0.0,0.0,0.0,0.0,0.972972972972973,1.0,0.9473684210526315
0,51,25,gradient,0.925,0.8376612497905846,36,15.5,15.5,0.0,0.0,0.0,0.0,0.0,0.0,0.972972972972973,1.0,0.9473684210526315
0,51,25,gradient,0.95,0.8376612497905846,36,19.5,19.5,0.0,0.0,0.0,0.0,0.0,0.0,0.972972972972973,1.0,0.9473684210526315
0,51,25,gradient,0.975,0.8376612497905846,36,23.5,23.5,0.0,0.0,0.0,0.0,0.0,0.0,0.972972972972973,1.0,0.9473684210526315
0,51,25,gradient,0.99,0.8376612497905846,19,24.0,24.0,0.0,0.0,0.0,0.0,0.0,0.0,0.6666666666666666,1.0,0.5
0,52,25,gradient,0.5,0.8350033400133601,36,-1.0,1.0,0.972972972972973,1.0,0.9473684210526315,0.972972972972973,1.0,0.9473684210526315,0.972972972972973,1.0,0.9473684210526315
0,52,25,gradient,0.6,0.8350033400133601,36,-1.0,1.0,0.972972972972973,1.0,0.9473684210526315,0.972972972972973,1.0,0.9473684210526315,0.972972972972973,1.0,0.9473684210526315
0,52,25,gradient,0.7,0.8350033400133601,36,-1.0,1.0,0.972972972972973,1.0,0.9473684210526315,0.972972972972973,1.0,0.9473684210526315,0.972972972972973,1.0,0.9473684210526315
0,52,25,gradient,0.75,0.8350033400133601,36,-1.0,1.0,0.972972972972973,1.0,0.9473684210526315,0.972972972972973,1.0,0.9473684210526315,0.972972972972973,1.0,0.9473684210526315
0,52,25,gradient,0.8,0.8350033400133601,36,-1.0,1.0,0.972972972972973,1.0,0.9473684210526315,0.972972972972973,1.0,0.9473684210526315,0.972972972972973,1.0,0.9473684210526315
0,52,25,gradient,0.85,0.8350033400133601,36,3.5,3.5,0.972972972972973,1.0,0.9473684210526315,0.972972972972973,1.0,0.9473684210526315,0.972972972972973,1.0,0.9473684210526315
0,52,25,gradient,0.9,0.8350033400133601,36,11.5,11.5,0.0,0.0,0.0,0.0,0.0,0.0,0.972972972972973,1.0,0.9473684210526315
0,52,25,gradient,0.925,0.8350033400133601,36,15.5,15.5,0.0,0.0,0.0,0.0,0.0,0.0,0.972972972972973,1.0,0.9473684210526315
0,52,25,gradient,0.95,0.8350033400133601,36,19.5,19.5,0.0,0.0,0.0,0.0,0.0,0.0,0.972972972972973,1.0,0.9473684210526315
0,52,25,gradient,0.975,0.8350033400133601,36,23.5,23.5,0.0,0.0,0.0,0.0,0.0,0.0,0.972972972972973,1.0,0.9473684210526315
0,52,25,gradient,0.99,0.8350033400133601,0,,,0.0,0.0,0.0,0.0,0.0,0.0,0.0,0.0,0.0
0,53,25,gradient,0.5,0.8323622440486099,36,-1.0,1.0,0.972972972972973,1.0,0.9473684210526315,0.972972972972973,1.0,0.9473684210526315,0.972972972972973,1.0,0.9473684210526315
0,53,25,gradient,0.6,0.8323622440486099,36,-1.0,1.0,0.972972972972973,1.0,0.9473684210526315,0.972972972972973,1.0,0.9473684210526315,0.972972972972973,1.0,0.9473684210526315
0,53,25,gradient,0.7,0.8323622440486099,36,-1.0,1.0,0.972972972972973,1.0,0.9473684210526315,0.972972972972973,1.0,0.9473684210526315,0.972972972972973,1.0,0.9473684210526315
0,53,25,gradient,0.75,0.8323622440486099,36,-1.0,1.0,0.972972972972973,1.0,0.9473684210526315,0.972972972972973,1.0,0.9473684210526315,0.972972972972973,1.0,0.9473684210526315
0,53,25,gradient,0.8,0.8323622440486099,36,-1.0,1.0,0.972972972972973,1.0,0.9473684210526315,0.972972972972973,1.0,0.9473684210526315,0.972972972972973,1.0,0.9473684210526315
0,53,25,gradient,0.85,0.8323622440486099,36,4.5,4.5,0.972972972972973,1.0,0.9473684210526315,0.972972972972973,1.0,0.9473684210526315,0.972972972972973,1.0,0.9473684210526315
0,53,25,gradient,0.9,0.8323622440486099,36,12.5,12.5,0.0,0.0,0.0,0.0,0.0,0.0,0.972972972972973,1.0,0.9473684210526315
0,53,25,gradient,0.925,0.8323622440486099,36,16.5,16.5,0.0,0.0,0.0,0.0,0.0,0.0,0.972972972972973,1.0,0.9473684210526315
0,53,25,gradient,0.95,0.8323622440486099,36,20.5,20.5,0.0,0.0,0.0,0.0,0.0,0.0,0.972972972972973,1.0,0.9473684210526315
0,53,25,gradient,0.975,0.8323622440486099,36,24.5,24.5,0.0,0.0,0.0,0.0,0.0,0.0,0.972972972972973,1.0,0.9473684210526315
0,53,25,gradient,0.99,0.8323622440486099,19,25.0,25.0,0.0,0.0,0.0,0.0,0.0,0.0,0.35087719298245607,0.5263157894736842,0.2631578947368421
0,54,25,gradient,0.5,0.8297378028542981,36,-1.0,1.0,0.972972972972973,1.0,0.9473684210526315,0.972972972972973,1.0,0.9473684210526315,0.972972972972973,1.0,0.9473684210526315
0,54,25,gradient,0.6,0.8297378028542981,36,-1.0,1.0,0.972972972972973,1.0,0.9473684210526315,0.972972972972973,1.0,0.9473684210526315,0.972972972972973,1.0,0.9473684210526315
0,54,25,gradient,0.7,0.8297378028542981,36,-1.0,1.0,0.972972972972973,1.0,0.9473684210526315,0.972972972972973,1.0,0.9473684210526315,0.972972972972973,1.0,0.9473684210526315
0,54,25,gradient,0.75,0.8297378028542981,36,-1.0,1.0,0.972972972972973,1.0,0.9473684210526315,0.972972972972973,1.0,0.9473684210526315,0.972972972972973,1.0,0.9473684210526315
0,54,25,gradient,0.8,0.8297378028542981,36,-1.0,1.0,0.972972972972973,1.0,0.9473684210526315,0.972972972972973,1.0,0.9473684210526315,0.972972972972973,1.0,0.9473684210526315
0,54,25,gradient,0.85,0.8297378028542981,36,4.5,4.5,0.972972972972973,1.0,0.9473684210526315,0.972972972972973,1.0,0.9473684210526315,0.972972972972973,1.0,0.9473684210526315
0,54,25,gradient,0.9,0.8297378028542981,36,12.5,12.5,0.0,0.0,0.0,0.0,0.0,0.0,0.972972972972973,1.0,0.9473684210526315
0,54,25,gradient,0.925,0.8297378028542981,36,16.5,16.5,0.0,0.0,0.0,0.0,0.0,0.0,0.972972972972973,1.0,0.9473684210526315
0,54,25,gradient,0.95,0.8297378028542981,36,20.5,20.5,0.0,0.0,0.0,0.0,0.0,0.0,0.972972972972973,1.0,0.9473684210526315
0,54,25,gradient,0.975,0.8297378028542981,36,25.0,25.0,0.0,0.0,0.0,0.0,0.0,0.0,0.4864864864864865,0.5,0.47368421052631576
0,54,25,gradient,0.99,0.8297378028542981,36,26.5,26.5,0.0,0.0,0.0,0.0,0.0,0.0,0.0,0.0,0.0
0,55,25,gradient,0.5,0.8271298593879239,36,-1.0,1.0,0.972972972972973,1.0,0.9473684210526315,0.972972972972973,1.0,0.9473684210526315,0.972972972972973,1.0,0.9473684210526315
0,55,25,gradient,0.6,0.8271298593879239,36,-1.0,1.0,0.972972972972973,1.0,0.9473684210526315,0.972972972972973,1.0,0.9473684210526315,0.972972972972973,1.0,0.9473684210526315
0,55,25,gradient,0.7,0.8271298593879239,36,-1.0,1.0,0.972972972972973,1.0,0.9473684210526315,0.972972972972973,1.0,0.9473684210526315,0.972972972972973,1.0,0.9473684210526315
0,55,25,gradient,0.75,0.8271298593879239,36,-1.0,1.0,0.972972972972973,1.0,0.9473684210526315,0.972972972972973,1.0,0.9473684210526315,0.972972972972973,1.0,0.9473684210526315
0,55,25,gradient,0.8,0.8271298593879239,36,-1.0,1.0,0.972972972972973,1.0,0.9473684210526315,0.972972972972973,1.0,0.9473684210526315,0.972972972972973,1.0,0.9473684210526315
0,55,25,gradient,0.85,0.8271298593879239,36,5.5,5.5,0.4864864864864865,0.5,0.47368421052631576,0.972972972972973,1.0,0.9473684210526315,0.972972972972973,1.0,0.9473684210526315
0,55,25,gradient,0.9,0.8271298593879239,36,13.5,13.5,0.0,0.0,0.0,0.0,0.0,0.0,0.972972972972973,1.0,0.9473684210526315
0,55,25,gradient,0.925,0.8271298593879239,36,17.5,17.5,0.0,0.0,0.0,0.0,0.0,0.0,0.972972972972973,1.0,0.9473684210526315
0,55,25,gradient,0.95,0.8271298593879239,36,21.5,21.5,0.0,0.0,0.0,0.0,0.0,0.0,0.972972972972973,1.0,0.9473684210526315
0,55,25,gradient,0.975,0.8271298593879239,36,25.0,25.0,0.0,0.0,0.0,0.0,0.0,0.0,0.4864864864864865,0.5,0.47368421052631576
0,55,25,gradient,0.99,0.8271298593879239,0,,,0.0,0.0,0.0,0.0,0.0,0.0,0.0,0.0,0.0
0,56,25,gradient,0.5,0.8245382585751979,36,-1.0,1.0,0.972972972972973,1.0,0.9473684210526315,0.972972972972973,1.0,0.9473684210526315,0.972972972972973,1.0,0.9473684210526315
0,56,25,gradient,0.6,0.8245382585751979,36,-1.0,1.0,0.972972972972973,1.0,0.9473684210526315,0.972972972972973,1.0,0.9473684210526315,0.972972972972973,1.0,0.9473684210526315
0,56,25,gradient,0.7,0.8245382585751979,36,-1.0,1.0,0.972972972972973,1.0,0.9473684210526315,0.972972972972973,1.0,0.9473684210526315,0.972972972972973,1.0,0.9473684210526315
0,56,25,gradient,0.75,0.8245382585751979,36,-1.0,1.0,0.972972972972973,1.0,0.9473684210526315,0.972972972972973,1.0,0.9473684210526315,0.972972972972973,1.0,0.9473684210526315
0,56,25,gradient,0.8,0.8245382585751979,36,-1.0,1.0,0.972972972972973,1.0,0.9473684210526315,0.972972972972973,1.0,0.9473684210526315,0.972972972972973,1.0,0.9473684210526315
0,56,25,gradient,0.85,0.8245382585751979,36,5.5,5.5,0.4864864864864865,0.5,0.47368421052631576,0.972972972972973,1.0,0.9473684210526315,0.972972972972973,1.0,0.9473684210526315
0,56,25,gradient,0.9,0.8245382585751979,36,13.5,13.5,0.0,0.0,0.0,0.0,0.0,0.0,0.972972972972973,1.0,0.9473684210526315
0,56,25,gradient,0.925,0.8245382585751979,36,17.5,17.5,0.0,0.0,0.0,0.0,0.0,0.0,0.972972972972973,1.0,0.9473684210526315
0,56,25,gradient,0.95,0.8245382585751979,36,21.5,21.5,0.0,0.0,0.0,0.0,0.0,0.0,0.972972972972973,1.0,0.9473684210526315
0,56,25,gradient,0.975,0.8245382585751979,0,,,0.0,0.0,0.0,0.0,0.0,0.0,0.0,0.0,0.0
0,56,25,gradient,0.99,0.8245382585751979,0,,,0.0,0.0,0.0,0.0,0.0,0.0,0.0,0.0,0.0
0,57,25,gradient,0.5,0.821962847279303,36,-1.0,1.0,0.972972972972973,1.0,0.9473684210526315,0.972972972972973,1.0,0.9473684210526315,0.972972972972973,1.0,0.9473684210526315
0,57,25,gradient,0.6,0.821962847279303,36,-1.0,1.0,0.972972972972973,1.0,0.9473684210526315,0.972972972972973,1.0,0.9473684210526315,0.972972972972973,1.0,0.9473684210526315
0,57,25,gradient,0.7,0.821962847279303,36,-1.0,1.0,0.972972972972973,1.0,0.9473684210526315,0.972972972972973,1.0,0.9473684210526315,0.972972972972973,1.0,0.9473684210526315
0,57,25,gradient,0.75,0.821962847279303,36,-1.0,1.0,0.972972972972973,1.0,0.9473684210526315,0.972972972972973,1.0,0.9473684210526315,0.972972972972973,1.0,0.9473684210526315
0,57,25,gradient,0.8,0.821962847279303,36,-1.0,1.0,0.972972972972973,1.0,0.9473684210526315,0.972972972972973,1.0,0.9473684210526315,0.972972972972973,1.0,0.9473684210526315
0,57,25,gradient,0.85,0.821962847279303,36,5.5,5.5,0.4864864864864865,0.5,0.47368421052631576,0.972972972972973,1.0,0.9473684210526315,0.972972972972973,1.0,0.9473684210526315
0,57,25,gradient,0.9,0.821962847279303,36,13.5,13.5,0.0,0.0,0.0,0.0,0.0,0.0,0.972972972972973,1.0,0.9473684210526315
0,57,25,gradient,0.925,0.821962847279303,36,17.5,17.5,0.0,0.0,0.0,0.0,0.0,0.0,0.972972972972973,1.0,0.9473684210526315
0,57,25,gradient,0.95,0.821962847279303,36,21.5,21.5,0.0,0.0,0.0,0.0,0.0,0.0,0.972972972972973,1.0,0.9473684210526315
0,57,25,gradient,0.975,0.821962847279303,74,25.0,25.0,0.0,0.0,0.0,0.0,0.0,0.0,0.33928571428571425,0.25675675675675674,0.5
0,57,25,gradient,0.99,0.821962847279303,0,,,0.0,0.0,0.0,0.0,0.0,0.0,0.0,0.0,0.0
0,58,25,gradient,0.5,0.8194034742707309,36,-1.0,1.0,0.972972972972973,1.0,0.9473684210526315,0.972972972972973,1.0,0.9473684210526315,0.972972972972973,1.0,0.9473684210526315
0,58,25,gradient,0.6,0.8194034742707309,36,-1.0,1.0,0.972972972972973,1.0,0.9473684210526315,0.972972972972973,1.0,0.9473684210526315,0.972972972972973,1.0,0.9473684210526315
0,58,25,gradient,0.7,0.8194034742707309,36,-1.0,1.0,0.972972972972973,1.0,0.9473684210526315,0.972972972972973,1.0,0.9473684210526315,0.972972972972973,1.0,0.9473684210526315
0,58,25,gradient,0.75,0.8194034742707309,36,-1.0,1.0,0.972972972972973,1.0,0.9473684210526315,0.972972972972973,1.0,0.9473684210526315,0.972972972972973,1.0,0.9473684210526315
0,58,25,gradient,0.8,0.8194034742707309,36,-1.0,1.0,0.972972972972973,1.0,0.9473684210526315,0.972972972972973,1.0,0.9473684210526315,0.972972972972973,1.0,0.9473684210526315
0,58,25,gradient,0.85,0.8194034742707309,36,6.5,6.5,0.0,0.0,0.0,0.972972972972973,1.0,0.9473684210526315,0.972972972972973,1.0,0.9473684210526315
0,58,25,gradient,0.9,0.8194034742707309,36,14.5,14.5,0.0,0.0,0.0,0.0,0.0,0.0,0.972972972972973,1.0,0.9473684210526315
0,58,25,gradient,0.925,0.8194034742707309,36,18.0,18.0,0.0,0.0,0.0,0.0,0.0,0.0,0.972972972972973,1.0,0.9473684210526315
0,58,25,gradient,0.95,0.8194034742707309,36,22.5,22.5,0.0,0.0,0.0,0.0,0.0,0.0,0.972972972972973,1.0,0.9473684210526315
0,58,25,gradient,0.975,0.8194034742707309,36,27.0,27.0,0.0,0.0,0.0,0.0,0.0,0.0,0.0,0.0,0.0
0,58,25,gradient,0.99,0.8194034742707309,0,,,0.0,0.0,0.0,0.0,0.0,0.0,0.0,0.0,0.0
0,59,25,gradient,0.5,0.8168599901976801,36,-1.0,1.0,0.972972972972973,1.0,0.9473684210526315,0.972972972972973,1.0,0.9473684210526315,0.972972972972973,1.0,0.9473684210526315
0,59,25,gradient,0.6,0.8168599901976801,36,-1.0,1.0,0.972972972972973,1.0,0.9473684210526315,0.972972972972973,1.0,0.9473684210526315,0.972972972972973,1.0,0.9473684210526315
0,59,25,gradient,0.7,0.8168599901976801,36,-1.0,1.0,0.972972972972973,1.0,0.9473684210526315,0.972972972972973,1.0,0.9473684210526315,0.972972972972973,1.0,0.9473684210526315
0,59,25,gradient,0.75,0.8168599901976801,36,-1.0,1.0,0.972972972972973,1.0,0.9473684210526315,0.972972972972973,1.0,0.9473684210526315,0.972972972972973,1.0,0.9473684210526315
0,59,25,gradient,0.8,0.8168599901976801,36,-1.0,1.0,0.972972972972973,1.0,0.9473684210526315,0.972972972972973,1.0,0.9473684210526315,0.972972972972973,1.0,0.9473684210526315
0,59,25,gradient,0.85,0.8168599901976801,36,6.5,6.5,0.0,0.0,0.0,0.972972972972973,1.0,0.9473684210526315,0.972972972972973,1.0,0.9473684210526315
0,59,25,gradient,0.9,0.8168599901976801,36,14.5,14.5,0.0,0.0,0.0,0.0,0.0,0.0,0.972972972972973,1.0,0.9473684210526315
0,59,25,gradient,0.925,0.8168599901976801,36,18.5,18.5,0.0,0.0,0.0,0.0,0.0,0.0,0.972972972972973,1.0,0.9473684210526315
0,59,25,gradient,0.95,0.8168599901976801,36,22.5,22.5,0.0,0.0,0.0,0.0,0.0,0.0,0.972972972972973,1.0,0.9473684210526315
0,59,25,gradient,0.975,0.8168599901976801,57,27.0,27.0,0.0,0.0,0.0,0.0,0.0,0.0,0.0,0.0,0.0
0,59,25,gradient,0.99,0.8168599901976801,0,,,0.0,0.0,0.0,0.0,0.0,0.0,0.0,0.0,0.0
0,60,25,gradient,0.5,0.8143322475570033,36,-1.0,1.0,0.972972972972973,1.0,0.9473684210526315,0.972972972972973,1.0,0.9473684210526315,0.972972972972973,1.0,0.9473684210526315
0,60,25,gradient,0.6,0.8143322475570033,36,-1.0,1.0,0.972972972972973,1.0,0.9473684210526315,0.972972972972973,1.0,0.9473684210526315,0.972972972972973,1.0,0.9473684210526315
0,60,25,gradient,0.7,0.8143322475570033,36,-1.0,1.0,0.972972972972973,1.0,0.9473684210526315,0.972972972972973,1.0,0.9473684210526315,0.972972972972973,1.0,0.9473684210526315
0,60,25,gradient,0.75,0.8143322475570033,36,-1.0,1.0,0.972972972972973,1.0,0.9473684210526315,0.972972972972973,1.0,0.9473684210526315,0.972972972972973,1.0,0.9473684210526315
0,60,25,gradient,0.8,0.8143322475570033,36,-1.0,1.0,0.972972972972973,1.0,0.9473684210526315,0.972972972972973,1.0,0.9473684210526315,0.972972972972973,1.0,0.9473684210526315
0,60,25,gradient,0.85,0.8143322475570033,36,7.5,7.5,0.0,0.0,0.0,0.972972972972973,1.0,0.9473684210526315,0.972972972972973,1.0,0.9473684210526315
0,60,25,gradient,0.9,0.8143322475570033,36,15.5,15.5,0.0,0.0,0.0,0.0,0.0,0.0,0.972972972972973,1.0,0.9473684210526315
0,60,25,gradient,0.925,0.8143322475570033,36,19.5,19.5,0.0,0.0,0.0,0.0,0.0,0.0,0.972972972972973,1.0,0.9473684210526315
0,60,25,gradient,0.95,0.8143322475570033,36,23.5,23.5,0.0,0.0,0.0,0.0,0.0,0.0,0.972972972972973,1.0,0.9473684210526315
0,60,25,gradient,0.975,0.8143322475570033,0,,,0.0,0.0,0.0,0.0,0.0,0.0,0.0,0.0,0.0
0,60,25,gradient,0.99,0.8143322475570033,0,,,0.0,0.0,0.0,0.0,0.0,0.0,0.0,0.0,0.0
0,61,25,gradient,0.5,0.8118201006656924,36,-1.0,1.0,0.972972972972973,1.0,0.9473684210526315,0.972972972972973,1.0,0.9473684210526315,0.972972972972973,1.0,0.9473684210526315
0,61,25,gradient,0.6,0.8118201006656924,36,-1.0,1.0,0.972972972972973,1.0,0.9473684210526315,0.972972972972973,1.0,0.9473684210526315,0.972972972972973,1.0,0.9473684210526315
0,61,25,gradient,0.7,0.8118201006656924,36,-1.0,1.0,0.972972972972973,1.0,0.9473684210526315,0.972972972972973,1.0,0.9473684210526315,0.972972972972973,1.0,0.9473684210526315
0,61,25,gradient,0.75,0.8118201006656924,36,-1.0,1.0,0.972972972972973,1.0,0.9473684210526315,0.972972972972973,1.0,0.9473684210526315,0.972972972972973,1.0,0.9473684210526315
0,61,25,gradient,0.8,0.8118201006656924,36,-0.5,0.5,0.972972972972973,1.0,0.9473684210526315,0.972972972972973,1.0,0.9473684210526315,0.972972972972973,1.0,0.9473684210526315
0,61,25,gradient,0.85,0.8118201006656924,36,7.5,7.5,0.0,0.0,0.0,0.972972972972973,1.0,0.9473684210526315,0.972972972972973,1.0,0.9473684210526315
0,61,25,gradient,0.9,0.8118201006656924,36,15.5,15.5,0.0,0.0,0.0,0.0,0.0,0.0,0.972972972972973,1.0,0.9473684210526315
0,61,25,gradient,0.925,0.8118201006656924,36,19.5,19.5,0.0,0.0,0.0,0.0,0.0,0.0,0.972972972972973,1.0,0.9473684210526315
0,61,25,gradient,0.95,0.8118201006656924,36,23.5,23.5,0.0,0.0,0.0,0.0,0.0,0.0,0.972972972972973,1.0,0.9473684210526315
0,61,25,gradient,0.975,0.8118201006656924,74,25.5,25.5,0.0,0.0,0.0,0.0,0.0,0.0,0.6607142857142857,0.5,0.9736842105263158
0,61,25,gradient,0.99,0.8118201006656924,0,,,0.0,0.0,0.0,0.0,0.0,0.0,0.0,0.0,0.0
0,62,25,gradient,0.5,0.8093234056328908,36,-1.0,1.0,0.972972972972973,1.0,0.9473684210526315,0.972972972972973,1.0,0.9473684210526315,0.972972972972973,1.0,0.9473684210526315
0,62,25,gradient,0.6,0.8093234056328908,36,-1.0,1.0,0.972972972972973,1.0,0.9473684210526315,0.972972972972973,1.0,0.9473684210526315,0.972972972972973,1.0,0.9473684210526315
0,62,25,gradient,0.7,0.8093234056328908,36,-1.0,1.0,0.972972972972973,1.0,0.9473684210526315,0.972972972972973,1.0,0.9473684210526315,0.972972972972973,1.0,0.9473684210526315
0,62,25,gradient,0.75,0.8093234056328908,36,-1.0,1.0,0.972972972972973,1.0,0.9473684210526315,0.972972972972973,1.0,0.9473684210526315,0.972972972972973,1.0,0.9473684210526315
0,62,25,gradient,0.8,0.8093234056328908,36,-0.5,0.5,0.972972972972973,1.0,0.9473684210526315,0.972972972972973,1.0,0.9473684210526315,0.972972972972973,1.0,0.9473684210526315
0,62,25,gradient,0.85,0.8093234056328908,36,8.5,8.5,0.0,0.0,0.0,0.972972972972973,1.0,0.9473684210526315,0.972972972972973,1.0,0.9473684210526315
0,62,25,gradient,0.9,0.8093234056328908,36,16.0,16.0,0.0,0.0,0.0,0.0,0.0,0.0,0.972972972972973,1.0,0.9473684210526315
0,62,25,gradient,0.925,0.8093234056328908,36,20.5,20.5,0.0,0.0,0.0,0.0,0.0,0.0,0.972972972972973,1.0,0.9473684210526315
0,62,25,gradient,0.95,0.8093234056328908,36,25.0,25.0,0.0,0.0,0.0,0.0,0.0,0.0,0.4864864864864865,0.5,0.47368421052631576
0,62,25,gradient,0.975,0.8093234056328908,37,28.0,28.0,0.0,0.0,0.0,0.0,0.0,0.0,0.0,0.0,0.0
0,62,25,gradient,0.99,0.8093234056328908,0,,,0.0,0.0,0.0,0.0,0.0,0.0,0.0,0.0,0.0
0,63,25,gradient,0.5,0.8068420203324189,36,-1.0,1.0,0.972972972972973,1.0,0.9473684210526315,0.972972972972973,1.0,0.9473684210526315,0.972972972972973,1.0,0.9473684210526315
0,63,25,gradient,0.6,0.8068420203324189,36,-1.0,1.0,0.972972972972973,1.0,0.9473684210526315,0.972972972972973,1.0,0.9473684210526315,0.972972972972973,1.0,0.9473684210526315
0,63,25,gradient,0.7,0.8068420203324189,36,-1.0,1.0,0.972972972972973,1.0,0.9473684210526315,0.972972972972973,1.0,0.9473684210526315,0.972972972972973,1.0,0.9473684210526315
0,63,25,gradient,0.75,0.8068420203324189,36,-1.0,1.0,0.972972972972973,1.0,0.9473684210526315,0.972972972972973,1.0,0.9473684210526315,0.972972972972973,1.0,0.9473684210526315
0,63,25,gradient,0.8,0.8068420203324189,36,0.5,0.5,0.972972972972973,1.0,0.9473684210526315,0.972972972972973,1.0,0.9473684210526315,0.972972972972973,1.0,0.9473684210526315
0,63,25,gradient,0.85,0.8068420203324189,36,8.5,8.5,0.0,0.0,0.0,0.972972972972973,1.0,0.9473684210526315,0.972972972972973,1.0,0.9473684210526315
0,63,25,gradient,0.9,0.8068420203324189,36,16.5,16.5,0.0,0.0,0.0,0.0,0.0,0.0,0.972972972972973,1.0,0.9473684210526315
0,63,25,gradient,0.925,0.8068420203324189,36,20.5,20.5,0.0,0.0,0.0,0.0,0.0,0.0,0.972972972972973,1.0,0.9473684210526315
0,63,25,gradient,0.95,0.8068420203324189,36,24.5,24.5,0.0,0.0,0.0,0.0,0.0,0.0,0.4864864864864865,0.5,0.47368421052631576
0,63,25,gradient,0.975,0.8068420203324189,0,,,0.0,0.0,0.0,0.0,0.0,0.0,0.0,0.0,0.0
0,63,25,gradient,0.99,0.8068420203324189,0,,,0.0,0.0,0.0,0.0,0.0,0.0,0.0,0.0,0.0
0,64,25,gradient,0.5,0.8043758043758044,36,-1.0,1.0,0.972972972972973,1.0,0.9473684210526315,0.972972972972973,1.0,0.9473684210526315,0.972972972972973,1.0,0.9473684210526315
0,64,25,gradient,0.6,0.8043758043758044,36,-1.0,1.0,0.972972972972973,1.0,0.9473684210526315,0.972972972972973,1.0,0.9473684210526315,0.972972972972973,1.0,0.9473684210526315
0,64,25,gradient,0.7,0.8043758043758044,36,-1.0,1.0,0.972972972972973,1.0,0.9473684210526315,0.972972972972973,1.0,0.9473684210526315,0.972972972972973,1.0,0.9473684210526315
0,64,25,gradient,0.75,0.8043758043758044,36,-1.0,1.0,0.972972972972973,1.0,0.9473684210526315,0.972972972972973,1.0,0.9473684210526315,0.972972972972973,1.0,0.9473684210526315
0,64,25,gradient,0.8,0.8043758043758044,36,0.5,0.5,0.972972972972973,1.0,0.9473684210526315,0.972972972972973,1.0,0.9473684210526315,0.972972972972973,1.0,0.9473684210526315
0,64,25,gradient,0.85,0.8043758043758044,36,8.5,8.5,0.0,0.0,0.0,0.972972972972973,1.0,0.9473684210526315,0.972972972972973,1.0,0.9473684210526315
0,64,25,gradient,0.9,0.8043758043758044,36,17.0,17.0,0.0,0.0,0.0,0.0,0.0,0.0,0.972972972972973,1.0,0.9473684210526315
0,64,25,gradient,0.925,0.8043758043758044,36,21.0,21.0,0.0,0.0,0.0,0.0,0.0,0.0,0.972972972972973,1.0,0.9473684210526315
0,64,25,gradient,0.95,0.8043758043758044,112,26.0,26.0,0.0,0.0,0.0,0.0,0.0,0.0,0.37333333333333335,0.25,0.7368421052631579
0,64,25,gradient,0.975,0.8043758043758044,37,25.0,25.0,0.0,0.0,0.0,0.0,0.0,0.0,0.5066666666666666,0.5135135135135135,0.5
0,64,25,gradient,0.99,0.8043758043758044,0,,,0.0,0.0,0.0,0.0,0.0,0.0,0.0,0.0,0.0
0,65,25,gradient,0.5,0.8019246190858059,36,-1.0,1.0,0.972972972972973,1.0,0.9473684210526315,0.972972972972973,1.0,0.9473684210526315,0.972972972972973,1.0,0.9473684210526315
0,65,25,gradient,0.6,0.8019246190858059,36,-1.0,1.0,0.972972972972973,1.0,0.9473684210526315,0.972972972972973,1.0,0.9473684210526315,0.972972972972973,1.0,0.9473684210526315
0,65,25,gradient,0.7,0.8019246190858059,36,-1.0,1.0,0.972972972972973,1.0,0.9473684210526315,0.972972972972973,1.0,0.9473684210526315,0.972972972972973,1.0,0.9473684210526315
0,65,25,gradient,0.75,0.8019246190858059,36,-1.0,1.0,0.972972972972973,1.0,0.9473684210526315,0.972972972972973,1.0,0.9473684210526315,0.972972972972973,1.0,0.9473684210526315
0,65,25,gradient,0.8,0.8019246190858059,36,1.5,1.5,0.972972972972973,1.0,0.9473684210526315,0.972972972972973,1.0,0.9473684210526315,0.972972972972973,1.0,0.9473684210526315
0,65,25,gradient,0.85,0.8019246190858059,36,9.5,9.5,0.0,0.0,0.0,0.972972972972973,1.0,0.9473684210526315,0.972972972972973,1.0,0.9473684210526315
0,65,25,gradient,0.9,0.8019246190858059,36,17.5,17.5,0.0,0.0,0.0,0.0,0.0,0.0,0.972972972972973,1.0,0.9473684210526315
0,65,25,gradient,0.925,0.8019246190858059,36,21.5,21.5,0.0,0.0,0.0,0.0,0.0,0.0,0.972972972972973,1.0,0.9473684210526315
0,65,25,gradient,0.95,0.8019246190858059,36,26.5,26.5,0.0,0.0,0.0,0.0,0.0,0.0,0.24324324324324326,0.25,0.23684210526315788
0,65,25,gradient,0.975,0.8019246190858059,36,31.5,31.5,0.0,0.0,0.0,0.0,0.0,0.0,0.0,0.0,0.0
0,65,25,gradient,0.99,0.8019246190858059,18,32.0,32.0,0.0,0.0,0.0,0.0,0.0,0.0,0.0,0.0,0.0
0,66,25,gradient,0.5,0.799488327470419,36,-1.0,1.0,0.972972972972973,1.0,0.9473684210526315,0.972972972972973,1.0,0.9473684210526315,0.972972972972973,1.0,0.9473684210526315
0,66,25,gradient,0.6,0.799488327470419,36,-1.0,1.0,0.972972972972973,1.0,0.9473684210526315,0.972972972972973,1.0,0.9473684210526315,0.972972972972973,1.0,0.9473684210526315
0,66,25,gradient,0.7,0.799488327470419,36,-1.0,1.0,0.972972972972973,1.0,0.9473684210526315,0.972972972972973,1.0,0.9473684210526315,0.972972972972973,1.0,0.9473684210526315
0,66,25,gradient,0.75,0.799488327470419,36,-1.0,1.0,0.972972972972973,1.0,0.9473684210526315,0.972972972972973,1.0,0.9473684210526315,0.972972972972973,1.0,0.9473684210526315
0,66,25,gradient,0.8,0.799488327470419,36,1.5,1.5,0.972972972972973,1.0,0.9473684210526315,0.972972972972973,1.0,0.9473684210526315,0.972972972972973,1.0,0.9473684210526315
0,66,25,gradient,0.85,0.799488327470419,36,9.5,9.5,0.0,0.0,0.0,0.972972972972973,1.0,0.9473684210526315,0.972972972972973,1.0,0.9473684210526315
0,66,25,gradient,0.9,0.799488327470419,36,18.0,18.0,0.0,0.0,0.0,0.0,0.0,0.0,0.972972972972973,1.0,0.9473684210526315
0,66,25,gradient,0.925,0.799488327470419,36,22.5,22.5,0.0,0.0,0.0,0.0,0.0,0.0,0.972972972972973,1.0,0.9473684210526315
0,66,25,gradient,0.95,0.799488327470419,150,28.0,28.0,0.0,0.0,0.0,0.0,0.0,0.0,0.39361702127659576,0.24666666666666667,0.9736842105263158
0,66,25,gradient,0.975,0.799488327470419,0,,,0.0,0.0,0.0,0.0,0.0,0.0,0.0,0.0,0.0
0,66,25,gradient,0.99,0.799488327470419,0,,,0.0,0.0,0.0,0.0,0.0,0.0,0.0,0.0,0.0
0,67,25,gradient,0.5,0.7970667941973537,36,-1.0,1.0,0.972972972972973,1.0,0.9473684210526315,0.972972972972973,1.0,0.9473684210526315,0.972972972972973,1.0,0.9473684210526315
0,67,25,gradient,0.6,0.7970667941973537,36,-1.0,1.0,0.972972972972973,1.0,0.9473684210526315,0.972972972972973,1.0,0.9473684210526315,0.972972972972973,1.0,0.9473684210526315
0,67,25,gradient,0.7,0.7970667941973537,36,-1.0,1.0,0.972972972972973,1.0,0.9473684210526315,0.972972972972973,1.0,0.9473684210526315,0.972972972972973,1.0,0.9473684210526315
0,67,25,gradient,0.75,0.7970667941973537,36,-1.0,1.0,0.972972972972973,1.0,0.9473684210526315,0.972972972972973,1.0,0.9473684210526315,0.972972972972973,1.0,0.9473684210526315
0,67,25,gradient,0.8,0.7970667941973537,36,1.5,1.5,0.972972972972973,1.0,0.9473684210526315,0.972972972972973,1.0,0.9473684210526315,0.972972972972973,1.0,0.9473684210526315
0,67,25,gradient,0.85,0.7970667941973537,36,10.0,10.0,0.0,0.0,0.0,0.7297297297297298,0.75,0.7105263157894737,0.972972972972973,1.0,0.9473684210526315
0,67,25,gradient,0.9,0.7970667941973537,36,18.5,18.5,0.0,0.0,0.0,0.0,0.0,0.0,0.972972972972973,1.0,0.9473684210526315
0,67,25,gradient,0.925,0.7970667941973537,36,22.5,22.5,0.0,0.0,0.0,0.0,0.0,0.0,0.972972972972973,1.0,0.9473684210526315
0,67,25,gradient,0.95,0.7970667941973537,74,26.0,26.0,0.0,0.0,0.0,0.0,0.0,0.0,0.33928571428571425,0.25675675675675674,0.5
0,67,25,gradient,0.975,0.7970667941973537,74,28.0,28.0,0.0,0.0,0.0,0.0,0.0,0.0,0.0,0.0,0.0
0,67,25,gradient,0.99,0.7970667941973537,0,,,0.0,0.0,0.0,0.0,0.0,0.0,0.0,0.0,0.0
0,68,25,gradient,0.5,0.7946598855689765,36,-1.0,1.0,0.972972972972973,1.0,0.9473684210526315,0.972972972972973,1.0,0.9473684210526315,0.972972972972973,1.0,0.9473684210526315
0,68,25,gradient,0.6,0.7946598855689765,36,-1.0,1.0,0.972972972972973,1.0,0.9473684210526315,0.972972972972973,1.0,0.9473684210526315,0.972972972972973,1.0,0.9473684210526315
0,68,25,gradient,0.7,0.7946598855689765,36,-1.0,1.0,0.972972972972973,1.0,0.9473684210526315,0.972972972972973,1.0,0.9473684210526315,0.972972972972973,1.0,0.9473684210526315
0,68,25,gradient,0.75,0.7946598855689765,36,-1.0,1.0,0.972972972972973,1.0,0.9473684210526315,0.972972972972973,1.0,0.9473684210526315,0.972972972972973,1.0,0.9473684210526315
0,68,25,gradient,0.8,0.7946598855689765,36,2.0,2.0,0.972972972972973,1.0,0.9473684210526315,0.972972972972973,1.0,0.9473684210526315,0.972972972972973,1.0,0.9473684210526315
0,68,25,gradient,0.85,0.7946598855689765,36,10.5,10.5,0.0,0.0,0.0,0.4864864864864865,0.5,0.47368421052631576,0.972972972972973,1.0,0.9473684210526315
0,68,25,gradient,0.9,0.7946598855689765,36,18.5,18.5,0.0,0.0,0.0,0.0,0.0,0.0,0.972972972972973,1.0,0.9473684210526315
0,68,25,gradient,0.925,0.7946598855689765,36,23.0,23.0,0.0,0.0,0.0,0.0,0.0,0.0,0.972972972972973,1.0,0.9473684210526315
0,68,25,gradient,0.95,0.7946598855689765,0,,,0.0,0.0,0.0,0.0,0.0,0.0,0.0,0.0,0.0
0,68,25,gradient,0.975,0.7946598855689765,0,,,0.0,0.0,0.0,0.0,0.0,0.0,0.0,0.0,0.0
0,68,25,gradient,0.99,0.7946598855689765,0,,,0.0,0.0,0.0,0.0,0.0,0.0,0.0,0.0,0.0
0,69,25,gradient,0.5,0.7922674694977024,36,-1.0,1.0,0.972972972972973,1.0,0.9473684210526315,0.972972972972973,1.0,0.9473684210526315,0.972972972972973,1.0,0.9473684210526315
0,69,25,gradient,0.6,0.7922674694977024,36,-1.0,1.0,0.972972972972973,1.0,0.9473684210526315,0.972972972972973,1.0,0.9473684210526315,0.972972972972973,1.0,0.9473684210526315
0,69,25,gradient,0.7,0.7922674694977024,36,-1.0,1.0,0.972972972972973,1.0,0.9473684210526315,0.972972972972973,1.0,0.9473684210526315,0.972972972972973,1.0,0.9473684210526315
0,69,25,gradient,0.75,0.7922674694977024,36,-1.0,1.0,0.972972972972973,1.0,0.9473684210526315,0.972972972972973,1.0,0.9473684210526315,0.972972972972973,1.0,0.9473684210526315
0,69,25,gradient,0.8,0.7922674694977024,36,2.5,2.5,0.972972972972973,1.0,0.9473684210526315,0.972972972972973,1.0,0.9473684210526315,0.972972972972973,1.0,0.9473684210526315
0,69,25,gradient,0.85,0.7922674694977024,36,11.5,11.5,0.0,0.0,0.0,0.0,0.0,0.0,0.972972972972973,1.0,0.9473684210526315
0,69,25,gradient,0.9,0.7922674694977024,36,19.5,19.5,0.0,0.0,0.0,0.0,0.0,0.0,0.972972972972973,1.0,0.9473684210526315
0,69,25,gradient,0.925,0.7922674694977024,36,23.5,23.5,0.0,0.0,0.0,0.0,0.0,0.0,0.972972972972973,1.0,0.9473684210526315
0,69,25,gradient,0.95,0.7922674694977024,150,29.0,29.0,0.0,0.0,0.0,0.0,0.0,0.0,0.39361702127659576,0.24666666666666667,0.9736842105263158
0,69,25,gradient,0.975,0.7922674694977024,0,,,0.0,0.0,0.0,0.0,0.0,0.0,0.0,0.0,0.0
0,69,25,gradient,0.99,0.7922674694977024,0,,,0.0,0.0,0.0,0.0,0.0,0.0,0.0,0.0,0.0
0,70,25,gradient,0.5,0.7898894154818326,36,-1.0,1.0,0.972972972972973,1.0,0.9473684210526315,0.972972972972973,1.0,0.9473684210526315,0.972972972972973,1.0,0.9473684210526315
0,70,25,gradient,0.6,0.7898894154818326,36,-1.0,1.0,0.972972972972973,1.0,0.9473684210526315,0.972972972972973,1.0,0.9473684210526315,0.972972972972973,1.0,0.9473684210526315
0,70,25,gradient,0.7,0.7898894154818326,36,-1.0,1.0,0.972972972972973,1.0,0.9473684210526315,0.972972972972973,1.0,0.9473684210526315,0.972972972972973,1.0,0.9473684210526315
0,70,25,gradient,0.75,0.7898894154818326,36,-1.0,1.0,0.972972972972973,1.0,0.9473684210526315,0.972972972972973,1.0,0.9473684210526315,0.972972972972973,1.0,0.9473684210526315
0,70,25,gradient,0.8,0.7898894154818326,36,2.5,2.5,0.972972972972973,1.0,0.9473684210526315,0.972972972972973,1.0,0.9473684210526315,0.972972972972973,1.0,0.9473684210526315
0,70,25,gradient,0.85,0.7898894154818326,36,11.0,11.0,0.0,0.0,0.0,0.4864864864864865,0.5,0.47368421052631576,0.972972972972973,1.0,0.9473684210526315
0,70,25,gradient,0.9,0.7898894154818326,36,19.5,19.5,0.0,0.0,0.0,0.0,0.0,0.0,0.972972972972973,1.0,0.9473684210526315
0,70,25,gradient,0.925,0.7898894154818326,36,23.5,23.5,0.0,0.0,0.0,0.0,0.0,0.0,0.972972972972973,1.0,0.9473684210526315
0,70,25,gradient,0.95,0.7898894154818326,74,26.0,26.0,0.0,0.0,0.0,0.0,0.0,0.0,0.33928571428571425,0.25675675675675674,0.5
0,70,25,gradient,0.975,0.7898894154818326,47,25.0,25.0,0.0,0.0,0.0,0.0,0.0,0.0,0.44705882352941173,0.40425531914893614,0.5
0,70,25,gradient,0.99,0.7898894154818326,36,24.5,24.5,0.0,0.0,0.0,0.0,0.0,0.0,0.4864864864864865,0.5,0.47368421052631576
0,71,25,gradient,0.5,0.7875255945818239,36,-1.0,1.0,0.972972972972973,1.0,0.9473684210526315,0.972972972972973,1.0,0.9473684210526315,0.972972972972973,1.0,0.9473684210526315
0,71,25,gradient,0.6,0.7875255945818239,36,-1.0,1.0,0.972972972972973,1.0,0.9473684210526315,0.972972972972973,1.0,0.9473684210526315,0.972972972972973,1.0,0.9473684210526315
0,71,25,gradient,0.7,0.7875255945818239,36,-1.0,1.0,0.972972972972973,1.0,0.9473684210526315,0.972972972972973,1.0,0.9473684210526315,0.972972972972973,1.0,0.9473684210526315
0,71,25,gradient,0.75,0.7875255945818239,36,-1.0,1.0,0.972972972972973,1.0,0.9473684210526315,0.972972972972973,1.0,0.9473684210526315,0.972972972972973,1.0,0.9473684210526315
0,71,25,gradient,0.8,0.7875255945818239,36,3.5,3.5,0.972972972972973,1.0,0.9473684210526315,0.972972972972973,1.0,0.9473684210526315,0.972972972972973,1.0,0.9473684210526315
0,71,25,gradient,0.85,0.7875255945818239,36,11.5,11.5,0.0,0.0,0.0,0.0,0.0,0.0,0.972972972972973,1.0,0.9473684210526315
0,71,25,gradient,0.9,0.7875255945818239,36,20.5,20.5,0.0,0.0,0.0,0.0,0.0,0.0,0.972972972972973,1.0,0.9473684210526315
0,71,25,gradient,0.925,0.7875255945818239,36,27.0,27.0,0.0,0.0,0.0,0.0,0.0,0.0,0.4864864864864865,0.5,0.47368421052631576
0,71,25,gradient,0.95,0.7875255945818239,0,,,0.0,0.0,0.0,0.0,0.0,0.0,0.0,0.0,0.0
0,71,25,gradient,0.975,0.7875255945818239,0,,,0.0,0.0,0.0,0.0,0.0,0.0,0.0,0.0,0.0
0,71,25,gradient,0.99,0.7875255945818239,0,,,0.0,0.0,0.0,0.0,0.0,0.0,0.0,0.0,0.0
0,72,25,gradient,0.5,0.785175879396985,36,-1.0,1.0,0.972972972972973,1.0,0.9473684210526315,0.972972972972973,1.0,0.9473684210526315,0.972972972972973,1.0,0.9473684210526315
0,72,25,gradient,0.6,0.785175879396985,36,-1.0,1.0,0.972972972972973,1.0,0.9473684210526315,0.972972972972973,1.0,0.9473684210526315,0.972972972972973,1.0,0.9473684210526315
0,72,25,gradient,0.7,0.785175879396985,36,-1.0,1.0,0.972972972972973,1.0,0.9473684210526315,0.972972972972973,1.0,0.9473684210526315,0.972972972972973,1.0,0.9473684210526315
0,72,25,gradient,0.75,0.785175879396985,36,-1.0,1.0,0.972972972972973,1.0,0.9473684210526315,0.972972972972973,1.0,0.9473684210526315,0.972972972972973,1.0,0.9473684210526315
0,72,25,gradient,0.8,0.785175879396985,36,3.5,3.5,0.972972972972973,1.0,0.9473684210526315,0.972972972972973,1.0,0.9473684210526315,0.972972972972973,1.0,0.9473684210526315
0,72,25,gradient,0.85,0.785175879396985,36,12.0,12.0,0.0,0.0,0.0,0.0,0.0,0.0,0.972972972972973,1.0,0.9473684210526315
0,72,25,gradient,0.9,0.785175879396985,36,20.5,20.5,0.0,0.0,0.0,0.0,0.0,0.0,0.972972972972973,1.0,0.9473684210526315
0,72,25,gradient,0.925,0.785175879396985,36,25.5,25.5,0.0,0.0,0.0,0.0,0.0,0.0,0.4864864864864865,0.5,0.47368421052631576
0,72,25,gradient,0.95,0.785175879396985,124,30.0,30.0,0.0,0.0,0.0,0.0,0.0,0.0,0.0,0.0,0.0
0,72,25,gradient,0.975,0.785175879396985,0,,,0.0,0.0,0.0,0.0,0.0,0.0,0.0,0.0,0.0
0,72,25,gradient,0.99,0.785175879396985,0,,,0.0,0.0,0.0,0.0,0.0,0.0,0.0,0.0,0.0
0,73,25,gradient,0.5,0.7828401440425865,36,-1.0,1.0,0.972972972972973,1.0,0.9473684210526315,0.972972972972973,1.0,0.9473684210526315,0.972972972972973,1.0,0.9473684210526315
0,73,25,gradient,0.6,0.7828401440425865,36,-1.0,1.0,0.972972972972973,1.0,0.9473684210526315,0.972972972972973,1.0,0.9473684210526315,0.972972972972973,1.0,0.9473684210526315
0,73,25,gradient,0.7,0.7828401440425865,36,-1.0,1.0,0.972972972972973,1.0,0.9473684210526315,0.972972972972973,1.0,0.9473684210526315,0.972972972972973,1.0,0.9473684210526315
0,73,25,gradient,0.75,0.7828401440425865,36,-1.0,1.0,0.972972972972973,1.0,0.9473684210526315,0.972972972972973,1.0,0.9473684210526315,0.972972972972973,1.0,0.9473684210526315
0,73,25,gradient,0.8,0.7828401440425865,36,4.5,4.5,0.972972972972973,1.0,0.9473684210526315,0.972972972972973,1.0,0.9473684210526315,0.972972972972973,1.0,0.9473684210526315
0,73,25,gradient,0.85,0.7828401440425865,36,12.5,12.5,0.0,0.0,0.0,0.0,0.0,0.0,0.972972972972973,1.0,0.9473684210526315
0,73,25,gradient,0.9,0.7828401440425865,36,21.0,21.0,0.0,0.0,0.0,0.0,0.0,0.0,0.972972972972973,1.0,0.9473684210526315
0,73,25,gradient,0.925,0.7828401440425865,74,28.0,28.0,0.0,0.0,0.0,0.0,0.0,0.0,0.33928571428571425,0.25675675675675674,0.5
0,73,25,gradient,0.95,0.7828401440425865,74,28.0,28.0,0.0,0.0,0.0,0.0,0.0,0.0,0.0,0.0,0.0
0,73,25,gradient,0.975,0.7828401440425865,74,28.0,28.0,0.0,0.0,0.0,0.0,0.0,0.0,0.0,0.0,0.0
0,73,25,gradient,0.99,0.7828401440425865,0,,,0.0,0.0,0.0,0.0,0.0,0.0,0.0,0.0,0.0
0,74,25,gradient,0.5,0.7805182641273806,36,-1.0,1.0,0.972972972972973,1.0,0.9473684210526315,0.972972972972973,1.0,0.9473684210526315,0.972972972972973,1.0,0.9473684210526315
0,74,25,gradient,0.6,0.7805182641273806,36,-1.0,1.0,0.972972972972973,1.0,0.9473684210526315,0.972972972972973,1.0,0.9473684210526315,0.972972972972973,1.0,0.9473684210526315
0,74,25,gradient,0.7,0.7805182641273806,36,-1.0,1.0,0.972972972972973,1.0,0.9473684210526315,0.972972972972973,1.0,0.9473684210526315,0.972972972972973,1.0,0.9473684210526315
0,74,25,gradient,0.75,0.7805182641273806,36,-1.0,1.0,0.972972972972973,1.0,0.9473684210526315,0.972972972972973,1.0,0.9473684210526315,0.972972972972973,1.0,0.9473684210526315
0,74,25,gradient,0.8,0.7805182641273806,36,4.5,4.5,0.972972972972973,1.0,0.9473684210526315,0.972972972972973,1.0,0.9473684210526315,0.972972972972973,1.0,0.9473684210526315
0,74,25,gradient,0.85,0.7805182641273806,36,13.0,13.0,0.0,0.0,0.0,0.0,0.0,0.0,0.972972972972973,1.0,0.9473684210526315
0,74,25,gradient,0.9,0.7805182641273806,36,21.5,21.5,0.0,0.0,0.0,0.0,0.0,0.0,0.972972972972973,1.0,0.9473684210526315
0,74,25,gradient,0.925,0.7805182641273806,0,,,0.0,0.0,0.0,0.0,0.0,0.0,0.0,0.0,0.0
0,74,25,gradient,0.95,0.7805182641273806,0,,,0.0,0.0,0.0,0.0,0.0,0.0,0.0,0.0,0.0
0,74,25,gradient,0.975,0.7805182641273806,0,,,0.0,0.0,0.0,0.0,0.0,0.0,0.0,0.0,0.0
0,74,25,gradient,0.99,0.7805182641273806,0,,,0.0,0.0,0.0,0.0,0.0,0.0,0.0,0.0,0.0
0,75,25,gradient,0.5,0.7782101167315175,36,-1.0,1.0,0.972972972972973,1.0,0.9473684210526315,0.972972972972973,1.0,0.9473684210526315,0.972972972972973,1.0,0.9473684210526315
0,75,25,gradient,0.6,0.7782101167315175,36,-1.0,1.0,0.972972972972973,1.0,0.9473684210526315,0.972972972972973,1.0,0.9473684210526315,0.972972972972973,1.0,0.9473684210526315
0,75,25,gradient,0.7,0.7782101167315175,36,-1.0,1.0,0.972972972972973,1.0,0.9473684210526315,0.972972972972973,1.0,0.9473684210526315,0.972972972972973,1.0,0.9473684210526315
0,75,25,gradient,0.75,0.7782101167315175,36,-1.0,1.0,0.972972972972973,1.0,0.9473684210526315,0.972972972972973,1.0,0.9473684210526315,0.972972972972973,1.0,0.9473684210526315
0,75,25,gradient,0.8,0.7782101167315175,36,5.0,5.0,0.7297297297297298,0.75,0.7105263157894737,0.972972972972973,1.0,0.9473684210526315,0.972972972972973,1.0,0.9473684210526315
0,75,25,gradient,0.85,0.7782101167315175,36,13.5,13.5,0.0,0.0,0.0,0.0,0.0,0.0,0.972972972972973,1.0,0.9473684210526315
0,75,25,gradient,0.9,0.7782101167315175,36,22.0,22.0,0.0,0.0,0.0,0.0,0.0,0.0,0.972972972972973,1.0,0.9473684210526315
0,75,25,gradient,0.925,0.7782101167315175,74,27.0,27.0,0.0,0.0,0.0,0.0,0.0,0.0,0.33928571428571425,0.25675675675675674,0.5
0,75,25,gradient,0.95,0.7782101167315175,74,27.0,27.0,0.0,0.0,0.0,0.0,0.0,0.0,0.33928571428571425,0.25675675675675674,0.5
0,75,25,gradient,0.975,0.7782101167315175,0,,,0.0,0.0,0.0,0.0,0.0,0.0,0.0,0.0,0.0
0,75,25,gradient,0.99,0.7782101167315175,0,,,0.0,0.0,0.0,0.0,0.0,0.0,0.0,0.0,0.0
0,76,25,gradient,0.5,0.7759155803848541,36,-1.0,1.0,0.972972972972973,1.0,0.9473684210526315,0.972972972972973,1.0,0.9473684210526315,0.972972972972973,1.0,0.9473684210526315
0,76,25,gradient,0.6,0.7759155803848541,36,-1.0,1.0,0.972972972972973,1.0,0.9473684210526315,0.972972972972973,1.0,0.9473684210526315,0.972972972972973,1.0,0.9473684210526315
0,76,25,gradient,0.7,0.7759155803848541,36,-1.0,1.0,0.972972972972973,1.0,0.9473684210526315,0.972972972972973,1.0,0.9473684210526315,0.972972972972973,1.0,0.9473684210526315
0,76,25,gradient,0.75,0.7759155803848541,36,-1.0,1.0,0.972972972972973,1.0,0.9473684210526315,0.972972972972973,1.0,0.9473684210526315,0.972972972972973,1.0,0.9473684210526315
0,76,25,gradient,0.8,0.7759155803848541,36,5.5,5.5,0.4864864864864865,0.5,0.47368421052631576,0.972972972972973,1.0,0.9473684210526315,0.972972972972973,1.0,0.9473684210526315
0,76,25,gradient,0.85,0.7759155803848541,36,14.5,14.5,0.0,0.0,0.0,0.0,0.0,0.0,0.972972972972973,1.0,0.9473684210526315
0,76,25,gradient,0.9,0.7759155803848541,36,22.5,22.5,0.0,0.0,0.0,0.0,0.0,0.0,0.972972972972973,1.0,0.9473684210526315
0,76,25,gradient,0.925,0.7759155803848541,114,31.0,31.0,0.0,0.0,0.0,0.0,0.0,0.0,0.11842105263157894,0.07894736842105263,0.23684210526315788
0,76,25,gradient,0.95,0.7759155803848541,75,37.0,37.0,0.0,0.0,0.0,0.0,0.0,0.0,0.1592920353982301,0.12,0.23684210526315788
0,76,25,gradient,0.975,0.7759155803848541,0,,,0.0,0.0,0.0,0.0,0.0,0.0,0.0,0.0,0.0
0,76,25,gradient,0.99,0.7759155803848541,0,,,0.0,0.0,0.0,0.0,0.0,0.0,0.0,0.0,0.0
0,77,25,gradient,0.5,0.7736345350456444,36,-1.0,1.0,0.972972972972973,1.0,0.9473684210526315,0.972972972972973,1.0,0.9473684210526315,0.972972972972973,1.0,0.9473684210526315
0,77,25,gradient,0.6,0.7736345350456444,36,-1.0,1.0,0.972972972972973,1.0,0.9473684210526315,0.972972972972973,1.0,0.9473684210526315,0.972972972972973,1.0,0.9473684210526315
0,77,25,gradient,0.7,0.7736345350456444,36,-1.0,1.0,0.972972972972973,1.0,0.9473684210526315,0.972972972972973,1.0,0.9473684210526315,0.972972972972973,1.0,0.9473684210526315
0,77,25,gradient,0.75,0.7736345350456444,36,-1.0,1.0,0.972972972972973,1.0,0.9473684210526315,0.972972972972973,1.0,0.9473684210526315,0.972972972972973,1.0,0.9473684210526315
0,77,25,gradient,0.8,0.7736345350456444,36,5.5,5.5,0.4864864864864865,0.5,0.47368421052631576,0.972972972972973,1.0,0.9473684210526315,0.972972972972973,1.0,0.9473684210526315
0,77,25,gradient,0.85,0.7736345350456444,36,14.0,14.0,0.0,0.0,0.0,0.0,0.0,0.0,0.972972972972973,1.0,0.9473684210526315
0,77,25,gradient,0.9,0.7736345350456444,36,22.5,22.5,0.0,0.0,0.0,0.0,0.0,0.0,0.972972972972973,1.0,0.9473684210526315
0,77,25,gradient,0.925,0.7736345350456444,18,37.5,37.5,0.0,0.0,0.0,0.0,0.0,0.0,0.0,0.0,0.0
0,77,25,gradient,0.95,0.7736345350456444,18,37.5,37.5,0.0,0.0,0.0,0.0,0.0,0.0,0.0,0.0,0.0
0,77,25,gradient,0.975,0.7736345350456444,18,37.5,37.5,0.0,0.0,0.0,0.0,0.0,0.0,0.0,0.0,0.0
0,77,25,gradient,0.99,0.7736345350456444,0,,,0.0,0.0,0.0,0.0,0.0,0.0,0.0,0.0,0.0
0,78,25,gradient,0.5,0.771366862079605,36,-1.0,1.0,0.972972972972973,1.0,0.9473684210526315,0.972972972972973,1.0,0.9473684210526315,0.972972972972973,1.0,0.9473684210526315
0,78,25,gradient,0.6,0.771366862079605,36,-1.0,1.0,0.972972972972973,1.0,0.9473684210526315,0.972972972972973,1.0,0.9473684210526315,0.972972972972973,1.0,0.9473684210526315
0,78,25,gradient,0.7,0.771366862079605,36,-1.0,1.0,0.972972972972973,1.0,0.9473684210526315,0.972972972972973,1.0,0.9473684210526315,0.972972972972973,1.0,0.9473684210526315
0,78,25,gradient,0.75,0.771366862079605,36,-1.0,1.0,0.972972972972973,1.0,0.9473684210526315,0.972972972972973,1.0,0.9473684210526315,0.972972972972973,1.0,0.9473684210526315
0,78,25,gradient,0.8,0.771366862079605,36,6.0,6.0,0.24324324324324326,0.25,0.23684210526315788,0.972972972972973,1.0,0.9473684210526315,0.972972972972973,1.0,0.9473684210526315
0,78,25,gradient,0.85,0.771366862079605,36,14.5,14.5,0.0,0.0,0.0,0.0,0.0,0.0,0.972972972972973,1.0,0.9473684210526315
0,78,25,gradient,0.9,0.771366862079605,36,23.5,23.5,0.0,0.0,0.0,0.0,0.0,0.0,0.972972972972973,1.0,0.9473684210526315
0,78,25,gradient,0.925,0.771366862079605,74,28.0,28.0,0.0,0.0,0.0,0.0,0.0,0.0,0.33928571428571425,0.25675675675675674,0.5
0,78,25,gradient,0.95,0.771366862079605,0,,,0.0,0.0,0.0,0.0,0.0,0.0,0.0,0.0,0.0
0,78,25,gradient,0.975,0.771366862079605,0,,,0.0,0.0,0.0,0.0,0.0,0.0,0.0,0.0,0.0
0,78,25,gradient,0.99,0.771366862079605,0,,,0.0,0.0,0.0,0.0,0.0,0.0,0.0,0.0,0.0
0,79,25,gradient,0.5,0.7691124442393478,36,-1.0,1.0,0.972972972972973,1.0,0.9473684210526315,0.972972972972973,1.0,0.9473684210526315,0.972972972972973,1.0,0.9473684210526315
0,79,25,gradient,0.6,0.7691124442393478,36,-1.0,1.0,0.972972972972973,1.0,0.9473684210526315,0.972972972972973,1.0,0.9473684210526315,0.972972972972973,1.0,0.9473684210526315
0,79,25,gradient,0.7,0.7691124442393478,36,-1.0,1.0,0.972972972972973,1.0,0.9473684210526315,0.972972972972973,1.0,0.9473684210526315,0.972972972972973,1.0,0.9473684210526315
0,79,25,gradient,0.75,0.7691124442393478,36,-1.0,1.0,0.972972972972973,1.0,0.9473684210526315,0.972972972972973,1.0,0.9473684210526315,0.972972972972973,1.0,0.9473684210526315
0,79,25,gradient,0.8,0.7691124442393478,36,6.5,6.5,0.0,0.0,0.0,0.972972972972973,1.0,0.9473684210526315,0.972972972972973,1.0,0.9473684210526315
0,79,25,gradient,0.85,0.7691124442393478,36,15.5,15.5,0.0,0.0,0.0,0.0,0.0,0.0,0.972972972972973,1.0,0.9473684210526315
0,79,25,gradient,0.9,0.7691124442393478,36,23.5,23.5,0.0,0.0,0.0,0.0,0.0,0.0,0.972972972972973,1.0,0.9473684210526315
0,79,25,gradient,0.925,0.7691124442393478,0,,,0.0,0.0,0.0,0.0,0.0,0.0,0.0,0.0,0.0
0,79,25,gradient,0.95,0.7691124442393478,0,,,0.0,0.0,0.0,0.0,0.0,0.0,0.0,0.0,0.0
0,79,25,gradient,0.975,0.7691124442393478,0,,,0.0,0.0,0.0,0.0,0.0,0.0,0.0,0.0,0.0
0,79,25,gradient,0.99,0.7691124442393478,0,,,0.0,0.0,0.0,0.0,0.0,0.0,0.0,0.0,0.0
0,80,25,gradient,0.5,0.7668711656441718,36,-1.0,1.0,0.972972972972973,1.0,0.9473684210526315,0.972972972972973,1.0,0.9473684210526315,0.972972972972973,1.0,0.9473684210526315
0,80,25,gradient,0.6,0.7668711656441718,36,-1.0,1.0,0.972972972972973,1.0,0.9473684210526315,0.972972972972973,1.0,0.9473684210526315,0.972972972972973,1.0,0.9473684210526315
0,80,25,gradient,0.7,0.7668711656441718,36,-1.0,1.0,0.972972972972973,1.0,0.9473684210526315,0.972972972972973,1.0,0.9473684210526315,0.972972972972973,1.0,0.9473684210526315
0,80,25,gradient,0.75,0.7668711656441718,36,-1.0,1.0,0.972972972972973,1.0,0.9473684210526315,0.972972972972973,1.0,0.9473684210526315,0.972972972972973,1.0,0.9473684210526315
0,80,25,gradient,0.8,0.7668711656441718,36,7.0,7.0,0.0,0.0,0.0,0.972972972972973,1.0,0.9473684210526315,0.972972972972973,1.0,0.9473684210526315
0,80,25,gradient,0.85,0.7668711656441718,36,15.5,15.5,0.0,0.0,0.0,0.0,0.0,0.0,0.972972972972973,1.0,0.9473684210526315
0,80,25,gradient,0.9,0.7668711656441718,36,24.0,24.0,0.0,0.0,0.0,0.0,0.0,0.0,0.7297297297297298,0.75,0.7105263157894737
0,80,25,gradient,0.925,0.7668711656441718,56,32.0,32.0,0.0,0.0,0.0,0.0,0.0,0.0,0.0,0.0,0.0
0,80,25,gradient,0.95,0.7668711656441718,74,36.0,36.0,0.0,0.0,0.0,0.0,0.0,0.0,0.0,0.0,0.0
0,80,25,gradient,0.975,0.7668711656441718,56,36.0,36.0,0.0,0.0,0.0,0.0,0.0,0.0,0.0,0.0,0.0
0,80,25,gradient,0.99,0.7668711656441718,0,,,0.0,0.0,0.0,0.0,0.0,0.0,0.0,0.0,0.0
0,81,25,gradient,0.5,0.764642911760208,36,-1.0,1.0,0.972972972972973,1.0,0.9473684210526315,0.972972972972973,1.0,0.9473684210526315,0.972972972972973,1.0,0.9473684210526315
0,81,25,gradient,0.6,0.764642911760208,36,-1.0,1.0,0.972972972972973,1.0,0.9473684210526315,0.972972972972973,1.0,0.9473684210526315,0.972972972972973,1.0,0.9473684210526315
0,81,25,gradient,0.7,0.764642911760208,36,-1.0,1.0,0.972972972972973,1.0,0.9473684210526315,0.972972972972973,1.0,0.9473684210526315,0.972972972972973,1.0,0.9473684210526315
0,81,25,gradient,0.75,0.764642911760208,36,-1.0,1.0,0.972972972972973,1.0,0.9473684210526315,0.972972972972973,1.0,0.9473684210526315,0.972972972972973,1.0,0.9473684210526315
0,81,25,gradient,0.8,0.764642911760208,36,7.5,7.5,0.0,0.0,0.0,0.972972972972973,1.0,0.9473684210526315,0.972972972972973,1.0,0.9473684210526315
0,81,25,gradient,0.85,0.764642911760208,36,16.5,16.5,0.0,0.0,0.0,0.0,0.0,0.0,0.972972972972973,1.0,0.9473684210526315
0,81,25,gradient,0.9,0.764642911760208,36,25.5,25.5,0.0,0.0,0.0,0.0,0.0,0.0,0.4864864864864865,0.5,0.47368421052631576
0,81,25,gradient,0.925,0.764642911760208,112,26.5,26.5,0.0,0.0,0.0,0.0,0.0,0.0,0.4933333333333333,0.33035714285714285,0.9736842105263158
0,81,25,gradient,0.95,0.764642911760208,36,35.5,35.5,0.0,0.0,0.0,0.0,0.0,0.0,0.0,0.0,0.0
0,81,25,gradient,0.975,0.764642911760208,0,,,0.0,0.0,0.0,0.0,0.0,0.0,0.0,0.0,0.0
0,81,25,gradient,0.99,0.764642911760208,0,,,0.0,0.0,0.0,0.0,0.0,0.0,0.0,0.0,0.0
0,82,25,gradient,0.5,0.7624275693809088,36,-1.0,1.0,0.972972972972973,1.0,0.9473684210526315,0.972972972972973,1.0,0.9473684210526315,0.972972972972973,1.0,0.9473684210526315
0,82,25,gradient,0.6,0.7624275693809088,36,-1.0,1.0,0.972972972972973,1.0,0.9473684210526315,0.972972972972973,1.0,0.9473684210526315,0.972972972972973,1.0,0.9473684210526315
0,82,25,gradient,0.7,0.7624275693809088,36,-1.0,1.0,0.972972972972973,1.0,0.9473684210526315,0.972972972972973,1.0,0.9473684210526315,0.972972972972973,1.0,0.9473684210526315
0,82,25,gradient,0.75,0.7624275693809088,36,-1.0,1.0,0.972972972972973,1.0,0.9473684210526315,0.972972972972973,1.0,0.9473684210526315,0.972972972972973,1.0,0.9473684210526315
0,82,25,gradient,0.8,0.7624275693809088,36,7.5,7.5,0.0,0.0,0.0,0.972972972972973,1.0,0.9473684210526315,0.972972972972973,1.0,0.9473684210526315
0,82,25,gradient,0.85,0.7624275693809088,36,16.5,16.5,0.0,0.0,0.0,0.0,0.0,0.0,0.972972972972973,1.0,0.9473684210526315
0,82,25,gradient,0.9,0.7624275693809088,74,27.0,27.0,0.0,0.0,0.0,0.0,0.0,0.0,0.33928571428571425,0.25675675675675674,0.5
0,82,25,gradient,0.925,0.7624275693809088,131,34.0,34.0,0.0,0.0,0.0,0.0,0.0,0.0,0.21301775147928997,0.13740458015267176,0.47368421052631576
0,82,25,gradient,0.95,0.7624275693809088,38,40.5,40.5,0.0,0.0,0.0,0.0,0.0,0.0,0.0,0.0,0.0
0,82,25,gradient,0.975,0.7624275693809088,38,40.5,40.5,0.0,0.0,0.0,0.0,0.0,0.0,0.0,0.0,0.0
0,82,25,gradient,0.99,0.7624275693809088,36,40.5,40.5,0.0,0.0,0.0,0.0,0.0,0.0,0.0,0.0,0.0
0,83,25,gradient,0.5,0.7602250266078759,36,-1.0,1.0,0.972972972972973,1.0,0.9473684210526315,0.972972972972973,1.0,0.9473684210526315,0.972972972972973,1.0,0.9473684210526315
0,83,25,gradient,0.6,0.7602250266078759,36,-1.0,1.0,0.972972972972973,1.0,0.9473684210526315,0.972972972972973,1.0,0.9473684210526315,0.972972972972973,1.0,0.9473684210526315
0,83,25,gradient,0.7,0.7602250266078759,36,-1.0,1.0,0.972972972972973,1.0,0.9473684210526315,0.972972972972973,1.0,0.9473684210526315,0.972972972972973,1.0,0.9473684210526315
0,83,25,gradient,0.75,0.7602250266078759,36,-0.5,0.5,0.972972972972973,1.0,0.9473684210526315,0.972972972972973,1.0,0.9473684210526315,0.972972972972973,1.0,0.9473684210526315
0,83,25,gradient,0.8,0.7602250266078759,36,8.5,8.5,0.0,0.0,0.0,0.972972972972973,1.0,0.9473684210526315,0.972972972972973,1.0,0.9473684210526315
0,83,25,gradient,0.85,0.7602250266078759,36,17.5,17.5,0.0,0.0,0.0,0.0,0.0,0.0,0.972972972972973,1.0,0.9473684210526315
0,83,25,gradient,0.9,0.7602250266078759,112,28.5,28.5,0.0,0.0,0.0,0.0,0.0,0.0,0.2533333333333333,0.16964285714285715,0.5
0,83,25,gradient,0.925,0.7602250266078759,188,34.0,34.0,0.0,0.0,0.0,0.0,0.0,0.0,0.0,0.0,0.0
0,83,25,gradient,0.95,0.7602250266078759,19,34.0,34.0,0.0,0.0,0.0,0.0,0.0,0.0,0.0,0.0,0.0
0,83,25,gradient,0.975,0.7602250266078759,19,34.0,34.0,0.0,0.0,0.0,0.0,0.0,0.0,0.0,0.0,0.0
0,83,25,gradient,0.99,0.7602250266078759,0,,,0.0,0.0,0.0,0.0,0.0,0.0,0.0,0.0,0.0
0,84,25,gradient,0.5,0.7580351728320194,36,-1.0,1.0,0.972972972972973,1.0,0.9473684210526315,0.972972972972973,1.0,0.9473684210526315,0.972972972972973,1.0,0.9473684210526315
0,84,25,gradient,0.6,0.7580351728320194,36,-1.0,1.0,0.972972972972973,1.0,0.9473684210526315,0.972972972972973,1.0,0.9473684210526315,0.972972972972973,1.0,0.9473684210526315
0,84,25,gradient,0.7,0.7580351728320194,36,-1.0,1.0,0.972972972972973,1.0,0.9473684210526315,0.972972972972973,1.0,0.9473684210526315,0.972972972972973,1.0,0.9473684210526315
0,84,25,gradient,0.75,0.7580351728320194,36,0.5,0.5,0.972972972972973,1.0,0.9473684210526315,0.972972972972973,1.0,0.9473684210526315,0.972972972972973,1.0,0.9473684210526315
0,84,25,gradient,0.8,0.7580351728320194,36,8.5,8.5,0.0,0.0,0.0,0.972972972972973,1.0,0.9473684210526315,0.972972972972973,1.0,0.9473684210526315
0,84,25,gradient,0.85,0.7580351728320194,36,17.5,17.5,0.0,0.0,0.0,0.0,0.0,0.0,0.972972972972973,1.0,0.9473684210526315
0,84,25,gradient,0.9,0.7580351728320194,112,28.0,28.0,0.0,0.0,0.0,0.0,0.0,0.0,0.2533333333333333,0.16964285714285715,0.5
0,84,25,gradient,0.925,0.7580351728320194,112,28.0,28.0,0.0,0.0,0.0,0.0,0.0,0.0,0.2533333333333333,0.16964285714285715,0.5
0,84,25,gradient,0.95,0.7580351728320194,0,,,0.0,0.0,0.0,0.0,0.0,0.0,0.0,0.0,0.0
0,84,25,gradient,0.975,0.7580351728320194,0,,,0.0,0.0,0.0,0.0,0.0,0.0,0.0,0.0,0.0
0,84,25,gradient,0.99,0.7580351728320194,0,,,0.0,0.0,0.0,0.0,0.0,0.0,0.0,0.0,0.0
0,85,25,gradient,0.5,0.7558578987150416,36,-1.0,1.0,0.972972972972973,1.0,0.9473684210526315,0.972972972972973,1.0,0.9473684210526315,0.972972972972973,1.0,0.9473684210526315
0,85,25,gradient,0.6,0.7558578987150416,36,-1.0,1.0,0.972972972972973,1.0,0.9473684210526315,0.972972972972973,1.0,0.9473684210526315,0.972972972972973,1.0,0.9473684210526315
0,85,25,gradient,0.7,0.7558578987150416,36,-1.0,1.0,0.972972972972973,1.0,0.9473684210526315,0.972972972972973,1.0,0.9473684210526315,0.972972972972973,1.0,0.9473684210526315
0,85,25,gradient,0.75,0.7558578987150416,36,0.5,0.5,0.972972972972973,1.0,0.9473684210526315,0.972972972972973,1.0,0.9473684210526315,0.972972972972973,1.0,0.9473684210526315
0,85,25,gradient,0.8,0.7558578987150416,36,9.5,9.5,0.0,0.0,0.0,0.972972972972973,1.0,0.9473684210526315,0.972972972972973,1.0,0.9473684210526315
0,85,25,gradient,0.85,0.7558578987150416,36,17.5,17.5,0.0,0.0,0.0,0.0,0.0,0.0,0.972972972972973,1.0,0.9473684210526315
0,85,25,gradient,0.9,0.7558578987150416,131,31.0,31.0,0.0,0.0,0.0,0.0,0.0,0.0,0.33136094674556216,0.21374045801526717,0.7368421052631579
0,85,25,gradient,0.925,0.7558578987150416,38,39.0,39.0,0.0,0.0,0.0,0.0,0.0,0.0,0.0,0.0,0.0
0,85,25,gradient,0.95,0.7558578987150416,76,40.0,40.0,0.0,0.0,0.0,0.0,0.0,0.0,0.0,0.0,0.0
0,85,25,gradient,0.975,0.7558578987150416,0,,,0.0,0.0,0.0,0.0,0.0,0.0,0.0,0.0,0.0
0,85,25,gradient,0.99,0.7558578987150416,0,,,0.0,0.0,0.0,0.0,0.0,0.0,0.0,0.0,0.0
0,86,25,gradient,0.5,0.7536930961712391,36,-1.0,1.0,0.972972972972973,1.0,0.9473684210526315,0.972972972972973,1.0,0.9473684210526315,0.972972972972973,1.0,0.9473684210526315
0,86,25,gradient,0.6,0.7536930961712391,36,-1.0,1.0,0.972972972972973,1.0,0.9473684210526315,0.972972972972973,1.0,0.9473684210526315,0.972972972972973,1.0,0.9473684210526315
0,86,25,gradient,0.7,0.7536930961712391,36,-1.0,1.0,0.972972972972973,1.0,0.9473684210526315,0.972972972972973,1.0,0.9473684210526315,0.972972972972973,1.0,0.9473684210526315
0,86,25,gradient,0.75,0.7536930961712391,36,0.5,0.5,0.972972972972973,1.0,0.9473684210526315,0.972972972972973,1.0,0.9473684210526315,0.972972972972973,1.0,0.9473684210526315
0,86,25,gradient,0.8,0.7536930961712391,36,9.5,9.5,0.0,0.0,0.0,0.972972972972973,1.0,0.9473684210526315,0.972972972972973,1.0,0.9473684210526315
0,86,25,gradient,0.85,0.7536930961712391,36,18.0,18.0,0.0,0.0,0.0,0.0,0.0,0.0,0.972972972972973,1.0,0.9473684210526315
0,86,25,gradient,0.9,0.7536930961712391,18,37.5,37.5,0.0,0.0,0.0,0.0,0.0,0.0,0.0,0.0,0.0
0,86,25,gradient,0.925,0.7536930961712391,18,37.5,37.5,0.0,0.0,0.0,0.0,0.0,0.0,0.0,0.0,0.0
0,86,25,gradient,0.95,0.7536930961712391,18,37.5,37.5,0.0,0.0,0.0,0.0,0.0,0.0,0.0,0.0,0.0
0,86,25,gradient,0.975,0.7536930961712391,18,37.5,37.5,0.0,0.0,0.0,0.0,0.0,0.0,0.0,0.0,0.0
0,86,25,gradient,0.99,0.7536930961712391,0,,,0.0,0.0,0.0,0.0,0.0,0.0,0.0,0.0,0.0
0,87,25,gradient,0.5,0.7515406583496167,36,-1.0,1.0,0.972972972972973,1.0,0.9473684210526315,0.972972972972973,1.0,0.9473684210526315,0.972972972972973,1.0,0.9473684210526315
0,87,25,gradient,0.6,0.7515406583496167,36,-1.0,1.0,0.972972972972973,1.0,0.9473684210526315,0.972972972972973,1.0,0.9473684210526315,0.972972972972973,1.0,0.9473684210526315
0,87,25,gradient,0.7,0.7515406583496167,36,-1.0,1.0,0.972972972972973,1.0,0.9473684210526315,0.972972972972973,1.0,0.9473684210526315,0.972972972972973,1.0,0.9473684210526315
0,87,25,gradient,0.75,0.7515406583496167,36,1.5,1.5,0.972972972972973,1.0,0.9473684210526315,0.972972972972973,1.0,0.9473684210526315,0.972972972972973,1.0,0.9473684210526315
0,87,25,gradient,0.8,0.7515406583496167,36,9.5,9.5,0.0,0.0,0.0,0.972972972972973,1.0,0.9473684210526315,0.972972972972973,1.0,0.9473684210526315
0,87,25,gradient,0.85,0.7515406583496167,36,18.5,18.5,0.0,0.0,0.0,0.0,0.0,0.0,0.972972972972973,1.0,0.9473684210526315
0,87,25,gradient,0.9,0.7515406583496167,151,35.0,35.0,0.0,0.0,0.0,0.0,0.0,0.0,0.39153439153439157,0.24503311258278146,0.9736842105263158
0,87,25,gradient,0.925,0.7515406583496167,19,29.0,29.0,0.0,0.0,0.0,0.0,0.0,0.0,0.0,0.0,0.0
0,87,25,gradient,0.95,0.7515406583496167,19,29.0,29.0,0.0,0.0,0.0,0.0,0.0,0.0,0.0,0.0,0.0
0,87,25,gradient,0.975,0.7515406583496167,19,29.0,29.0,0.0,0.0,0.0,0.0,0.0,0.0,0.0,0.0,0.0
0,87,25,gradient,0.99,0.7515406583496167,19,29.0,29.0,0.0,0.0,0.0,0.0,0.0,0.0,0.0,0.0,0.0
0,88,25,gradient,0.5,0.749400479616307,36,-1.0,1.0,0.972972972972973,1.0,0.9473684210526315,0.972972972972973,1.0,0.9473684210526315,0.972972972972973,1.0,0.9473684210526315
0,88,25,gradient,0.6,0.749400479616307,36,-1.0,1.0,0.972972972972973,1.0,0.9473684210526315,0.972972972972973,1.0,0.9473684210526315,0.972972972972973,1.0,0.9473684210526315
0,88,25,gradient,0.7,0.749400479616307,36,-1.0,1.0,0.972972972972973,1.0,0.9473684210526315,0.972972972972973,1.0,0.9473684210526315,0.972972972972973,1.0,0.9473684210526315
0,88,25,gradient,0.75,0.749400479616307,36,1.5,1.5,0.972972972972973,1.0,0.9473684210526315,0.972972972972973,1.0,0.9473684210526315,0.972972972972973,1.0,0.9473684210526315
0,88,25,gradient,0.8,0.749400479616307,36,10.0,10.0,0.0,0.0,0.0,0.4864864864864865,0.5,0.47368421052631576,0.972972972972973,1.0,0.9473684210526315
0,88,25,gradient,0.85,0.749400479616307,36,19.0,19.0,0.0,0.0,0.0,0.0,0.0,0.0,0.972972972972973,1.0,0.9473684210526315
0,88,25,gradient,0.9,0.749400479616307,36,38.5,38.5,0.0,0.0,0.0,0.0,0.0,0.0,0.0,0.0,0.0
0,88,25,gradient,0.925,0.749400479616307,36,38.5,38.5,0.0,0.0,0.0,0.0,0.0,0.0,0.0,0.0,0.0
0,88,25,gradient,0.95,0.749400479616307,36,38.5,38.5,0.0,0.0,0.0,0.0,0.0,0.0,0.0,0.0,0.0
0,88,25,gradient,0.975,0.749400479616307,36,41.0,41.0,0.0,0.0,0.0,0.0,0.0,0.0,0.0,0.0,0.0
0,88,25,gradient,0.99,0.749400479616307,0,,,0.0,0.0,0.0,0.0,0.0,0.0,0.0,0.0,0.0
0,89,25,gradient,0.5,0.7472724555372889,36,-1.0,1.0,0.972972972972973,1.0,0.9473684210526315,0.972972972972973,1.0,0.9473684210526315,0.972972972972973,1.0,0.9473684210526315
0,89,25,gradient,0.6,0.7472724555372889,36,-1.0,1.0,0.972972972972973,1.0,0.9473684210526315,0.972972972972973,1.0,0.9473684210526315,0.972972972972973,1.0,0.9473684210526315
0,89,25,gradient,0.7,0.7472724555372889,36,-1.0,1.0,0.972972972972973,1.0,0.9473684210526315,0.972972972972973,1.0,0.9473684210526315,0.972972972972973,1.0,0.9473684210526315
0,89,25,gradient,0.75,0.7472724555372889,36,1.5,1.5,0.972972972972973,1.0,0.9473684210526315,0.972972972972973,1.0,0.9473684210526315,0.972972972972973,1.0,0.9473684210526315
0,89,25,gradient,0.8,0.7472724555372889,36,10.5,10.5,0.0,0.0,0.0,0.4864864864864865,0.5,0.47368421052631576,0.972972972972973,1.0,0.9473684210526315
0,89,25,gradient,0.85,0.7472724555372889,36,19.5,19.5,0.0,0.0,0.0,0.0,0.0,0.0,0.972972972972973,1.0,0.9473684210526315
0,89,25,gradient,0.9,0.7472724555372889,150,39.0,39.0,0.0,0.0,0.0,0.0,0.0,0.0,0.0,0.0,0.0
0,89,25,gradient,0.925,0.7472724555372889,150,39.0,39.0,0.0,0.0,0.0,0.0,0.0,0.0,0.0,0.0,0.0
0,89,25,gradient,0.95,0.7472724555372889,150,39.0,39.0,0.0,0.0,0.0,0.0,0.0,0.0,0.0,0.0,0.0
0,89,25,gradient,0.975,0.7472724555372889,0,,,0.0,0.0,0.0,0.0,0.0,0.0,0.0,0.0,0.0
0,89,25,gradient,0.99,0.7472724555372889,0,,,0.0,0.0,0.0,0.0,0.0,0.0,0.0,0.0,0.0
0,90,25,gradient,0.5,0.7451564828614009,36,-1.0,1.0,0.972972972972973,1.0,0.9473684210526315,0.972972972972973,1.0,0.9473684210526315,0.972972972972973,1.0,0.9473684210526315
0,90,25,gradient,0.6,0.7451564828614009,36,-1.0,1.0,0.972972972972973,1.0,0.9473684210526315,0.972972972972973,1.0,0.9473684210526315,0.972972972972973,1.0,0.9473684210526315
0,90,25,gradient,0.7,0.7451564828614009,36,-1.0,1.0,0.972972972972973,1.0,0.9473684210526315,0.972972972972973,1.0,0.9473684210526315,0.972972972972973,1.0,0.9473684210526315
0,90,25,gradient,0.75,0.7451564828614009,36,2.5,2.5,0.972972972972973,1.0,0.9473684210526315,0.972972972972973,1.0,0.9473684210526315,0.972972972972973,1.0,0.9473684210526315
0,90,25,gradient,0.8,0.7451564828614009,36,11.5,11.5,0.0,0.0,0.0,0.24324324324324326,0.25,0.23684210526315788,0.972972972972973,1.0,0.9473684210526315
0,90,25,gradient,0.85,0.7451564828614009,36,19.5,19.5,0.0,0.0,0.0,0.0,0.0,0.0,0.972972972972973,1.0,0.9473684210526315
0,90,25,gradient,0.9,0.7451564828614009,188,34.0,34.0,0.0,0.0,0.0,0.0,0.0,0.0,0.3274336283185841,0.19680851063829788,0.9736842105263158
0,90,25,gradient,0.925,0.7451564828614009,188,34.0,34.0,0.0,0.0,0.0,0.0,0.0,0.0,0.3274336283185841,0.19680851063829788,0.9736842105263158
0,90,25,gradient,0.95,0.7451564828614009,151,35.0,35.0,0.0,0.0,0.0,0.0,0.0,0.0,0.2962962962962963,0.18543046357615894,0.7368421052631579
0,90,25,gradient,0.975,0.7451564828614009,9,24.0,24.0,0.0,0.0,0.0,0.0,0.0,0.0,0.38297872340425526,1.0,0.23684210526315788
0,90,25,gradient,0.99,0.7451564828614009,0,,,0.0,0.0,0.0,0.0,0.0,0.0,0.0,0.0,0.0
0,91,25,gradient,0.5,0.743052459503641,36,-1.0,1.0,0.972972972972973,1.0,0.9473684210526315,0.972972972972973,1.0,0.9473684210526315,0.972972972972973,1.0,0.9473684210526315
0,91,25,gradient,0.6,0.743052459503641,36,-1.0,1.0,0.972972972972973,1.0,0.9473684210526315,0.972972972972973,1.0,0.9473684210526315,0.972972972972973,1.0,0.9473684210526315
0,91,25,gradient,0.7,0.743052459503641,36,-1.0,1.0,0.972972972972973,1.0,0.9473684210526315,0.972972972972973,1.0,0.9473684210526315,0.972972972972973,1.0,0.9473684210526315
0,91,25,gradient,0.75,0.743052459503641,36,2.5,2.5,0.972972972972973,1.0,0.9473684210526315,0.972972972972973,1.0,0.9473684210526315,0.972972972972973,1.0,0.9473684210526315
0,91,25,gradient,0.8,0.743052459503641,36,11.5,11.5,0.0,0.0,0.0,0.0,0.0,0.0,0.972972972972973,1.0,0.9473684210526315
0,91,25,gradient,0.85,0.743052459503641,36,20.0,20.0,0.0,0.0,0.0,0.0,0.0,0.0,0.972972972972973,1.0,0.9473684210526315
0,91,25,gradient,0.9,0.743052459503641,226,34.0,34.0,0.0,0.0,0.0,0.0,0.0,0.0,0.14393939393939395,0.084070796460177,0.5
0,91,25,gradient,0.925,0.743052459503641,226,34.0,34.0,0.0,0.0,0.0,0.0,0.0,0.0,0.14393939393939395,0.084070796460177,0.5
0,91,25,gradient,0.95,0.743052459503641,0,,,0.0,0.0,0.0,0.0,0.0,0.0,0.0,0.0,0.0
0,91,25,gradient,0.975,0.743052459503641,0,,,0.0,0.0,0.0,0.0,0.0,0.0,0.0,0.0,0.0
0,91,25,gradient,0.99,0.743052459503641,0,,,0.0,0.0,0.0,0.0,0.0,0.0,0.0,0.0,0.0
0,92,25,gradient,0.5,0.7409602845287493,36,-1.0,1.0,0.972972972972973,1.0,0.9473684210526315,0.972972972972973,1.0,0.9473684210526315,0.972972972972973,1.0,0.9473684210526315
0,92,25,gradient,0.6,0.7409602845287493,36,-1.0,1.0,0.972972972972973,1.0,0.9473684210526315,0.972972972972973,1.0,0.9473684210526315,0.972972972972973,1.0,0.9473684210526315
0,92,25,gradient,0.7,0.7409602845287493,36,-1.0,1.0,0.972972972972973,1.0,0.9473684210526315,0.972972972972973,1.0,0.9473684210526315,0.972972972972973,1.0,0.9473684210526315
0,92,25,gradient,0.75,0.7409602845287493,36,3.0,3.0,0.972972972972973,1.0,0.9473684210526315,0.972972972972973,1.0,0.9473684210526315,0.972972972972973,1.0,0.9473684210526315
0,92,25,gradient,0.8,0.7409602845287493,36,11.5,11.5,0.0,0.0,0.0,0.0,0.0,0.0,0.972972972972973,1.0,0.9473684210526315
0,92,25,gradient,0.85,0.7409602845287493,36,20.5,20.5,0.0,0.0,0.0,0.0,0.0,0.0,0.972972972972973,1.0,0.9473684210526315
0,92,25,gradient,0.9,0.7409602845287493,152,36.0,36.0,0.0,0.0,0.0,0.0,0.0,0.0,0.0,0.0,0.0
0,92,25,gradient,0.925,0.7409602845287493,152,36.0,36.0,0.0,0.0,0.0,0.0,0.0,0.0,0.0,0.0,0.0
0,92,25,gradient,0.95,0.7409602845287493,19,31.0,31.0,0.0,0.0,0.0,0.0,0.0,0.0,0.0,0.0,0.0
0,92,25,gradient,0.975,0.7409602845287493,19,31.0,31.0,0.0,0.0,0.0,0.0,0.0,0.0,0.0,0.0,0.0
0,92,25,gradient,0.99,0.7409602845287493,0,,,0.0,0.0,0.0,0.0,0.0,0.0,0.0,0.0,0.0
0,93,25,gradient,0.5,0.7388798581350673,36,-1.0,1.0,0.972972972972973,1.0,0.9473684210526315,0.972972972972973,1.0,0.9473684210526315,0.972972972972973,1.0,0.9473684210526315
0,93,25,gradient,0.6,0.7388798581350673,36,-1.0,1.0,0.972972972972973,1.0,0.9473684210526315,0.972972972972973,1.0,0.9473684210526315,0.972972972972973,1.0,0.9473684210526315
0,93,25,gradient,0.7,0.7388798581350673,36,-1.0,1.0,0.972972972972973,1.0,0.9473684210526315,0.972972972972973,1.0,0.9473684210526315,0.972972972972973,1.0,0.9473684210526315
0,93,25,gradient,0.75,0.7388798581350673,36,3.5,3.5,0.972972972972973,1.0,0.9473684210526315,0.972972972972973,1.0,0.9473684210526315,0.972972972972973,1.0,0.9473684210526315
0,93,25,gradient,0.8,0.7388798581350673,36,12.0,12.0,0.0,0.0,0.0,0.0,0.0,0.0,0.972972972972973,1.0,0.9473684210526315
0,93,25,gradient,0.85,0.7388798581350673,36,21.0,21.0,0.0,0.0,0.0,0.0,0.0,0.0,0.972972972972973,1.0,0.9473684210526315
0,93,25,gradient,0.9,0.7388798581350673,74,34.0,34.0,0.0,0.0,0.0,0.0,0.0,0.0,0.33928571428571425,0.25675675675675674,0.5
0,93,25,gradient,0.925,0.7388798581350673,74,34.0,34.0,0.0,0.0,0.0,0.0,0.0,0.0,0.33928571428571425,0.25675675675675674,0.5
0,93,25,gradient,0.95,0.7388798581350673,0,,,0.0,0.0,0.0,0.0,0.0,0.0,0.0,0.0,0.0
0,93,25,gradient,0.975,0.7388798581350673,0,,,0.0,0.0,0.0,0.0,0.0,0.0,0.0,0.0,0.0
0,93,25,gradient,0.99,0.7388798581350673,0,,,0.0,0.0,0.0,0.0,0.0,0.0,0.0,0.0,0.0
0,94,25,gradient,0.5,0.7368110816386678,36,-1.0,1.0,0.972972972972973,1.0,0.9473684210526315,0.972972972972973,1.0,0.9473684210526315,0.972972972972973,1.0,0.9473684210526315
0,94,25,gradient,0.6,0.7368110816386678,36,-1.0,1.0,0.972972972972973,1.0,0.9473684210526315,0.972972972972973,1.0,0.9473684210526315,0.972972972972973,1.0,0.9473684210526315
0,94,25,gradient,0.7,0.7368110816386678,36,-1.0,1.0,0.972972972972973,1.0,0.9473684210526315,0.972972972972973,1.0,0.9473684210526315,0.972972972972973,1.0,0.9473684210526315
0,94,25,gradient,0.75,0.7368110816386678,36,3.5,3.5,0.972972972972973,1.0,0.9473684210526315,0.972972972972973,1.0,0.9473684210526315,0.972972972972973,1.0,0.9473684210526315
0,94,25,gradient,0.8,0.7368110816386678,36,12.5,12.5,0.0,0.0,0.0,0.0,0.0,0.0,0.972972972972973,1.0,0.9473684210526315
0,94,25,gradient,0.85,0.7368110816386678,36,21.5,21.5,0.0,0.0,0.0,0.0,0.0,0.0,0.972972972972973,1.0,0.9473684210526315
0,94,25,gradient,0.9,0.7368110816386678,112,28.0,28.0,0.0,0.0,0.0,0.0,0.0,0.0,0.2533333333333333,0.16964285714285715,0.5
0,94,25,gradient,0.925,0.7368110816386678,208,32.0,32.0,0.0,0.0,0.0,0.0,0.0,0.0,0.3008130081300813,0.1778846153846154,0.9736842105263158
0,94,25,gradient,0.95,0.7368110816386678,75,31.0,31.0,0.0,0.0,0.0,0.0,0.0,0.0,0.6548672566371682,0.49333333333333335,0.9736842105263158
0,94,25,gradient,0.975,0.7368110816386678,0,,,0.0,0.0,0.0,0.0,0.0,0.0,0.0,0.0,0.0
0,94,25,gradient,0.99,0.7368110816386678,0,,,0.0,0.0,0.0,0.0,0.0,0.0,0.0,0.0,0.0
0,95,25,gradient,0.5,0.7347538574577517,36,-1.0,1.0,0.972972972972973,1.0,0.9473684210526315,0.972972972972973,1.0,0.9473684210526315,0.972972972972973,1.0,0.9473684210526315
0,95,25,gradient,0.6,0.7347538574577517,36,-1.0,1.0,0.972972972972973,1.0,0.9473684210526315,0.972972972972973,1.0,0.9473684210526315,0.972972972972973,1.0,0.9473684210526315
0,95,25,gradient,0.7,0.7347538574577517,36,-1.0,1.0,0.972972972972973,1.0,0.9473684210526315,0.972972972972973,1.0,0.9473684210526315,0.972972972972973,1.0,0.9473684210526315
0,95,25,gradient,0.75,0.7347538574577517,36,4.5,4.5,0.972972972972973,1.0,0.9473684210526315,0.972972972972973,1.0,0.9473684210526315,0.972972972972973,1.0,0.9473684210526315
0,95,25,gradient,0.8,0.7347538574577517,36,13.5,13.5,0.0,0.0,0.0,0.0,0.0,0.0,0.972972972972973,1.0,0.9473684210526315
0,95,25,gradient,0.85,0.7347538574577517,36,22.5,22.5,0.0,0.0,0.0,0.0,0.0,0.0,0.972972972972973,1.0,0.9473684210526315
0,95,25,gradient,0.9,0.7347538574577517,285,36.0,36.0,0.0,0.0,0.0,0.0,0.0,0.0,0.0,0.0,0.0
0,95,25,gradient,0.925,0.7347538574577517,0,,,0.0,0.0,0.0,0.0,0.0,0.0,0.0,0.0,0.0
0,95,25,gradient,0.95,0.7347538574577517,0,,,0.0,0.0,0.0,0.0,0.0,0.0,0.0,0.0,0.0
0,95,25,gradient,0.975,0.7347538574577517,0,,,0.0,0.0,0.0,0.0,0.0,0.0,0.0,0.0,0.0
0,95,25,gradient,0.99,0.7347538574577517,0,,,0.0,0.0,0.0,0.0,0.0,0.0,0.0,0.0,0.0
0,96,25,gradient,0.5,0.7327080890973037,36,-1.0,1.0,0.972972972972973,1.0,0.9473684210526315,0.972972972972973,1.0,0.9473684210526315,0.972972972972973,1.0,0.9473684210526315
0,96,25,gradient,0.6,0.7327080890973037,36,-1.0,1.0,0.972972972972973,1.0,0.9473684210526315,0.972972972972973,1.0,0.9473684210526315,0.972972972972973,1.0,0.9473684210526315
0,96,25,gradient,0.7,0.7327080890973037,36,-1.0,1.0,0.972972972972973,1.0,0.9473684210526315,0.972972972972973,1.0,0.9473684210526315,0.972972972972973,1.0,0.9473684210526315
0,96,25,gradient,0.75,0.7327080890973037,36,4.5,4.5,0.972972972972973,1.0,0.9473684210526315,0.972972972972973,1.0,0.9473684210526315,0.972972972972973,1.0,0.9473684210526315
0,96,25,gradient,0.8,0.7327080890973037,36,13.5,13.5,0.0,0.0,0.0,0.0,0.0,0.0,0.972972972972973,1.0,0.9473684210526315
0,96,25,gradient,0.85,0.7327080890973037,36,22.5,22.5,0.0,0.0,0.0,0.0,0.0,0.0,0.972972972972973,1.0,0.9473684210526315
0,96,25,gradient,0.9,0.7327080890973037,112,34.0,34.0,0.0,0.0,0.0,0.0,0.0,0.0,0.0,0.0,0.0
0,96,25,gradient,0.925,0.7327080890973037,132,40.0,40.0,0.0,0.0,0.0,0.0,0.0,0.0,0.0,0.0,0.0
0,96,25,gradient,0.95,0.7327080890973037,113,43.0,43.0,0.0,0.0,0.0,0.0,0.0,0.0,0.0,0.0,0.0
0,96,25,gradient,0.975,0.7327080890973037,65,43.0,43.0,0.0,0.0,0.0,0.0,0.0,0.0,0.0,0.0,0.0
0,96,25,gradient,0.99,0.7327080890973037,18,43.5,43.5,0.0,0.0,0.0,0.0,0.0,0.0,0.0,0.0,0.0
0,97,25,gradient,0.5,0.7306736811340055,36,-1.0,1.0,0.972972972972973,1.0,0.9473684210526315,0.972972972972973,1.0,0.9473684210526315,0.972972972972973,1.0,0.9473684210526315
0,97,25,gradient,0.6,0.7306736811340055,36,-1.0,1.0,0.972972972972973,1.0,0.9473684210526315,0.972972972972973,1.0,0.9473684210526315,0.972972972972973,1.0,0.9473684210526315
0,97,25,gradient,0.7,0.7306736811340055,36,-1.0,1.0,0.972972972972973,1.0,0.9473684210526315,0.972972972972973,1.0,0.9473684210526315,0.972972972972973,1.0,0.9473684210526315
0,97,25,gradient,0.75,0.7306736811340055,36,4.5,4.5,0.972972972972973,1.0,0.9473684210526315,0.972972972972973,1.0,0.9473684210526315,0.972972972972973,1.0,0.9473684210526315
0,97,25,gradient,0.8,0.7306736811340055,36,13.5,13.5,0.0,0.0,0.0,0.0,0.0,0.0,0.972972972972973,1.0,0.9473684210526315
0,97,25,gradient,0.85,0.7306736811340055,36,22.5,22.5,0.0,0.0,0.0,0.0,0.0,0.0,0.972972972972973,1.0,0.9473684210526315
0,97,25,gradient,0.9,0.7306736811340055,133,35.0,35.0,0.0,0.0,0.0,0.0,0.0,0.0,0.0,0.0,0.0
0,97,25,gradient,0.925,0.7306736811340055,38,44.0,44.0,0.0,0.0,0.0,0.0,0.0,0.0,0.0,0.0,0.0
0,97,25,gradient,0.95,0.7306736811340055,0,,,0.0,0.0,0.0,0.0,0.0,0.0,0.0,0.0,0.0
0,97,25,gradient,0.975,0.7306736811340055,0,,,0.0,0.0,0.0,0.0,0.0,0.0,0.0,0.0,0.0
0,97,25,gradient,0.99,0.7306736811340055,0,,,0.0,0.0,0.0,0.0,0.0,0.0,0.0,0.0,0.0
0,98,25,gradient,0.5,0.728650539201399,36,-1.0,1.0,0.972972972972973,1.0,0.9473684210526315,0.972972972972973,1.0,0.9473684210526315,0.972972972972973,1.0,0.9473684210526315
0,98,25,gradient,0.6,0.728650539201399,36,-1.0,1.0,0.972972972972973,1.0,0.9473684210526315,0.972972972972973,1.0,0.9473684210526315,0.972972972972973,1.0,0.9473684210526315
0,98,25,gradient,0.7,0.728650539201399,36,-1.0,1.0,0.972972972972973,1.0,0.9473684210526315,0.972972972972973,1.0,0.9473684210526315,0.972972972972973,1.0,0.9473684210526315
0,98,25,gradient,0.75,0.728650539201399,36,5.0,5.0,0.7297297297297298,0.75,0.7105263157894737,0.972972972972973,1.0,0.9473684210526315,0.972972972972973,1.0,0.9473684210526315
0,98,25,gradient,0.8,0.728650539201399,36,14.5,14.5,0.0,0.0,0.0,0.0,0.0,0.0,0.972972972972973,1.0,0.9473684210526315
0,98,25,gradient,0.85,0.728650539201399,36,23.5,23.5,0.0,0.0,0.0,0.0,0.0,0.0,0.972972972972973,1.0,0.9473684210526315
0,98,25,gradient,0.9,0.728650539201399,36,40.5,40.5,0.0,0.0,0.0,0.0,0.0,0.0,0.0,0.0,0.0
0,98,25,gradient,0.925,0.728650539201399,36,42.0,42.0,0.0,0.0,0.0,0.0,0.0,0.0,0.0,0.0,0.0
0,98,25,gradient,0.95,0.728650539201399,36,45.0,45.0,0.0,0.0,0.0,0.0,0.0,0.0,0.0,0.0,0.0
0,98,25,gradient,0.975,0.728650539201399,36,47.0,47.0,0.0,0.0,0.0,0.0,0.0,0.0,0.0,0.0,0.0
0,98,25,gradient,0.99,0.728650539201399,36,48.5,48.5,0.0,0.0,0.0,0.0,0.0,0.0,0.0,0.0,0.0
0,99,25,gradient,0.5,0.7266385699752943,36,-1.0,1.0,0.972972972972973,1.0,0.9473684210526315,0.972972972972973,1.0,0.9473684210526315,0.972972972972973,1.0,0.9473684210526315
0,99,25,gradient,0.6,0.7266385699752943,36,-1.0,1.0,0.972972972972973,1.0,0.9473684210526315,0.972972972972973,1.0,0.9473684210526315,0.972972972972973,1.0,0.9473684210526315
0,99,25,gradient,0.7,0.7266385699752943,36,-1.0,1.0,0.972972972972973,1.0,0.9473684210526315,0.972972972972973,1.0,0.9473684210526315,0.972972972972973,1.0,0.9473684210526315
0,99,25,gradient,0.75,0.7266385699752943,36,5.5,5.5,0.4864864864864865,0.5,0.47368421052631576,0.972972972972973,1.0,0.9473684210526315,0.972972972972973,1.0,0.9473684210526315
0,99,25,gradient,0.8,0.7266385699752943,36,14.5,14.5,0.0,0.0,0.0,0.0,0.0,0.0,0.972972972972973,1.0,0.9473684210526315
0,99,25,gradient,0.85,0.7266385699752943,36,23.5,23.5,0.0,0.0,0.0,0.0,0.0,0.0,0.972972972972973,1.0,0.9473684210526315
0,99,25,gradient,0.9,0.7266385699752943,0,,,0.0,0.0,0.0,0.0,0.0,0.0,0.0,0.0,0.0
0,99,25,gradient,0.925,0.7266385699752943,0,,,0.0,0.0,0.0,0.0,0.0,0.0,0.0,0.0,0.0
0,99,25,gradient,0.95,0.7266385699752943,0,,,0.0,0.0,0.0,0.0,0.0,0.0,0.0,0.0,0.0
0,99,25,gradient,0.975,0.7266385699752943,0,,,0.0,0.0,0.0,0.0,0.0,0.0,0.0,0.0,0.0
0,99,25,gradient,0.99,0.7266385699752943,0,,,0.0,0.0,0.0,0.0,0.0,0.0,0.0,0.0,0.0
0,100,25,gradient,0.5,0.7246376811594203,36,-1.0,1.0,0.972972972972973,1.0,0.9473684210526315,0.972972972972973,1.0,0.9473684210526315,0.972972972972973,1.0,0.9473684210526315
0,100,25,gradient,0.6,0.7246376811594203,36,-1.0,1.0,0.972972972972973,1.0,0.9473684210526315,0.972972972972973,1.0,0.9473684210526315,0.972972972972973,1.0,0.9473684210526315
0,100,25,gradient,0.7,0.7246376811594203,36,-1.0,1.0,0.972972972972973,1.0,0.9473684210526315,0.972972972972973,1.0,0.9473684210526315,0.972972972972973,1.0,0.9473684210526315
0,100,25,gradient,0.75,0.7246376811594203,36,6.5,6.5,0.0,0.0,0.0,0.972972972972973,1.0,0.9473684210526315,0.972972972972973,1.0,0.9473684210526315
0,100,25,gradient,0.8,0.7246376811594203,36,15.0,15.0,0.0,0.0,0.0,0.0,0.0,0.0,0.972972972972973,1.0,0.9473684210526315
0,100,25,gradient,0.85,0.7246376811594203,36,24.0,24.0,0.0,0.0,0.0,0.0,0.0,0.0,0.7297297297297298,0.75,0.7105263157894737
0,100,25,gradient,0.9,0.7246376811594203,74,29.5,29.5,0.0,0.0,0.0,0.0,0.0,0.0,0.6607142857142857,0.5,0.9736842105263158
0,100,25,gradient,0.925,0.7246376811594203,74,27.5,27.5,0.0,0.0,0.0,0.0,0.0,0.0,0.6607142857142857,0.5,0.9736842105263158
0,100,25,gradient,0.95,0.7246376811594203,74,25.5,25.5,0.0,0.0,0.0,0.0,0.0,0.0,0.6607142857142857,0.5,0.9736842105263158
0,100,25,gradient,0.975,0.7246376811594203,74,25.5,25.5,0.0,0.0,0.0,0.0,0.0,0.0,0.6607142857142857,0.5,0.9736842105263158
0,100,25,gradient,0.99,0.7246376811594203,0,,,0.0,0.0,0.0,0.0,0.0,0.0,0.0,0.0,0.0
5,1,25,gradient,0.5,0.9962143853357243,301,-80.0,80.0,0.0,0.0,0.0,0.0,0.0,0.0,0.22418879056047197,0.12624584717607973,1.0
5,1,25,gradient,0.6,0.9962143853357243,236,-68.0,68.0,0.0,0.0,0.0,0.0,0.0,0.0,0.2773722627737226,0.16101694915254236,1.0
5,1,25,gradient,0.7,0.9962143853357243,174,-62.5,62.5,0.0,0.0,0.0,0.0,0.0,0.0,0.3584905660377358,0.21839080459770116,1.0
5,1,25,gradient,0.75,0.9962143853357243,109,-43.0,43.0,0.0,0.0,0.0,0.0,0.0,0.0,0.5170068027210885,0.3486238532110092,1.0
5,1,25,gradient,0.8,0.9962143853357243,55,-23.0,23.0,0.0,0.0,0.0,0.0,0.0,0.0,0.8172043010752689,0.6909090909090909,1.0
5,1,25,gradient,0.85,0.9962143853357243,36,-18.0,18.0,0.0,0.0,0.0,0.0,0.0,0.0,0.972972972972973,1.0,0.9473684210526315
5,1,25,gradient,0.9,0.9962143853357243,36,-11.0,11.0,0.08108108108108107,0.08333333333333333,0.07894736842105263,0.4594594594594595,0.4722222222222222,0.4473684210526316,0.972972972972973,1.0,0.9473684210526315
5,1,25,gradient,0.925,0.9962143853357243,36,-7.0,7.0,0.2972972972972973,0.3055555555555556,0.2894736842105263,0.972972972972973,1.0,0.9473684210526315,0.972972972972973,1.0,0.9473684210526315
5,1,25,gradient,0.95,0.9962143853357243,36,-3.5,3.5,0.8918918918918918,0.9166666666666666,0.868421052631579,0.972972972972973,1.0,0.9473684210526315,0.972972972972973,1.0,0.9473684210526315
5,1,25,gradient,0.975,0.9962143853357243,36,-1.0,1.0,0.972972972972973,1.0,0.9473684210526315,0.972972972972973,1.0,0.9473684210526315,0.972972972972973,1.0,0.9473684210526315
5,1,25,gradient,0.99,0.9962143853357243,23,0.0,0.0,0.7540983606557378,1.0,0.6052631578947368,0.7540983606557378,1.0,0.6052631578947368,0.7540983606557378,1.0,0.6052631578947368
5,2,25,gradient,0.5,0.9924573243350536,267,-78.0,78.0,0.0,0.0,0.0,0.0,0.0,0.0,0.24918032786885247,0.14232209737827714,1.0
5,2,25,gradient,0.6,0.9924573243350536,212,-74.0,74.0,0.0,0.0,0.0,0.0,0.0,0.0,0.30399999999999994,0.1792452830188679,1.0
5,2,25,gradient,0.7,0.9924573243350536,153,-77.0,77.0,0.0,0.0,0.0,0.0,0.0,0.0,0.3979057591623037,0.24836601307189543,1.0
5,2,25,gradient,0.75,0.9924573243350536,102,-62.0,62.0,0.0,0.0,0.0,0.0,0.0,0.0,0.5428571428571428,0.37254901960784315,1.0
5,2,25,gradient,0.8,0.9924573243350536,51,-23.0,23.0,0.0,0.0,0.0,0.0,0.0,0.0,0.8539325842696629,0.7450980392156863,1.0
5,2,25,gradient,0.85,0.9924573243350536,36,-18.0,18.0,0.0,0.0,0.0,0.0,0.0,0.0,0.972972972972973,1.0,0.9473684210526315
5,2,25,gradient,0.9,0.9924573243350536,36,-11.0,11.0,0.08108108108108107,0.08333333333333333,0.07894736842105263,0.37837837837837834,0.3888888888888889,0.3684210526315789,0.972972972972973,1.0,0.9473684210526315
5,2,25,gradient,0.925,0.9924573243350536,36,-6.0,6.0,0.43243243243243246,0.4444444444444444,0.42105263157894735,0.972972972972973,1.0,0.9473684210526315,0.972972972972973,1.0,0.9473684210526315
5,2,25,gradient,0.95,0.9924573243350536,36,-2.0,2.0,0.918918918918919,0.9444444444444444,0.8947368421052632,0.972972972972973,1.0,0.9473684210526315,0.972972972972973,1.0,0.9473684210526315
5,2,25,gradient,0.975,0.9924573243350536,36,-1.0,1.0,0.972972972972973,1.0,0.9473684210526315,0.972972972972973,1.0,0.9473684210526315,0.972972972972973,1.0,0.9473684210526315
5,2,25,gradient,0.99,0.9924573243350536,26,0.0,0.0,0.8125000000000001,1.0,0.6842105263157895,0.8125000000000001,1.0,0.6842105263157895,0.8125000000000001,1.0,0.6842105263157895
5,3,25,gradient,0.5,0.9887284951552304,272,-72.0,72.0,0.0,0.0,0.0,0.0,0.0,0.0,0.24516129032258066,0.13970588235294118,1.0
5,3,25,gradient,0.6,0.9887284951552304,215,-68.0,68.0,0.0,0.0,0.0,0.0,0.0,0.0,0.3003952569169961,0.17674418604651163,1.0
5,3,25,gradient,0.7,0.9887284951552304,154,-66.0,66.0,0.0,0.0,0.0,0.0,0.0,0.0,0.3958333333333333,0.24675324675324675,1.0
5,3,25,gradient,0.75,0.9887284951552304,102,-53.0,53.0,0.0,0.0,0.0,0.0,0.0,0.0,0.5428571428571428,0.37254901960784315,1.0
5,3,25,gradient,0.8,0.9887284951552304,54,-22.0,22.0,0.0,0.0,0.0,0.0,0.0,0.0,0.782608695652174,0.6666666666666666,0.9473684210526315
5,3,25,gradient,0.85,0.9887284951552304,36,-17.0,17.0,0.0,0.0,0.0,0.0,0.0,0.0,0.972972972972973,1.0,0.9473684210526315
5,3,25,gradient,0.9,0.9887284951552304,36,-9.0,9.0,0.10810810810810811,0.1111111111111111,0.10526315789473684,0.7027027027027027,0.7222222222222222,0.6842105263157895,0.972972972972973,1.0,0.9473684210526315
5,3,25,gradient,0.925,0.9887284951552304,36,-6.5,6.5,0.3243243243243243,0.3333333333333333,0.3157894736842105,0.972972972972973,1.0,0.9473684210526315,0.972972972972973,1.0,0.9473684210526315
5,3,25,gradient,0.95,0.9887284951552304,36,-3.0,3.0,0.972972972972973,1.0,0.9473684210526315,0.972972972972973,1.0,0.9473684210526315,0.972972972972973,1.0,0.9473684210526315
5,3,25,gradient,0.975,0.9887284951552304,36,-1.0,1.0,0.972972972972973,1.0,0.9473684210526315,0.972972972972973,1.0,0.9473684210526315,0.972972972972973,1.0,0.9473684210526315
5,3,25,gradient,0.99,0.9887284951552304,26,1.0,1.0,0.8125000000000001,1.0,0.6842105263157895,0.8125000000000001,1.0,0.6842105263157895,0.8125000000000001,1.0,0.6842105263157895
5,4,25,gradient,0.5,0.9850275807722616,285,-78.0,78.0,0.0,0.0,0.0,0.0,0.0,0.0,0.23529411764705882,0.13333333333333333,1.0
5,4,25,gradient,0.6,0.9850275807722616,231,-75.0,75.0,0.0,0.0,0.0,0.0,0.0,0.0,0.2825278810408922,0.1645021645021645,1.0
5,4,25,gradient,0.7,0.9850275807722616,164,-69.5,69.5,0.0,0.0,0.0,0.0,0.0,0.0,0.37623762376237624,0.23170731707317074,1.0
5,4,25,gradient,0.75,0.9850275807722616,98,-53.5,53.5,0.0,0.0,0.0,0.0,0.0,0.0,0.5294117647058824,0.3673469387755102,0.9473684210526315
5,4,25,gradient,0.8,0.9850275807722616,52,-21.0,21.0,0.0,0.0,0.0,0.0,0.0,0.0,0.7999999999999999,0.6923076923076923,0.9473684210526315
5,4,25,gradient,0.85,0.9850275807722616,36,-17.0,17.0,0.0,0.0,0.0,0.0,0.0,0.0,0.972972972972973,1.0,0.9473684210526315
5,4,25,gradient,0.9,0.9850275807722616,36,-9.0,9.0,0.05405405405405406,0.05555555555555555,0.05263157894736842,0.8378378378378377,0.8611111111111112,0.8157894736842105,0.972972972972973,1.0,0.9473684210526315
5,4,25,gradient,0.925,0.9850275807722616,36,-6.0,6.0,0.37837837837837834,0.3888888888888889,0.3684210526315789,0.972972972972973,1.0,0.9473684210526315,0.972972972972973,1.0,0.9473684210526315
5,4,25,gradient,0.95,0.9850275807722616,36,-2.5,2.5,0.972972972972973,1.0,0.9473684210526315,0.972972972972973,1.0,0.9473684210526315,0.972972972972973,1.0,0.9473684210526315
5,4,25,gradient,0.975,0.9850275807722616,36,0.0,0.0,0.972972972972973,1.0,0.9473684210526315,0.972972972972973,1.0,0.9473684210526315,0.972972972972973,1.0,0.9473684210526315
5,4,25,gradient,0.99,0.9850275807722616,25,1.0,1.0,0.7936507936507937,1.0,0.6578947368421053,0.7936507936507937,1.0,0.6578947368421053,0.7936507936507937,1.0,0.6578947368421053
5,5,25,gradient,0.5,0.9813542688910697,257,-75.0,75.0,0.0,0.0,0.0,0.0,0.0,0.0,0.25762711864406784,0.14785992217898833,1.0
5,5,25,gradient,0.6,0.9813542688910697,195,-84.0,84.0,0.0,0.0,0.0,0.0,0.0,0.0,0.3261802575107296,0.19487179487179487,1.0
5,5,25,gradient,0.7,0.9813542688910697,138,-59.5,59.5,0.0,0.0,0.0,0.0,0.0,0.0,0.4318181818181819,0.2753623188405797,1.0
5,5,25,gradient,0.75,0.9813542688910697,88,-32.5,32.5,0.0,0.0,0.0,0.0,0.0,0.0,0.5714285714285715,0.4090909090909091,0.9473684210526315
5,5,25,gradient,0.8,0.9813542688910697,46,-20.0,20.0,0.0,0.0,0.0,0.0,0.0,0.0,0.8571428571428571,0.782608695652174,0.9473684210526315
5,5,25,gradient,0.85,0.9813542688910697,36,-17.0,17.0,0.0,0.0,0.0,0.0,0.0,0.0,0.972972972972973,1.0,0.9473684210526315
5,5,25,gradient,0.9,0.9813542688910697,36,-9.0,9.0,0.13513513513513511,0.1388888888888889,0.13157894736842105,0.8648648648648649,0.8888888888888888,0.8421052631578947,0.972972972972973,1.0,0.9473684210526315
5,5,25,gradient,0.925,0.9813542688910697,36,-5.5,5.5,0.4864864864864865,0.5,0.47368421052631576,0.972972972972973,1.0,0.9473684210526315,0.972972972972973,1.0,0.9473684210526315
5,5,25,gradient,0.95,0.9813542688910697,36,-2.0,2.0,0.972972972972973,1.0,0.9473684210526315,0.972972972972973,1.0,0.9473684210526315,0.972972972972973,1.0,0.9473684210526315
5,5,25,gradient,0.975,0.9813542688910697,36,0.0,0.0,0.972972972972973,1.0,0.9473684210526315,0.972972972972973,1.0,0.9473684210526315,0.972972972972973,1.0,0.9473684210526315
5,5,25,gradient,0.99,0.9813542688910697,20,1.5,1.5,0.6896551724137931,1.0,0.5263157894736842,0.6896551724137931,1.0,0.5263157894736842,0.6896551724137931,1.0,0.5263157894736842
5,6,25,gradient,0.5,0.9777082518576456,266,-73.5,73.5,0.0,0.0,0.0,0.0,0.0,0.0,0.25,0.14285714285714285,1.0
5,6,25,gradient,0.6,0.9777082518576456,222,-83.5,83.5,0.0,0.0,0.0,0.0,0.0,0.0,0.2923076923076923,0.17117117117117117,1.0
5,6,25,gradient,0.7,0.9777082518576456,139,-56.0,56.0,0.0,0.0,0.0,0.0,0.0,0.0,0.4293785310734463,0.2733812949640288,1.0
5,6,25,gradient,0.75,0.9777082518576456,90,-43.0,43.0,0.0,0.0,0.0,0.0,0.0,0.0,0.5625,0.4,0.9473684210526315
5,6,25,gradient,0.8,0.9777082518576456,42,-19.0,19.0,0.0,0.0,0.0,0.0,0.0,0.0,0.9,0.8571428571428571,0.9473684210526315
5,6,25,gradient,0.85,0.9777082518576456,36,-16.0,16.0,0.0,0.0,0.0,0.0,0.0,0.0,0.972972972972973,1.0,0.9473684210526315
5,6,25,gradient,0.9,0.9777082518576456,36,-8.5,8.5,0.10810810810810811,0.1111111111111111,0.10526315789473684,0.972972972972973,1.0,0.9473684210526315,0.972972972972973,1.0,0.9473684210526315
5,6,25,gradient,0.925,0.9777082518576456,36,-4.5,4.5,0.5945945945945946,0.6111111111111112,0.5789473684210527,0.972972972972973,1.0,0.9473684210526315,0.972972972972973,1.0,0.9473684210526315
5,6,25,gradient,0.95,0.9777082518576456,36,-1.0,1.0,0.972972972972973,1.0,0.9473684210526315,0.972972972972973,1.0,0.9473684210526315,0.972972972972973,1.0,0.9473684210526315
5,6,25,gradient,0.975,0.9777082518576456,36,0.0,0.5,0.972972972972973,1.0,0.9473684210526315,0.972972972972973,1.0,0.9473684210526315,0.972972972972973,1.0,0.9473684210526315
5,6,25,gradient,0.99,0.9777082518576456,22,2.0,2.0,0.7333333333333334,1.0,0.5789473684210527,0.7333333333333334,1.0,0.5789473684210527,0.7333333333333334,1.0,0.5789473684210527
5,7,25,gradient,0.5,0.9740892265731541,258,-72.0,72.0,0.0,0.0,0.0,0.0,0.0,0.0,0.25675675675675674,0.14728682170542637,1.0
5,7,25,gradient,0.6,0.9740892265731541,222,-69.5,69.5,0.0,0.0,0.0,0.0,0.0,0.0,0.2923076923076923,0.17117117117117117,1.0
5,7,25,gradient,0.7,0.9740892265731541,132,-56.5,56.5,0.0,0.0,0.0,0.0,0.0,0.0,0.4235294117647058,0.2727272727272727,0.9473684210526315
5,7,25,gradient,0.75,0.9740892265731541,81,-41.0,41.0,0.0,0.0,0.0,0.0,0.0,0.0,0.6050420168067226,0.4444444444444444,0.9473684210526315
5,7,25,gradient,0.8,0.9740892265731541,46,-18.0,18.0,0.0,0.0,0.0,0.0,0.0,0.0,0.8571428571428571,0.782608695652174,0.9473684210526315
5,7,25,gradient,0.85,0.9740892265731541,36,-15.5,15.5,0.0,0.0,0.0,0.0,0.0,0.0,0.972972972972973,1.0,0.9473684210526315
5,7,25,gradient,0.9,0.9740892265731541,36,-8.0,8.0,0.16216216216216214,0.16666666666666666,0.15789473684210525,0.972972972972973,1.0,0.9473684210526315,0.972972972972973,1.0,0.9473684210526315
5,7,25,gradient,0.925,0.9740892265731541,36,-4.0,4.0,0.7297297297297298,0.75,0.7105263157894737,0.972972972972973,1.0,0.9473684210526315,0.972972972972973,1.0,0.9473684210526315
5,7,25,gradient,0.95,0.9740892265731541,36,-1.0,1.0,0.972972972972973,1.0,0.9473684210526315,0.972972972972973,1.0,0.9473684210526315,0.972972972972973,1.0,0.9473684210526315
5,7,25,gradient,0.975,0.9740892265731541,36,1.0,1.0,0.972972972972973,1.0,0.9473684210526315,0.972972972972973,1.0,0.9473684210526315,0.972972972972973,1.0,0.9473684210526315
5,7,25,gradient,0.99,0.9740892265731541,18,2.0,2.0,0.6428571428571429,1.0,0.47368421052631576,0.6428571428571429,1.0,0.47368421052631576,0.6428571428571429,1.0,0.47368421052631576
5,8,25,gradient,0.5,0.9704968944099379,291,-69.0,69.0,0.0,0.0,0.0,0.0,0.0,0.0,0.23100303951367782,0.13058419243986255,1.0
5,8,25,gradient,0.6,0.9704968944099379,237,-67.0,67.0,0.0,0.0,0.0,0.0,0.0,0.0,0.27636363636363637,0.16033755274261605,1.0
5,8,25,gradient,0.7,0.9704968944099379,152,-47.5,47.5,0.0,0.0,0.0,0.0,0.0,0.0,0.4,0.25,1.0
5,8,25,gradient,0.75,0.9704968944099379,97,-46.0,46.0,0.0,0.0,0.0,0.0,0.0,0.0,0.562962962962963,0.3917525773195876,1.0
5,8,25,gradient,0.8,0.9704968944099379,40,-17.0,17.0,0.0,0.0,0.0,0.0,0.0,0.0,0.9230769230769231,0.9,0.9473684210526315
5,8,25,gradient,0.85,0.9704968944099379,36,-15.0,15.0,0.0,0.0,0.0,0.0,0.0,0.0,0.972972972972973,1.0,0.9473684210526315
5,8,25,gradient,0.9,0.9704968944099379,36,-8.0,8.0,0.08108108108108107,0.08333333333333333,0.07894736842105263,0.972972972972973,1.0,0.9473684210526315,0.972972972972973,1.0,0.9473684210526315
5,8,25,gradient,0.925,0.9704968944099379,36,-4.5,4.5,0.8108108108108109,0.8333333333333334,0.7894736842105263,0.972972972972973,1.0,0.9473684210526315,0.972972972972973,1.0,0.9473684210526315
5,8,25,gradient,0.95,0.9704968944099379,36,-2.0,2.0,0.972972972972973,1.0,0.9473684210526315,0.972972972972973,1.0,0.9473684210526315,0.972972972972973,1.0,0.9473684210526315
5,8,25,gradient,0.975,0.9704968944099379,36,2.0,2.0,0.972972972972973,1.0,0.9473684210526315,0.972972972972973,1.0,0.9473684210526315,0.972972972972973,1.0,0.9473684210526315
5,8,25,gradient,0.99,0.9704968944099379,23,3.0,3.0,0.7540983606557378,1.0,0.6052631578947368,0.7540983606557378,1.0,0.6052631578947368,0.7540983606557378,1.0,0.6052631578947368
5,9,25,gradient,0.5,0.9669309611293754,281,-72.0,72.0,0.0,0.0,0.0,0.0,0.0,0.0,0.2382445141065831,0.13523131672597866,1.0
5,9,25,gradient,0.6,0.9669309611293754,222,-67.0,67.0,0.0,0.0,0.0,0.0,0.0,0.0,0.2923076923076923,0.17117117117117117,1.0
5,9,25,gradient,0.7,0.9669309611293754,155,-72.0,72.0,0.0,0.0,0.0,0.0,0.0,0.0,0.39378238341968913,0.24516129032258063,1.0
5,9,25,gradient,0.75,0.9669309611293754,111,-55.0,55.0,0.0,0.0,0.0,0.0,0.0,0.0,0.5100671140939597,0.34234234234234234,1.0
5,9,25,gradient,0.8,0.9669309611293754,41,-16.0,16.0,0.0,0.0,0.0,0.0,0.0,0.0,0.9113924050632912,0.8780487804878049,0.9473684210526315
5,9,25,gradient,0.85,0.9669309611293754,36,-15.0,15.0,0.0,0.0,0.0,0.0,0.0,0.0,0.972972972972973,1.0,0.9473684210526315
5,9,25,gradient,0.9,0.9669309611293754,36,-7.0,7.0,0.08108108108108107,0.08333333333333333,0.07894736842105263,0.972972972972973,1.0,0.9473684210526315,0.972972972972973,1.0,0.9473684210526315
5,9,25,gradient,0.925,0.9669309611293754,36,-4.0,4.0,0.918918918918919,0.9444444444444444,0.8947368421052632,0.972972972972973,1.0,0.9473684210526315,0.972972972972973,1.0,0.9473684210526315
5,9,25,gradient,0.95,0.9669309611293754,36,-1.0,1.0,0.972972972972973,1.0,0.9473684210526315,0.972972972972973,1.0,0.9473684210526315,0.972972972972973,1.0,0.9473684210526315
5,9,25,gradient,0.975,0.9669309611293754,34,2.0,2.0,0.9444444444444444,1.0,0.8947368421052632,0.9444444444444444,1.0,0.8947368421052632,0.9444444444444444,1.0,0.8947368421052632
5,9,25,gradient,0.99,0.9669309611293754,16,2.5,2.5,0.5925925925925926,1.0,0.42105263157894735,0.5925925925925926,1.0,0.42105263157894735,0.5925925925925926,1.0,0.42105263157894735
5,10,25,gradient,0.5,0.9633911368015414,267,-69.0,69.0,0.0,0.0,0.0,0.0,0.0,0.0,0.24918032786885247,0.14232209737827714,1.0
5,10,25,gradient,0.6,0.9633911368015414,208,-69.0,69.0,0.0,0.0,0.0,0.0,0.0,0.0,0.30894308943089427,0.18269230769230768,1.0
5,10,25,gradient,0.7,0.9633911368015414,125,-51.0,51.0,0.0,0.0,0.0,0.0,0.0,0.0,0.4662576687116564,0.304,1.0
5,10,25,gradient,0.75,0.9633911368015414,73,-31.0,31.0,0.0,0.0,0.0,0.0,0.0,0.0,0.6486486486486486,0.4931506849315068,0.9473684210526315
5,10,25,gradient,0.8,0.9633911368015414,40,-15.0,15.0,0.0,0.0,0.0,0.0,0.0,0.0,0.9230769230769231,0.9,0.9473684210526315
5,10,25,gradient,0.85,0.9633911368015414,36,-14.0,14.0,0.0,0.0,0.0,0.0,0.0,0.0,0.972972972972973,1.0,0.9473684210526315
5,10,25,gradient,0.9,0.9633911368015414,36,-6.5,6.5,0.27027027027027023,0.2777777777777778,0.2631578947368421,0.972972972972973,1.0,0.9473684210526315,0.972972972972973,1.0,0.9473684210526315
5,10,25,gradient,0.925,0.9633911368015414,36,-3.0,3.0,0.9459459459459458,0.9722222222222222,0.9210526315789473,0.972972972972973,1.0,0.9473684210526315,0.972972972972973,1.0,0.9473684210526315
5,10,25,gradient,0.95,0.9633911368015414,36,-1.0,1.0,0.972972972972973,1.0,0.9473684210526315,0.972972972972973,1.0,0.9473684210526315,0.972972972972973,1.0,0.9473684210526315
5,10,25,gradient,0.975,0.9633911368015414,34,2.0,2.0,0.9444444444444444,1.0,0.8947368421052632,0.9444444444444444,1.0,0.8947368421052632,0.9444444444444444,1.0,0.8947368421052632
5,10,25,gradient,0.99,0.9633911368015414,19,4.0,4.0,0.6666666666666666,1.0,0.5,0.6666666666666666,1.0,0.5,0.6666666666666666,1.0,0.5
5,11,25,gradient,0.5,0.959877135726627,307,-78.0,78.0,0.0,0.0,0.0,0.0,0.0,0.0,0.22028985507246376,0.1237785016286645,1.0
5,11,25,gradient,0.6,0.959877135726627,216,-77.0,77.0,0.0,0.0,0.0,0.0,0.0,0.0,0.2992125984251968,0.17592592592592593,1.0
5,11,25,gradient,0.7,0.959877135726627,138,-76.5,76.5,0.0,0.0,0.0,0.0,0.0,0.0,0.4318181818181819,0.2753623188405797,1.0
5,11,25,gradient,0.75,0.959877135726627,85,-49.0,49.0,0.0,0.0,0.0,0.0,0.0,0.0,0.5853658536585366,0.4235294117647059,0.9473684210526315
5,11,25,gradient,0.8,0.959877135726627,42,-14.0,14.0,0.0,0.0,0.0,0.0,0.0,0.0,0.9,0.8571428571428571,0.9473684210526315
5,11,25,gradient,0.85,0.959877135726627,36,-13.5,13.5,0.0,0.0,0.0,0.0,0.0,0.0,0.972972972972973,1.0,0.9473684210526315
5,11,25,gradient,0.9,0.959877135726627,36,-7.0,7.0,0.18918918918918917,0.19444444444444445,0.18421052631578946,0.972972972972973,1.0,0.9473684210526315,0.972972972972973,1.0,0.9473684210526315
5,11,25,gradient,0.925,0.959877135726627,36,-3.0,3.0,0.972972972972973,1.0,0.9473684210526315,0.972972972972973,1.0,0.9473684210526315,0.972972972972973,1.0,0.9473684210526315
5,11,25,gradient,0.95,0.959877135726627,36,0.0,1.0,0.972972972972973,1.0,0.9473684210526315,0.972972972972973,1.0,0.9473684210526315,0.972972972972973,1.0,0.9473684210526315
5,11,25,gradient,0.975,0.959877135726627,36,3.0,3.0,0.972972972972973,1.0,0.9473684210526315,0.972972972972973,1.0,0.9473684210526315,0.972972972972973,1.0,0.9473684210526315
5,11,25,gradient,0.99,0.959877135726627,18,4.0,4.0,0.6428571428571429,1.0,0.47368421052631576,0.6428571428571429,1.0,0.47368421052631576,0.6428571428571429,1.0,0.47368421052631576
5,12,25,gradient,0.5,0.9563886763580719,256,-76.5,76.5,0.0,0.0,0.0,0.006802721088435374,0.00390625,0.02631578947368421,0.2585034013605442,0.1484375,1.0
5,12,25,gradient,0.6,0.9563886763580719,189,-74.0,74.0,0.0,0.0,0.0,0.00881057268722467,0.005291005291005291,0.02631578947368421,0.33480176211453744,0.20105820105820105,1.0
5,12,25,gradient,0.7,0.9563886763580719,105,-48.0,48.0,0.0,0.0,0.0,0.013986013986013986,0.009523809523809525,0.02631578947368421,0.5314685314685315,0.3619047619047619,1.0
5,12,25,gradient,0.75,0.9563886763580719,70,-15.0,15.0,0.0,0.0,0.0,0.018518518518518517,0.014285714285714285,0.02631578947368421,0.7037037037037037,0.5428571428571428,1.0
5,12,25,gradient,0.8,0.9563886763580719,47,-13.0,13.0,0.0,0.0,0.0,0.023529411764705882,0.02127659574468085,0.02631578947368421,0.8941176470588235,0.8085106382978723,1.0
5,12,25,gradient,0.85,0.9563886763580719,36,-13.0,13.0,0.0,0.0,0.0,0.02702702702702703,0.027777777777777776,0.02631578947368421,0.972972972972973,1.0,0.9473684210526315
5,12,25,gradient,0.9,0.9563886763580719,36,-6.0,6.0,0.43243243243243246,0.4444444444444444,0.42105263157894735,0.972972972972973,1.0,0.9473684210526315,0.972972972972973,1.0,0.9473684210526315
5,12,25,gradient,0.925,0.9563886763580719,36,-3.0,3.0,0.972972972972973,1.0,0.9473684210526315,0.972972972972973,1.0,0.9473684210526315,0.972972972972973,1.0,0.9473684210526315
5,12,25,gradient,0.95,0.9563886763580719,36,0.0,1.0,0.972972972972973,1.0,0.9473684210526315,0.972972972972973,1.0,0.9473684210526315,0.972972972972973,1.0,0.9473684210526315
5,12,25,gradient,0.975,0.9563886763580719,36,4.0,4.0,0.918918918918919,0.9444444444444444,0.8947368421052632,0.972972972972973,1.0,0.9473684210526315,0.972972972972973,1.0,0.9473684210526315
5,12,25,gradient,0.99,0.9563886763580719,18,4.0,4.0,0.5357142857142857,0.8333333333333334,0.39473684210526316,0.6428571428571429,1.0,0.47368421052631576,0.6428571428571429,1.0,0.47368421052631576
5,13,25,gradient,0.5,0.952925481227368,296,-81.0,81.0,0.0,0.0,0.0,0.011976047904191617,0.006756756756756757,0.05263157894736842,0.22754491017964074,0.12837837837837837,1.0
5,13,25,gradient,0.6,0.952925481227368,234,-83.5,83.5,0.0,0.0,0.0,0.014705882352941178,0.008547008547008548,0.05263157894736842,0.27941176470588236,0.1623931623931624,1.0
5,13,25,gradient,0.7,0.952925481227368,142,-58.0,58.0,0.0,0.0,0.0,0.022222222222222223,0.014084507042253521,0.05263157894736842,0.42222222222222217,0.2676056338028169,1.0
5,13,25,gradient,0.75,0.952925481227368,89,-46.0,46.0,0.0,0.0,0.0,0.031496062992125984,0.02247191011235955,0.05263157894736842,0.5984251968503937,0.42696629213483145,1.0
5,13,25,gradient,0.8,0.952925481227368,36,-12.0,12.0,0.0,0.0,0.0,0.05405405405405406,0.05555555555555555,0.05263157894736842,0.972972972972973,1.0,0.9473684210526315
5,13,25,gradient,0.85,0.952925481227368,36,-12.0,12.0,0.0,0.0,0.0,0.05405405405405406,0.05555555555555555,0.05263157894736842,0.972972972972973,1.0,0.9473684210526315
5,13,25,gradient,0.9,0.952925481227368,36,-6.0,6.0,0.40540540540540543,0.4166666666666667,0.39473684210526316,0.972972972972973,1.0,0.9473684210526315,0.972972972972973,1.0,0.9473684210526315
5,13,25,gradient,0.925,0.952925481227368,36,-2.0,2.0,0.972972972972973,1.0,0.9473684210526315,0.972972972972973,1.0,0.9473684210526315,0.972972972972973,1.0,0.9473684210526315
5,13,25,gradient,0.95,0.952925481227368,36,1.0,1.0,0.972972972972973,1.0,0.9473684210526315,0.972972972972973,1.0,0.9473684210526315,0.972972972972973,1.0,0.9473684210526315
5,13,25,gradient,0.975,0.952925481227368,35,4.0,4.0,0.8493150684931505,0.8857142857142857,0.8157894736842105,0.958904109589041,1.0,0.9210526315789473,0.958904109589041,1.0,0.9210526315789473
5,13,25,gradient,0.99,0.952925481227368,21,5.0,5.0,0.44067796610169496,0.6190476190476191,0.34210526315789475,0.711864406779661,1.0,0.5526315789473685,0.711864406779661,1.0,0.5526315789473685
5,14,25,gradient,0.5,0.94948727687049,278,-81.0,81.0,0.0,0.0,0.0,0.08227848101265824,0.046762589928057555,0.34210526315789475,0.24050632911392406,0.1366906474820144,1.0
5,14,25,gradient,0.6,0.94948727687049,211,-66.0,66.0,0.0,0.0,0.0,0.1044176706827309,0.061611374407582936,0.34210526315789475,0.3052208835341365,0.18009478672985782,1.0
5,14,25,gradient,0.7,0.94948727687049,133,-54.0,54.0,0.0,0.0,0.0,0.15204678362573099,0.09774436090225563,0.34210526315789475,0.4444444444444445,0.2857142857142857,1.0
5,14,25,gradient,0.75,0.94948727687049,91,-29.0,29.0,0.0,0.0,0.0,0.20155038759689922,0.14285714285714285,0.34210526315789475,0.5891472868217055,0.4175824175824176,1.0
5,14,25,gradient,0.8,0.94948727687049,37,-11.0,11.0,0.0,0.0,0.0,0.32,0.32432432432432434,0.3157894736842105,0.9599999999999999,0.972972972972973,0.9473684210526315
5,14,25,gradient,0.85,0.94948727687049,36,-11.0,11.0,0.0,0.0,0.0,0.35135135135135137,0.3611111111111111,0.34210526315789475,0.972972972972973,1.0,0.9473684210526315
5,14,25,gradient,0.9,0.94948727687049,36,-5.0,5.0,0.6486486486486486,0.6666666666666666,0.631578947368421,0.972972972972973,1.0,0.9473684210526315,0.972972972972973,1.0,0.9473684210526315
5,14,25,gradient,0.925,0.94948727687049,36,-2.0,2.0,0.972972972972973,1.0,0.9473684210526315,0.972972972972973,1.0,0.9473684210526315,0.972972972972973,1.0,0.9473684210526315
5,14,25,gradient,0.95,0.94948727687049,36,1.0,1.0,0.972972972972973,1.0,0.9473684210526315,0.972972972972973,1.0,0.9473684210526315,0.972972972972973,1.0,0.9473684210526315
5,14,25,gradient,0.975,0.94948727687049,34,4.0,4.0,0.8055555555555555,0.8529411764705882,0.7631578947368421,0.9444444444444444,1.0,0.8947368421052632,0.9444444444444444,1.0,0.8947368421052632
5,14,25,gradient,0.99,0.94948727687049,21,6.0,6.0,0.30508474576271183,0.42857142857142855,0.23684210526315788,0.711864406779661,1.0,0.5526315789473685,0.711864406779661,1.0,0.5526315789473685
5,15,25,gradient,0.5,0.9460737937559129,277,-71.0,71.0,0.0,0.0,0.0,0.15238095238095237,0.08664259927797834,0.631578947368421,0.2412698412698413,0.1371841155234657,1.0
5,15,25,gradient,0.6,0.9460737937559129,252,-62.5,62.5,0.0,0.0,0.0,0.16551724137931034,0.09523809523809523,0.631578947368421,0.2620689655172414,0.15079365079365079,1.0
5,15,25,gradient,0.7,0.9460737937559129,139,-52.0,52.0,0.0,0.0,0.0,0.2711864406779661,0.17266187050359713,0.631578947368421,0.4293785310734463,0.2733812949640288,1.0
5,15,25,gradient,0.75,0.9460737937559129,79,-24.0,24.0,0.0,0.0,0.0,0.41025641025641024,0.3037974683544304,0.631578947368421,0.6495726495726496,0.4810126582278481,1.0
5,15,25,gradient,0.8,0.9460737937559129,36,-10.0,10.0,0.0,0.0,0.0,0.6216216216216216,0.6388888888888888,0.6052631578947368,0.972972972972973,1.0,0.9473684210526315
5,15,25,gradient,0.85,0.9460737937559129,36,-10.0,10.0,0.0,0.0,0.0,0.7027027027027027,0.7222222222222222,0.6842105263157895,0.972972972972973,1.0,0.9473684210526315
5,15,25,gradient,0.9,0.9460737937559129,36,-5.0,5.0,0.6216216216216216,0.6388888888888888,0.6052631578947368,0.972972972972973,1.0,0.9473684210526315,0.972972972972973,1.0,0.9473684210526315
5,15,25,gradient,0.925,0.9460737937559129,36,-1.0,1.0,0.972972972972973,1.0,0.9473684210526315,0.972972972972973,1.0,0.9473684210526315,0.972972972972973,1.0,0.9473684210526315
5,15,25,gradient,0.95,0.9460737937559129,36,2.0,2.0,0.972972972972973,1.0,0.9473684210526315,0.972972972972973,1.0,0.9473684210526315,0.972972972972973,1.0,0.9473684210526315
5,15,25,gradient,0.975,0.9460737937559129,34,5.0,5.0,0.6666666666666667,0.7058823529411765,0.631578947368421,0.9444444444444444,1.0,0.8947368421052632,0.9444444444444444,1.0,0.8947368421052632
5,15,25,gradient,0.99,0.9460737937559129,17,6.0,6.0,0.2545454545454545,0.4117647058823529,0.18421052631578946,0.6181818181818182,1.0,0.4473684210526316,0.6181818181818182,1.0,0.4473684210526316
5,16,25,gradient,0.5,0.942684766214178,290,-72.5,72.5,0.0,0.0,0.0,0.16463414634146345,0.09310344827586207,0.7105263157894737,0.23170731707317074,0.1310344827586207,1.0
5,16,25,gradient,0.6,0.942684766214178,215,-61.0,61.0,0.0,0.0,0.0,0.21343873517786566,0.12558139534883722,0.7105263157894737,0.3003952569169961,0.17674418604651163,1.0
5,16,25,gradient,0.7,0.942684766214178,134,-58.5,58.5,0.0,0.0,0.0,0.313953488372093,0.20149253731343283,0.7105263157894737,0.4418604651162791,0.2835820895522388,1.0
5,16,25,gradient,0.75,0.942684766214178,92,-34.0,34.0,0.0,0.0,0.0,0.4153846153846154,0.29347826086956524,0.7105263157894737,0.5846153846153846,0.41304347826086957,1.0
5,16,25,gradient,0.8,0.942684766214178,36,-9.0,9.0,0.0,0.0,0.0,0.7027027027027027,0.7222222222222222,0.6842105263157895,0.972972972972973,1.0,0.9473684210526315
5,16,25,gradient,0.85,0.942684766214178,36,-9.0,9.0,0.0,0.0,0.0,0.7567567567567567,0.7777777777777778,0.7368421052631579,0.972972972972973,1.0,0.9473684210526315
5,16,25,gradient,0.9,0.942684766214178,36,-4.0,4.0,0.8378378378378377,0.8611111111111112,0.8157894736842105,0.972972972972973,1.0,0.9473684210526315,0.972972972972973,1.0,0.9473684210526315
5,16,25,gradient,0.925,0.942684766214178,36,-1.0,1.0,0.972972972972973,1.0,0.9473684210526315,0.972972972972973,1.0,0.9473684210526315,0.972972972972973,1.0,0.9473684210526315
5,16,25,gradient,0.95,0.942684766214178,36,2.0,2.0,0.972972972972973,1.0,0.9473684210526315,0.972972972972973,1.0,0.9473684210526315,0.972972972972973,1.0,0.9473684210526315
5,16,25,gradient,0.975,0.942684766214178,32,5.0,5.0,0.5142857142857142,0.5625,0.47368421052631576,0.9142857142857143,1.0,0.8421052631578947,0.9142857142857143,1.0,0.8421052631578947
5,16,25,gradient,0.99,0.942684766214178,20,7.0,7.0,0.10344827586206896,0.15,0.07894736842105263,0.6896551724137931,1.0,0.5263157894736842,0.6896551724137931,1.0,0.5263157894736842
5,17,25,gradient,0.5,0.9393199323689648,254,-81.0,81.0,0.0,0.0,0.0,0.19863013698630136,0.1141732283464567,0.7631578947368421,0.26027397260273977,0.14960629921259844,1.0
5,17,25,gradient,0.6,0.9393199323689648,200,-83.5,83.5,0.0,0.0,0.0,0.24369747899159663,0.145,0.7631578947368421,0.319327731092437,0.19,1.0
5,17,25,gradient,0.7,0.9393199323689648,133,-82.0,82.0,0.0,0.0,0.0,0.3391812865497076,0.21804511278195488,0.7631578947368421,0.4444444444444445,0.2857142857142857,1.0
5,17,25,gradient,0.75,0.9393199323689648,85,-35.0,35.0,0.0,0.0,0.0,0.47154471544715454,0.3411764705882353,0.7631578947368421,0.6178861788617886,0.4470588235294118,1.0
5,17,25,gradient,0.8,0.9393199323689648,36,-8.0,8.0,0.0,0.0,0.0,0.7837837837837838,0.8055555555555556,0.7631578947368421,0.972972972972973,1.0,0.9473684210526315
5,17,25,gradient,0.85,0.9393199323689648,36,-8.0,8.0,0.0,0.0,0.0,0.8918918918918918,0.9166666666666666,0.868421052631579,0.972972972972973,1.0,0.9473684210526315
5,17,25,gradient,0.9,0.9393199323689648,36,-4.0,4.0,0.918918918918919,0.9444444444444444,0.8947368421052632,0.972972972972973,1.0,0.9473684210526315,0.972972972972973,1.0,0.9473684210526315
5,17,25,gradient,0.925,0.9393199323689648,36,-1.0,1.0,0.972972972972973,1.0,0.9473684210526315,0.972972972972973,1.0,0.9473684210526315,0.972972972972973,1.0,0.9473684210526315
5,17,25,gradient,0.95,0.9393199323689648,36,3.0,3.0,0.972972972972973,1.0,0.9473684210526315,0.972972972972973,1.0,0.9473684210526315,0.972972972972973,1.0,0.9473684210526315
5,17,25,gradient,0.975,0.9393199323689648,36,6.0,6.0,0.27027027027027023,0.2777777777777778,0.2631578947368421,0.972972972972973,1.0,0.9473684210526315,0.972972972972973,1.0,0.9473684210526315
5,17,25,gradient,0.99,0.9393199323689648,18,7.0,7.0,0.07142857142857142,0.1111111111111111,0.05263157894736842,0.6428571428571429,1.0,0.47368421052631576,0.6428571428571429,1.0,0.47368421052631576
5,18,25,gradient,0.5,0.9359790340696368,264,-67.5,67.5,0.026490066225165563,0.015151515151515152,0.10526315789473684,0.2450331125827814,0.14015151515151514,0.9736842105263158,0.25165562913907286,0.14393939393939395,1.0
5,18,25,gradient,0.6,0.9359790340696368,229,-65.0,65.0,0.029962546816479398,0.017467248908296942,0.10526315789473684,0.27715355805243447,0.1615720524017467,0.9736842105263158,0.28464419475655434,0.16593886462882096,1.0
5,18,25,gradient,0.7,0.9359790340696368,129,-50.0,50.0,0.03592814371257485,0.023255813953488372,0.07894736842105263,0.41916167664670656,0.2713178294573643,0.9210526315789473,0.4311377245508982,0.27906976744186046,0.9473684210526315
5,18,25,gradient,0.75,0.9359790340696368,83,-33.0,33.0,0.04958677685950413,0.03614457831325301,0.07894736842105263,0.578512396694215,0.42168674698795183,0.9210526315789473,0.5950413223140496,0.43373493975903615,0.9473684210526315
5,18,25,gradient,0.8,0.9359790340696368,36,-7.0,7.0,0.08108108108108107,0.08333333333333333,0.07894736842105263,0.9459459459459458,0.9722222222222222,0.9210526315789473,0.972972972972973,1.0,0.9473684210526315
5,18,25,gradient,0.85,0.9359790340696368,36,-7.0,7.0,0.08108108108108107,0.08333333333333333,0.07894736842105263,0.972972972972973,1.0,0.9473684210526315,0.972972972972973,1.0,0.9473684210526315
5,18,25,gradient,0.9,0.9359790340696368,36,-4.0,4.0,0.972972972972973,1.0,0.9473684210526315,0.972972972972973,1.0,0.9473684210526315,0.972972972972973,1.0,0.9473684210526315
5,18,25,gradient,0.925,0.9359790340696368,36,-1.0,1.0,0.972972972972973,1.0,0.9473684210526315,0.972972972972973,1.0,0.9473684210526315,0.972972972972973,1.0,0.9473684210526315
5,18,25,gradient,0.95,0.9359790340696368,36,3.0,3.0,0.9459459459459458,0.9722222222222222,0.9210526315789473,0.972972972972973,1.0,0.9473684210526315,0.972972972972973,1.0,0.9473684210526315
5,18,25,gradient,0.975,0.9359790340696368,33,6.0,6.0,0.28169014084507044,0.30303030303030304,0.2631578947368421,0.9295774647887324,1.0,0.868421052631579,0.9295774647887324,1.0,0.868421052631579
5,18,25,gradient,0.99,0.9359790340696368,19,8.0,8.0,0.10526315789473684,0.15789473684210525,0.07894736842105263,0.6666666666666666,1.0,0.5,0.6666666666666666,1.0,0.5
5,19,25,gradient,0.5,0.9326618168252192,275,-78.0,78.0,0.07028753993610225,0.04,0.2894736842105263,0.22364217252396165,0.12727272727272726,0.9210526315789473,0.24281150159744408,0.13818181818181818,1.0
5,19,25,gradient,0.6,0.9326618168252192,218,-72.0,72.0,0.0859375,0.05045871559633028,0.2894736842105263,0.2734375,0.16055045871559634,0.9210526315789473,0.296875,0.1743119266055046,1.0
5,19,25,gradient,0.7,0.9326618168252192,137,-52.0,52.0,0.12571428571428572,0.08029197080291971,0.2894736842105263,0.4,0.25547445255474455,0.9210526315789473,0.43428571428571433,0.2773722627737226,1.0
5,19,25,gradient,0.75,0.9326618168252192,79,-36.0,36.0,0.18803418803418803,0.13924050632911392,0.2894736842105263,0.5982905982905983,0.4430379746835443,0.9210526315789473,0.6495726495726496,0.4810126582278481,1.0
5,19,25,gradient,0.8,0.9326618168252192,36,-7.0,7.0,0.2972972972972973,0.3055555555555556,0.2894736842105263,0.8918918918918918,0.9166666666666666,0.868421052631579,0.972972972972973,1.0,0.9473684210526315
5,19,25,gradient,0.85,0.9326618168252192,36,-6.5,6.5,0.3243243243243243,0.3333333333333333,0.3157894736842105,0.972972972972973,1.0,0.9473684210526315,0.972972972972973,1.0,0.9473684210526315
5,19,25,gradient,0.9,0.9326618168252192,36,-3.0,3.0,0.972972972972973,1.0,0.9473684210526315,0.972972972972973,1.0,0.9473684210526315,0.972972972972973,1.0,0.9473684210526315
5,19,25,gradient,0.925,0.9326618168252192,36,0.0,0.5,0.972972972972973,1.0,0.9473684210526315,0.972972972972973,1.0,0.9473684210526315,0.972972972972973,1.0,0.9473684210526315
5,19,25,gradient,0.95,0.9326618168252192,36,4.0,4.0,0.972972972972973,1.0,0.9473684210526315,0.972972972972973,1.0,0.9473684210526315,0.972972972972973,1.0,0.9473684210526315
5,19,25,gradient,0.975,0.9326618168252192,34,7.0,7.0,0.08333333333333334,0.08823529411764706,0.07894736842105263,0.9444444444444444,1.0,0.8947368421052632,0.9444444444444444,1.0,0.8947368421052632
5,19,25,gradient,0.99,0.9326618168252192,17,8.0,8.0,0.03636363636363636,0.058823529411764705,0.02631578947368421,0.6181818181818182,1.0,0.4473684210526316,0.6181818181818182,1.0,0.4473684210526316
5,20,25,gradient,0.5,0.929368029739777,234,-67.5,67.5,0.16176470588235295,0.09401709401709402,0.5789473684210527,0.27941176470588236,0.1623931623931624,1.0,0.27941176470588236,0.1623931623931624,1.0
5,20,25,gradient,0.6,0.929368029739777,211,-67.0,67.0,0.17670682730923695,0.10426540284360189,0.5789473684210527,0.3052208835341365,0.18009478672985782,1.0,0.3052208835341365,0.18009478672985782,1.0
5,20,25,gradient,0.7,0.929368029739777,126,-57.5,57.5,0.26829268292682923,0.1746031746031746,0.5789473684210527,0.46341463414634143,0.30158730158730157,1.0,0.46341463414634143,0.30158730158730157,1.0
5,20,25,gradient,0.75,0.929368029739777,83,-32.0,32.0,0.36363636363636365,0.26506024096385544,0.5789473684210527,0.628099173553719,0.4578313253012048,1.0,0.628099173553719,0.4578313253012048,1.0
5,20,25,gradient,0.8,0.929368029739777,36,-5.0,5.0,0.5675675675675677,0.5833333333333334,0.5526315789473685,0.972972972972973,1.0,0.9473684210526315,0.972972972972973,1.0,0.9473684210526315
5,20,25,gradient,0.85,0.929368029739777,36,-5.0,5.0,0.5675675675675677,0.5833333333333334,0.5526315789473685,0.972972972972973,1.0,0.9473684210526315,0.972972972972973,1.0,0.9473684210526315
5,20,25,gradient,0.9,0.929368029739777,36,-3.0,3.0,0.972972972972973,1.0,0.9473684210526315,0.972972972972973,1.0,0.9473684210526315,0.972972972972973,1.0,0.9473684210526315
5,20,25,gradient,0.925,0.929368029739777,36,0.5,1.0,0.972972972972973,1.0,0.9473684210526315,0.972972972972973,1.0,0.9473684210526315,0.972972972972973,1.0,0.9473684210526315
5,20,25,gradient,0.95,0.929368029739777,36,4.0,4.0,0.8918918918918918,0.9166666666666666,0.868421052631579,0.972972972972973,1.0,0.9473684210526315,0.972972972972973,1.0,0.9473684210526315
5,20,25,gradient,0.975,0.929368029739777,34,7.0,7.0,0.08333333333333334,0.08823529411764706,0.07894736842105263,0.9444444444444444,1.0,0.8947368421052632,0.9444444444444444,1.0,0.8947368421052632
5,20,25,gradient,0.99,0.929368029739777,18,8.0,8.0,0.0,0.0,0.0,0.6071428571428572,0.9444444444444444,0.4473684210526316,0.6428571428571429,1.0,0.47368421052631576
5,21,25,gradient,0.5,0.9260974254491573,282,-69.5,69.5,0.16249999999999998,0.09219858156028368,0.6842105263157895,0.22499999999999995,0.1276595744680851,0.9473684210526315,0.2375,0.1347517730496454,1.0
5,21,25,gradient,0.6,0.9260974254491573,253,-66.0,66.0,0.17869415807560138,0.10276679841897234,0.6842105263157895,0.24742268041237114,0.1422924901185771,0.9473684210526315,0.26116838487972505,0.15019762845849802,1.0
5,21,25,gradient,0.7,0.9260974254491573,129,-47.0,47.0,0.31137724550898205,0.20155038759689922,0.6842105263157895,0.4311377245508982,0.27906976744186046,0.9473684210526315,0.45508982035928147,0.29457364341085274,1.0
5,21,25,gradient,0.75,0.9260974254491573,83,-34.0,34.0,0.4297520661157025,0.3132530120481928,0.6842105263157895,0.5950413223140496,0.43373493975903615,0.9473684210526315,0.628099173553719,0.4578313253012048,1.0
5,21,25,gradient,0.8,0.9260974254491573,36,-4.0,4.0,0.6486486486486486,0.6666666666666666,0.631578947368421,0.918918918918919,0.9444444444444444,0.8947368421052632,0.972972972972973,1.0,0.9473684210526315
5,21,25,gradient,0.85,0.9260974254491573,36,-4.0,4.0,0.6756756756756757,0.6944444444444444,0.6578947368421053,0.972972972972973,1.0,0.9473684210526315,0.972972972972973,1.0,0.9473684210526315
5,21,25,gradient,0.9,0.9260974254491573,36,-2.0,2.0,0.972972972972973,1.0,0.9473684210526315,0.972972972972973,1.0,0.9473684210526315,0.972972972972973,1.0,0.9473684210526315
5,21,25,gradient,0.925,0.9260974254491573,36,1.0,1.0,0.972972972972973,1.0,0.9473684210526315,0.972972972972973,1.0,0.9473684210526315,0.972972972972973,1.0,0.9473684210526315
5,21,25,gradient,0.95,0.9260974254491573,36,5.0,5.0,0.7297297297297298,0.75,0.7105263157894737,0.972972972972973,1.0,0.9473684210526315,0.972972972972973,1.0,0.9473684210526315
5,21,25,gradient,0.975,0.9260974254491573,34,8.0,8.0,0.027777777777777776,0.029411764705882353,0.02631578947368421,0.9166666666666667,0.9705882352941176,0.868421052631579,0.9444444444444444,1.0,0.8947368421052632
5,21,25,gradient,0.99,0.9260974254491573,15,8.0,8.0,0.0,0.0,0.0,0.4905660377358491,0.8666666666666667,0.34210526315789475,0.5660377358490566,1.0,0.39473684210526316
5,22,25,gradient,0.5,0.9228497600590624,244,-73.5,73.5,0.19858156028368792,0.11475409836065574,0.7368421052631579,0.2624113475177305,0.15163934426229508,0.9736842105263158,0.2695035460992908,0.1557377049180328,1.0
5,22,25,gradient,0.6,0.9228497600590624,180,-63.0,63.0,0.25688073394495414,0.15555555555555556,0.7368421052631579,0.33944954128440363,0.20555555555555555,0.9736842105263158,0.3486238532110092,0.2111111111111111,1.0
5,22,25,gradient,0.7,0.9228497600590624,118,-43.0,43.0,0.358974358974359,0.23728813559322035,0.7368421052631579,0.4743589743589744,0.3135593220338983,0.9736842105263158,0.4871794871794871,0.3220338983050847,1.0
5,22,25,gradient,0.75,0.9228497600590624,71,-9.0,9.0,0.5137614678899082,0.39436619718309857,0.7368421052631579,0.6788990825688074,0.5211267605633803,0.9736842105263158,0.6972477064220183,0.5352112676056338,1.0
5,22,25,gradient,0.8,0.9228497600590624,36,-4.0,4.0,0.7297297297297298,0.75,0.7105263157894737,0.9459459459459458,0.9722222222222222,0.9210526315789473,0.972972972972973,1.0,0.9473684210526315
5,22,25,gradient,0.85,0.9228497600590624,36,-4.0,4.0,0.7837837837837838,0.8055555555555556,0.7631578947368421,0.972972972972973,1.0,0.9473684210526315,0.972972972972973,1.0,0.9473684210526315
5,22,25,gradient,0.9,0.9228497600590624,36,-2.0,2.0,0.972972972972973,1.0,0.9473684210526315,0.972972972972973,1.0,0.9473684210526315,0.972972972972973,1.0,0.9473684210526315
5,22,25,gradient,0.925,0.9228497600590624,36,1.5,1.5,0.972972972972973,1.0,0.9473684210526315,0.972972972972973,1.0,0.9473684210526315,0.972972972972973,1.0,0.9473684210526315
5,22,25,gradient,0.95,0.9228497600590624,36,5.0,5.0,0.5675675675675677,0.5833333333333334,0.5526315789473685,0.972972972972973,1.0,0.9473684210526315,0.972972972972973,1.0,0.9473684210526315
5,22,25,gradient,0.975,0.9228497600590624,34,8.0,8.0,0.0,0.0,0.0,0.8055555555555555,0.8529411764705882,0.7631578947368421,0.9166666666666667,0.9705882352941176,0.868421052631579
5,22,25,gradient,0.99,0.9228497600590624,19,9.0,9.0,0.0,0.0,0.0,0.45614035087719296,0.6842105263157895,0.34210526315789475,0.6666666666666666,1.0,0.5
5,23,25,gradient,0.5,0.9196247930844216,261,-64.0,64.0,0.2274247491638796,0.13026819923371646,0.8947368421052632,0.24749163879598662,0.1417624521072797,0.9736842105263158,0.254180602006689,0.14559386973180077,1.0
5,23,25,gradient,0.6,0.9196247930844216,190,-58.5,58.5,0.2982456140350877,0.17894736842105263,0.8947368421052632,0.3245614035087719,0.19473684210526315,0.9736842105263158,0.33333333333333337,0.2,1.0
5,23,25,gradient,0.7,0.9196247930844216,110,-44.5,44.5,0.45945945945945943,0.3090909090909091,0.8947368421052632,0.5,0.33636363636363636,0.9736842105263158,0.5135135135135135,0.34545454545454546,1.0
5,23,25,gradient,0.75,0.9196247930844216,66,-4.5,4.5,0.6538461538461537,0.5151515151515151,0.8947368421052632,0.7115384615384615,0.5606060606060606,0.9736842105263158,0.7307692307692308,0.5757575757575758,1.0
5,23,25,gradient,0.8,0.9196247930844216,36,-2.0,2.0,0.8648648648648649,0.8888888888888888,0.8421052631578947,0.9459459459459458,0.9722222222222222,0.9210526315789473,0.972972972972973,1.0,0.9473684210526315
5,23,25,gradient,0.85,0.9196247930844216,36,-2.0,2.0,0.8918918918918918,0.9166666666666666,0.868421052631579,0.972972972972973,1.0,0.9473684210526315,0.972972972972973,1.0,0.9473684210526315
5,23,25,gradient,0.9,0.9196247930844216,36,-1.0,1.0,0.972972972972973,1.0,0.9473684210526315,0.972972972972973,1.0,0.9473684210526315,0.972972972972973,1.0,0.9473684210526315
5,23,25,gradient,0.925,0.9196247930844216,36,2.0,2.0,0.972972972972973,1.0,0.9473684210526315,0.972972972972973,1.0,0.9473684210526315,0.972972972972973,1.0,0.9473684210526315
5,23,25,gradient,0.95,0.9196247930844216,36,5.5,5.5,0.4864864864864865,0.5,0.47368421052631576,0.972972972972973,1.0,0.9473684210526315,0.972972972972973,1.0,0.9473684210526315
5,23,25,gradient,0.975,0.9196247930844216,34,9.0,9.0,0.0,0.0,0.0,0.7777777777777778,0.8235294117647058,0.7368421052631579,0.9444444444444444,1.0,0.8947368421052632
5,23,25,gradient,0.99,0.9196247930844216,17,10.0,10.0,0.0,0.0,0.0,0.43636363636363634,0.7058823529411765,0.3157894736842105,0.6181818181818182,1.0,0.4473684210526316
5,24,25,gradient,0.5,0.9164222873900293,224,-67.5,67.5,0.26717557251908397,0.15625,0.9210526315789473,0.2900763358778626,0.16964285714285715,1.0,0.2900763358778626,0.16964285714285715,1.0
5,24,25,gradient,0.6,0.9164222873900293,170,-63.0,63.0,0.33653846153846156,0.20588235294117646,0.9210526315789473,0.36538461538461536,0.2235294117647059,1.0,0.36538461538461536,0.2235294117647059,1.0
5,24,25,gradient,0.7,0.9164222873900293,114,-62.0,62.0,0.46052631578947373,0.30701754385964913,0.9210526315789473,0.5,0.3333333333333333,1.0,0.5,0.3333333333333333,1.0
5,24,25,gradient,0.75,0.9164222873900293,70,-7.0,7.0,0.6111111111111112,0.4714285714285714,0.868421052631579,0.6666666666666666,0.5142857142857142,0.9473684210526315,0.6666666666666666,0.5142857142857142,0.9473684210526315
5,24,25,gradient,0.8,0.9164222873900293,36,-1.0,1.0,0.8918918918918918,0.9166666666666666,0.868421052631579,0.972972972972973,1.0,0.9473684210526315,0.972972972972973,1.0,0.9473684210526315
5,24,25,gradient,0.85,0.9164222873900293,36,-1.0,1.0,0.8918918918918918,0.9166666666666666,0.868421052631579,0.972972972972973,1.0,0.9473684210526315,0.972972972972973,1.0,0.9473684210526315
5,24,25,gradient,0.9,0.9164222873900293,36,-1.0,1.0,0.972972972972973,1.0,0.9473684210526315,0.972972972972973,1.0,0.9473684210526315,0.972972972972973,1.0,0.9473684210526315
5,24,25,gradient,0.925,0.9164222873900293,36,2.0,2.0,0.972972972972973,1.0,0.9473684210526315,0.972972972972973,1.0,0.9473684210526315,0.972972972972973,1.0,0.9473684210526315
5,24,25,gradient,0.95,0.9164222873900293,36,6.0,6.0,0.3243243243243243,0.3333333333333333,0.3157894736842105,0.972972972972973,1.0,0.9473684210526315,0.972972972972973,1.0,0.9473684210526315
5,24,25,gradient,0.975,0.9164222873900293,35,9.0,9.0,0.0,0.0,0.0,0.6575342465753424,0.6857142857142857,0.631578947368421,0.9315068493150684,0.9714285714285714,0.8947368421052632
5,24,25,gradient,0.99,0.9164222873900293,17,10.0,10.0,0.0,0.0,0.0,0.3272727272727273,0.5294117647058824,0.23684210526315788,0.6181818181818182,1.0,0.4473684210526316
5,25,25,gradient,0.5,0.91324200913242,290,-71.0,71.0,0.2134146341463415,0.1206896551724138,0.9210526315789473,0.23170731707317074,0.1310344827586207,1.0,0.23170731707317074,0.1310344827586207,1.0
5,25,25,gradient,0.6,0.91324200913242,228,-68.5,68.5,0.26315789473684215,0.15350877192982457,0.9210526315789473,0.2857142857142857,0.16666666666666666,1.0,0.2857142857142857,0.16666666666666666,1.0
5,25,25,gradient,0.7,0.91324200913242,127,-61.0,61.0,0.4242424242424243,0.2755905511811024,0.9210526315789473,0.4606060606060607,0.2992125984251969,1.0,0.4606060606060607,0.2992125984251969,1.0
5,25,25,gradient,0.75,0.91324200913242,66,-5.0,5.0,0.673076923076923,0.5303030303030303,0.9210526315789473,0.7307692307692308,0.5757575757575758,1.0,0.7307692307692308,0.5757575757575758,1.0
5,25,25,gradient,0.8,0.91324200913242,36,-1.5,1.5,0.8918918918918918,0.9166666666666666,0.868421052631579,0.972972972972973,1.0,0.9473684210526315,0.972972972972973,1.0,0.9473684210526315
5,25,25,gradient,0.85,0.91324200913242,36,-1.0,1.0,0.918918918918919,0.9444444444444444,0.8947368421052632,0.972972972972973,1.0,0.9473684210526315,0.972972972972973,1.0,0.9473684210526315
5,25,25,gradient,0.9,0.91324200913242,36,0.0,1.0,0.972972972972973,1.0,0.9473684210526315,0.972972972972973,1.0,0.9473684210526315,0.972972972972973,1.0,0.9473684210526315
5,25,25,gradient,0.925,0.91324200913242,36,3.0,3.0,0.9459459459459458,0.9722222222222222,0.9210526315789473,0.972972972972973,1.0,0.9473684210526315,0.972972972972973,1.0,0.9473684210526315
5,25,25,gradient,0.95,0.91324200913242,36,6.0,6.0,0.16216216216216214,0.16666666666666666,0.15789473684210525,0.972972972972973,1.0,0.9473684210526315,0.972972972972973,1.0,0.9473684210526315
5,25,25,gradient,0.975,0.91324200913242,30,10.0,10.0,0.0,0.0,0.0,0.676470588235294,0.7666666666666667,0.6052631578947368,0.8823529411764706,1.0,0.7894736842105263
5,25,25,gradient,0.99,0.91324200913242,16,11.0,11.0,0.0,0.0,0.0,0.22222222222222218,0.375,0.15789473684210525,0.5925925925925926,1.0,0.42105263157894735
5,26,25,gradient,0.5,0.9100837277029487,235,-71.0,71.0,0.24175824175824176,0.14042553191489363,0.868421052631579,0.2783882783882784,0.16170212765957448,1.0,0.2783882783882784,0.16170212765957448,1.0
5,26,25,gradient,0.6,0.9100837277029487,196,-61.0,61.0,0.28205128205128205,0.1683673469387755,0.868421052631579,0.3247863247863248,0.19387755102040816,1.0,0.3247863247863248,0.19387755102040816,1.0
5,26,25,gradient,0.7,0.9100837277029487,122,-64.5,64.5,0.41250000000000003,0.27049180327868855,0.868421052631579,0.475,0.3114754098360656,1.0,0.475,0.3114754098360656,1.0
5,26,25,gradient,0.75,0.9100837277029487,67,-6.0,6.0,0.6285714285714284,0.4925373134328358,0.868421052631579,0.7238095238095238,0.5671641791044776,1.0,0.7238095238095238,0.5671641791044776,1.0
5,26,25,gradient,0.8,0.9100837277029487,36,-2.0,2.0,0.8378378378378377,0.8611111111111112,0.8157894736842105,0.972972972972973,1.0,0.9473684210526315,0.972972972972973,1.0,0.9473684210526315
5,26,25,gradient,0.85,0.9100837277029487,36,-2.0,2.0,0.8648648648648649,0.8888888888888888,0.8421052631578947,0.972972972972973,1.0,0.9473684210526315,0.972972972972973,1.0,0.9473684210526315
5,26,25,gradient,0.9,0.9100837277029487,36,0.0,1.0,0.972972972972973,1.0,0.9473684210526315,0.972972972972973,1.0,0.9473684210526315,0.972972972972973,1.0,0.9473684210526315
5,26,25,gradient,0.925,0.9100837277029487,36,3.0,3.0,0.8918918918918918,0.9166666666666666,0.868421052631579,0.972972972972973,1.0,0.9473684210526315,0.972972972972973,1.0,0.9473684210526315
5,26,25,gradient,0.95,0.9100837277029487,36,7.0,7.0,0.0,0.0,0.0,0.9459459459459458,0.9722222222222222,0.9210526315789473,0.972972972972973,1.0,0.9473684210526315
5,26,25,gradient,0.975,0.9100837277029487,32,10.0,10.0,0.0,0.0,0.0,0.4857142857142857,0.53125,0.4473684210526316,0.9142857142857143,1.0,0.8421052631578947
5,26,25,gradient,0.99,0.9100837277029487,16,12.0,12.0,0.0,0.0,0.0,0.14814814814814814,0.25,0.10526315789473684,0.5925925925925926,1.0,0.42105263157894735
5,27,25,gradient,0.5,0.906947215672048,242,-64.0,64.0,0.2285714285714286,0.1322314049586777,0.8421052631578947,0.27142857142857146,0.15702479338842976,1.0,0.27142857142857146,0.15702479338842976,1.0
5,27,25,gradient,0.6,0.906947215672048,206,-65.0,65.0,0.26229508196721313,0.1553398058252427,0.8421052631578947,0.3114754098360656,0.18446601941747573,1.0,0.3114754098360656,0.18446601941747573,1.0
5,27,25,gradient,0.7,0.906947215672048,110,-42.5,42.5,0.4324324324324324,0.2909090909090909,0.8421052631578947,0.5135135135135135,0.34545454545454546,1.0,0.5135135135135135,0.34545454545454546,1.0
5,27,25,gradient,0.75,0.906947215672048,64,-6.0,6.0,0.5882352941176471,0.46875,0.7894736842105263,0.7058823529411765,0.5625,0.9473684210526315,0.7058823529411765,0.5625,0.9473684210526315
5,27,25,gradient,0.8,0.906947215672048,36,-1.0,1.0,0.8108108108108109,0.8333333333333334,0.7894736842105263,0.972972972972973,1.0,0.9473684210526315,0.972972972972973,1.0,0.9473684210526315
5,27,25,gradient,0.85,0.906947215672048,36,-1.0,1.0,0.8108108108108109,0.8333333333333334,0.7894736842105263,0.972972972972973,1.0,0.9473684210526315,0.972972972972973,1.0,0.9473684210526315
5,27,25,gradient,0.9,0.906947215672048,36,1.0,1.0,0.972972972972973,1.0,0.9473684210526315,0.972972972972973,1.0,0.9473684210526315,0.972972972972973,1.0,0.9473684210526315
5,27,25,gradient,0.925,0.906947215672048,36,4.0,4.0,0.8918918918918918,0.9166666666666666,0.868421052631579,0.972972972972973,1.0,0.9473684210526315,0.972972972972973,1.0,0.9473684210526315
5,27,25,gradient,0.95,0.906947215672048,36,7.5,7.5,0.0,0.0,0.0,0.9459459459459458,0.9722222222222222,0.9210526315789473,0.972972972972973,1.0,0.9473684210526315
5,27,25,gradient,0.975,0.906947215672048,33,11.0,11.0,0.0,0.0,0.0,0.4225352112676056,0.45454545454545453,0.39473684210526316,0.9295774647887324,1.0,0.868421052631579
5,27,25,gradient,0.99,0.906947215672048,22,12.0,12.0,0.0,0.0,0.0,0.09999999999999999,0.13636363636363635,0.07894736842105263,0.7333333333333334,1.0,0.5789473684210527
5,28,25,gradient,0.5,0.9038322487346349,264,-67.5,67.5,0.2251655629139073,0.12878787878787878,0.8947368421052632,0.2450331125827814,0.14015151515151514,0.9736842105263158,0.25165562913907286,0.14393939393939395,1.0
5,28,25,gradient,0.6,0.9038322487346349,219,-66.0,66.0,0.26459143968871596,0.1552511415525114,0.8947368421052632,0.28793774319066145,0.1689497716894977,0.9736842105263158,0.2957198443579766,0.1735159817351598,1.0
5,28,25,gradient,0.7,0.9038322487346349,122,-49.5,49.5,0.425,0.2786885245901639,0.8947368421052632,0.4625000000000001,0.30327868852459017,0.9736842105263158,0.475,0.3114754098360656,1.0
5,28,25,gradient,0.75,0.9038322487346349,62,-4.0,4.5,0.6799999999999999,0.5483870967741935,0.8947368421052632,0.74,0.5967741935483871,0.9736842105263158,0.76,0.6129032258064516,1.0
5,28,25,gradient,0.8,0.9038322487346349,36,-1.0,1.0,0.8648648648648649,0.8888888888888888,0.8421052631578947,0.9459459459459458,0.9722222222222222,0.9210526315789473,0.972972972972973,1.0,0.9473684210526315
5,28,25,gradient,0.85,0.9038322487346349,36,-0.5,1.0,0.972972972972973,1.0,0.9473684210526315,0.972972972972973,1.0,0.9473684210526315,0.972972972972973,1.0,0.9473684210526315
5,28,25,gradient,0.9,0.9038322487346349,36,1.0,1.0,0.972972972972973,1.0,0.9473684210526315,0.972972972972973,1.0,0.9473684210526315,0.972972972972973,1.0,0.9473684210526315
5,28,25,gradient,0.925,0.9038322487346349,36,4.0,4.0,0.8378378378378377,0.8611111111111112,0.8157894736842105,0.972972972972973,1.0,0.9473684210526315,0.972972972972973,1.0,0.9473684210526315
5,28,25,gradient,0.95,0.9038322487346349,36,8.0,8.0,0.0,0.0,0.0,0.9459459459459458,0.9722222222222222,0.9210526315789473,0.972972972972973,1.0,0.9473684210526315
5,28,25,gradient,0.975,0.9038322487346349,33,11.0,11.0,0.0,0.0,0.0,0.28169014084507044,0.30303030303030304,0.2631578947368421,0.9295774647887324,1.0,0.868421052631579
5,28,25,gradient,0.99,0.9038322487346349,16,11.5,11.5,0.0,0.0,0.0,0.0,0.0,0.0,0.5925925925925926,1.0,0.42105263157894735
5,29,25,gradient,0.5,0.9007386056566384,283,-74.0,74.0,0.205607476635514,0.1166077738515901,0.868421052631579,0.23052959501557635,0.13074204946996468,0.9736842105263158,0.2367601246105919,0.13427561837455831,1.0
5,29,25,gradient,0.6,0.9007386056566384,207,-63.0,63.0,0.26938775510204077,0.15942028985507245,0.868421052631579,0.30204081632653057,0.178743961352657,0.9736842105263158,0.3102040816326531,0.18357487922705315,1.0
5,29,25,gradient,0.7,0.9007386056566384,122,-44.5,44.5,0.41250000000000003,0.27049180327868855,0.868421052631579,0.4625000000000001,0.30327868852459017,0.9736842105263158,0.475,0.3114754098360656,1.0
5,29,25,gradient,0.75,0.9007386056566384,72,-8.0,8.0,0.6,0.4583333333333333,0.868421052631579,0.6727272727272727,0.5138888888888888,0.9736842105263158,0.6909090909090909,0.5277777777777778,1.0
5,29,25,gradient,0.8,0.9007386056566384,36,-1.0,1.5,0.8918918918918918,0.9166666666666666,0.868421052631579,0.972972972972973,1.0,0.9473684210526315,0.972972972972973,1.0,0.9473684210526315
5,29,25,gradient,0.85,0.9007386056566384,36,-1.0,1.5,0.9459459459459458,0.9722222222222222,0.9210526315789473,0.972972972972973,1.0,0.9473684210526315,0.972972972972973,1.0,0.9473684210526315
5,29,25,gradient,0.9,0.9007386056566384,36,2.0,2.0,0.972972972972973,1.0,0.9473684210526315,0.972972972972973,1.0,0.9473684210526315,0.972972972972973,1.0,0.9473684210526315
5,29,25,gradient,0.925,0.9007386056566384,36,5.0,5.0,0.7837837837837838,0.8055555555555556,0.7631578947368421,0.972972972972973,1.0,0.9473684210526315,0.972972972972973,1.0,0.9473684210526315
5,29,25,gradient,0.95,0.9007386056566384,36,9.0,9.0,0.0,0.0,0.0,0.918918918918919,0.9444444444444444,0.8947368421052632,0.972972972972973,1.0,0.9473684210526315
5,29,25,gradient,0.975,0.9007386056566384,29,11.0,11.0,0.0,0.0,0.0,0.2985074626865672,0.3448275862068966,0.2631578947368421,0.8656716417910448,1.0,0.7631578947368421
5,29,25,gradient,0.99,0.9007386056566384,14,13.0,13.0,0.0,0.0,0.0,0.07692307692307693,0.14285714285714285,0.05263157894736842,0.5384615384615384,1.0,0.3684210526315789
5,30,25,gradient,0.5,0.8976660682226212,271,-63.0,63.0,0.20711974110032363,0.11808118081180811,0.8421052631578947,0.23948220064724918,0.13653136531365315,0.9736842105263158,0.2459546925566343,0.14022140221402213,1.0
5,30,25,gradient,0.6,0.8976660682226212,202,-62.5,62.5,0.26666666666666666,0.15841584158415842,0.8421052631578947,0.30833333333333335,0.18316831683168316,0.9736842105263158,0.3166666666666667,0.18811881188118812,1.0
5,30,25,gradient,0.7,0.8976660682226212,123,-58.0,58.0,0.39751552795031053,0.2601626016260163,0.8421052631578947,0.4596273291925466,0.3008130081300813,0.9736842105263158,0.4720496894409938,0.3089430894308943,1.0
5,30,25,gradient,0.75,0.8976660682226212,59,-5.0,5.0,0.6185567010309277,0.5084745762711864,0.7894736842105263,0.7216494845360825,0.5932203389830508,0.9210526315789473,0.7422680412371134,0.6101694915254238,0.9473684210526315
5,30,25,gradient,0.8,0.8976660682226212,36,-2.0,2.0,0.8378378378378377,0.8611111111111112,0.8157894736842105,0.972972972972973,1.0,0.9473684210526315,0.972972972972973,1.0,0.9473684210526315
5,30,25,gradient,0.85,0.8976660682226212,36,-1.5,2.0,0.8918918918918918,0.9166666666666666,0.868421052631579,0.972972972972973,1.0,0.9473684210526315,0.972972972972973,1.0,0.9473684210526315
5,30,25,gradient,0.9,0.8976660682226212,36,2.0,2.0,0.9459459459459458,0.9722222222222222,0.9210526315789473,0.972972972972973,1.0,0.9473684210526315,0.972972972972973,1.0,0.9473684210526315
5,30,25,gradient,0.925,0.8976660682226212,36,5.0,5.0,0.5405405405405405,0.5555555555555556,0.5263157894736842,0.972972972972973,1.0,0.9473684210526315,0.972972972972973,1.0,0.9473684210526315
5,30,25,gradient,0.95,0.8976660682226212,36,9.0,9.0,0.0,0.0,0.0,0.7567567567567567,0.7777777777777778,0.7368421052631579,0.972972972972973,1.0,0.9473684210526315
5,30,25,gradient,0.975,0.8976660682226212,32,12.0,12.0,0.0,0.0,0.0,0.19999999999999998,0.21875,0.18421052631578946,0.9142857142857143,1.0,0.8421052631578947
5,30,25,gradient,0.99,0.8976660682226212,16,13.5,13.5,0.0,0.0,0.0,0.037037037037037035,0.0625,0.02631578947368421,0.5925925925925926,1.0,0.42105263157894735
5,31,25,gradient,0.5,0.8946144211844695,284,-81.0,81.0,0.20496894409937888,0.11619718309859155,0.868421052631579,0.2236024844720497,0.1267605633802817,0.9473684210526315,0.23602484472049687,0.13380281690140844,1.0
5,31,25,gradient,0.6,0.8946144211844695,206,-73.0,73.0,0.2704918032786886,0.16019417475728157,0.868421052631579,0.29508196721311475,0.17475728155339806,0.9473684210526315,0.3114754098360656,0.18446601941747573,1.0
5,31,25,gradient,0.7,0.8946144211844695,100,-42.5,42.5,0.4782608695652174,0.33,0.868421052631579,0.5217391304347826,0.36,0.9473684210526315,0.5507246376811594,0.38,1.0
5,31,25,gradient,0.75,0.8946144211844695,54,-2.5,3.0,0.6956521739130435,0.5925925925925926,0.8421052631578947,0.7391304347826088,0.6296296296296297,0.8947368421052632,0.782608695652174,0.6666666666666666,0.9473684210526315
5,31,25,gradient,0.8,0.8946144211844695,36,-0.5,2.0,0.8648648648648649,0.8888888888888888,0.8421052631578947,0.918918918918919,0.9444444444444444,0.8947368421052632,0.972972972972973,1.0,0.9473684210526315
5,31,25,gradient,0.85,0.8946144211844695,36,0.0,2.0,0.9459459459459458,0.9722222222222222,0.9210526315789473,0.972972972972973,1.0,0.9473684210526315,0.972972972972973,1.0,0.9473684210526315
5,31,25,gradient,0.9,0.8946144211844695,36,3.0,3.0,0.8648648648648649,0.8888888888888888,0.8421052631578947,0.972972972972973,1.0,0.9473684210526315,0.972972972972973,1.0,0.9473684210526315
5,31,25,gradient,0.925,0.8946144211844695,36,6.0,6.0,0.24324324324324326,0.25,0.23684210526315788,0.972972972972973,1.0,0.9473684210526315,0.972972972972973,1.0,0.9473684210526315
5,31,25,gradient,0.95,0.8946144211844695,36,9.0,9.0,0.0,0.0,0.0,0.7567567567567567,0.7777777777777778,0.7368421052631579,0.972972972972973,1.0,0.9473684210526315
5,31,25,gradient,0.975,0.8946144211844695,31,12.0,12.0,0.0,0.0,0.0,0.02898550724637681,0.03225806451612903,0.02631578947368421,0.8695652173913043,0.967741935483871,0.7894736842105263
5,31,25,gradient,0.99,0.8946144211844695,18,13.5,13.5,0.0,0.0,0.0,0.0,0.0,0.0,0.6428571428571429,1.0,0.47368421052631576
5,32,25,gradient,0.5,0.891583452211127,254,-66.0,66.0,0.18493150684931509,0.1062992125984252,0.7105263157894737,0.23972602739726032,0.1377952755905512,0.9210526315789473,0.26027397260273977,0.14960629921259844,1.0
5,32,25,gradient,0.6,0.891583452211127,209,-59.0,59.0,0.21862348178137653,0.1291866028708134,0.7105263157894737,0.2834008097165992,0.1674641148325359,0.9210526315789473,0.3076923076923077,0.18181818181818182,1.0
5,32,25,gradient,0.7,0.891583452211127,97,-36.0,36.0,0.39999999999999997,0.27835051546391754,0.7105263157894737,0.5185185185185185,0.36082474226804123,0.9210526315789473,0.562962962962963,0.3917525773195876,1.0
5,32,25,gradient,0.75,0.891583452211127,54,-5.5,6.0,0.5652173913043478,0.48148148148148145,0.6842105263157895,0.7391304347826088,0.6296296296296297,0.8947368421052632,0.782608695652174,0.6666666666666666,0.9473684210526315
5,32,25,gradient,0.8,0.891583452211127,36,0.0,2.5,0.7027027027027027,0.7222222222222222,0.6842105263157895,0.918918918918919,0.9444444444444444,0.8947368421052632,0.972972972972973,1.0,0.9473684210526315
5,32,25,gradient,0.85,0.891583452211127,36,0.0,1.5,0.9459459459459458,0.9722222222222222,0.9210526315789473,0.972972972972973,1.0,0.9473684210526315,0.972972972972973,1.0,0.9473684210526315
5,32,25,gradient,0.9,0.891583452211127,36,3.0,3.0,0.8918918918918918,0.9166666666666666,0.868421052631579,0.972972972972973,1.0,0.9473684210526315,0.972972972972973,1.0,0.9473684210526315
5,32,25,gradient,0.925,0.891583452211127,36,7.0,7.0,0.08108108108108107,0.08333333333333333,0.07894736842105263,0.972972972972973,1.0,0.9473684210526315,0.972972972972973,1.0,0.9473684210526315
5,32,25,gradient,0.95,0.891583452211127,36,10.0,10.0,0.0,0.0,0.0,0.6486486486486486,0.6666666666666666,0.631578947368421,0.972972972972973,1.0,0.9473684210526315
5,32,25,gradient,0.975,0.891583452211127,33,13.0,13.0,0.0,0.0,0.0,0.056338028169014086,0.06060606060606061,0.05263157894736842,0.9014084507042254,0.9696969696969697,0.8421052631578947
5,32,25,gradient,0.99,0.891583452211127,15,14.0,14.0,0.0,0.0,0.0,0.0,0.0,0.0,0.5660377358490566,1.0,0.39473684210526316
5,33,25,gradient,0.5,0.888572951839346,300,-75.5,75.5,0.17159763313609466,0.09666666666666666,0.7631578947368421,0.21301775147928992,0.12,0.9473684210526315,0.22485207100591717,0.12666666666666668,1.0
5,33,25,gradient,0.6,0.888572951839346,207,-76.0,76.0,0.23673469387755103,0.14009661835748793,0.7631578947368421,0.2938775510204082,0.17391304347826086,0.9473684210526315,0.3102040816326531,0.18357487922705315,1.0
5,33,25,gradient,0.7,0.888572951839346,114,-63.0,63.0,0.3684210526315789,0.24561403508771928,0.7368421052631579,0.44736842105263164,0.2982456140350877,0.8947368421052632,0.47368421052631576,0.3157894736842105,0.9473684210526315
5,33,25,gradient,0.75,0.888572951839346,51,-4.0,4.0,0.6292134831460675,0.5490196078431373,0.7368421052631579,0.7640449438202247,0.6666666666666666,0.8947368421052632,0.8089887640449439,0.7058823529411765,0.9473684210526315
5,33,25,gradient,0.8,0.888572951839346,36,-1.0,2.0,0.7567567567567567,0.7777777777777778,0.7368421052631579,0.918918918918919,0.9444444444444444,0.8947368421052632,0.972972972972973,1.0,0.9473684210526315
5,33,25,gradient,0.85,0.888572951839346,36,-1.0,1.0,0.972972972972973,1.0,0.9473684210526315,0.972972972972973,1.0,0.9473684210526315,0.972972972972973,1.0,0.9473684210526315
5,33,25,gradient,0.9,0.888572951839346,36,3.0,3.0,0.8648648648648649,0.8888888888888888,0.8421052631578947,0.972972972972973,1.0,0.9473684210526315,0.972972972972973,1.0,0.9473684210526315
5,33,25,gradient,0.925,0.888572951839346,36,7.0,7.0,0.05405405405405406,0.05555555555555555,0.05263157894736842,0.972972972972973,1.0,0.9473684210526315,0.972972972972973,1.0,0.9473684210526315
5,33,25,gradient,0.95,0.888572951839346,36,10.0,10.0,0.0,0.0,0.0,0.5945945945945946,0.6111111111111112,0.5789473684210527,0.972972972972973,1.0,0.9473684210526315
5,33,25,gradient,0.975,0.888572951839346,33,14.0,14.0,0.0,0.0,0.0,0.0,0.0,0.0,0.9295774647887324,1.0,0.868421052631579
5,33,25,gradient,0.99,0.888572951839346,14,14.5,14.5,0.0,0.0,0.0,0.0,0.0,0.0,0.5384615384615384,1.0,0.3684210526315789
5,34,25,gradient,0.5,0.8855827134254339,231,-74.0,74.0,0.2676579925650558,0.15584415584415584,0.9473684210526315,0.2825278810408922,0.1645021645021645,1.0,0.2825278810408922,0.1645021645021645,1.0
5,34,25,gradient,0.6,0.8855827134254339,166,-80.0,80.0,0.35294117647058826,0.21686746987951808,0.9473684210526315,0.37254901960784315,0.2289156626506024,1.0,0.37254901960784315,0.2289156626506024,1.0
5,34,25,gradient,0.7,0.8855827134254339,88,-43.0,43.0,0.5714285714285715,0.4090909090909091,0.9473684210526315,0.6031746031746031,0.4318181818181818,1.0,0.6031746031746031,0.4318181818181818,1.0
5,34,25,gradient,0.75,0.8855827134254339,48,-2.0,2.0,0.7906976744186046,0.7083333333333334,0.8947368421052632,0.8372093023255814,0.75,0.9473684210526315,0.8372093023255814,0.75,0.9473684210526315
5,34,25,gradient,0.8,0.8855827134254339,36,-1.0,1.0,0.918918918918919,0.9444444444444444,0.8947368421052632,0.972972972972973,1.0,0.9473684210526315,0.972972972972973,1.0,0.9473684210526315
5,34,25,gradient,0.85,0.8855827134254339,36,-1.0,1.0,0.972972972972973,1.0,0.9473684210526315,0.972972972972973,1.0,0.9473684210526315,0.972972972972973,1.0,0.9473684210526315
5,34,25,gradient,0.9,0.8855827134254339,36,4.0,4.0,0.8108108108108109,0.8333333333333334,0.7894736842105263,0.972972972972973,1.0,0.9473684210526315,0.972972972972973,1.0,0.9473684210526315
5,34,25,gradient,0.925,0.8855827134254339,36,8.0,8.0,0.02702702702702703,0.027777777777777776,0.02631578947368421,0.972972972972973,1.0,0.9473684210526315,0.972972972972973,1.0,0.9473684210526315
5,34,25,gradient,0.95,0.8855827134254339,36,11.0,11.0,0.0,0.0,0.0,0.27027027027027023,0.2777777777777778,0.2631578947368421,0.972972972972973,1.0,0.9473684210526315
5,34,25,gradient,0.975,0.8855827134254339,34,14.0,14.0,0.0,0.0,0.0,0.0,0.0,0.0,0.9444444444444444,1.0,0.8947368421052632
5,34,25,gradient,0.99,0.8855827134254339,13,15.0,15.0,0.0,0.0,0.0,0.0,0.0,0.0,0.5098039215686275,1.0,0.34210526315789475
5,35,25,gradient,0.5,0.8826125330979699,263,-66.0,66.0,0.23255813953488372,0.13307984790874525,0.9210526315789473,0.2458471760797342,0.14068441064638784,0.9736842105263158,0.25249169435215946,0.1444866920152091,1.0
5,35,25,gradient,0.6,0.8826125330979699,191,-59.0,59.0,0.3056768558951965,0.18324607329842932,0.9210526315789473,0.3231441048034934,0.193717277486911,0.9736842105263158,0.3318777292576419,0.19895287958115182,1.0
5,35,25,gradient,0.7,0.8826125330979699,93,-38.0,38.0,0.5038167938931298,0.3548387096774194,0.868421052631579,0.5343511450381679,0.3763440860215054,0.9210526315789473,0.5496183206106869,0.3870967741935484,0.9473684210526315
5,35,25,gradient,0.75,0.8826125330979699,49,-2.0,2.0,0.7586206896551724,0.673469387755102,0.868421052631579,0.8045977011494253,0.7142857142857143,0.9210526315789473,0.8275862068965517,0.7346938775510204,0.9473684210526315
5,35,25,gradient,0.8,0.8826125330979699,36,0.0,1.5,0.8918918918918918,0.9166666666666666,0.868421052631579,0.9459459459459458,0.9722222222222222,0.9210526315789473,0.972972972972973,1.0,0.9473684210526315
5,35,25,gradient,0.85,0.8826125330979699,36,0.0,1.0,0.972972972972973,1.0,0.9473684210526315,0.972972972972973,1.0,0.9473684210526315,0.972972972972973,1.0,0.9473684210526315
5,35,25,gradient,0.9,0.8826125330979699,36,4.0,4.0,0.6756756756756757,0.6944444444444444,0.6578947368421053,0.972972972972973,1.0,0.9473684210526315,0.972972972972973,1.0,0.9473684210526315
5,35,25,gradient,0.925,0.8826125330979699,36,8.0,8.0,0.0,0.0,0.0,0.8648648648648649,0.8888888888888888,0.8421052631578947,0.972972972972973,1.0,0.9473684210526315
5,35,25,gradient,0.95,0.8826125330979699,36,11.0,11.0,0.0,0.0,0.0,0.27027027027027023,0.2777777777777778,0.2631578947368421,0.972972972972973,1.0,0.9473684210526315
5,35,25,gradient,0.975,0.8826125330979699,31,15.0,15.0,0.0,0.0,0.0,0.0,0.0,0.0,0.898550724637681,1.0,0.8157894736842105
5,35,25,gradient,0.99,0.8826125330979699,17,15.0,15.0,0.0,0.0,0.0,0.0,0.0,0.0,0.6181818181818182,1.0,0.4473684210526316
5,36,25,gradient,0.5,0.8796622097114708,275,-65.0,65.0,0.20447284345047922,0.11636363636363636,0.8421052631578947,0.24281150159744408,0.13818181818181818,1.0,0.24281150159744408,0.13818181818181818,1.0
5,36,25,gradient,0.6,0.8796622097114708,214,-61.5,61.5,0.25396825396825395,0.14953271028037382,0.8421052631578947,0.30158730158730157,0.17757009345794392,1.0,0.30158730158730157,0.17757009345794392,1.0
5,36,25,gradient,0.7,0.8796622097114708,111,-48.0,48.0,0.40268456375838924,0.2702702702702703,0.7894736842105263,0.4832214765100671,0.32432432432432434,0.9473684210526315,0.4832214765100671,0.32432432432432434,0.9473684210526315
5,36,25,gradient,0.75,0.8796622097114708,48,-3.0,4.0,0.6976744186046512,0.625,0.7894736842105263,0.8372093023255814,0.75,0.9473684210526315,0.8372093023255814,0.75,0.9473684210526315
5,36,25,gradient,0.8,0.8796622097114708,36,-1.5,2.0,0.8108108108108109,0.8333333333333334,0.7894736842105263,0.972972972972973,1.0,0.9473684210526315,0.972972972972973,1.0,0.9473684210526315
5,36,25,gradient,0.85,0.8796622097114708,36,-1.0,2.0,0.972972972972973,1.0,0.9473684210526315,0.972972972972973,1.0,0.9473684210526315,0.972972972972973,1.0,0.9473684210526315
5,36,25,gradient,0.9,0.8796622097114708,36,5.0,5.0,0.5675675675675677,0.5833333333333334,0.5526315789473685,0.972972972972973,1.0,0.9473684210526315,0.972972972972973,1.0,0.9473684210526315
5,36,25,gradient,0.925,0.8796622097114708,36,9.0,9.0,0.0,0.0,0.0,0.7297297297297298,0.75,0.7105263157894737,0.972972972972973,1.0,0.9473684210526315
5,36,25,gradient,0.95,0.8796622097114708,36,12.0,12.0,0.0,0.0,0.0,0.13513513513513511,0.1388888888888889,0.13157894736842105,0.972972972972973,1.0,0.9473684210526315
5,36,25,gradient,0.975,0.8796622097114708,32,15.0,15.0,0.0,0.0,0.0,0.0,0.0,0.0,0.9142857142857143,1.0,0.8421052631578947
5,36,25,gradient,0.99,0.8796622097114708,18,17.0,17.0,0.0,0.0,0.0,0.0,0.0,0.0,0.6071428571428572,0.9444444444444444,0.4473684210526316
5,37,25,gradient,0.5,0.8767315448009819,263,-66.0,66.0,0.21262458471760798,0.12167300380228137,0.8421052631578947,0.25249169435215946,0.1444866920152091,1.0,0.25249169435215946,0.1444866920152091,1.0
5,37,25,gradient,0.6,0.8767315448009819,194,-60.0,60.0,0.27586206896551724,0.16494845360824742,0.8421052631578947,0.3275862068965517,0.1958762886597938,1.0,0.3275862068965517,0.1958762886597938,1.0
5,37,25,gradient,0.7,0.8767315448009819,96,-48.5,48.5,0.4776119402985075,0.3333333333333333,0.8421052631578947,0.5671641791044776,0.3958333333333333,1.0,0.5671641791044776,0.3958333333333333,1.0
5,37,25,gradient,0.75,0.8767315448009819,44,-2.0,2.0,0.7804878048780488,0.7272727272727273,0.8421052631578947,0.9268292682926829,0.8636363636363636,1.0,0.9268292682926829,0.8636363636363636,1.0
5,37,25,gradient,0.8,0.8767315448009819,36,-1.5,2.0,0.8108108108108109,0.8333333333333334,0.7894736842105263,0.972972972972973,1.0,0.9473684210526315,0.972972972972973,1.0,0.9473684210526315
5,37,25,gradient,0.85,0.8767315448009819,36,-1.0,1.0,0.972972972972973,1.0,0.9473684210526315,0.972972972972973,1.0,0.9473684210526315,0.972972972972973,1.0,0.9473684210526315
5,37,25,gradient,0.9,0.8767315448009819,36,6.0,6.0,0.40540540540540543,0.4166666666666667,0.39473684210526316,0.918918918918919,0.9444444444444444,0.8947368421052632,0.972972972972973,1.0,0.9473684210526315
5,37,25,gradient,0.925,0.8767315448009819,36,9.0,9.0,0.0,0.0,0.0,0.7027027027027027,0.7222222222222222,0.6842105263157895,0.972972972972973,1.0,0.9473684210526315
5,37,25,gradient,0.95,0.8767315448009819,36,13.0,13.0,0.0,0.0,0.0,0.05405405405405406,0.05555555555555555,0.05263157894736842,0.972972972972973,1.0,0.9473684210526315
5,37,25,gradient,0.975,0.8767315448009819,30,15.5,15.5,0.0,0.0,0.0,0.0,0.0,0.0,0.8823529411764706,1.0,0.7894736842105263
5,37,25,gradient,0.99,0.8767315448009819,15,16.0,16.0,0.0,0.0,0.0,0.0,0.0,0.0,0.4905660377358491,0.8666666666666667,0.34210526315789475
5,38,25,gradient,0.5,0.8738203425375742,276,-70.0,70.0,0.17834394904458598,0.10144927536231885,0.7368421052631579,0.21656050955414013,0.12318840579710146,0.8947368421052632,0.24203821656050956,0.13768115942028986,1.0
5,38,25,gradient,0.6,0.8738203425375742,220,-60.0,60.0,0.21705426356589141,0.12727272727272726,0.7368421052631579,0.26356589147286824,0.15454545454545454,0.8947368421052632,0.2945736434108527,0.17272727272727273,1.0
5,38,25,gradient,0.7,0.8738203425375742,104,-31.5,31.5,0.4084507042253521,0.27884615384615385,0.7631578947368421,0.49295774647887325,0.33653846153846156,0.9210526315789473,0.5352112676056338,0.36538461538461536,1.0
5,38,25,gradient,0.75,0.8738203425375742,46,-2.5,4.0,0.6428571428571428,0.5869565217391305,0.7105263157894737,0.7857142857142858,0.717391304347826,0.868421052631579,0.8571428571428571,0.782608695652174,0.9473684210526315
5,38,25,gradient,0.8,0.8738203425375742,36,-0.5,2.0,0.8108108108108109,0.8333333333333334,0.7894736842105263,0.972972972972973,1.0,0.9473684210526315,0.972972972972973,1.0,0.9473684210526315
5,38,25,gradient,0.85,0.8738203425375742,36,1.0,1.0,0.9459459459459458,0.9722222222222222,0.9210526315789473,0.972972972972973,1.0,0.9473684210526315,0.972972972972973,1.0,0.9473684210526315
5,38,25,gradient,0.9,0.8738203425375742,36,5.5,5.5,0.4864864864864865,0.5,0.47368421052631576,0.972972972972973,1.0,0.9473684210526315,0.972972972972973,1.0,0.9473684210526315
5,38,25,gradient,0.925,0.8738203425375742,36,10.0,10.0,0.0,0.0,0.0,0.7027027027027027,0.7222222222222222,0.6842105263157895,0.972972972972973,1.0,0.9473684210526315
5,38,25,gradient,0.95,0.8738203425375742,36,13.0,13.0,0.0,0.0,0.0,0.02702702702702703,0.027777777777777776,0.02631578947368421,0.972972972972973,1.0,0.9473684210526315
5,38,25,gradient,0.975,0.8738203425375742,31,15.0,15.0,0.0,0.0,0.0,0.0,0.0,0.0,0.898550724637681,1.0,0.8157894736842105
5,38,25,gradient,0.99,0.8738203425375742,14,16.0,16.0,0.0,0.0,0.0,0.0,0.0,0.0,0.5384615384615384,1.0,0.3684210526315789
5,39,25,gradient,0.5,0.8709284096847238,244,-75.5,75.5,0.2127659574468085,0.12295081967213115,0.7894736842105263,0.2553191489361702,0.14754098360655737,0.9473684210526315,0.2695035460992908,0.1557377049180328,1.0
5,39,25,gradient,0.6,0.8709284096847238,186,-70.0,70.0,0.2678571428571429,0.16129032258064516,0.7894736842105263,0.32142857142857145,0.1935483870967742,0.9473684210526315,0.3392857142857143,0.20430107526881722,1.0
5,39,25,gradient,0.7,0.8709284096847238,94,-53.0,53.0,0.4242424242424243,0.2978723404255319,0.7368421052631579,0.5151515151515151,0.3617021276595745,0.8947368421052632,0.5454545454545454,0.3829787234042553,0.9473684210526315
5,39,25,gradient,0.75,0.8709284096847238,44,-2.0,4.0,0.6829268292682926,0.6363636363636364,0.7368421052631579,0.8292682926829269,0.7727272727272727,0.8947368421052632,0.8780487804878049,0.8181818181818182,0.9473684210526315
5,39,25,gradient,0.8,0.8709284096847238,36,0.0,2.0,0.8108108108108109,0.8333333333333334,0.7894736842105263,0.972972972972973,1.0,0.9473684210526315,0.972972972972973,1.0,0.9473684210526315
5,39,25,gradient,0.85,0.8709284096847238,36,0.0,1.0,0.9459459459459458,0.9722222222222222,0.9210526315789473,0.972972972972973,1.0,0.9473684210526315,0.972972972972973,1.0,0.9473684210526315
5,39,25,gradient,0.9,0.8709284096847238,36,6.5,6.5,0.18918918918918917,0.19444444444444445,0.18421052631578946,0.8648648648648649,0.8888888888888888,0.8421052631578947,0.972972972972973,1.0,0.9473684210526315
5,39,25,gradient,0.925,0.8709284096847238,36,10.0,10.0,0.0,0.0,0.0,0.5135135135135136,0.5277777777777778,0.5,0.972972972972973,1.0,0.9473684210526315
5,39,25,gradient,0.95,0.8709284096847238,36,14.0,14.0,0.0,0.0,0.0,0.02702702702702703,0.027777777777777776,0.02631578947368421,0.972972972972973,1.0,0.9473684210526315
5,39,25,gradient,0.975,0.8709284096847238,30,16.0,16.0,0.0,0.0,0.0,0.0,0.0,0.0,0.8823529411764706,1.0,0.7894736842105263
5,39,25,gradient,0.99,0.8709284096847238,19,18.0,18.0,0.0,0.0,0.0,0.0,0.0,0.0,0.6666666666666666,1.0,0.5
5,40,25,gradient,0.5,0.8680555555555556,228,-68.5,68.5,0.21804511278195493,0.12719298245614036,0.7631578947368421,0.2706766917293233,0.15789473684210525,0.9473684210526315,0.2857142857142857,0.16666666666666666,1.0
5,40,25,gradient,0.6,0.8680555555555556,150,-62.5,62.5,0.30851063829787234,0.19333333333333333,0.7631578947368421,0.38297872340425526,0.24,0.9473684210526315,0.4042553191489362,0.25333333333333335,1.0
5,40,25,gradient,0.7,0.8680555555555556,103,-51.0,51.0,0.41134751773049644,0.2815533980582524,0.7631578947368421,0.5106382978723405,0.34951456310679613,0.9473684210526315,0.5390070921985816,0.36893203883495146,1.0
5,40,25,gradient,0.75,0.8680555555555556,43,-2.0,2.0,0.7160493827160495,0.6744186046511628,0.7631578947368421,0.8395061728395061,0.7906976744186046,0.8947368421052632,0.8888888888888888,0.8372093023255814,0.9473684210526315
5,40,25,gradient,0.8,0.8680555555555556,36,-1.5,2.0,0.8378378378378377,0.8611111111111112,0.8157894736842105,0.972972972972973,1.0,0.9473684210526315,0.972972972972973,1.0,0.9473684210526315
5,40,25,gradient,0.85,0.8680555555555556,36,0.0,1.0,0.8918918918918918,0.9166666666666666,0.868421052631579,0.972972972972973,1.0,0.9473684210526315,0.972972972972973,1.0,0.9473684210526315
5,40,25,gradient,0.9,0.8680555555555556,36,7.0,7.0,0.13513513513513511,0.1388888888888889,0.13157894736842105,0.8648648648648649,0.8888888888888888,0.8421052631578947,0.972972972972973,1.0,0.9473684210526315
5,40,25,gradient,0.925,0.8680555555555556,36,11.0,11.0,0.0,0.0,0.0,0.4594594594594595,0.4722222222222222,0.4473684210526316,0.972972972972973,1.0,0.9473684210526315
5,40,25,gradient,0.95,0.8680555555555556,36,14.0,14.0,0.0,0.0,0.0,0.05405405405405406,0.05555555555555555,0.05263157894736842,0.972972972972973,1.0,0.9473684210526315
5,40,25,gradient,0.975,0.8680555555555556,34,17.0,17.0,0.0,0.0,0.0,0.0,0.0,0.0,0.9444444444444444,1.0,0.8947368421052632
5,40,25,gradient,0.99,0.8680555555555556,17,18.0,18.0,0.0,0.0,0.0,0.0,0.0,0.0,0.6181818181818182,1.0,0.4473684210526316
5,41,25,gradient,0.5,0.8652015919709293,241,-77.0,77.0,0.2222222222222222,0.12863070539419086,0.8157894736842105,0.26523297491039427,0.15352697095435686,0.9736842105263158,0.2724014336917563,0.15767634854771784,1.0
5,41,25,gradient,0.6,0.8652015919709293,177,-92.0,92.0,0.28837209302325584,0.1751412429378531,0.8157894736842105,0.3441860465116279,0.20903954802259886,0.9736842105263158,0.35348837209302325,0.21468926553672316,1.0
5,41,25,gradient,0.7,0.8652015919709293,88,-50.0,50.0,0.49206349206349215,0.3522727272727273,0.8157894736842105,0.5873015873015873,0.42045454545454547,0.9736842105263158,0.6031746031746031,0.4318181818181818,1.0
5,41,25,gradient,0.75,0.8652015919709293,43,-2.0,3.0,0.7160493827160495,0.6744186046511628,0.7631578947368421,0.8641975308641974,0.813953488372093,0.9210526315789473,0.8888888888888888,0.8372093023255814,0.9473684210526315
5,41,25,gradient,0.8,0.8652015919709293,36,-1.0,2.0,0.8378378378378377,0.8611111111111112,0.8157894736842105,0.972972972972973,1.0,0.9473684210526315,0.972972972972973,1.0,0.9473684210526315
5,41,25,gradient,0.85,0.8652015919709293,36,1.0,1.0,0.8378378378378377,0.8611111111111112,0.8157894736842105,0.972972972972973,1.0,0.9473684210526315,0.972972972972973,1.0,0.9473684210526315
5,41,25,gradient,0.9,0.8652015919709293,36,8.0,8.0,0.10810810810810811,0.1111111111111111,0.10526315789473684,0.8108108108108109,0.8333333333333334,0.7894736842105263,0.972972972972973,1.0,0.9473684210526315
5,41,25,gradient,0.925,0.8652015919709293,36,12.0,12.0,0.0,0.0,0.0,0.35135135135135137,0.3611111111111111,0.34210526315789475,0.972972972972973,1.0,0.9473684210526315
5,41,25,gradient,0.95,0.8652015919709293,36,15.0,15.0,0.0,0.0,0.0,0.02702702702702703,0.027777777777777776,0.02631578947368421,0.972972972972973,1.0,0.9473684210526315
5,41,25,gradient,0.975,0.8652015919709293,35,18.0,18.0,0.0,0.0,0.0,0.0,0.0,0.0,0.904109589041096,0.9428571428571428,0.868421052631579
5,41,25,gradient,0.99,0.8652015919709293,16,18.5,18.5,0.0,0.0,0.0,0.0,0.0,0.0,0.5925925925925926,1.0,0.42105263157894735
5,42,25,gradient,0.5,0.8623663332183511,259,-79.0,79.0,0.20202020202020202,0.11583011583011583,0.7894736842105263,0.25589225589225595,0.14671814671814673,1.0,0.25589225589225595,0.14671814671814673,1.0
5,42,25,gradient,0.6,0.8623663332183511,198,-77.5,77.5,0.2542372881355932,0.15151515151515152,0.7894736842105263,0.3220338983050848,0.1919191919191919,1.0,0.3220338983050848,0.1919191919191919,1.0
5,42,25,gradient,0.7,0.8623663332183511,105,-45.0,45.0,0.41958041958041953,0.2857142857142857,0.7894736842105263,0.5314685314685315,0.3619047619047619,1.0,0.5314685314685315,0.3619047619047619,1.0
5,42,25,gradient,0.75,0.8623663332183511,42,-1.5,3.0,0.7500000000000001,0.7142857142857143,0.7894736842105263,0.9500000000000001,0.9047619047619048,1.0,0.9500000000000001,0.9047619047619048,1.0
5,42,25,gradient,0.8,0.8623663332183511,36,-1.0,2.0,0.7837837837837838,0.8055555555555556,0.7631578947368421,0.972972972972973,1.0,0.9473684210526315,0.972972972972973,1.0,0.9473684210526315
5,42,25,gradient,0.85,0.8623663332183511,36,0.0,1.0,0.918918918918919,0.9444444444444444,0.8947368421052632,0.972972972972973,1.0,0.9473684210526315,0.972972972972973,1.0,0.9473684210526315
5,42,25,gradient,0.9,0.8623663332183511,36,8.0,8.0,0.08108108108108107,0.08333333333333333,0.07894736842105263,0.7567567567567567,0.7777777777777778,0.7368421052631579,0.972972972972973,1.0,0.9473684210526315
5,42,25,gradient,0.925,0.8623663332183511,36,12.0,12.0,0.0,0.0,0.0,0.27027027027027023,0.2777777777777778,0.2631578947368421,0.972972972972973,1.0,0.9473684210526315
5,42,25,gradient,0.95,0.8623663332183511,36,15.5,15.5,0.0,0.0,0.0,0.0,0.0,0.0,0.972972972972973,1.0,0.9473684210526315
5,42,25,gradient,0.975,0.8623663332183511,34,19.0,19.0,0.0,0.0,0.0,0.0,0.0,0.0,0.9444444444444444,1.0,0.8947368421052632
5,42,25,gradient,0.99,0.8623663332183511,18,19.5,19.5,0.0,0.0,0.0,0.0,0.0,0.0,0.6428571428571429,1.0,0.47368421052631576
5,43,25,gradient,0.5,0.8595495960116899,261,-64.0,64.0,0.1806020066889632,0.10344827586206896,0.7105263157894737,0.2408026755852843,0.13793103448275862,0.9473684210526315,0.254180602006689,0.14559386973180077,1.0
5,43,25,gradient,0.6,0.8595495960116899,174,-61.5,61.5,0.25471698113207547,0.15517241379310345,0.7105263157894737,0.33962264150943394,0.20689655172413793,0.9473684210526315,0.3584905660377358,0.21839080459770116,1.0
5,43,25,gradient,0.7,0.8595495960116899,82,-31.5,31.5,0.45,0.32926829268292684,0.7105263157894737,0.6,0.43902439024390244,0.9473684210526315,0.6333333333333334,0.4634146341463415,1.0
5,43,25,gradient,0.75,0.8595495960116899,40,-3.0,3.5,0.6923076923076923,0.675,0.7105263157894737,0.9230769230769231,0.9,0.9473684210526315,0.9743589743589743,0.95,1.0
5,43,25,gradient,0.8,0.8595495960116899,36,-2.5,3.0,0.6756756756756757,0.6944444444444444,0.6578947368421053,0.9459459459459458,0.9722222222222222,0.9210526315789473,0.972972972972973,1.0,0.9473684210526315
5,43,25,gradient,0.85,0.8595495960116899,36,1.0,1.0,0.8918918918918918,0.9166666666666666,0.868421052631579,0.9459459459459458,0.9722222222222222,0.9210526315789473,0.972972972972973,1.0,0.9473684210526315
5,43,25,gradient,0.9,0.8595495960116899,36,9.0,9.0,0.0,0.0,0.0,0.8108108108108109,0.8333333333333334,0.7894736842105263,0.972972972972973,1.0,0.9473684210526315
5,43,25,gradient,0.925,0.8595495960116899,36,12.0,12.0,0.0,0.0,0.0,0.21621621621621623,0.2222222222222222,0.21052631578947367,0.972972972972973,1.0,0.9473684210526315
5,43,25,gradient,0.95,0.8595495960116899,36,16.0,16.0,0.0,0.0,0.0,0.0,0.0,0.0,0.972972972972973,1.0,0.9473684210526315
5,43,25,gradient,0.975,0.8595495960116899,27,18.0,18.0,0.0,0.0,0.0,0.0,0.0,0.0,0.7999999999999999,0.9629629629629629,0.6842105263157895
5,43,25,gradient,0.99,0.8595495960116899,14,19.0,19.0,0.0,0.0,0.0,0.0,0.0,0.0,0.5,0.9285714285714286,0.34210526315789475
5,44,25,gradient,0.5,0.8567511994516792,278,-71.0,71.0,0.1962025316455696,0.11151079136690648,0.8157894736842105,0.24050632911392406,0.1366906474820144,1.0,0.24050632911392406,0.1366906474820144,1.0
5,44,25,gradient,0.6,0.8567511994516792,195,-66.0,66.0,0.2575107296137339,0.15384615384615385,0.7894736842105263,0.30901287553648066,0.18461538461538463,0.9473684210526315,0.30901287553648066,0.18461538461538463,0.9473684210526315
5,44,25,gradient,0.7,0.8567511994516792,75,-26.0,26.0,0.5309734513274337,0.4,0.7894736842105263,0.6371681415929203,0.48,0.9473684210526315,0.6371681415929203,0.48,0.9473684210526315
5,44,25,gradient,0.75,0.8567511994516792,40,-2.0,3.0,0.7692307692307692,0.75,0.7894736842105263,0.9230769230769231,0.9,0.9473684210526315,0.9230769230769231,0.9,0.9473684210526315
5,44,25,gradient,0.8,0.8567511994516792,36,-1.5,2.0,0.8108108108108109,0.8333333333333334,0.7894736842105263,0.972972972972973,1.0,0.9473684210526315,0.972972972972973,1.0,0.9473684210526315
5,44,25,gradient,0.85,0.8567511994516792,36,2.0,2.0,0.918918918918919,0.9444444444444444,0.8947368421052632,0.972972972972973,1.0,0.9473684210526315,0.972972972972973,1.0,0.9473684210526315
5,44,25,gradient,0.9,0.8567511994516792,36,8.0,8.0,0.0,0.0,0.0,0.6756756756756757,0.6944444444444444,0.6578947368421053,0.972972972972973,1.0,0.9473684210526315
5,44,25,gradient,0.925,0.8567511994516792,36,12.5,12.5,0.0,0.0,0.0,0.08108108108108107,0.08333333333333333,0.07894736842105263,0.972972972972973,1.0,0.9473684210526315
5,44,25,gradient,0.95,0.8567511994516792,36,17.0,17.0,0.0,0.0,0.0,0.0,0.0,0.0,0.9459459459459458,0.9722222222222222,0.9210526315789473
5,44,25,gradient,0.975,0.8567511994516792,28,19.5,19.5,0.0,0.0,0.0,0.0,0.0,0.0,0.8484848484848484,1.0,0.7368421052631579
5,44,25,gradient,0.99,0.8567511994516792,16,21.0,21.0,0.0,0.0,0.0,0.0,0.0,0.0,0.5925925925925926,1.0,0.42105263157894735
5,45,25,gradient,0.5,0.8539709649871905,240,-62.5,62.5,0.18705035971223025,0.10833333333333334,0.6842105263157895,0.2446043165467626,0.14166666666666666,0.8947368421052632,0.2733812949640288,0.15833333333333333,1.0
5,45,25,gradient,0.6,0.8539709649871905,182,-64.0,64.0,0.24545454545454545,0.14835164835164835,0.7105263157894737,0.3181818181818182,0.19230769230769232,0.9210526315789473,0.3454545454545455,0.2087912087912088,1.0
5,45,25,gradient,0.7,0.8539709649871905,100,-37.0,37.0,0.391304347826087,0.27,0.7105263157894737,0.5072463768115941,0.35,0.9210526315789473,0.5507246376811594,0.38,1.0
5,45,25,gradient,0.75,0.8539709649871905,39,-1.0,2.0,0.7012987012987013,0.6923076923076923,0.7105263157894737,0.9090909090909091,0.8974358974358975,0.9210526315789473,0.9870129870129869,0.9743589743589743,1.0
5,45,25,gradient,0.8,0.8539709649871905,36,-0.5,1.0,0.8918918918918918,0.9166666666666666,0.868421052631579,0.972972972972973,1.0,0.9473684210526315,0.972972972972973,1.0,0.9473684210526315
5,45,25,gradient,0.85,0.8539709649871905,36,1.0,1.0,0.9459459459459458,0.9722222222222222,0.9210526315789473,0.972972972972973,1.0,0.9473684210526315,0.972972972972973,1.0,0.9473684210526315
5,45,25,gradient,0.9,0.8539709649871905,36,9.5,9.5,0.0,0.0,0.0,0.5675675675675677,0.5833333333333334,0.5526315789473685,0.972972972972973,1.0,0.9473684210526315
5,45,25,gradient,0.925,0.8539709649871905,36,14.0,14.0,0.0,0.0,0.0,0.05405405405405406,0.05555555555555555,0.05263157894736842,0.972972972972973,1.0,0.9473684210526315
5,45,25,gradient,0.95,0.8539709649871905,37,18.0,18.0,0.0,0.0,0.0,0.0,0.0,0.0,0.9599999999999999,0.972972972972973,0.9473684210526315
5,45,25,gradient,0.975,0.8539709649871905,33,20.0,20.0,0.0,0.0,0.0,0.0,0.0,0.0,0.9295774647887324,1.0,0.868421052631579
5,45,25,gradient,0.99,0.8539709649871905,20,21.0,21.0,0.0,0.0,0.0,0.0,0.0,0.0,0.6896551724137931,1.0,0.5263157894736842
5,46,25,gradient,0.5,0.8512087163772557,258,-66.0,66.0,0.2162162162162162,0.12403100775193798,0.8421052631578947,0.25000000000000006,0.1434108527131783,0.9736842105263158,0.25675675675675674,0.14728682170542637,1.0
5,46,25,gradient,0.6,0.8512087163772557,180,-54.0,54.0,0.29357798165137616,0.17777777777777778,0.8421052631578947,0.33944954128440363,0.20555555555555555,0.9736842105263158,0.3486238532110092,0.2111111111111111,1.0
5,46,25,gradient,0.7,0.8512087163772557,94,-33.0,33.0,0.4545454545454545,0.3191489361702128,0.7894736842105263,0.5303030303030303,0.3723404255319149,0.9210526315789473,0.5454545454545454,0.3829787234042553,0.9473684210526315
5,46,25,gradient,0.75,0.8512087163772557,40,-1.5,2.5,0.7948717948717949,0.775,0.8157894736842105,0.9230769230769231,0.9,0.9473684210526315,0.9230769230769231,0.9,0.9473684210526315
5,46,25,gradient,0.8,0.8512087163772557,36,-1.0,2.0,0.8648648648648649,0.8888888888888888,0.8421052631578947,0.972972972972973,1.0,0.9473684210526315,0.972972972972973,1.0,0.9473684210526315
5,46,25,gradient,0.85,0.8512087163772557,36,1.5,1.5,0.918918918918919,0.9444444444444444,0.8947368421052632,0.972972972972973,1.0,0.9473684210526315,0.972972972972973,1.0,0.9473684210526315
5,46,25,gradient,0.9,0.8512087163772557,36,10.0,10.0,0.0,0.0,0.0,0.5405405405405405,0.5555555555555556,0.5263157894736842,0.972972972972973,1.0,0.9473684210526315
5,46,25,gradient,0.925,0.8512087163772557,36,15.0,15.0,0.0,0.0,0.0,0.0,0.0,0.0,0.972972972972973,1.0,0.9473684210526315
5,46,25,gradient,0.95,0.8512087163772557,36,17.5,17.5,0.0,0.0,0.0,0.0,0.0,0.0,0.972972972972973,1.0,0.9473684210526315
5,46,25,gradient,0.975,0.8512087163772557,30,20.5,20.5,0.0,0.0,0.0,0.0,0.0,0.0,0.8529411764705883,0.9666666666666667,0.7631578947368421
5,46,25,gradient,0.99,0.8512087163772557,15,21.0,21.0,0.0,0.0,0.0,0.0,0.0,0.0,0.5660377358490566,1.0,0.39473684210526316
5,47,25,gradient,0.5,0.8484642796538265,247,-60.0,60.0,0.1754385964912281,0.10121457489878542,0.6578947368421053,0.2596491228070175,0.14979757085020243,0.9736842105263158,0.2666666666666667,0.15384615384615385,1.0
5,47,25,gradient,0.6,0.8484642796538265,185,-58.0,58.0,0.22421524663677134,0.13513513513513514,0.6578947368421053,0.33183856502242154,0.2,0.9736842105263158,0.34080717488789236,0.20540540540540542,1.0
5,47,25,gradient,0.7,0.8484642796538265,93,-34.0,34.0,0.38167938931297707,0.26881720430107525,0.6578947368421053,0.564885496183206,0.3978494623655914,0.9736842105263158,0.5801526717557252,0.40860215053763443,1.0
5,47,25,gradient,0.75,0.8484642796538265,36,-1.0,2.0,0.6486486486486486,0.6666666666666666,0.631578947368421,0.9459459459459458,0.9722222222222222,0.9210526315789473,0.972972972972973,1.0,0.9473684210526315
5,47,25,gradient,0.8,0.8484642796538265,36,0.0,2.0,0.8648648648648649,0.8888888888888888,0.8421052631578947,0.972972972972973,1.0,0.9473684210526315,0.972972972972973,1.0,0.9473684210526315
5,47,25,gradient,0.85,0.8484642796538265,36,2.0,2.0,0.8648648648648649,0.8888888888888888,0.8421052631578947,0.972972972972973,1.0,0.9473684210526315,0.972972972972973,1.0,0.9473684210526315
5,47,25,gradient,0.9,0.8484642796538265,36,10.0,10.0,0.0,0.0,0.0,0.5675675675675677,0.5833333333333334,0.5526315789473685,0.972972972972973,1.0,0.9473684210526315
5,47,25,gradient,0.925,0.8484642796538265,36,14.0,14.0,0.0,0.0,0.0,0.08108108108108107,0.08333333333333333,0.07894736842105263,0.972972972972973,1.0,0.9473684210526315
5,47,25,gradient,0.95,0.8484642796538265,38,19.0,19.0,0.0,0.0,0.0,0.0,0.0,0.0,0.9210526315789473,0.9210526315789473,0.9210526315789473
5,47,25,gradient,0.975,0.8484642796538265,32,21.0,21.0,0.0,0.0,0.0,0.0,0.0,0.0,0.8285714285714286,0.90625,0.7631578947368421
5,47,25,gradient,0.99,0.8484642796538265,13,21.0,21.0,0.0,0.0,0.0,0.0,0.0,0.0,0.5098039215686275,1.0,0.34210526315789475
5,48,25,gradient,0.5,0.8457374830852503,235,-74.0,74.0,0.2271062271062271,0.13191489361702127,0.8157894736842105,0.2710622710622711,0.1574468085106383,0.9736842105263158,0.2783882783882784,0.16170212765957448,1.0
5,48,25,gradient,0.6,0.8457374830852503,152,-77.0,77.0,0.3263157894736842,0.20394736842105263,0.8157894736842105,0.38947368421052636,0.24342105263157895,0.9736842105263158,0.4,0.25,1.0
5,48,25,gradient,0.7,0.8457374830852503,77,-23.0,23.0,0.5043478260869565,0.37662337662337664,0.7631578947368421,0.608695652173913,0.45454545454545453,0.9210526315789473,0.6260869565217391,0.4675324675324675,0.9473684210526315
5,48,25,gradient,0.75,0.8457374830852503,40,-2.0,3.0,0.7692307692307692,0.75,0.7894736842105263,0.9230769230769231,0.9,0.9473684210526315,0.9230769230769231,0.9,0.9473684210526315
5,48,25,gradient,0.8,0.8457374830852503,36,-1.0,2.0,0.8918918918918918,0.9166666666666666,0.868421052631579,0.972972972972973,1.0,0.9473684210526315,0.972972972972973,1.0,0.9473684210526315
5,48,25,gradient,0.85,0.8457374830852503,36,3.0,3.0,0.6756756756756757,0.6944444444444444,0.6578947368421053,0.9459459459459458,0.9722222222222222,0.9210526315789473,0.972972972972973,1.0,0.9473684210526315
5,48,25,gradient,0.9,0.8457374830852503,36,12.0,12.0,0.0,0.0,0.0,0.3243243243243243,0.3333333333333333,0.3157894736842105,0.972972972972973,1.0,0.9473684210526315
5,48,25,gradient,0.925,0.8457374830852503,36,15.0,15.0,0.0,0.0,0.0,0.02702702702702703,0.027777777777777776,0.02631578947368421,0.9459459459459458,0.9722222222222222,0.9210526315789473
5,48,25,gradient,0.95,0.8457374830852503,36,19.0,19.0,0.0,0.0,0.0,0.0,0.0,0.0,0.918918918918919,0.9444444444444444,0.8947368421052632
5,48,25,gradient,0.975,0.8457374830852503,29,20.0,20.0,0.0,0.0,0.0,0.0,0.0,0.0,0.716417910447761,0.8275862068965517,0.631578947368421
5,48,25,gradient,0.99,0.8457374830852503,16,21.5,21.5,0.0,0.0,0.0,0.0,0.0,0.0,0.5185185185185185,0.875,0.3684210526315789
5,49,25,gradient,0.5,0.8430281571404485,252,-68.5,68.5,0.2206896551724138,0.12698412698412698,0.8421052631578947,0.25517241379310346,0.14682539682539683,0.9736842105263158,0.25517241379310346,0.14682539682539683,0.9736842105263158
5,49,25,gradient,0.6,0.8430281571404485,170,-51.5,51.5,0.30769230769230765,0.18823529411764706,0.8421052631578947,0.3557692307692308,0.21764705882352942,0.9736842105263158,0.3557692307692308,0.21764705882352942,0.9736842105263158
5,49,25,gradient,0.7,0.8430281571404485,75,-33.0,33.0,0.5486725663716814,0.41333333333333333,0.8157894736842105,0.6194690265486725,0.4666666666666667,0.9210526315789473,0.6194690265486725,0.4666666666666667,0.9210526315789473
5,49,25,gradient,0.75,0.8430281571404485,36,-0.5,2.5,0.8648648648648649,0.8888888888888888,0.8421052631578947,0.972972972972973,1.0,0.9473684210526315,0.972972972972973,1.0,0.9473684210526315
5,49,25,gradient,0.8,0.8430281571404485,36,0.0,2.0,0.9459459459459458,0.9722222222222222,0.9210526315789473,0.972972972972973,1.0,0.9473684210526315,0.972972972972973,1.0,0.9473684210526315
5,49,25,gradient,0.85,0.8430281571404485,36,3.0,3.0,0.7297297297297298,0.75,0.7105263157894737,0.9459459459459458,0.9722222222222222,0.9210526315789473,0.972972972972973,1.0,0.9473684210526315
5,49,25,gradient,0.9,0.8430281571404485,36,12.0,12.0,0.0,0.0,0.0,0.2972972972972973,0.3055555555555556,0.2894736842105263,0.972972972972973,1.0,0.9473684210526315
5,49,25,gradient,0.925,0.8430281571404485,36,16.0,16.0,0.0,0.0,0.0,0.05405405405405406,0.05555555555555555,0.05263157894736842,0.9459459459459458,0.9722222222222222,0.9210526315789473
5,49,25,gradient,0.95,0.8430281571404485,36,19.0,19.0,0.0,0.0,0.0,0.0,0.0,0.0,0.918918918918919,0.9444444444444444,0.8947368421052632
5,49,25,gradient,0.975,0.8430281571404485,29,21.0,21.0,0.0,0.0,0.0,0.0,0.0,0.0,0.8059701492537312,0.9310344827586207,0.7105263157894737
5,49,25,gradient,0.99,0.8430281571404485,12,22.5,22.5,0.0,0.0,0.0,0.0,0.0,0.0,0.39999999999999997,0.8333333333333334,0.2631578947368421
5,50,25,gradient,0.5,0.8403361344537815,218,-67.0,67.0,0.2421875,0.14220183486238533,0.8157894736842105,0.2734375,0.16055045871559634,0.9210526315789473,0.296875,0.1743119266055046,1.0
5,50,25,gradient,0.6,0.8403361344537815,139,-46.0,46.0,0.35028248587570615,0.22302158273381295,0.8157894736842105,0.39548022598870053,0.2517985611510791,0.9210526315789473,0.4293785310734463,0.2733812949640288,1.0
5,50,25,gradient,0.7,0.8403361344537815,78,-32.0,32.0,0.5344827586206896,0.3974358974358974,0.8157894736842105,0.603448275862069,0.44871794871794873,0.9210526315789473,0.6551724137931034,0.48717948717948717,1.0
5,50,25,gradient,0.75,0.8403361344537815,38,-0.5,2.0,0.8157894736842104,0.8157894736842105,0.8157894736842105,0.9210526315789473,0.9210526315789473,0.9210526315789473,0.9473684210526315,0.9473684210526315,0.9473684210526315
5,50,25,gradient,0.8,0.8403361344537815,36,0.0,1.0,0.918918918918919,0.9444444444444444,0.8947368421052632,0.972972972972973,1.0,0.9473684210526315,0.972972972972973,1.0,0.9473684210526315
5,50,25,gradient,0.85,0.8403361344537815,36,4.0,4.0,0.7027027027027027,0.7222222222222222,0.6842105263157895,0.918918918918919,0.9444444444444444,0.8947368421052632,0.972972972972973,1.0,0.9473684210526315
5,50,25,gradient,0.9,0.8403361344537815,36,12.0,12.0,0.0,0.0,0.0,0.2972972972972973,0.3055555555555556,0.2894736842105263,0.972972972972973,1.0,0.9473684210526315
5,50,25,gradient,0.925,0.8403361344537815,36,15.5,15.5,0.0,0.0,0.0,0.0,0.0,0.0,0.9459459459459458,0.9722222222222222,0.9210526315789473
5,50,25,gradient,0.95,0.8403361344537815,36,19.0,19.0,0.0,0.0,0.0,0.0,0.0,0.0,0.918918918918919,0.9444444444444444,0.8947368421052632
5,50,25,gradient,0.975,0.8403361344537815,30,21.5,21.5,0.0,0.0,0.0,0.0,0.0,0.0,0.7647058823529413,0.8666666666666667,0.6842105263157895
5,50,25,gradient,0.99,0.8403361344537815,17,23.0,23.0,0.0,0.0,0.0,0.0,0.0,0.0,0.4727272727272727,0.7647058823529411,0.34210526315789475
5,51,25,gradient,0.5,0.8376612497905846,265,-75.0,75.0,0.21122112211221122,0.12075471698113208,0.8421052631578947,0.23762376237623759,0.13584905660377358,0.9473684210526315,0.2508250825082508,0.14339622641509434,1.0
5,51,25,gradient,0.6,0.8376612497905846,179,-68.0,68.0,0.29493087557603687,0.1787709497206704,0.8421052631578947,0.33179723502304154,0.2011173184357542,0.9473684210526315,0.35023041474654376,0.2122905027932961,1.0
5,51,25,gradient,0.7,0.8376612497905846,69,-9.0,9.0,0.5981308411214953,0.463768115942029,0.8421052631578947,0.6728971962616822,0.5217391304347826,0.9473684210526315,0.7102803738317757,0.5507246376811594,1.0
5,51,25,gradient,0.75,0.8376612497905846,36,0.0,1.0,0.8378378378378377,0.8611111111111112,0.8157894736842105,0.9459459459459458,0.9722222222222222,0.9210526315789473,0.972972972972973,1.0,0.9473684210526315
5,51,25,gradient,0.8,0.8376612497905846,36,0.0,1.0,0.9459459459459458,0.9722222222222222,0.9210526315789473,0.972972972972973,1.0,0.9473684210526315,0.972972972972973,1.0,0.9473684210526315
5,51,25,gradient,0.85,0.8376612497905846,36,5.0,5.0,0.6486486486486486,0.6666666666666666,0.631578947368421,0.972972972972973,1.0,0.9473684210526315,0.972972972972973,1.0,0.9473684210526315
5,51,25,gradient,0.9,0.8376612497905846,36,12.5,12.5,0.0,0.0,0.0,0.27027027027027023,0.2777777777777778,0.2631578947368421,0.9459459459459458,0.9722222222222222,0.9210526315789473
5,51,25,gradient,0.925,0.8376612497905846,36,17.0,17.0,0.0,0.0,0.0,0.0,0.0,0.0,0.9459459459459458,0.9722222222222222,0.9210526315789473
5,51,25,gradient,0.95,0.8376612497905846,36,21.0,21.0,0.0,0.0,0.0,0.0,0.0,0.0,0.8918918918918918,0.9166666666666666,0.868421052631579
5,51,25,gradient,0.975,0.8376612497905846,31,23.0,23.0,0.0,0.0,0.0,0.0,0.0,0.0,0.6666666666666666,0.7419354838709677,0.6052631578947368
5,51,25,gradient,0.99,0.8376612497905846,15,24.0,24.0,0.0,0.0,0.0,0.0,0.0,0.0,0.339622641509434,0.6,0.23684210526315788
5,52,25,gradient,0.5,0.8350033400133601,254,-81.0,81.0,0.18493150684931509,0.1062992125984252,0.7105263157894737,0.23972602739726032,0.1377952755905512,0.9210526315789473,0.26027397260273977,0.14960629921259844,1.0
5,52,25,gradient,0.6,0.8350033400133601,174,-76.0,76.0,0.25471698113207547,0.15517241379310345,0.7105263157894737,0.33018867924528306,0.20114942528735633,0.9210526315789473,0.3584905660377358,0.21839080459770116,1.0
5,52,25,gradient,0.7,0.8350033400133601,81,-23.0,23.0,0.42016806722689076,0.30864197530864196,0.6578947368421053,0.5546218487394958,0.4074074074074074,0.868421052631579,0.6050420168067226,0.4444444444444444,0.9473684210526315
5,52,25,gradient,0.75,0.8350033400133601,37,0.0,3.0,0.6933333333333334,0.7027027027027027,0.6842105263157895,0.9066666666666667,0.918918918918919,0.8947368421052632,0.9599999999999999,0.972972972972973,0.9473684210526315
5,52,25,gradient,0.8,0.8350033400133601,36,0.0,2.0,0.8378378378378377,0.8611111111111112,0.8157894736842105,0.918918918918919,0.9444444444444444,0.8947368421052632,0.972972972972973,1.0,0.9473684210526315
5,52,25,gradient,0.85,0.8350033400133601,36,5.0,5.0,0.6486486486486486,0.6666666666666666,0.631578947368421,0.8918918918918918,0.9166666666666666,0.868421052631579,0.972972972972973,1.0,0.9473684210526315
5,52,25,gradient,0.9,0.8350033400133601,36,13.0,13.0,0.0,0.0,0.0,0.08108108108108107,0.08333333333333333,0.07894736842105263,0.9459459459459458,0.9722222222222222,0.9210526315789473
5,52,25,gradient,0.925,0.8350033400133601,38,18.0,18.0,0.0,0.0,0.0,0.0,0.0,0.0,0.8947368421052632,0.8947368421052632,0.8947368421052632
5,52,25,gradient,0.95,0.8350033400133601,37,21.0,21.0,0.0,0.0,0.0,0.0,0.0,0.0,0.7200000000000001,0.7297297297297297,0.7105263157894737
5,52,25,gradient,0.975,0.8350033400133601,26,22.0,22.0,0.0,0.0,0.0,0.0,0.0,0.0,0.5937499999999999,0.7307692307692307,0.5
5,52,25,gradient,0.99,0.8350033400133601,10,20.0,20.0,0.0,0.0,0.0,0.0,0.0,0.0,0.3333333333333333,0.8,0.21052631578947367
5,53,25,gradient,0.5,0.8323622440486099,259,-66.0,66.0,0.16835016835016833,0.09652509652509653,0.6578947368421053,0.22895622895622894,0.13127413127413126,0.8947368421052632,0.25589225589225595,0.14671814671814673,1.0
5,53,25,gradient,0.6,0.8323622440486099,167,-69.0,69.0,0.2439024390243902,0.1497005988023952,0.6578947368421053,0.33170731707317075,0.20359281437125748,0.8947368421052632,0.35121951219512193,0.2155688622754491,0.9473684210526315
5,53,25,gradient,0.7,0.8323622440486099,61,-7.0,7.0,0.5050505050505051,0.4098360655737705,0.6578947368421053,0.686868686868687,0.5573770491803278,0.8947368421052632,0.7272727272727273,0.5901639344262295,0.9473684210526315
5,53,25,gradient,0.75,0.8323622440486099,36,-1.0,3.0,0.6756756756756757,0.6944444444444444,0.6578947368421053,0.918918918918919,0.9444444444444444,0.8947368421052632,0.972972972972973,1.0,0.9473684210526315
5,53,25,gradient,0.8,0.8323622440486099,36,0.0,2.0,0.918918918918919,0.9444444444444444,0.8947368421052632,0.972972972972973,1.0,0.9473684210526315,0.972972972972973,1.0,0.9473684210526315
5,53,25,gradient,0.85,0.8323622440486099,36,6.0,6.0,0.35135135135135137,0.3611111111111111,0.34210526315789475,0.8648648648648649,0.8888888888888888,0.8421052631578947,0.972972972972973,1.0,0.9473684210526315
5,53,25,gradient,0.9,0.8323622440486099,36,13.0,13.0,0.0,0.0,0.0,0.10810810810810811,0.1111111111111111,0.10526315789473684,0.972972972972973,1.0,0.9473684210526315
5,53,25,gradient,0.925,0.8323622440486099,36,17.0,17.0,0.0,0.0,0.0,0.0,0.0,0.0,0.9459459459459458,0.9722222222222222,0.9210526315789473
5,53,25,gradient,0.95,0.8323622440486099,44,21.0,21.0,0.0,0.0,0.0,0.0,0.0,0.0,0.7073170731707317,0.6590909090909091,0.7631578947368421
5,53,25,gradient,0.975,0.8323622440486099,30,23.0,23.0,0.0,0.0,0.0,0.0,0.0,0.0,0.5588235294117647,0.6333333333333333,0.5
5,53,25,gradient,0.99,0.8323622440486099,16,20.5,20.5,0.0,0.0,0.0,0.0,0.0,0.0,0.3333333333333333,0.5625,0.23684210526315788
5,54,25,gradient,0.5,0.8297378028542981,250,-70.0,70.0,0.18055555555555555,0.104,0.6842105263157895,0.2291666666666667,0.132,0.868421052631579,0.2638888888888889,0.152,1.0
5,54,25,gradient,0.6,0.8297378028542981,191,-69.0,69.0,0.23580786026200878,0.14136125654450263,0.7105263157894737,0.29694323144104806,0.17801047120418848,0.8947368421052632,0.3318777292576419,0.19895287958115182,1.0
5,54,25,gradient,0.7,0.8297378028542981,79,-27.0,27.0,0.4615384615384615,0.34177215189873417,0.7105263157894737,0.5811965811965812,0.43037974683544306,0.8947368421052632,0.6495726495726496,0.4810126582278481,1.0
5,54,25,gradient,0.75,0.8297378028542981,36,-2.0,4.0,0.7297297297297298,0.75,0.7105263157894737,0.8918918918918918,0.9166666666666666,0.868421052631579,0.972972972972973,1.0,0.9473684210526315
5,54,25,gradient,0.8,0.8297378028542981,36,0.0,2.0,0.8918918918918918,0.9166666666666666,0.868421052631579,0.9459459459459458,0.9722222222222222,0.9210526315789473,0.972972972972973,1.0,0.9473684210526315
5,54,25,gradient,0.85,0.8297378028542981,36,6.0,6.0,0.40540540540540543,0.4166666666666667,0.39473684210526316,0.8918918918918918,0.9166666666666666,0.868421052631579,0.972972972972973,1.0,0.9473684210526315
5,54,25,gradient,0.9,0.8297378028542981,36,14.5,14.5,0.0,0.0,0.0,0.02702702702702703,0.027777777777777776,0.02631578947368421,0.8918918918918918,0.9166666666666666,0.868421052631579
5,54,25,gradient,0.925,0.8297378028542981,38,18.0,18.0,0.0,0.0,0.0,0.0,0.0,0.0,0.8421052631578947,0.8421052631578947,0.8421052631578947
5,54,25,gradient,0.95,0.8297378028542981,40,22.0,22.0,0.0,0.0,0.0,0.0,0.0,0.0,0.717948717948718,0.7,0.7368421052631579
5,54,25,gradient,0.975,0.8297378028542981,31,24.0,24.0,0.0,0.0,0.0,0.0,0.0,0.0,0.5217391304347826,0.5806451612903226,0.47368421052631576
5,54,25,gradient,0.99,0.8297378028542981,12,23.5,23.5,0.0,0.0,0.0,0.0,0.0,0.0,0.27999999999999997,0.5833333333333334,0.18421052631578946
5,55,25,gradient,0.5,0.8271298593879239,235,-64.0,64.0,0.23443223443223443,0.13617021276595745,0.8421052631578947,0.2710622710622711,0.1574468085106383,0.9736842105263158,0.2783882783882784,0.16170212765957448,1.0
5,55,25,gradient,0.6,0.8271298593879239,159,-61.0,61.0,0.32487309644670054,0.20125786163522014,0.8421052631578947,0.3756345177664974,0.23270440251572327,0.9736842105263158,0.3857868020304569,0.2389937106918239,1.0
5,55,25,gradient,0.7,0.8271298593879239,63,-5.0,5.0,0.6336633663366337,0.5079365079365079,0.8421052631578947,0.7326732673267327,0.5873015873015873,0.9736842105263158,0.7524752475247524,0.6031746031746031,1.0
5,55,25,gradient,0.75,0.8271298593879239,36,-1.0,2.0,0.8378378378378377,0.8611111111111112,0.8157894736842105,0.972972972972973,1.0,0.9473684210526315,0.972972972972973,1.0,0.9473684210526315
5,55,25,gradient,0.8,0.8271298593879239,36,0.0,2.0,0.918918918918919,0.9444444444444444,0.8947368421052632,0.972972972972973,1.0,0.9473684210526315,0.972972972972973,1.0,0.9473684210526315
5,55,25,gradient,0.85,0.8271298593879239,36,6.0,6.0,0.43243243243243246,0.4444444444444444,0.42105263157894735,0.8918918918918918,0.9166666666666666,0.868421052631579,0.972972972972973,1.0,0.9473684210526315
5,55,25,gradient,0.9,0.8271298593879239,37,15.0,15.0,0.0,0.0,0.0,0.10666666666666667,0.10810810810810811,0.10526315789473684,0.9333333333333332,0.9459459459459459,0.9210526315789473
5,55,25,gradient,0.925,0.8271298593879239,41,19.0,19.0,0.0,0.0,0.0,0.0,0.0,0.0,0.8860759493670887,0.8536585365853658,0.9210526315789473
5,55,25,gradient,0.95,0.8271298593879239,34,20.0,20.0,0.0,0.0,0.0,0.0,0.0,0.0,0.7499999999999999,0.7941176470588235,0.7105263157894737
5,55,25,gradient,0.975,0.8271298593879239,23,22.0,22.0,0.0,0.0,0.0,0.0,0.0,0.0,0.5245901639344263,0.6956521739130435,0.42105263157894735
5,55,25,gradient,0.99,0.8271298593879239,15,24.0,24.0,0.0,0.0,0.0,0.0,0.0,0.0,0.339622641509434,0.6,0.23684210526315788
5,56,25,gradient,0.5,0.8245382585751979,269,-76.0,76.0,0.22149837133550485,0.12639405204460966,0.8947368421052632,0.24755700325732902,0.1412639405204461,1.0,0.24755700325732902,0.1412639405204461,1.0
5,56,25,gradient,0.6,0.8245382585751979,175,-68.0,68.0,0.3192488262910798,0.19428571428571428,0.8947368421052632,0.3568075117370892,0.21714285714285714,1.0,0.3568075117370892,0.21714285714285714,1.0
5,56,25,gradient,0.7,0.8245382585751979,73,-7.0,7.0,0.6126126126126126,0.4657534246575342,0.8947368421052632,0.6846846846846847,0.5205479452054794,1.0,0.6846846846846847,0.5205479452054794,1.0
5,56,25,gradient,0.75,0.8245382585751979,36,0.5,2.0,0.8648648648648649,0.8888888888888888,0.8421052631578947,0.972972972972973,1.0,0.9473684210526315,0.972972972972973,1.0,0.9473684210526315
5,56,25,gradient,0.8,0.8245382585751979,36,1.0,2.0,0.9459459459459458,0.9722222222222222,0.9210526315789473,0.972972972972973,1.0,0.9473684210526315,0.972972972972973,1.0,0.9473684210526315
5,56,25,gradient,0.85,0.8245382585751979,36,7.0,7.0,0.3243243243243243,0.3333333333333333,0.3157894736842105,0.7027027027027027,0.7222222222222222,0.6842105263157895,0.9459459459459458,0.9722222222222222,0.9210526315789473
5,56,25,gradient,0.9,0.8245382585751979,36,15.0,15.0,0.0,0.0,0.0,0.0,0.0,0.0,0.918918918918919,0.9444444444444444,0.8947368421052632
5,56,25,gradient,0.925,0.8245382585751979,37,19.0,19.0,0.0,0.0,0.0,0.0,0.0,0.0,0.7466666666666667,0.7567567567567568,0.7368421052631579
5,56,25,gradient,0.95,0.8245382585751979,40,21.0,21.0,0.0,0.0,0.0,0.0,0.0,0.0,0.6410256410256411,0.625,0.6578947368421053
5,56,25,gradient,0.975,0.8245382585751979,35,23.0,23.0,0.0,0.0,0.0,0.0,0.0,0.0,0.4657534246575342,0.4857142857142857,0.4473684210526316
5,56,25,gradient,0.99,0.8245382585751979,14,24.5,24.5,0.0,0.0,0.0,0.0,0.0,0.0,0.2692307692307692,0.5,0.18421052631578946
5,57,25,gradient,0.5,0.821962847279303,306,-72.5,72.5,0.1511627906976744,0.08496732026143791,0.6842105263157895,0.21511627906976746,0.12091503267973856,0.9736842105263158,0.22093023255813954,0.12418300653594772,1.0
5,57,25,gradient,0.6,0.821962847279303,221,-74.0,74.0,0.20077220077220076,0.11764705882352941,0.6842105263157895,0.2857142857142857,0.167420814479638,0.9736842105263158,0.2934362934362934,0.17194570135746606,1.0
5,57,25,gradient,0.7,0.821962847279303,68,-8.0,8.0,0.49056603773584906,0.38235294117647056,0.6842105263157895,0.6981132075471699,0.5441176470588235,0.9736842105263158,0.7169811320754718,0.5588235294117647,1.0
5,57,25,gradient,0.75,0.821962847279303,36,-2.5,3.0,0.6756756756756757,0.6944444444444444,0.6578947368421053,0.9459459459459458,0.9722222222222222,0.9210526315789473,0.972972972972973,1.0,0.9473684210526315
5,57,25,gradient,0.8,0.821962847279303,36,0.0,1.0,0.9459459459459458,0.9722222222222222,0.9210526315789473,0.972972972972973,1.0,0.9473684210526315,0.972972972972973,1.0,0.9473684210526315
5,57,25,gradient,0.85,0.821962847279303,36,7.0,7.0,0.24324324324324326,0.25,0.23684210526315788,0.8378378378378377,0.8611111111111112,0.8157894736842105,0.9459459459459458,0.9722222222222222,0.9210526315789473
5,57,25,gradient,0.9,0.821962847279303,36,15.5,15.5,0.0,0.0,0.0,0.02702702702702703,0.027777777777777776,0.02631578947368421,0.8378378378378377,0.8611111111111112,0.8157894736842105
5,57,25,gradient,0.925,0.821962847279303,41,19.0,19.0,0.0,0.0,0.0,0.0,0.0,0.0,0.6835443037974684,0.6585365853658537,0.7105263157894737
5,57,25,gradient,0.95,0.821962847279303,40,22.0,22.0,0.0,0.0,0.0,0.0,0.0,0.0,0.6923076923076923,0.675,0.7105263157894737
5,57,25,gradient,0.975,0.821962847279303,28,23.0,23.0,0.0,0.0,0.0,0.0,0.0,0.0,0.4242424242424242,0.5,0.3684210526315789
5,57,25,gradient,0.99,0.821962847279303,17,23.0,23.0,0.0,0.0,0.0,0.0,0.0,0.0,0.2545454545454545,0.4117647058823529,0.18421052631578946
5,58,25,gradient,0.5,0.8194034742707309,253,-71.0,71.0,0.1924398625429553,0.11067193675889328,0.7368421052631579,0.24742268041237114,0.1422924901185771,0.9473684210526315,0.26116838487972505,0.15019762845849802,1.0
5,58,25,gradient,0.6,0.8194034742707309,172,-69.0,69.0,0.2666666666666667,0.16279069767441862,0.7368421052631579,0.34285714285714286,0.20930232558139536,0.9473684210526315,0.36190476190476195,0.22093023255813954,1.0
5,58,25,gradient,0.7,0.8194034742707309,67,-6.0,6.0,0.5333333333333332,0.417910447761194,0.7368421052631579,0.6857142857142856,0.5373134328358209,0.9473684210526315,0.7238095238095238,0.5671641791044776,1.0
5,58,25,gradient,0.75,0.8194034742707309,36,0.0,3.0,0.7837837837837838,0.8055555555555556,0.7631578947368421,0.972972972972973,1.0,0.9473684210526315,0.972972972972973,1.0,0.9473684210526315
5,58,25,gradient,0.8,0.8194034742707309,36,1.0,2.0,0.8918918918918918,0.9166666666666666,0.868421052631579,0.972972972972973,1.0,0.9473684210526315,0.972972972972973,1.0,0.9473684210526315
5,58,25,gradient,0.85,0.8194034742707309,36,7.0,7.0,0.18918918918918917,0.19444444444444445,0.18421052631578946,0.7297297297297298,0.75,0.7105263157894737,0.972972972972973,1.0,0.9473684210526315
5,58,25,gradient,0.9,0.8194034742707309,36,16.0,16.0,0.0,0.0,0.0,0.0,0.0,0.0,0.8378378378378377,0.8611111111111112,0.8157894736842105
5,58,25,gradient,0.925,0.8194034742707309,38,18.5,18.5,0.0,0.0,0.0,0.0,0.0,0.0,0.7368421052631579,0.7368421052631579,0.7368421052631579
5,58,25,gradient,0.95,0.8194034742707309,48,22.5,22.5,0.0,0.0,0.0,0.0,0.0,0.0,0.6511627906976745,0.5833333333333334,0.7368421052631579
5,58,25,gradient,0.975,0.8194034742707309,30,24.0,24.0,0.0,0.0,0.0,0.0,0.0,0.0,0.47058823529411764,0.5333333333333333,0.42105263157894735
5,58,25,gradient,0.99,0.8194034742707309,12,24.0,24.0,0.0,0.0,0.0,0.0,0.0,0.0,0.19999999999999998,0.4166666666666667,0.13157894736842105
5,59,25,gradient,0.5,0.8168599901976801,241,-72.0,72.0,0.15053763440860216,0.08713692946058091,0.5526315789473685,0.2508960573476703,0.14522821576763487,0.9210526315789473,0.2724014336917563,0.15767634854771784,1.0
5,59,25,gradient,0.6,0.8168599901976801,150,-58.0,58.0,0.22340425531914898,0.14,0.5526315789473685,0.3723404255319149,0.23333333333333334,0.9210526315789473,0.4042553191489362,0.25333333333333335,1.0
5,59,25,gradient,0.7,0.8168599901976801,64,-8.0,8.5,0.411764705882353,0.328125,0.5526315789473685,0.6862745098039216,0.546875,0.9210526315789473,0.7450980392156863,0.59375,1.0
5,59,25,gradient,0.75,0.8168599901976801,36,-1.0,4.0,0.5675675675675677,0.5833333333333334,0.5526315789473685,0.918918918918919,0.9444444444444444,0.8947368421052632,0.972972972972973,1.0,0.9473684210526315
5,59,25,gradient,0.8,0.8168599901976801,36,2.0,2.0,0.8648648648648649,0.8888888888888888,0.8421052631578947,0.972972972972973,1.0,0.9473684210526315,0.972972972972973,1.0,0.9473684210526315
5,59,25,gradient,0.85,0.8168599901976801,36,9.0,9.0,0.16216216216216214,0.16666666666666666,0.15789473684210525,0.6756756756756757,0.6944444444444444,0.6578947368421053,0.972972972972973,1.0,0.9473684210526315
5,59,25,gradient,0.9,0.8168599901976801,36,16.5,16.5,0.0,0.0,0.0,0.02702702702702703,0.027777777777777776,0.02631578947368421,0.8378378378378377,0.8611111111111112,0.8157894736842105
5,59,25,gradient,0.925,0.8168599901976801,39,22.0,22.0,0.0,0.0,0.0,0.0,0.0,0.0,0.7532467532467534,0.7435897435897436,0.7631578947368421
5,59,25,gradient,0.95,0.8168599901976801,37,24.0,24.0,0.0,0.0,0.0,0.0,0.0,0.0,0.6133333333333333,0.6216216216216216,0.6052631578947368
5,59,25,gradient,0.975,0.8168599901976801,39,25.0,25.0,0.0,0.0,0.0,0.0,0.0,0.0,0.38961038961038963,0.38461538461538464,0.39473684210526316
5,59,25,gradient,0.99,0.8168599901976801,18,26.0,26.0,0.0,0.0,0.0,0.0,0.0,0.0,0.21428571428571427,0.3333333333333333,0.15789473684210525
5,60,25,gradient,0.5,0.8143322475570033,280,-71.0,71.0,0.18238993710691828,0.10357142857142858,0.7631578947368421,0.22012578616352202,0.125,0.9210526315789473,0.2389937106918239,0.1357142857142857,1.0
5,60,25,gradient,0.6,0.8143322475570033,181,-62.0,62.0,0.2648401826484018,0.16022099447513813,0.7631578947368421,0.319634703196347,0.19337016574585636,0.9210526315789473,0.34703196347031967,0.20994475138121546,1.0
5,60,25,gradient,0.7,0.8143322475570033,63,-6.0,7.0,0.5544554455445545,0.4444444444444444,0.7368421052631579,0.6732673267326732,0.5396825396825397,0.8947368421052632,0.7128712871287128,0.5714285714285714,0.9473684210526315
5,60,25,gradient,0.75,0.8143322475570033,36,-2.0,3.0,0.7837837837837838,0.8055555555555556,0.7631578947368421,0.9459459459459458,0.9722222222222222,0.9210526315789473,0.972972972972973,1.0,0.9473684210526315
5,60,25,gradient,0.8,0.8143322475570033,36,1.0,2.0,0.8378378378378377,0.8611111111111112,0.8157894736842105,0.9459459459459458,0.9722222222222222,0.9210526315789473,0.972972972972973,1.0,0.9473684210526315
5,60,25,gradient,0.85,0.8143322475570033,36,9.0,9.0,0.10810810810810811,0.1111111111111111,0.10526315789473684,0.5675675675675677,0.5833333333333334,0.5526315789473685,0.972972972972973,1.0,0.9473684210526315
5,60,25,gradient,0.9,0.8143322475570033,38,16.0,16.0,0.0,0.0,0.0,0.0,0.0,0.0,0.9473684210526315,0.9473684210526315,0.9473684210526315
5,60,25,gradient,0.925,0.8143322475570033,43,21.0,21.0,0.0,0.0,0.0,0.0,0.0,0.0,0.7160493827160495,0.6744186046511628,0.7631578947368421
5,60,25,gradient,0.95,0.8143322475570033,48,22.0,22.0,0.0,0.0,0.0,0.0,0.0,0.0,0.627906976744186,0.5625,0.7105263157894737
5,60,25,gradient,0.975,0.8143322475570033,31,24.0,24.0,0.0,0.0,0.0,0.0,0.0,0.0,0.43478260869565216,0.4838709677419355,0.39473684210526316
5,60,25,gradient,0.99,0.8143322475570033,10,24.5,24.5,0.0,0.0,0.0,0.0,0.0,0.0,0.20833333333333334,0.5,0.13157894736842105
5,61,25,gradient,0.5,0.8118201006656924,234,-73.0,73.0,0.19852941176470587,0.11538461538461539,0.7105263157894737,0.2573529411764706,0.14957264957264957,0.9210526315789473,0.27941176470588236,0.1623931623931624,1.0
5,61,25,gradient,0.6,0.8118201006656924,157,-56.0,56.0,0.2769230769230769,0.17197452229299362,0.7105263157894737,0.358974358974359,0.2229299363057325,0.9210526315789473,0.38974358974358975,0.24203821656050956,1.0
5,61,25,gradient,0.7,0.8118201006656924,76,-18.5,18.5,0.47368421052631576,0.35526315789473684,0.7105263157894737,0.631578947368421,0.47368421052631576,0.9473684210526315,0.6666666666666666,0.5,1.0
5,61,25,gradient,0.75,0.8118201006656924,36,0.0,2.5,0.7567567567567567,0.7777777777777778,0.7368421052631579,0.9459459459459458,0.9722222222222222,0.9210526315789473,0.972972972972973,1.0,0.9473684210526315
5,61,25,gradient,0.8,0.8118201006656924,36,1.0,1.0,0.7837837837837838,0.8055555555555556,0.7631578947368421,0.9459459459459458,0.9722222222222222,0.9210526315789473,0.972972972972973,1.0,0.9473684210526315
5,61,25,gradient,0.85,0.8118201006656924,36,9.0,9.0,0.02702702702702703,0.027777777777777776,0.02631578947368421,0.7027027027027027,0.7222222222222222,0.6842105263157895,0.972972972972973,1.0,0.9473684210526315
5,61,25,gradient,0.9,0.8118201006656924,38,18.5,18.5,0.0,0.0,0.0,0.0,0.0,0.0,0.7368421052631579,0.7368421052631579,0.7368421052631579
5,61,25,gradient,0.925,0.8118201006656924,44,22.5,22.5,0.0,0.0,0.0,0.0,0.0,0.0,0.7560975609756098,0.7045454545454546,0.8157894736842105
5,61,25,gradient,0.95,0.8118201006656924,46,24.0,24.0,0.0,0.0,0.0,0.0,0.0,0.0,0.45238095238095233,0.41304347826086957,0.5
5,61,25,gradient,0.975,0.8118201006656924,29,25.0,25.0,0.0,0.0,0.0,0.0,0.0,0.0,0.3582089552238805,0.41379310344827586,0.3157894736842105
5,61,25,gradient,0.99,0.8118201006656924,12,28.0,28.0,0.0,0.0,0.0,0.0,0.0,0.0,0.08,0.16666666666666666,0.05263157894736842
5,62,25,gradient,0.5,0.8093234056328908,240,-68.5,68.5,0.20143884892086328,0.11666666666666667,0.7368421052631579,0.2589928057553957,0.15,0.9473684210526315,0.2733812949640288,0.15833333333333333,1.0
5,62,25,gradient,0.6,0.8093234056328908,171,-55.0,55.0,0.2679425837320574,0.16374269005847952,0.7368421052631579,0.34449760765550236,0.21052631578947367,0.9473684210526315,0.3636363636363636,0.2222222222222222,1.0
5,62,25,gradient,0.7,0.8093234056328908,53,-4.0,6.0,0.5714285714285714,0.49056603773584906,0.6842105263157895,0.7472527472527473,0.6415094339622641,0.8947368421052632,0.7912087912087911,0.6792452830188679,0.9473684210526315
5,62,25,gradient,0.75,0.8093234056328908,36,-2.0,3.0,0.7297297297297298,0.75,0.7105263157894737,0.972972972972973,1.0,0.9473684210526315,0.972972972972973,1.0,0.9473684210526315
5,62,25,gradient,0.8,0.8093234056328908,36,1.0,1.5,0.8108108108108109,0.8333333333333334,0.7894736842105263,0.9459459459459458,0.9722222222222222,0.9210526315789473,0.972972972972973,1.0,0.9473684210526315
5,62,25,gradient,0.85,0.8093234056328908,36,10.0,10.0,0.08108108108108107,0.08333333333333333,0.07894736842105263,0.6216216216216216,0.6388888888888888,0.6052631578947368,0.918918918918919,0.9444444444444444,0.8947368421052632
5,62,25,gradient,0.9,0.8093234056328908,41,20.0,20.0,0.0,0.0,0.0,0.05063291139240506,0.04878048780487805,0.05263157894736842,0.6835443037974684,0.6585365853658537,0.7105263157894737
5,62,25,gradient,0.925,0.8093234056328908,57,23.0,23.0,0.0,0.0,0.0,0.021052631578947368,0.017543859649122806,0.02631578947368421,0.6105263157894737,0.5087719298245614,0.7631578947368421
5,62,25,gradient,0.95,0.8093234056328908,44,24.0,24.0,0.0,0.0,0.0,0.0,0.0,0.0,0.5121951219512196,0.4772727272727273,0.5526315789473685
5,62,25,gradient,0.975,0.8093234056328908,31,24.0,24.0,0.0,0.0,0.0,0.0,0.0,0.0,0.40579710144927533,0.45161290322580644,0.3684210526315789
5,62,25,gradient,0.99,0.8093234056328908,15,25.0,25.0,0.0,0.0,0.0,0.0,0.0,0.0,0.18867924528301885,0.3333333333333333,0.13157894736842105
5,63,25,gradient,0.5,0.8068420203324189,217,-59.0,59.0,0.2196078431372549,0.12903225806451613,0.7368421052631579,0.2901960784313726,0.17050691244239632,0.9736842105263158,0.2901960784313726,0.17050691244239632,0.9736842105263158
5,63,25,gradient,0.6,0.8068420203324189,136,-54.0,54.0,0.3103448275862069,0.19852941176470587,0.7105263157894737,0.4022988505747126,0.25735294117647056,0.9210526315789473,0.4022988505747126,0.25735294117647056,0.9210526315789473
5,63,25,gradient,0.7,0.8068420203324189,57,-4.0,6.0,0.5894736842105264,0.49122807017543857,0.7368421052631579,0.7789473684210527,0.6491228070175439,0.9736842105263158,0.7789473684210527,0.6491228070175439,0.9736842105263158
5,63,25,gradient,0.75,0.8068420203324189,36,-1.0,3.0,0.7837837837837838,0.8055555555555556,0.7631578947368421,0.9459459459459458,0.9722222222222222,0.9210526315789473,0.9459459459459458,0.9722222222222222,0.9210526315789473
5,63,25,gradient,0.8,0.8068420203324189,36,2.0,2.0,0.8378378378378377,0.8611111111111112,0.8157894736842105,0.918918918918919,0.9444444444444444,0.8947368421052632,0.9459459459459458,0.9722222222222222,0.9210526315789473
5,63,25,gradient,0.85,0.8068420203324189,36,9.5,9.5,0.0,0.0,0.0,0.5135135135135136,0.5277777777777778,0.5,0.9459459459459458,0.9722222222222222,0.9210526315789473
5,63,25,gradient,0.9,0.8068420203324189,37,19.0,19.0,0.0,0.0,0.0,0.0,0.0,0.0,0.8,0.8108108108108109,0.7894736842105263
5,63,25,gradient,0.925,0.8068420203324189,44,22.0,22.0,0.0,0.0,0.0,0.0,0.0,0.0,0.6585365853658537,0.6136363636363636,0.7105263157894737
5,63,25,gradient,0.95,0.8068420203324189,44,24.0,24.0,0.0,0.0,0.0,0.0,0.0,0.0,0.4878048780487805,0.45454545454545453,0.5263157894736842
5,63,25,gradient,0.975,0.8068420203324189,38,27.0,27.0,0.0,0.0,0.0,0.0,0.0,0.0,0.2631578947368421,0.2631578947368421,0.2631578947368421
5,63,25,gradient,0.99,0.8068420203324189,17,28.0,28.0,0.0,0.0,0.0,0.0,0.0,0.0,0.07272727272727272,0.11764705882352941,0.05263157894736842
5,64,25,gradient,0.5,0.8043758043758044,261,-73.0,73.0,0.16722408026755853,0.09578544061302682,0.6578947368421053,0.23411371237458192,0.13409961685823754,0.9210526315789473,0.254180602006689,0.14559386973180077,1.0
5,64,25,gradient,0.6,0.8043758043758044,170,-55.0,55.0,0.22115384615384617,0.13529411764705881,0.6052631578947368,0.31730769230769235,0.19411764705882353,0.868421052631579,0.3461538461538461,0.21176470588235294,0.9473684210526315
5,64,25,gradient,0.7,0.8043758043758044,47,-4.0,7.0,0.5411764705882353,0.48936170212765956,0.6052631578947368,0.7764705882352942,0.7021276595744681,0.868421052631579,0.8470588235294116,0.7659574468085106,0.9473684210526315
5,64,25,gradient,0.75,0.8043758043758044,36,0.0,3.0,0.7027027027027027,0.7222222222222222,0.6842105263157895,0.9459459459459458,0.9722222222222222,0.9210526315789473,0.972972972972973,1.0,0.9473684210526315
5,64,25,gradient,0.8,0.8043758043758044,36,2.0,2.5,0.8108108108108109,0.8333333333333334,0.7894736842105263,0.9459459459459458,0.9722222222222222,0.9210526315789473,0.972972972972973,1.0,0.9473684210526315
5,64,25,gradient,0.85,0.8043758043758044,36,10.0,10.0,0.0,0.0,0.0,0.5135135135135136,0.5277777777777778,0.5,0.8918918918918918,0.9166666666666666,0.868421052631579
5,64,25,gradient,0.9,0.8043758043758044,40,19.5,19.5,0.0,0.0,0.0,0.0,0.0,0.0,0.6410256410256411,0.625,0.6578947368421053
5,64,25,gradient,0.925,0.8043758043758044,61,23.0,23.0,0.0,0.0,0.0,0.0,0.0,0.0,0.5656565656565656,0.45901639344262296,0.7368421052631579
5,64,25,gradient,0.95,0.8043758043758044,54,25.0,25.0,0.0,0.0,0.0,0.0,0.0,0.0,0.4565217391304348,0.3888888888888889,0.5526315789473685
5,64,25,gradient,0.975,0.8043758043758044,34,24.0,24.0,0.0,0.0,0.0,0.0,0.0,0.0,0.41666666666666663,0.4411764705882353,0.39473684210526316
5,64,25,gradient,0.99,0.8043758043758044,13,27.0,27.0,0.0,0.0,0.0,0.0,0.0,0.0,0.196078431372549,0.38461538461538464,0.13157894736842105
5,65,25,gradient,0.5,0.8019246190858059,218,-68.5,68.5,0.2421875,0.14220183486238533,0.8157894736842105,0.28125,0.1651376146788991,0.9473684210526315,0.296875,0.1743119266055046,1.0
5,65,25,gradient,0.6,0.8019246190858059,141,-55.0,55.0,0.34636871508379885,0.2198581560283688,0.8157894736842105,0.4022346368715083,0.2553191489361702,0.9473684210526315,0.4245810055865922,0.2695035460992908,1.0
5,65,25,gradient,0.7,0.8019246190858059,55,-4.0,4.0,0.6666666666666666,0.5636363636363636,0.8157894736842105,0.7741935483870966,0.6545454545454545,0.9473684210526315,0.8172043010752689,0.6909090909090909,1.0
5,65,25,gradient,0.75,0.8019246190858059,36,0.0,2.0,0.8378378378378377,0.8611111111111112,0.8157894736842105,0.9459459459459458,0.9722222222222222,0.9210526315789473,0.972972972972973,1.0,0.9473684210526315
5,65,25,gradient,0.8,0.8019246190858059,36,3.0,3.0,0.7297297297297298,0.75,0.7105263157894737,0.918918918918919,0.9444444444444444,0.8947368421052632,0.972972972972973,1.0,0.9473684210526315
5,65,25,gradient,0.85,0.8019246190858059,36,11.0,11.0,0.02702702702702703,0.027777777777777776,0.02631578947368421,0.43243243243243246,0.4444444444444444,0.42105263157894735,0.918918918918919,0.9444444444444444,0.8947368421052632
5,65,25,gradient,0.9,0.8019246190858059,44,19.0,19.0,0.0,0.0,0.0,0.0,0.0,0.0,0.7560975609756098,0.7045454545454546,0.8157894736842105
5,65,25,gradient,0.925,0.8019246190858059,59,23.0,23.0,0.0,0.0,0.0,0.0,0.0,0.0,0.5154639175257731,0.423728813559322,0.6578947368421053
5,65,25,gradient,0.95,0.8019246190858059,53,24.0,24.0,0.0,0.0,0.0,0.0,0.0,0.0,0.5054945054945055,0.4339622641509434,0.6052631578947368
5,65,25,gradient,0.975,0.8019246190858059,27,24.0,24.0,0.0,0.0,0.0,0.0,0.0,0.0,0.36923076923076925,0.4444444444444444,0.3157894736842105
5,65,25,gradient,0.99,0.8019246190858059,11,24.0,24.0,0.0,0.0,0.0,0.0,0.0,0.0,0.16326530612244897,0.36363636363636365,0.10526315789473684
5,66,25,gradient,0.5,0.799488327470419,258,-72.5,72.5,0.16216216216216217,0.09302325581395349,0.631578947368421,0.2162162162162162,0.12403100775193798,0.8421052631578947,0.25000000000000006,0.1434108527131783,0.9736842105263158
5,66,25,gradient,0.6,0.799488327470419,146,-67.5,67.5,0.2608695652173913,0.1643835616438356,0.631578947368421,0.34782608695652173,0.2191780821917808,0.8421052631578947,0.40217391304347827,0.2534246575342466,0.9736842105263158
5,66,25,gradient,0.7,0.799488327470419,54,-4.0,7.0,0.5217391304347826,0.4444444444444444,0.631578947368421,0.6739130434782609,0.5740740740740741,0.8157894736842105,0.782608695652174,0.6666666666666666,0.9473684210526315
5,66,25,gradient,0.75,0.799488327470419,36,0.0,2.0,0.7837837837837838,0.8055555555555556,0.7631578947368421,0.918918918918919,0.9444444444444444,0.8947368421052632,0.972972972972973,1.0,0.9473684210526315
5,66,25,gradient,0.8,0.799488327470419,36,4.0,4.0,0.5945945945945946,0.6111111111111112,0.5789473684210527,0.8648648648648649,0.8888888888888888,0.8421052631578947,0.972972972972973,1.0,0.9473684210526315
5,66,25,gradient,0.85,0.799488327470419,36,11.5,11.5,0.0,0.0,0.0,0.2972972972972973,0.3055555555555556,0.2894736842105263,0.918918918918919,0.9444444444444444,0.8947368421052632
5,66,25,gradient,0.9,0.799488327470419,36,21.0,21.0,0.0,0.0,0.0,0.0,0.0,0.0,0.6216216216216216,0.6388888888888888,0.6052631578947368
5,66,25,gradient,0.925,0.799488327470419,45,23.0,23.0,0.0,0.0,0.0,0.0,0.0,0.0,0.5301204819277109,0.4888888888888889,0.5789473684210527
5,66,25,gradient,0.95,0.799488327470419,50,25.5,25.5,0.0,0.0,0.0,0.0,0.0,0.0,0.38636363636363635,0.34,0.4473684210526316
5,66,25,gradient,0.975,0.799488327470419,31,29.0,29.0,0.0,0.0,0.0,0.0,0.0,0.0,0.2608695652173913,0.2903225806451613,0.23684210526315788
5,66,25,gradient,0.99,0.799488327470419,12,28.0,28.0,0.0,0.0,0.0,0.0,0.0,0.0,0.16,0.3333333333333333,0.10526315789473684
5,67,25,gradient,0.5,0.7970667941973537,226,-63.5,63.5,0.20454545454545456,0.11946902654867257,0.7105263157894737,0.26515151515151514,0.15486725663716813,0.9210526315789473,0.2878787878787879,0.168141592920354,1.0
5,67,25,gradient,0.6,0.7970667941973537,160,-51.5,51.5,0.27272727272727276,0.16875,0.7105263157894737,0.35353535353535354,0.21875,0.9210526315789473,0.3838383838383838,0.2375,1.0
5,67,25,gradient,0.7,0.7970667941973537,53,-4.0,5.0,0.5934065934065935,0.5094339622641509,0.7105263157894737,0.7912087912087911,0.6792452830188679,0.9473684210526315,0.8351648351648352,0.7169811320754716,1.0
5,67,25,gradient,0.75,0.7970667941973537,36,-1.0,2.0,0.8648648648648649,0.8888888888888888,0.8421052631578947,0.972972972972973,1.0,0.9473684210526315,0.972972972972973,1.0,0.9473684210526315
5,67,25,gradient,0.8,0.7970667941973537,36,4.0,4.0,0.6756756756756757,0.6944444444444444,0.6578947368421053,0.8648648648648649,0.8888888888888888,0.8421052631578947,0.972972972972973,1.0,0.9473684210526315
5,67,25,gradient,0.85,0.7970667941973537,36,12.0,12.0,0.0,0.0,0.0,0.35135135135135137,0.3611111111111111,0.34210526315789475,0.9459459459459458,0.9722222222222222,0.9210526315789473
5,67,25,gradient,0.9,0.7970667941973537,49,23.0,23.0,0.0,0.0,0.0,0.0,0.0,0.0,0.5287356321839081,0.46938775510204084,0.6052631578947368
5,67,25,gradient,0.925,0.7970667941973537,56,23.5,23.5,0.0,0.0,0.0,0.0,0.0,0.0,0.46808510638297873,0.39285714285714285,0.5789473684210527
5,67,25,gradient,0.95,0.7970667941973537,54,26.0,26.0,0.0,0.0,0.0,0.0,0.0,0.0,0.3695652173913044,0.3148148148148148,0.4473684210526316
5,67,25,gradient,0.975,0.7970667941973537,27,28.0,28.0,0.0,0.0,0.0,0.0,0.0,0.0,0.2153846153846154,0.25925925925925924,0.18421052631578946
5,67,25,gradient,0.99,0.7970667941973537,10,28.5,28.5,0.0,0.0,0.0,0.0,0.0,0.0,0.08333333333333333,0.2,0.05263157894736842
5,68,25,gradient,0.5,0.7946598855689765,216,-61.5,61.5,0.2047244094488189,0.12037037037037036,0.6842105263157895,0.29133858267716534,0.1712962962962963,0.9736842105263158,0.2992125984251968,0.17592592592592593,1.0
5,68,25,gradient,0.6,0.7946598855689765,170,-54.0,54.0,0.25000000000000006,0.15294117647058825,0.6842105263157895,0.3557692307692308,0.21764705882352942,0.9736842105263158,0.36538461538461536,0.2235294117647059,1.0
5,68,25,gradient,0.7,0.7946598855689765,50,-4.5,5.5,0.5681818181818182,0.5,0.6578947368421053,0.7954545454545453,0.7,0.9210526315789473,0.8181818181818181,0.72,0.9473684210526315
5,68,25,gradient,0.75,0.7946598855689765,36,0.0,2.0,0.8378378378378377,0.8611111111111112,0.8157894736842105,0.972972972972973,1.0,0.9473684210526315,0.972972972972973,1.0,0.9473684210526315
5,68,25,gradient,0.8,0.7946598855689765,36,4.0,4.0,0.6756756756756757,0.6944444444444444,0.6578947368421053,0.8918918918918918,0.9166666666666666,0.868421052631579,0.972972972972973,1.0,0.9473684210526315
5,68,25,gradient,0.85,0.7946598855689765,36,13.0,13.0,0.0,0.0,0.0,0.2972972972972973,0.3055555555555556,0.2894736842105263,0.8918918918918918,0.9166666666666666,0.868421052631579
5,68,25,gradient,0.9,0.7946598855689765,50,23.0,23.0,0.0,0.0,0.0,0.0,0.0,0.0,0.5681818181818182,0.5,0.6578947368421053
5,68,25,gradient,0.925,0.7946598855689765,54,22.0,22.0,0.0,0.0,0.0,0.0,0.0,0.0,0.5434782608695652,0.46296296296296297,0.6578947368421053
5,68,25,gradient,0.95,0.7946598855689765,57,24.0,24.0,0.0,0.0,0.0,0.0,0.0,0.0,0.5263157894736842,0.43859649122807015,0.6578947368421053
5,68,25,gradient,0.975,0.7946598855689765,31,25.0,25.0,0.0,0.0,0.0,0.0,0.0,0.0,0.3768115942028986,0.41935483870967744,0.34210526315789475
5,68,25,gradient,0.99,0.7946598855689765,19,24.0,24.0,0.0,0.0,0.0,0.0,0.0,0.0,0.24561403508771928,0.3684210526315789,0.18421052631578946
5,69,25,gradient,0.5,0.7922674694977024,205,-62.0,62.0,0.2139917695473251,0.12682926829268293,0.6842105263157895,0.2880658436213992,0.17073170731707318,0.9210526315789473,0.3045267489711934,0.18048780487804877,0.9736842105263158
5,69,25,gradient,0.6,0.7922674694977024,146,-53.0,53.0,0.2934782608695652,0.18493150684931506,0.7105263157894737,0.391304347826087,0.2465753424657534,0.9473684210526315,0.41304347826086957,0.2602739726027397,1.0
5,69,25,gradient,0.7,0.7922674694977024,56,-5.0,7.0,0.5319148936170213,0.44642857142857145,0.6578947368421053,0.7446808510638298,0.625,0.9210526315789473,0.7659574468085106,0.6428571428571429,0.9473684210526315
5,69,25,gradient,0.75,0.7922674694977024,36,0.5,2.0,0.7567567567567567,0.7777777777777778,0.7368421052631579,0.972972972972973,1.0,0.9473684210526315,0.972972972972973,1.0,0.9473684210526315
5,69,25,gradient,0.8,0.7922674694977024,36,5.0,5.0,0.6216216216216216,0.6388888888888888,0.6052631578947368,0.8648648648648649,0.8888888888888888,0.8421052631578947,0.9459459459459458,0.9722222222222222,0.9210526315789473
5,69,25,gradient,0.85,0.7922674694977024,36,13.5,13.5,0.0,0.0,0.0,0.21621621621621623,0.2222222222222222,0.21052631578947367,0.8918918918918918,0.9166666666666666,0.868421052631579
5,69,25,gradient,0.9,0.7922674694977024,47,22.0,22.0,0.0,0.0,0.0,0.0,0.0,0.0,0.611764705882353,0.5531914893617021,0.6842105263157895
5,69,25,gradient,0.925,0.7922674694977024,55,26.0,26.0,0.0,0.0,0.0,0.0,0.0,0.0,0.4516129032258065,0.38181818181818183,0.5526315789473685
5,69,25,gradient,0.95,0.7922674694977024,53,25.0,25.0,0.0,0.0,0.0,0.0,0.0,0.0,0.3516483516483517,0.3018867924528302,0.42105263157894735
5,69,25,gradient,0.975,0.7922674694977024,26,28.0,28.0,0.0,0.0,0.0,0.0,0.0,0.0,0.21875,0.2692307692307692,0.18421052631578946
5,69,25,gradient,0.99,0.7922674694977024,20,26.5,26.5,0.0,0.0,0.0,0.0,0.0,0.0,0.1724137931034483,0.25,0.13157894736842105
5,70,25,gradient,0.5,0.7898894154818326,231,-60.0,60.0,0.22304832713754644,0.12987012987012986,0.7894736842105263,0.2825278810408922,0.1645021645021645,1.0,0.2825278810408922,0.1645021645021645,1.0
5,70,25,gradient,0.6,0.7898894154818326,141,-56.0,56.0,0.33519553072625696,0.2127659574468085,0.7894736842105263,0.4245810055865922,0.2695035460992908,1.0,0.4245810055865922,0.2695035460992908,1.0
5,70,25,gradient,0.7,0.7898894154818326,48,-3.0,4.0,0.6511627906976745,0.5833333333333334,0.7368421052631579,0.8372093023255814,0.75,0.9473684210526315,0.8372093023255814,0.75,0.9473684210526315
5,70,25,gradient,0.75,0.7898894154818326,36,0.0,2.0,0.8378378378378377,0.8611111111111112,0.8157894736842105,0.918918918918919,0.9444444444444444,0.8947368421052632,0.972972972972973,1.0,0.9473684210526315
5,70,25,gradient,0.8,0.7898894154818326,36,4.0,4.0,0.5675675675675677,0.5833333333333334,0.5526315789473685,0.8648648648648649,0.8888888888888888,0.8421052631578947,0.972972972972973,1.0,0.9473684210526315
5,70,25,gradient,0.85,0.7898894154818326,36,14.0,14.0,0.0,0.0,0.0,0.13513513513513511,0.1388888888888889,0.13157894736842105,0.7837837837837838,0.8055555555555556,0.7631578947368421
5,70,25,gradient,0.9,0.7898894154818326,62,21.5,21.5,0.0,0.0,0.0,0.0,0.0,0.0,0.62,0.5,0.8157894736842105
5,70,25,gradient,0.925,0.7898894154818326,57,24.0,24.0,0.0,0.0,0.0,0.0,0.0,0.0,0.4631578947368421,0.38596491228070173,0.5789473684210527
5,70,25,gradient,0.95,0.7898894154818326,44,25.5,25.5,0.0,0.0,0.0,0.0,0.0,0.0,0.36585365853658536,0.3409090909090909,0.39473684210526316
5,70,25,gradient,0.975,0.7898894154818326,36,27.5,27.5,0.0,0.0,0.0,0.0,0.0,0.0,0.27027027027027023,0.2777777777777778,0.2631578947368421
5,70,25,gradient,0.99,0.7898894154818326,18,26.5,26.5,0.0,0.0,0.0,0.0,0.0,0.0,0.10714285714285714,0.16666666666666666,0.07894736842105263
5,71,25,gradient,0.5,0.7875255945818239,242,-68.5,68.5,0.20000000000000004,0.11570247933884298,0.7368421052631579,0.2642857142857143,0.15289256198347106,0.9736842105263158,0.27142857142857146,0.15702479338842976,1.0
5,71,25,gradient,0.6,0.7875255945818239,145,-61.0,61.0,0.28415300546448086,0.1793103448275862,0.6842105263157895,0.3825136612021858,0.2413793103448276,0.9210526315789473,0.40437158469945356,0.25517241379310346,0.9736842105263158
5,71,25,gradient,0.7,0.7875255945818239,49,-3.0,4.0,0.5977011494252874,0.5306122448979592,0.6842105263157895,0.8045977011494253,0.7142857142857143,0.9210526315789473,0.8275862068965517,0.7346938775510204,0.9473684210526315
5,71,25,gradient,0.75,0.7875255945818239,36,-1.0,2.0,0.8108108108108109,0.8333333333333334,0.7894736842105263,0.972972972972973,1.0,0.9473684210526315,0.972972972972973,1.0,0.9473684210526315
5,71,25,gradient,0.8,0.7875255945818239,36,6.5,6.5,0.37837837837837834,0.3888888888888889,0.3684210526315789,0.8648648648648649,0.8888888888888888,0.8421052631578947,0.972972972972973,1.0,0.9473684210526315
5,71,25,gradient,0.85,0.7875255945818239,36,14.0,14.0,0.0,0.0,0.0,0.21621621621621623,0.2222222222222222,0.21052631578947367,0.7837837837837838,0.8055555555555556,0.7631578947368421
5,71,25,gradient,0.9,0.7875255945818239,50,24.0,24.0,0.0,0.0,0.0,0.0,0.0,0.0,0.5227272727272727,0.46,0.6052631578947368
5,71,25,gradient,0.925,0.7875255945818239,54,25.0,25.0,0.0,0.0,0.0,0.0,0.0,0.0,0.5,0.42592592592592593,0.6052631578947368
5,71,25,gradient,0.95,0.7875255945818239,48,25.0,25.0,0.0,0.0,0.0,0.0,0.0,0.0,0.372093023255814,0.3333333333333333,0.42105263157894735
5,71,25,gradient,0.975,0.7875255945818239,31,25.0,25.0,0.0,0.0,0.0,0.0,0.0,0.0,0.31884057971014496,0.3548387096774194,0.2894736842105263
5,71,25,gradient,0.99,0.7875255945818239,14,25.5,25.5,0.0,0.0,0.0,0.0,0.0,0.0,0.11538461538461539,0.21428571428571427,0.07894736842105263
5,72,25,gradient,0.5,0.785175879396985,223,-71.0,71.0,0.22222222222222218,0.13004484304932734,0.7631578947368421,0.2835249042145594,0.16591928251121077,0.9736842105263158,0.2911877394636015,0.17040358744394618,1.0
5,72,25,gradient,0.6,0.785175879396985,148,-71.5,71.5,0.3118279569892473,0.19594594594594594,0.7631578947368421,0.3978494623655914,0.25,0.9736842105263158,0.4086021505376344,0.25675675675675674,1.0
5,72,25,gradient,0.7,0.785175879396985,50,-2.5,4.0,0.6590909090909091,0.58,0.7631578947368421,0.8409090909090909,0.74,0.9736842105263158,0.8636363636363636,0.76,1.0
5,72,25,gradient,0.75,0.785175879396985,36,1.0,2.0,0.8378378378378377,0.8611111111111112,0.8157894736842105,0.9459459459459458,0.9722222222222222,0.9210526315789473,0.972972972972973,1.0,0.9473684210526315
5,72,25,gradient,0.8,0.785175879396985,36,6.5,6.5,0.35135135135135137,0.3611111111111111,0.34210526315789475,0.8378378378378377,0.8611111111111112,0.8157894736842105,0.9459459459459458,0.9722222222222222,0.9210526315789473
5,72,25,gradient,0.85,0.785175879396985,36,16.0,16.0,0.0,0.0,0.0,0.13513513513513511,0.1388888888888889,0.13157894736842105,0.7837837837837838,0.8055555555555556,0.7631578947368421
5,72,25,gradient,0.9,0.785175879396985,53,24.0,24.0,0.0,0.0,0.0,0.0,0.0,0.0,0.46153846153846156,0.39622641509433965,0.5526315789473685
5,72,25,gradient,0.925,0.785175879396985,63,25.0,25.0,0.0,0.0,0.0,0.0,0.0,0.0,0.43564356435643564,0.3492063492063492,0.5789473684210527
5,72,25,gradient,0.95,0.785175879396985,51,27.0,27.0,0.0,0.0,0.0,0.0,0.0,0.0,0.38202247191011235,0.3333333333333333,0.4473684210526316
5,72,25,gradient,0.975,0.785175879396985,34,26.0,26.0,0.0,0.0,0.0,0.0,0.0,0.0,0.25,0.2647058823529412,0.23684210526315788
5,72,25,gradient,0.99,0.785175879396985,15,28.0,28.0,0.0,0.0,0.0,0.0,0.0,0.0,0.1509433962264151,0.26666666666666666,0.10526315789473684
5,73,25,gradient,0.5,0.7828401440425865,216,-66.5,66.5,0.16535433070866143,0.09722222222222222,0.5526315789473685,0.2677165354330709,0.1574074074074074,0.8947368421052632,0.29133858267716534,0.1712962962962963,0.9736842105263158
5,73,25,gradient,0.6,0.7828401440425865,137,-46.0,46.0,0.24,0.15328467153284672,0.5526315789473685,0.38857142857142857,0.24817518248175183,0.8947368421052632,0.4228571428571429,0.27007299270072993,0.9736842105263158
5,73,25,gradient,0.7,0.7828401440425865,47,-4.0,7.0,0.49411764705882355,0.44680851063829785,0.5526315789473685,0.8,0.723404255319149,0.8947368421052632,0.8470588235294116,0.7659574468085106,0.9473684210526315
5,73,25,gradient,0.75,0.7828401440425865,36,0.0,3.0,0.8378378378378377,0.8611111111111112,0.8157894736842105,0.9459459459459458,0.9722222222222222,0.9210526315789473,0.972972972972973,1.0,0.9473684210526315
5,73,25,gradient,0.8,0.7828401440425865,36,6.0,6.0,0.43243243243243246,0.4444444444444444,0.42105263157894735,0.8378378378378377,0.8611111111111112,0.8157894736842105,0.972972972972973,1.0,0.9473684210526315
5,73,25,gradient,0.85,0.7828401440425865,38,17.0,17.0,0.0,0.0,0.0,0.07894736842105263,0.07894736842105263,0.07894736842105263,0.7368421052631579,0.7368421052631579,0.7368421052631579
5,73,25,gradient,0.9,0.7828401440425865,64,25.0,25.0,0.0,0.0,0.0,0.0,0.0,0.0,0.47058823529411764,0.375,0.631578947368421
5,73,25,gradient,0.925,0.7828401440425865,59,24.0,24.0,0.0,0.0,0.0,0.0,0.0,0.0,0.4742268041237114,0.3898305084745763,0.6052631578947368
5,73,25,gradient,0.95,0.7828401440425865,52,27.0,27.0,0.0,0.0,0.0,0.0,0.0,0.0,0.35555555555555557,0.3076923076923077,0.42105263157894735
5,73,25,gradient,0.975,0.7828401440425865,38,26.0,26.0,0.0,0.0,0.0,0.0,0.0,0.0,0.2631578947368421,0.2631578947368421,0.2631578947368421
5,73,25,gradient,0.99,0.7828401440425865,14,30.0,30.0,0.0,0.0,0.0,0.0,0.0,0.0,0.11538461538461539,0.21428571428571427,0.07894736842105263
5,74,25,gradient,0.5,0.7805182641273806,239,-75.0,75.0,0.16606498194945848,0.09623430962343096,0.6052631578947368,0.22382671480144403,0.1297071129707113,0.8157894736842105,0.259927797833935,0.1506276150627615,0.9473684210526315
5,74,25,gradient,0.6,0.7805182641273806,145,-72.0,72.0,0.25136612021857924,0.15862068965517243,0.6052631578947368,0.33879781420765026,0.21379310344827587,0.8157894736842105,0.39344262295081966,0.2482758620689655,0.9473684210526315
5,74,25,gradient,0.7,0.7805182641273806,40,-1.0,4.5,0.6153846153846154,0.6,0.631578947368421,0.8717948717948718,0.85,0.8947368421052632,0.9230769230769231,0.9,0.9473684210526315
5,74,25,gradient,0.75,0.7805182641273806,36,1.0,3.0,0.7837837837837838,0.8055555555555556,0.7631578947368421,0.918918918918919,0.9444444444444444,0.8947368421052632,0.972972972972973,1.0,0.9473684210526315
5,74,25,gradient,0.8,0.7805182641273806,36,7.0,7.0,0.37837837837837834,0.3888888888888889,0.3684210526315789,0.7567567567567567,0.7777777777777778,0.7368421052631579,0.918918918918919,0.9444444444444444,0.8947368421052632
5,74,25,gradient,0.85,0.7805182641273806,43,16.0,16.0,0.0,0.0,0.0,0.07407407407407408,0.06976744186046512,0.07894736842105263,0.6913580246913581,0.6511627906976745,0.7368421052631579
5,74,25,gradient,0.9,0.7805182641273806,73,24.0,24.0,0.0,0.0,0.0,0.0,0.0,0.0,0.5045045045045046,0.3835616438356164,0.7368421052631579
5,74,25,gradient,0.925,0.7805182641273806,64,25.0,25.0,0.0,0.0,0.0,0.0,0.0,0.0,0.411764705882353,0.328125,0.5526315789473685
5,74,25,gradient,0.95,0.7805182641273806,69,26.0,26.0,0.0,0.0,0.0,0.0,0.0,0.0,0.35514018691588783,0.2753623188405797,0.5
5,74,25,gradient,0.975,0.7805182641273806,34,26.5,26.5,0.0,0.0,0.0,0.0,0.0,0.0,0.25,0.2647058823529412,0.23684210526315788
5,74,25,gradient,0.99,0.7805182641273806,16,29.0,29.0,0.0,0.0,0.0,0.0,0.0,0.0,0.11111111111111109,0.1875,0.07894736842105263
5,75,25,gradient,0.5,0.7782101167315175,216,-68.0,68.0,0.25196850393700787,0.14814814814814814,0.8421052631578947,0.2992125984251968,0.17592592592592593,1.0,0.2992125984251968,0.17592592592592593,1.0
5,75,25,gradient,0.6,0.7782101167315175,160,-58.5,58.5,0.32323232323232326,0.2,0.8421052631578947,0.3838383838383838,0.2375,1.0,0.3838383838383838,0.2375,1.0
5,75,25,gradient,0.7,0.7782101167315175,40,-2.0,3.0,0.7692307692307692,0.75,0.7894736842105263,0.9230769230769231,0.9,0.9473684210526315,0.9230769230769231,0.9,0.9473684210526315
5,75,25,gradient,0.75,0.7782101167315175,36,1.5,2.5,0.8648648648648649,0.8888888888888888,0.8421052631578947,0.918918918918919,0.9444444444444444,0.8947368421052632,0.972972972972973,1.0,0.9473684210526315
5,75,25,gradient,0.8,0.7782101167315175,36,6.5,6.5,0.40540540540540543,0.4166666666666667,0.39473684210526316,0.7027027027027027,0.7222222222222222,0.6842105263157895,0.9459459459459458,0.9722222222222222,0.9210526315789473
5,75,25,gradient,0.85,0.7782101167315175,37,15.0,15.0,0.0,0.0,0.0,0.02666666666666667,0.02702702702702703,0.02631578947368421,0.7733333333333334,0.7837837837837838,0.7631578947368421
5,75,25,gradient,0.9,0.7782101167315175,57,26.0,26.0,0.0,0.0,0.0,0.0,0.0,0.0,0.4631578947368421,0.38596491228070173,0.5789473684210527
5,75,25,gradient,0.925,0.7782101167315175,59,27.0,27.0,0.0,0.0,0.0,0.0,0.0,0.0,0.4329896907216495,0.3559322033898305,0.5526315789473685
5,75,25,gradient,0.95,0.7782101167315175,55,28.0,28.0,0.0,0.0,0.0,0.0,0.0,0.0,0.3225806451612903,0.2727272727272727,0.39473684210526316
5,75,25,gradient,0.975,0.7782101167315175,29,30.0,30.0,0.0,0.0,0.0,0.0,0.0,0.0,0.208955223880597,0.2413793103448276,0.18421052631578946
5,75,25,gradient,0.99,0.7782101167315175,12,28.0,28.0,0.0,0.0,0.0,0.0,0.0,0.0,0.11999999999999998,0.25,0.07894736842105263
5,76,25,gradient,0.5,0.7759155803848541,226,-70.5,70.5,0.19696969696969696,0.11504424778761062,0.6842105263157895,0.27272727272727276,0.1592920353982301,0.9473684210526315,0.2878787878787879,0.168141592920354,1.0
5,76,25,gradient,0.6,0.7759155803848541,145,-53.0,53.0,0.28415300546448086,0.1793103448275862,0.6842105263157895,0.39344262295081966,0.2482758620689655,0.9473684210526315,0.41530054644808745,0.2620689655172414,1.0
5,76,25,gradient,0.7,0.7759155803848541,40,-1.0,4.0,0.6153846153846154,0.6,0.631578947368421,0.8974358974358975,0.875,0.9210526315789473,0.9230769230769231,0.9,0.9473684210526315
5,76,25,gradient,0.75,0.7759155803848541,36,1.0,3.0,0.7297297297297298,0.75,0.7105263157894737,0.9459459459459458,0.9722222222222222,0.9210526315789473,0.972972972972973,1.0,0.9473684210526315
5,76,25,gradient,0.8,0.7759155803848541,36,7.0,7.0,0.2972972972972973,0.3055555555555556,0.2894736842105263,0.8378378378378377,0.8611111111111112,0.8157894736842105,0.918918918918919,0.9444444444444444,0.8947368421052632
5,76,25,gradient,0.85,0.7759155803848541,40,19.5,19.5,0.0,0.0,0.0,0.02564102564102564,0.025,0.02631578947368421,0.6410256410256411,0.625,0.6578947368421053
5,76,25,gradient,0.9,0.7759155803848541,60,25.0,25.0,0.0,0.0,0.0,0.0,0.0,0.0,0.44897959183673464,0.36666666666666664,0.5789473684210527
5,76,25,gradient,0.925,0.7759155803848541,65,27.0,27.0,0.0,0.0,0.0,0.0,0.0,0.0,0.3495145631067961,0.27692307692307694,0.47368421052631576
5,76,25,gradient,0.95,0.7759155803848541,60,29.0,29.0,0.0,0.0,0.0,0.0,0.0,0.0,0.2857142857142857,0.23333333333333334,0.3684210526315789
5,76,25,gradient,0.975,0.7759155803848541,43,29.0,29.0,0.0,0.0,0.0,0.0,0.0,0.0,0.19753086419753085,0.18604651162790697,0.21052631578947367
5,76,25,gradient,0.99,0.7759155803848541,22,29.5,29.5,0.0,0.0,0.0,0.0,0.0,0.0,0.09999999999999999,0.13636363636363635,0.07894736842105263
5,77,25,gradient,0.5,0.7736345350456444,236,-62.5,62.5,0.18248175182481752,0.1059322033898305,0.6578947368421053,0.25547445255474455,0.1483050847457627,0.9210526315789473,0.2773722627737226,0.16101694915254236,1.0
5,77,25,gradient,0.6,0.7736345350456444,140,-44.0,44.0,0.2696629213483146,0.17142857142857143,0.631578947368421,0.3707865168539326,0.2357142857142857,0.868421052631579,0.4157303370786517,0.2642857142857143,0.9736842105263158
5,77,25,gradient,0.7,0.7736345350456444,38,-0.5,4.0,0.6578947368421053,0.6578947368421053,0.6578947368421053,0.9210526315789473,0.9210526315789473,0.9210526315789473,0.9473684210526315,0.9473684210526315,0.9473684210526315
5,77,25,gradient,0.75,0.7736345350456444,36,0.0,3.0,0.7567567567567567,0.7777777777777778,0.7368421052631579,0.972972972972973,1.0,0.9473684210526315,0.972972972972973,1.0,0.9473684210526315
5,77,25,gradient,0.8,0.7736345350456444,36,7.5,7.5,0.18918918918918917,0.19444444444444445,0.18421052631578946,0.8108108108108109,0.8333333333333334,0.7894736842105263,0.972972972972973,1.0,0.9473684210526315
5,77,25,gradient,0.85,0.7736345350456444,40,16.5,16.5,0.0,0.0,0.0,0.02564102564102564,0.025,0.02631578947368421,0.7435897435897436,0.725,0.7631578947368421
5,77,25,gradient,0.9,0.7736345350456444,68,25.0,25.0,0.0,0.0,0.0,0.0,0.0,0.0,0.47169811320754723,0.36764705882352944,0.6578947368421053
5,77,25,gradient,0.925,0.7736345350456444,58,26.0,26.0,0.0,0.0,0.0,0.0,0.0,0.0,0.4166666666666667,0.3448275862068966,0.5263157894736842
5,77,25,gradient,0.95,0.7736345350456444,55,27.0,27.0,0.0,0.0,0.0,0.0,0.0,0.0,0.3225806451612903,0.2727272727272727,0.39473684210526316
5,77,25,gradient,0.975,0.7736345350456444,35,25.0,25.0,0.0,0.0,0.0,0.0,0.0,0.0,0.3287671232876712,0.34285714285714286,0.3157894736842105
5,77,25,gradient,0.99,0.7736345350456444,9,24.0,24.0,0.0,0.0,0.0,0.0,0.0,0.0,0.2127659574468085,0.5555555555555556,0.13157894736842105
5,78,25,gradient,0.5,0.771366862079605,226,-62.0,62.0,0.19696969696969696,0.11504424778761062,0.6842105263157895,0.26515151515151514,0.15486725663716813,0.9210526315789473,0.2878787878787879,0.168141592920354,1.0
5,78,25,gradient,0.6,0.771366862079605,158,-57.5,57.5,0.2755102040816326,0.17088607594936708,0.7105263157894737,0.3673469387755102,0.22784810126582278,0.9473684210526315,0.38775510204081637,0.24050632911392406,1.0
5,78,25,gradient,0.7,0.771366862079605,40,-1.0,3.0,0.717948717948718,0.7,0.7368421052631579,0.9487179487179489,0.925,0.9736842105263158,0.9743589743589743,0.95,1.0
5,78,25,gradient,0.75,0.771366862079605,36,0.0,2.0,0.8918918918918918,0.9166666666666666,0.868421052631579,0.972972972972973,1.0,0.9473684210526315,0.972972972972973,1.0,0.9473684210526315
5,78,25,gradient,0.8,0.771366862079605,36,9.0,9.0,0.16216216216216214,0.16666666666666666,0.15789473684210525,0.6486486486486486,0.6666666666666666,0.631578947368421,0.8918918918918918,0.9166666666666666,0.868421052631579
5,78,25,gradient,0.85,0.771366862079605,38,21.5,21.5,0.0,0.0,0.0,0.02631578947368421,0.02631578947368421,0.02631578947368421,0.631578947368421,0.631578947368421,0.631578947368421
5,78,25,gradient,0.9,0.771366862079605,65,27.0,27.0,0.0,0.0,0.0,0.0,0.0,0.0,0.4854368932038836,0.38461538461538464,0.6578947368421053
5,78,25,gradient,0.925,0.771366862079605,64,26.5,26.5,0.0,0.0,0.0,0.0,0.0,0.0,0.411764705882353,0.328125,0.5526315789473685
5,78,25,gradient,0.95,0.771366862079605,52,27.0,27.0,0.0,0.0,0.0,0.0,0.0,0.0,0.39999999999999997,0.34615384615384615,0.47368421052631576
5,78,25,gradient,0.975,0.771366862079605,38,29.5,29.5,0.0,0.0,0.0,0.0,0.0,0.0,0.23684210526315788,0.23684210526315788,0.23684210526315788
5,78,25,gradient,0.99,0.771366862079605,12,30.0,30.0,0.0,0.0,0.0,0.0,0.0,0.0,0.08,0.16666666666666666,0.05263157894736842
5,79,25,gradient,0.5,0.7691124442393478,229,-72.0,72.0,0.18726591760299624,0.1091703056768559,0.6578947368421053,0.23970037453183518,0.13973799126637554,0.8421052631578947,0.28464419475655434,0.16593886462882096,1.0
5,79,25,gradient,0.6,0.7691124442393478,161,-76.0,76.0,0.25125628140703515,0.15527950310559005,0.6578947368421053,0.32160804020100503,0.19875776397515527,0.8421052631578947,0.38190954773869346,0.2360248447204969,1.0
5,79,25,gradient,0.7,0.7691124442393478,39,-1.0,3.0,0.6493506493506495,0.6410256410256411,0.6578947368421053,0.8571428571428572,0.8461538461538461,0.868421052631579,0.935064935064935,0.9230769230769231,0.9473684210526315
5,79,25,gradient,0.75,0.7691124442393478,36,1.0,2.0,0.8108108108108109,0.8333333333333334,0.7894736842105263,0.8648648648648649,0.8888888888888888,0.8421052631578947,0.972972972972973,1.0,0.9473684210526315
5,79,25,gradient,0.8,0.7691124442393478,36,9.0,9.0,0.10810810810810811,0.1111111111111111,0.10526315789473684,0.6486486486486486,0.6666666666666666,0.631578947368421,0.9459459459459458,0.9722222222222222,0.9210526315789473
5,79,25,gradient,0.85,0.7691124442393478,38,23.0,23.0,0.0,0.0,0.0,0.0,0.0,0.0,0.5263157894736842,0.5263157894736842,0.5263157894736842
5,79,25,gradient,0.9,0.7691124442393478,67,26.0,26.0,0.0,0.0,0.0,0.0,0.0,0.0,0.45714285714285713,0.3582089552238806,0.631578947368421
5,79,25,gradient,0.925,0.7691124442393478,77,28.0,28.0,0.0,0.0,0.0,0.0,0.0,0.0,0.34782608695652173,0.2597402597402597,0.5263157894736842
5,79,25,gradient,0.95,0.7691124442393478,74,29.5,29.5,0.0,0.0,0.0,0.0,0.0,0.0,0.3035714285714286,0.22972972972972974,0.4473684210526316
5,79,25,gradient,0.975,0.7691124442393478,48,29.0,29.0,0.0,0.0,0.0,0.0,0.0,0.0,0.20930232558139536,0.1875,0.23684210526315788
5,79,25,gradient,0.99,0.7691124442393478,23,26.0,26.0,0.0,0.0,0.0,0.0,0.0,0.0,0.22950819672131145,0.30434782608695654,0.18421052631578946
5,80,25,gradient,0.5,0.7668711656441718,249,-59.0,59.0,0.17421602787456444,0.10040160642570281,0.6578947368421053,0.24390243902439027,0.14056224899598393,0.9210526315789473,0.26480836236933797,0.15261044176706828,1.0
5,80,25,gradient,0.6,0.7668711656441718,150,-63.0,63.0,0.26595744680851063,0.16666666666666666,0.6578947368421053,0.3723404255319149,0.23333333333333334,0.9210526315789473,0.4042553191489362,0.25333333333333335,1.0
5,80,25,gradient,0.7,0.7668711656441718,36,-0.5,5.0,0.6216216216216216,0.6388888888888888,0.6052631578947368,0.8918918918918918,0.9166666666666666,0.868421052631579,0.972972972972973,1.0,0.9473684210526315
5,80,25,gradient,0.75,0.7668711656441718,36,4.0,4.0,0.6486486486486486,0.6666666666666666,0.631578947368421,0.918918918918919,0.9444444444444444,0.8947368421052632,0.972972972972973,1.0,0.9473684210526315
5,80,25,gradient,0.8,0.7668711656441718,36,9.0,9.0,0.02702702702702703,0.027777777777777776,0.02631578947368421,0.6756756756756757,0.6944444444444444,0.6578947368421053,0.9459459459459458,0.9722222222222222,0.9210526315789473
5,80,25,gradient,0.85,0.7668711656441718,39,20.0,20.0,0.0,0.0,0.0,0.0,0.0,0.0,0.7272727272727273,0.717948717948718,0.7368421052631579
5,80,25,gradient,0.9,0.7668711656441718,63,27.0,27.0,0.0,0.0,0.0,0.0,0.0,0.0,0.4950495049504951,0.3968253968253968,0.6578947368421053
5,80,25,gradient,0.925,0.7668711656441718,71,27.0,27.0,0.0,0.0,0.0,0.0,0.0,0.0,0.3119266055045872,0.23943661971830985,0.4473684210526316
5,80,25,gradient,0.95,0.7668711656441718,56,27.0,27.0,0.0,0.0,0.0,0.0,0.0,0.0,0.3404255319148936,0.2857142857142857,0.42105263157894735
5,80,25,gradient,0.975,0.7668711656441718,40,29.0,29.0,0.0,0.0,0.0,0.0,0.0,0.0,0.23076923076923078,0.225,0.23684210526315788
5,80,25,gradient,0.99,0.7668711656441718,17,31.0,31.0,0.0,0.0,0.0,0.0,0.0,0.0,0.10909090909090909,0.17647058823529413,0.07894736842105263
5,81,25,gradient,0.5,0.764642911760208,216,-64.0,64.0,0.19685039370078738,0.11574074074074074,0.6578947368421053,0.25984251968503935,0.1527777777777778,0.868421052631579,0.2992125984251968,0.17592592592592593,1.0
5,81,25,gradient,0.6,0.764642911760208,132,-56.0,56.0,0.2941176470588235,0.1893939393939394,0.6578947368421053,0.38823529411764707,0.25,0.868421052631579,0.4470588235294118,0.2878787878787879,1.0
5,81,25,gradient,0.7,0.764642911760208,36,0.0,3.5,0.7297297297297298,0.75,0.7105263157894737,0.918918918918919,0.9444444444444444,0.8947368421052632,0.972972972972973,1.0,0.9473684210526315
5,81,25,gradient,0.75,0.764642911760208,36,1.5,2.0,0.7567567567567567,0.7777777777777778,0.7368421052631579,0.9459459459459458,0.9722222222222222,0.9210526315789473,0.972972972972973,1.0,0.9473684210526315
5,81,25,gradient,0.8,0.764642911760208,36,9.0,9.0,0.10810810810810811,0.1111111111111111,0.10526315789473684,0.6216216216216216,0.6388888888888888,0.6052631578947368,0.9459459459459458,0.9722222222222222,0.9210526315789473
5,81,25,gradient,0.85,0.764642911760208,48,24.0,24.0,0.0,0.0,0.0,0.0,0.0,0.0,0.5348837209302326,0.4791666666666667,0.6052631578947368
5,81,25,gradient,0.9,0.764642911760208,84,27.0,27.0,0.0,0.0,0.0,0.0,0.0,0.0,0.3606557377049181,0.2619047619047619,0.5789473684210527
5,81,25,gradient,0.925,0.764642911760208,88,29.0,29.0,0.0,0.0,0.0,0.0,0.0,0.0,0.33333333333333337,0.23863636363636365,0.5526315789473685
5,81,25,gradient,0.95,0.764642911760208,64,27.0,27.0,0.0,0.0,0.0,0.0,0.0,0.0,0.35294117647058826,0.28125,0.47368421052631576
5,81,25,gradient,0.975,0.764642911760208,31,29.0,29.0,0.0,0.0,0.0,0.0,0.0,0.0,0.20289855072463767,0.22580645161290322,0.18421052631578946
5,81,25,gradient,0.99,0.764642911760208,18,27.5,27.5,0.0,0.0,0.0,0.0,0.0,0.0,0.14285714285714285,0.2222222222222222,0.10526315789473684
5,82,25,gradient,0.5,0.7624275693809088,249,-69.0,69.0,0.19512195121951217,0.11244979919678715,0.7368421052631579,0.24390243902439027,0.14056224899598393,0.9210526315789473,0.26480836236933797,0.15261044176706828,1.0
5,82,25,gradient,0.6,0.7624275693809088,161,-60.0,60.0,0.29145728643216084,0.18012422360248448,0.7631578947368421,0.3517587939698492,0.21739130434782608,0.9210526315789473,0.38190954773869346,0.2360248447204969,1.0
5,82,25,gradient,0.7,0.7624275693809088,36,1.0,4.0,0.7837837837837838,0.8055555555555556,0.7631578947368421,0.918918918918919,0.9444444444444444,0.8947368421052632,0.972972972972973,1.0,0.9473684210526315
5,82,25,gradient,0.75,0.7624275693809088,37,2.0,3.0,0.8266666666666665,0.8378378378378378,0.8157894736842105,0.88,0.8918918918918919,0.868421052631579,0.9599999999999999,0.972972972972973,0.9473684210526315
5,82,25,gradient,0.8,0.7624275693809088,36,10.0,10.0,0.05405405405405406,0.05555555555555555,0.05263157894736842,0.5135135135135136,0.5277777777777778,0.5,0.918918918918919,0.9444444444444444,0.8947368421052632
5,82,25,gradient,0.85,0.7624275693809088,38,22.5,22.5,0.0,0.0,0.0,0.0,0.0,0.0,0.5789473684210527,0.5789473684210527,0.5789473684210527
5,82,25,gradient,0.9,0.7624275693809088,86,27.0,27.0,0.0,0.0,0.0,0.0,0.0,0.0,0.435483870967742,0.313953488372093,0.7105263157894737
5,82,25,gradient,0.925,0.7624275693809088,85,29.0,29.0,0.0,0.0,0.0,0.0,0.0,0.0,0.39024390243902435,0.2823529411764706,0.631578947368421
5,82,25,gradient,0.95,0.7624275693809088,72,28.5,28.5,0.0,0.0,0.0,0.0,0.0,0.0,0.32727272727272727,0.25,0.47368421052631576
5,82,25,gradient,0.975,0.7624275693809088,43,28.0,28.0,0.0,0.0,0.0,0.0,0.0,0.0,0.2716049382716049,0.2558139534883721,0.2894736842105263
5,82,25,gradient,0.99,0.7624275693809088,21,28.0,28.0,0.0,0.0,0.0,0.0,0.0,0.0,0.1016949152542373,0.14285714285714285,0.07894736842105263
5,83,25,gradient,0.5,0.7602250266078759,223,-52.0,52.0,0.21455938697318008,0.12556053811659193,0.7368421052631579,0.27586206896551724,0.16143497757847533,0.9473684210526315,0.2835249042145594,0.16591928251121077,0.9736842105263158
5,83,25,gradient,0.6,0.7602250266078759,138,-45.0,45.0,0.3295454545454546,0.21014492753623187,0.7631578947368421,0.4318181818181819,0.2753623188405797,1.0,0.4318181818181819,0.2753623188405797,1.0
5,83,25,gradient,0.7,0.7602250266078759,36,-1.0,4.0,0.7297297297297298,0.75,0.7105263157894737,0.972972972972973,1.0,0.9473684210526315,0.972972972972973,1.0,0.9473684210526315
5,83,25,gradient,0.75,0.7602250266078759,36,1.0,2.0,0.7837837837837838,0.8055555555555556,0.7631578947368421,0.918918918918919,0.9444444444444444,0.8947368421052632,0.972972972972973,1.0,0.9473684210526315
5,83,25,gradient,0.8,0.7602250266078759,36,10.0,10.0,0.08108108108108107,0.08333333333333333,0.07894736842105263,0.5405405405405405,0.5555555555555556,0.5263157894736842,0.8108108108108109,0.8333333333333334,0.7894736842105263
5,83,25,gradient,0.85,0.7602250266078759,62,23.0,23.0,0.0,0.0,0.0,0.019999999999999997,0.016129032258064516,0.02631578947368421,0.56,0.45161290322580644,0.7368421052631579
5,83,25,gradient,0.9,0.7602250266078759,64,25.5,25.5,0.0,0.0,0.0,0.0,0.0,0.0,0.45098039215686275,0.359375,0.6052631578947368
5,83,25,gradient,0.925,0.7602250266078759,70,27.5,27.5,0.0,0.0,0.0,0.0,0.0,0.0,0.37037037037037035,0.2857142857142857,0.5263157894736842
5,83,25,gradient,0.95,0.7602250266078759,69,29.0,29.0,0.0,0.0,0.0,0.0,0.0,0.0,0.24299065420560748,0.18840579710144928,0.34210526315789475
5,83,25,gradient,0.975,0.7602250266078759,37,29.0,29.0,0.0,0.0,0.0,0.0,0.0,0.0,0.23999999999999996,0.24324324324324326,0.23684210526315788
5,83,25,gradient,0.99,0.7602250266078759,21,31.0,31.0,0.0,0.0,0.0,0.0,0.0,0.0,0.1694915254237288,0.23809523809523808,0.13157894736842105
5,84,25,gradient,0.5,0.7580351728320194,209,-63.0,63.0,0.1862348178137652,0.11004784688995216,0.6052631578947368,0.27530364372469635,0.16267942583732056,0.8947368421052632,0.29959514170040485,0.17703349282296652,0.9736842105263158
5,84,25,gradient,0.6,0.7580351728320194,112,-46.5,46.5,0.30666666666666664,0.20535714285714285,0.6052631578947368,0.4533333333333333,0.30357142857142855,0.8947368421052632,0.4933333333333333,0.33035714285714285,0.9736842105263158
5,84,25,gradient,0.7,0.7580351728320194,36,-1.0,4.0,0.6216216216216216,0.6388888888888888,0.6052631578947368,0.918918918918919,0.9444444444444444,0.8947368421052632,0.9459459459459458,0.9722222222222222,0.9210526315789473
5,84,25,gradient,0.75,0.7580351728320194,36,3.0,3.0,0.5945945945945946,0.6111111111111112,0.5789473684210527,0.8648648648648649,0.8888888888888888,0.8421052631578947,0.9459459459459458,0.9722222222222222,0.9210526315789473
5,84,25,gradient,0.8,0.7580351728320194,36,11.5,11.5,0.0,0.0,0.0,0.40540540540540543,0.4166666666666667,0.39473684210526316,0.918918918918919,0.9444444444444444,0.8947368421052632
5,84,25,gradient,0.85,0.7580351728320194,46,25.0,25.0,0.0,0.0,0.0,0.0,0.0,0.0,0.45238095238095233,0.41304347826086957,0.5
5,84,25,gradient,0.9,0.7580351728320194,76,29.0,29.0,0.0,0.0,0.0,0.0,0.0,0.0,0.29824561403508776,0.2236842105263158,0.4473684210526316
5,84,25,gradient,0.925,0.7580351728320194,71,31.0,31.0,0.0,0.0,0.0,0.0,0.0,0.0,0.23853211009174313,0.18309859154929578,0.34210526315789475
5,84,25,gradient,0.95,0.7580351728320194,57,34.0,34.0,0.0,0.0,0.0,0.0,0.0,0.0,0.1263157894736842,0.10526315789473684,0.15789473684210525
5,84,25,gradient,0.975,0.7580351728320194,43,35.0,35.0,0.0,0.0,0.0,0.0,0.0,0.0,0.07407407407407408,0.06976744186046512,0.07894736842105263
5,84,25,gradient,0.99,0.7580351728320194,18,37.0,37.0,0.0,0.0,0.0,0.0,0.0,0.0,0.03571428571428571,0.05555555555555555,0.02631578947368421
5,85,25,gradient,0.5,0.7558578987150416,238,-61.5,61.5,0.18840579710144928,0.1092436974789916,0.6842105263157895,0.2536231884057971,0.14705882352941177,0.9210526315789473,0.2753623188405797,0.15966386554621848,1.0
5,85,25,gradient,0.6,0.7558578987150416,112,-39.5,39.5,0.3466666666666667,0.23214285714285715,0.6842105263157895,0.48,0.32142857142857145,0.9473684210526315,0.5066666666666666,0.3392857142857143,1.0
5,85,25,gradient,0.7,0.7558578987150416,37,1.0,4.0,0.6666666666666667,0.6756756756756757,0.6578947368421053,0.9333333333333332,0.9459459459459459,0.9210526315789473,0.9599999999999999,0.972972972972973,0.9473684210526315
5,85,25,gradient,0.75,0.7558578987150416,36,2.0,2.0,0.7027027027027027,0.7222222222222222,0.6842105263157895,0.9459459459459458,0.9722222222222222,0.9210526315789473,0.972972972972973,1.0,0.9473684210526315
5,85,25,gradient,0.8,0.7558578987150416,36,12.0,12.0,0.05405405405405406,0.05555555555555555,0.05263157894736842,0.37837837837837834,0.3888888888888889,0.3684210526315789,0.8918918918918918,0.9166666666666666,0.868421052631579
5,85,25,gradient,0.85,0.7558578987150416,46,26.5,26.5,0.0,0.0,0.0,0.02380952380952381,0.021739130434782608,0.02631578947368421,0.42857142857142855,0.391304347826087,0.47368421052631576
5,85,25,gradient,0.9,0.7558578987150416,81,30.0,30.0,0.0,0.0,0.0,0.0,0.0,0.0,0.3529411764705882,0.25925925925925924,0.5526315789473685
5,85,25,gradient,0.925,0.7558578987150416,69,28.0,28.0,0.0,0.0,0.0,0.0,0.0,0.0,0.29906542056074764,0.2318840579710145,0.42105263157894735
5,85,25,gradient,0.95,0.7558578987150416,71,30.0,30.0,0.0,0.0,0.0,0.0,0.0,0.0,0.3119266055045872,0.23943661971830985,0.4473684210526316
5,85,25,gradient,0.975,0.7558578987150416,38,30.0,30.0,0.0,0.0,0.0,0.0,0.0,0.0,0.2631578947368421,0.2631578947368421,0.2631578947368421
5,85,25,gradient,0.99,0.7558578987150416,22,31.0,31.0,0.0,0.0,0.0,0.0,0.0,0.0,0.06666666666666667,0.09090909090909091,0.05263157894736842
5,86,25,gradient,0.5,0.7536930961712391,215,-64.0,64.0,0.22134387351778656,0.13023255813953488,0.7368421052631579,0.2845849802371541,0.16744186046511628,0.9473684210526315,0.3003952569169961,0.17674418604651163,1.0
5,86,25,gradient,0.6,0.7536930961712391,122,-62.0,62.0,0.35,0.22950819672131148,0.7368421052631579,0.45,0.29508196721311475,0.9473684210526315,0.475,0.3114754098360656,1.0
5,86,25,gradient,0.7,0.7536930961712391,36,-0.5,3.0,0.7297297297297298,0.75,0.7105263157894737,0.8918918918918918,0.9166666666666666,0.868421052631579,0.972972972972973,1.0,0.9473684210526315
5,86,25,gradient,0.75,0.7536930961712391,36,3.0,3.0,0.7027027027027027,0.7222222222222222,0.6842105263157895,0.8648648648648649,0.8888888888888888,0.8421052631578947,0.9459459459459458,0.9722222222222222,0.9210526315789473
5,86,25,gradient,0.8,0.7536930961712391,36,17.0,17.0,0.02702702702702703,0.027777777777777776,0.02631578947368421,0.18918918918918917,0.19444444444444445,0.18421052631578946,0.6486486486486486,0.6666666666666666,0.631578947368421
5,86,25,gradient,0.85,0.7536930961712391,72,24.0,24.0,0.0,0.0,0.0,0.01818181818181818,0.013888888888888888,0.02631578947368421,0.509090909090909,0.3888888888888889,0.7368421052631579
5,86,25,gradient,0.9,0.7536930961712391,84,28.0,28.0,0.0,0.0,0.0,0.0,0.0,0.0,0.4426229508196722,0.32142857142857145,0.7105263157894737
5,86,25,gradient,0.925,0.7536930961712391,80,27.5,27.5,0.0,0.0,0.0,0.0,0.0,0.0,0.37288135593220345,0.275,0.5789473684210527
5,86,25,gradient,0.95,0.7536930961712391,63,27.0,27.0,0.0,0.0,0.0,0.0,0.0,0.0,0.3762376237623762,0.30158730158730157,0.5
5,86,25,gradient,0.975,0.7536930961712391,38,28.0,28.0,0.0,0.0,0.0,0.0,0.0,0.0,0.21052631578947367,0.21052631578947367,0.21052631578947367
5,86,25,gradient,0.99,0.7536930961712391,17,26.0,26.0,0.0,0.0,0.0,0.0,0.0,0.0,0.1818181818181818,0.29411764705882354,0.13157894736842105
5,87,25,gradient,0.5,0.7515406583496167,202,-80.0,80.0,0.21666666666666667,0.12871287128712872,0.6842105263157895,0.24999999999999997,0.1485148514851485,0.7894736842105263,0.30833333333333335,0.18316831683168316,0.9736842105263158
5,87,25,gradient,0.6,0.7515406583496167,109,-41.0,41.0,0.3537414965986395,0.23853211009174313,0.6842105263157895,0.4081632653061225,0.27522935779816515,0.7894736842105263,0.5034013605442177,0.3394495412844037,0.9736842105263158
5,87,25,gradient,0.7,0.7515406583496167,36,1.0,3.0,0.7297297297297298,0.75,0.7105263157894737,0.8108108108108109,0.8333333333333334,0.7894736842105263,0.9459459459459458,0.9722222222222222,0.9210526315789473
5,87,25,gradient,0.75,0.7515406583496167,36,4.0,4.0,0.6486486486486486,0.6666666666666666,0.631578947368421,0.7567567567567567,0.7777777777777778,0.7368421052631579,0.918918918918919,0.9444444444444444,0.8947368421052632
5,87,25,gradient,0.8,0.7515406583496167,38,16.5,16.5,0.0,0.0,0.0,0.23684210526315788,0.23684210526315788,0.23684210526315788,0.631578947368421,0.631578947368421,0.631578947368421
5,87,25,gradient,0.85,0.7515406583496167,64,25.0,25.0,0.0,0.0,0.0,0.0,0.0,0.0,0.5490196078431372,0.4375,0.7368421052631579
5,87,25,gradient,0.9,0.7515406583496167,84,26.0,26.0,0.0,0.0,0.0,0.0,0.0,0.0,0.4426229508196722,0.32142857142857145,0.7105263157894737
5,87,25,gradient,0.925,0.7515406583496167,77,28.0,28.0,0.0,0.0,0.0,0.0,0.0,0.0,0.41739130434782606,0.3116883116883117,0.631578947368421
5,87,25,gradient,0.95,0.7515406583496167,60,26.5,26.5,0.0,0.0,0.0,0.0,0.0,0.0,0.34693877551020413,0.2833333333333333,0.4473684210526316
5,87,25,gradient,0.975,0.7515406583496167,44,26.5,26.5,0.0,0.0,0.0,0.0,0.0,0.0,0.2682926829268293,0.25,0.2894736842105263
5,87,25,gradient,0.99,0.7515406583496167,15,24.0,24.0,0.0,0.0,0.0,0.0,0.0,0.0,0.18867924528301885,0.3333333333333333,0.13157894736842105
5,88,25,gradient,0.5,0.749400479616307,206,-63.0,63.0,0.18852459016393444,0.11165048543689321,0.6052631578947368,0.25409836065573765,0.15048543689320387,0.8157894736842105,0.3114754098360656,0.18446601941747573,1.0
5,88,25,gradient,0.6,0.749400479616307,102,-31.0,31.0,0.34285714285714286,0.23529411764705882,0.631578947368421,0.4714285714285715,0.3235294117647059,0.868421052631579,0.5428571428571428,0.37254901960784315,1.0
5,88,25,gradient,0.7,0.749400479616307,36,-2.0,4.0,0.6486486486486486,0.6666666666666666,0.631578947368421,0.8648648648648649,0.8888888888888888,0.8421052631578947,0.972972972972973,1.0,0.9473684210526315
5,88,25,gradient,0.75,0.749400479616307,36,4.0,4.0,0.5135135135135136,0.5277777777777778,0.5,0.7567567567567567,0.7777777777777778,0.7368421052631579,0.9459459459459458,0.9722222222222222,0.9210526315789473
5,88,25,gradient,0.8,0.749400479616307,40,14.0,14.0,0.02564102564102564,0.025,0.02631578947368421,0.25641025641025644,0.25,0.2631578947368421,0.7948717948717949,0.775,0.8157894736842105
5,88,25,gradient,0.85,0.749400479616307,64,23.0,23.0,0.0,0.0,0.0,0.0196078431372549,0.015625,0.02631578947368421,0.5686274509803922,0.453125,0.7631578947368421
5,88,25,gradient,0.9,0.749400479616307,84,30.0,30.0,0.0,0.0,0.0,0.0,0.0,0.0,0.39344262295081966,0.2857142857142857,0.631578947368421
5,88,25,gradient,0.925,0.749400479616307,65,27.0,27.0,0.0,0.0,0.0,0.0,0.0,0.0,0.3106796116504854,0.24615384615384617,0.42105263157894735
5,88,25,gradient,0.95,0.749400479616307,67,31.0,31.0,0.0,0.0,0.0,0.0,0.0,0.0,0.2666666666666666,0.208955223880597,0.3684210526315789
5,88,25,gradient,0.975,0.749400479616307,40,33.0,33.0,0.0,0.0,0.0,0.0,0.0,0.0,0.15384615384615385,0.15,0.15789473684210525
5,88,25,gradient,0.99,0.749400479616307,17,28.0,28.0,0.0,0.0,0.0,0.0,0.0,0.0,0.1818181818181818,0.29411764705882354,0.13157894736842105
5,89,25,gradient,0.5,0.7472724555372889,215,-69.0,69.0,0.22924901185770752,0.13488372093023257,0.7631578947368421,0.2687747035573122,0.15813953488372093,0.8947368421052632,0.3003952569169961,0.17674418604651163,1.0
5,89,25,gradient,0.6,0.7472724555372889,118,-53.5,53.5,0.3717948717948718,0.2457627118644068,0.7631578947368421,0.43589743589743596,0.288135593220339,0.8947368421052632,0.4871794871794871,0.3220338983050847,1.0
5,89,25,gradient,0.7,0.7472724555372889,37,0.0,3.0,0.8266666666666665,0.8378378378378378,0.8157894736842105,0.9066666666666667,0.918918918918919,0.8947368421052632,0.9066666666666667,0.918918918918919,0.8947368421052632
5,89,25,gradient,0.75,0.7472724555372889,36,5.5,5.5,0.4864864864864865,0.5,0.47368421052631576,0.8378378378378377,0.8611111111111112,0.8157894736842105,0.918918918918919,0.9444444444444444,0.8947368421052632
5,89,25,gradient,0.8,0.7472724555372889,37,16.0,16.0,0.0,0.0,0.0,0.23999999999999996,0.24324324324324326,0.23684210526315788,0.6933333333333334,0.7027027027027027,0.6842105263157895
5,89,25,gradient,0.85,0.7472724555372889,60,25.5,25.5,0.0,0.0,0.0,0.0,0.0,0.0,0.4693877551020408,0.38333333333333336,0.6052631578947368
5,89,25,gradient,0.9,0.7472724555372889,77,29.0,29.0,0.0,0.0,0.0,0.0,0.0,0.0,0.3304347826086957,0.24675324675324675,0.5
5,89,25,gradient,0.925,0.7472724555372889,94,32.0,32.0,0.0,0.0,0.0,0.0,0.0,0.0,0.24242424242424243,0.1702127659574468,0.42105263157894735
5,89,25,gradient,0.95,0.7472724555372889,75,34.0,34.0,0.0,0.0,0.0,0.0,0.0,0.0,0.21238938053097345,0.16,0.3157894736842105
5,89,25,gradient,0.975,0.7472724555372889,43,32.0,32.0,0.0,0.0,0.0,0.0,0.0,0.0,0.2222222222222222,0.20930232558139536,0.23684210526315788
5,89,25,gradient,0.99,0.7472724555372889,19,34.0,34.0,0.0,0.0,0.0,0.0,0.0,0.0,0.07017543859649122,0.10526315789473684,0.05263157894736842
5,90,25,gradient,0.5,0.7451564828614009,184,-48.0,48.0,0.26126126126126126,0.15760869565217392,0.7631578947368421,0.3243243243243243,0.1956521739130435,0.9473684210526315,0.34234234234234234,0.20652173913043478,1.0
5,90,25,gradient,0.6,0.7451564828614009,106,-30.5,30.5,0.4166666666666667,0.2830188679245283,0.7894736842105263,0.5138888888888888,0.3490566037735849,0.9736842105263158,0.5277777777777778,0.3584905660377358,1.0
5,90,25,gradient,0.7,0.7451564828614009,36,-0.5,3.0,0.8108108108108109,0.8333333333333334,0.7894736842105263,0.9459459459459458,0.9722222222222222,0.9210526315789473,0.972972972972973,1.0,0.9473684210526315
5,90,25,gradient,0.75,0.7451564828614009,36,4.0,4.0,0.5945945945945946,0.6111111111111112,0.5789473684210527,0.8378378378378377,0.8611111111111112,0.8157894736842105,0.9459459459459458,0.9722222222222222,0.9210526315789473
5,90,25,gradient,0.8,0.7451564828614009,36,16.0,16.0,0.0,0.0,0.0,0.16216216216216214,0.16666666666666666,0.15789473684210525,0.8108108108108109,0.8333333333333334,0.7894736842105263
5,90,25,gradient,0.85,0.7451564828614009,62,23.5,23.5,0.0,0.0,0.0,0.0,0.0,0.0,0.54,0.43548387096774194,0.7105263157894737
5,90,25,gradient,0.9,0.7451564828614009,80,28.0,28.0,0.0,0.0,0.0,0.0,0.0,0.0,0.37288135593220345,0.275,0.5789473684210527
5,90,25,gradient,0.925,0.7451564828614009,65,29.0,29.0,0.0,0.0,0.0,0.0,0.0,0.0,0.3300970873786408,0.26153846153846155,0.4473684210526316
5,90,25,gradient,0.95,0.7451564828614009,64,28.0,28.0,0.0,0.0,0.0,0.0,0.0,0.0,0.2745098039215686,0.21875,0.3684210526315789
5,90,25,gradient,0.975,0.7451564828614009,37,37.0,37.0,0.0,0.0,0.0,0.0,0.0,0.0,0.10666666666666667,0.10810810810810811,0.10526315789473684
5,90,25,gradient,0.99,0.7451564828614009,19,36.0,36.0,0.0,0.0,0.0,0.0,0.0,0.0,0.10526315789473684,0.15789473684210525,0.07894736842105263
5,91,25,gradient,0.5,0.743052459503641,228,-70.5,70.5,0.16541353383458648,0.09649122807017543,0.5789473684210527,0.21804511278195493,0.12719298245614036,0.7631578947368421,0.2857142857142857,0.16666666666666666,1.0
5,91,25,gradient,0.6,0.743052459503641,133,-59.0,59.0,0.2807017543859649,0.18045112781954886,0.631578947368421,0.36257309941520466,0.23308270676691728,0.8157894736842105,0.4444444444444445,0.2857142857142857,1.0
5,91,25,gradient,0.7,0.743052459503641,36,1.5,3.0,0.7567567567567567,0.7777777777777778,0.7368421052631579,0.918918918918919,0.9444444444444444,0.8947368421052632,0.972972972972973,1.0,0.9473684210526315
5,91,25,gradient,0.75,0.743052459503641,36,6.0,6.0,0.4594594594594595,0.4722222222222222,0.4473684210526316,0.7837837837837838,0.8055555555555556,0.7631578947368421,0.972972972972973,1.0,0.9473684210526315
5,91,25,gradient,0.8,0.743052459503641,36,15.0,15.0,0.0,0.0,0.0,0.13513513513513511,0.1388888888888889,0.13157894736842105,0.8108108108108109,0.8333333333333334,0.7894736842105263
5,91,25,gradient,0.85,0.743052459503641,67,26.0,26.0,0.0,0.0,0.0,0.0,0.0,0.0,0.4,0.31343283582089554,0.5526315789473685
5,91,25,gradient,0.9,0.743052459503641,77,33.0,33.0,0.0,0.0,0.0,0.0,0.0,0.0,0.22608695652173916,0.16883116883116883,0.34210526315789475
5,91,25,gradient,0.925,0.743052459503641,71,33.0,33.0,0.0,0.0,0.0,0.0,0.0,0.0,0.23853211009174313,0.18309859154929578,0.34210526315789475
5,91,25,gradient,0.95,0.743052459503641,61,35.0,35.0,0.0,0.0,0.0,0.0,0.0,0.0,0.18181818181818182,0.14754098360655737,0.23684210526315788
5,91,25,gradient,0.975,0.743052459503641,35,32.0,32.0,0.0,0.0,0.0,0.0,0.0,0.0,0.136986301369863,0.14285714285714285,0.13157894736842105
5,91,25,gradient,0.99,0.743052459503641,20,32.5,32.5,0.0,0.0,0.0,0.0,0.0,0.0,0.10344827586206896,0.15,0.07894736842105263
5,92,25,gradient,0.5,0.7409602845287493,209,-63.0,63.0,0.2591093117408907,0.15311004784688995,0.8421052631578947,0.2834008097165992,0.1674641148325359,0.9210526315789473,0.3076923076923077,0.18181818181818182,1.0
5,92,25,gradient,0.6,0.7409602845287493,114,-44.5,44.5,0.42105263157894735,0.2807017543859649,0.8421052631578947,0.46052631578947373,0.30701754385964913,0.9210526315789473,0.5,0.3333333333333333,1.0
5,92,25,gradient,0.7,0.7409602845287493,36,0.5,3.0,0.8648648648648649,0.8888888888888888,0.8421052631578947,0.918918918918919,0.9444444444444444,0.8947368421052632,0.9459459459459458,0.9722222222222222,0.9210526315789473
5,92,25,gradient,0.75,0.7409602845287493,36,5.5,5.5,0.4864864864864865,0.5,0.47368421052631576,0.6216216216216216,0.6388888888888888,0.6052631578947368,0.8648648648648649,0.8888888888888888,0.8421052631578947
5,92,25,gradient,0.8,0.7409602845287493,42,16.5,16.5,0.0,0.0,0.0,0.15,0.14285714285714285,0.15789473684210525,0.6749999999999999,0.6428571428571429,0.7105263157894737
5,92,25,gradient,0.85,0.7409602845287493,65,26.0,26.0,0.0,0.0,0.0,0.019417475728155338,0.015384615384615385,0.02631578947368421,0.5436893203883496,0.4307692307692308,0.7368421052631579
5,92,25,gradient,0.9,0.7409602845287493,89,32.0,32.0,0.0,0.0,0.0,0.0,0.0,0.0,0.2992125984251969,0.21348314606741572,0.5
5,92,25,gradient,0.925,0.7409602845287493,88,31.5,31.5,0.0,0.0,0.0,0.0,0.0,0.0,0.25396825396825395,0.18181818181818182,0.42105263157894735
5,92,25,gradient,0.95,0.7409602845287493,68,31.0,31.0,0.0,0.0,0.0,0.0,0.0,0.0,0.2830188679245283,0.22058823529411764,0.39473684210526316
5,92,25,gradient,0.975,0.7409602845287493,45,32.0,32.0,0.0,0.0,0.0,0.0,0.0,0.0,0.1686746987951807,0.15555555555555556,0.18421052631578946
5,92,25,gradient,0.99,0.7409602845287493,15,33.0,33.0,0.0,0.0,0.0,0.0,0.0,0.0,0.03773584905660377,0.06666666666666667,0.02631578947368421
5,93,25,gradient,0.5,0.7388798581350673,223,-67.0,67.0,0.23754789272030652,0.13901345291479822,0.8157894736842105,0.27586206896551724,0.16143497757847533,0.9473684210526315,0.2835249042145594,0.16591928251121077,0.9736842105263158
5,93,25,gradient,0.6,0.7388798581350673,114,-49.0,49.0,0.40789473684210525,0.2719298245614035,0.8157894736842105,0.47368421052631576,0.3157894736842105,0.9473684210526315,0.4868421052631579,0.32456140350877194,0.9736842105263158
5,93,25,gradient,0.7,0.7388798581350673,36,0.5,2.0,0.8108108108108109,0.8333333333333334,0.7894736842105263,0.9459459459459458,0.9722222222222222,0.9210526315789473,0.9459459459459458,0.9722222222222222,0.9210526315789473
5,93,25,gradient,0.75,0.7388798581350673,36,5.5,5.5,0.4864864864864865,0.5,0.47368421052631576,0.7837837837837838,0.8055555555555556,0.7631578947368421,0.9459459459459458,0.9722222222222222,0.9210526315789473
5,93,25,gradient,0.8,0.7388798581350673,41,19.0,19.0,0.0,0.0,0.0,0.12658227848101267,0.12195121951219512,0.13157894736842105,0.6075949367088608,0.5853658536585366,0.631578947368421
5,93,25,gradient,0.85,0.7388798581350673,65,29.0,29.0,0.0,0.0,0.0,0.0,0.0,0.0,0.46601941747572817,0.36923076923076925,0.631578947368421
5,93,25,gradient,0.9,0.7388798581350673,80,29.0,29.0,0.0,0.0,0.0,0.0,0.0,0.0,0.37288135593220345,0.275,0.5789473684210527
5,93,25,gradient,0.925,0.7388798581350673,88,30.0,30.0,0.0,0.0,0.0,0.0,0.0,0.0,0.31746031746031744,0.22727272727272727,0.5263157894736842
5,93,25,gradient,0.95,0.7388798581350673,78,32.0,32.0,0.0,0.0,0.0,0.0,0.0,0.0,0.20689655172413793,0.15384615384615385,0.3157894736842105
5,93,25,gradient,0.975,0.7388798581350673,46,29.0,29.0,0.0,0.0,0.0,0.0,0.0,0.0,0.2619047619047619,0.2391304347826087,0.2894736842105263
5,93,25,gradient,0.99,0.7388798581350673,20,25.5,25.5,0.0,0.0,0.0,0.0,0.0,0.0,0.20689655172413793,0.3,0.15789473684210525
5,94,25,gradient,0.5,0.7368110816386678,207,-70.0,70.0,0.2040816326530612,0.12077294685990338,0.6578947368421053,0.2857142857142857,0.16908212560386474,0.9210526315789473,0.30204081632653057,0.178743961352657,0.9736842105263158
5,94,25,gradient,0.6,0.7368110816386678,135,-53.0,53.0,0.28901734104046245,0.18518518518518517,0.6578947368421053,0.40462427745664736,0.25925925925925924,0.9210526315789473,0.4277456647398844,0.2740740740740741,0.9736842105263158
5,94,25,gradient,0.7,0.7368110816386678,36,0.0,3.0,0.7567567567567567,0.7777777777777778,0.7368421052631579,0.9459459459459458,0.9722222222222222,0.9210526315789473,0.972972972972973,1.0,0.9473684210526315
5,94,25,gradient,0.75,0.7368110816386678,37,5.0,5.0,0.5599999999999999,0.5675675675675675,0.5526315789473685,0.8533333333333334,0.8648648648648649,0.8421052631578947,0.9599999999999999,0.972972972972973,0.9473684210526315
5,94,25,gradient,0.8,0.7368110816386678,43,19.0,19.0,0.0,0.0,0.0,0.07407407407407408,0.06976744186046512,0.07894736842105263,0.6666666666666666,0.627906976744186,0.7105263157894737
5,94,25,gradient,0.85,0.7368110816386678,80,28.5,28.5,0.0,0.0,0.0,0.0,0.0,0.0,0.38983050847457623,0.2875,0.6052631578947368
5,94,25,gradient,0.9,0.7368110816386678,86,30.5,30.5,0.0,0.0,0.0,0.0,0.0,0.0,0.25806451612903225,0.18604651162790697,0.42105263157894735
5,94,25,gradient,0.925,0.7368110816386678,85,32.0,32.0,0.0,0.0,0.0,0.0,0.0,0.0,0.2439024390243902,0.17647058823529413,0.39473684210526316
5,94,25,gradient,0.95,0.7368110816386678,76,32.0,32.0,0.0,0.0,0.0,0.0,0.0,0.0,0.22807017543859648,0.17105263157894737,0.34210526315789475
5,94,25,gradient,0.975,0.7368110816386678,33,32.0,32.0,0.0,0.0,0.0,0.0,0.0,0.0,0.16901408450704225,0.18181818181818182,0.15789473684210525
5,94,25,gradient,0.99,0.7368110816386678,17,31.0,31.0,0.0,0.0,0.0,0.0,0.0,0.0,0.07272727272727272,0.11764705882352941,0.05263157894736842
5,95,25,gradient,0.5,0.7347538574577517,227,-65.0,65.0,0.21886792452830187,0.1277533039647577,0.7631578947368421,0.26415094339622636,0.15418502202643172,0.9210526315789473,0.28679245283018867,0.16740088105726872,1.0
5,95,25,gradient,0.6,0.7347538574577517,125,-56.0,56.0,0.3558282208588957,0.232,0.7631578947368421,0.4294478527607362,0.28,0.9210526315789473,0.4662576687116564,0.304,1.0
5,95,25,gradient,0.7,0.7347538574577517,36,1.0,3.0,0.7837837837837838,0.8055555555555556,0.7631578947368421,0.918918918918919,0.9444444444444444,0.8947368421052632,0.972972972972973,1.0,0.9473684210526315
5,95,25,gradient,0.75,0.7347538574577517,36,7.5,7.5,0.27027027027027023,0.2777777777777778,0.2631578947368421,0.6756756756756757,0.6944444444444444,0.6578947368421053,0.8918918918918918,0.9166666666666666,0.868421052631579
5,95,25,gradient,0.8,0.7347538574577517,36,18.0,18.0,0.0,0.0,0.0,0.02702702702702703,0.027777777777777776,0.02631578947368421,0.6486486486486486,0.6666666666666666,0.631578947368421
5,95,25,gradient,0.85,0.7347538574577517,73,27.0,27.0,0.0,0.0,0.0,0.0,0.0,0.0,0.4144144144144144,0.3150684931506849,0.6052631578947368
5,95,25,gradient,0.9,0.7347538574577517,94,30.0,30.0,0.0,0.0,0.0,0.0,0.0,0.0,0.2727272727272727,0.19148936170212766,0.47368421052631576
5,95,25,gradient,0.925,0.7347538574577517,95,31.0,31.0,0.0,0.0,0.0,0.0,0.0,0.0,0.27067669172932335,0.18947368421052632,0.47368421052631576
5,95,25,gradient,0.95,0.7347538574577517,69,31.0,31.0,0.0,0.0,0.0,0.0,0.0,0.0,0.2616822429906542,0.2028985507246377,0.3684210526315789
5,95,25,gradient,0.975,0.7347538574577517,42,29.5,29.5,0.0,0.0,0.0,0.0,0.0,0.0,0.2750000000000001,0.2619047619047619,0.2894736842105263
5,95,25,gradient,0.99,0.7347538574577517,23,31.0,31.0,0.0,0.0,0.0,0.0,0.0,0.0,0.09836065573770492,0.13043478260869565,0.07894736842105263
5,96,25,gradient,0.5,0.7327080890973037,210,-62.5,62.5,0.22580645161290325,0.13333333333333333,0.7368421052631579,0.2903225806451613,0.17142857142857143,0.9473684210526315,0.3064516129032258,0.18095238095238095,1.0
5,96,25,gradient,0.6,0.7327080890973037,120,-54.0,54.0,0.35443037974683544,0.23333333333333334,0.7368421052631579,0.4556962025316456,0.3,0.9473684210526315,0.4810126582278481,0.31666666666666665,1.0
5,96,25,gradient,0.7,0.7327080890973037,36,1.0,2.5,0.7837837837837838,0.8055555555555556,0.7631578947368421,0.9459459459459458,0.9722222222222222,0.9210526315789473,0.972972972972973,1.0,0.9473684210526315
5,96,25,gradient,0.75,0.7327080890973037,36,7.0,7.0,0.40540540540540543,0.4166666666666667,0.39473684210526316,0.7027027027027027,0.7222222222222222,0.6842105263157895,0.918918918918919,0.9444444444444444,0.8947368421052632
5,96,25,gradient,0.8,0.7327080890973037,51,21.0,21.0,0.0,0.0,0.0,0.0898876404494382,0.0784313725490196,0.10526315789473684,0.5842696629213484,0.5098039215686274,0.6842105263157895
5,96,25,gradient,0.85,0.7327080890973037,85,27.0,27.0,0.0,0.0,0.0,0.016260162601626015,0.011764705882352941,0.02631578947368421,0.4065040650406504,0.29411764705882354,0.6578947368421053
5,96,25,gradient,0.9,0.7327080890973037,105,34.0,34.0,0.0,0.0,0.0,0.0,0.0,0.0,0.2937062937062937,0.2,0.5526315789473685
5,96,25,gradient,0.925,0.7327080890973037,84,33.0,33.0,0.0,0.0,0.0,0.0,0.0,0.0,0.3278688524590164,0.23809523809523808,0.5263157894736842
5,96,25,gradient,0.95,0.7327080890973037,66,33.0,33.0,0.0,0.0,0.0,0.0,0.0,0.0,0.2692307692307693,0.21212121212121213,0.3684210526315789
5,96,25,gradient,0.975,0.7327080890973037,42,32.0,32.0,0.0,0.0,0.0,0.0,0.0,0.0,0.2,0.19047619047619047,0.21052631578947367
5,96,25,gradient,0.99,0.7327080890973037,15,32.0,32.0,0.0,0.0,0.0,0.0,0.0,0.0,0.1509433962264151,0.26666666666666666,0.10526315789473684
5,97,25,gradient,0.5,0.7306736811340055,195,-61.0,61.0,0.20600858369098715,0.12307692307692308,0.631578947368421,0.2832618025751073,0.16923076923076924,0.868421052631579,0.3261802575107296,0.19487179487179487,1.0
5,97,25,gradient,0.6,0.7306736811340055,108,-53.0,53.0,0.3424657534246575,0.23148148148148148,0.6578947368421053,0.4657534246575343,0.3148148148148148,0.8947368421052632,0.5205479452054794,0.35185185185185186,1.0
5,97,25,gradient,0.7,0.7306736811340055,36,0.5,2.0,0.8108108108108109,0.8333333333333334,0.7894736842105263,0.8918918918918918,0.9166666666666666,0.868421052631579,0.972972972972973,1.0,0.9473684210526315
5,97,25,gradient,0.75,0.7306736811340055,36,7.0,7.0,0.2972972972972973,0.3055555555555556,0.2894736842105263,0.6216216216216216,0.6388888888888888,0.6052631578947368,0.918918918918919,0.9444444444444444,0.8947368421052632
5,97,25,gradient,0.8,0.7306736811340055,44,18.0,18.0,0.0,0.0,0.0,0.024390243902439025,0.022727272727272728,0.02631578947368421,0.6341463414634148,0.5909090909090909,0.6842105263157895
5,97,25,gradient,0.85,0.7306736811340055,82,26.5,26.5,0.0,0.0,0.0,0.0,0.0,0.0,0.45,0.32926829268292684,0.7105263157894737
5,97,25,gradient,0.9,0.7306736811340055,94,32.5,32.5,0.0,0.0,0.0,0.0,0.0,0.0,0.30303030303030304,0.2127659574468085,0.5263157894736842
5,97,25,gradient,0.925,0.7306736811340055,93,33.0,33.0,0.0,0.0,0.0,0.0,0.0,0.0,0.27480916030534347,0.1935483870967742,0.47368421052631576
5,97,25,gradient,0.95,0.7306736811340055,65,31.0,31.0,0.0,0.0,0.0,0.0,0.0,0.0,0.2718446601941748,0.2153846153846154,0.3684210526315789
5,97,25,gradient,0.975,0.7306736811340055,38,31.0,31.0,0.0,0.0,0.0,0.0,0.0,0.0,0.23684210526315788,0.23684210526315788,0.23684210526315788
5,97,25,gradient,0.99,0.7306736811340055,19,29.0,29.0,0.0,0.0,0.0,0.0,0.0,0.0,0.14035087719298245,0.21052631578947367,0.10526315789473684
5,98,25,gradient,0.5,0.728650539201399,206,-72.5,72.5,0.17213114754098363,0.10194174757281553,0.5526315789473685,0.2704918032786886,0.16019417475728157,0.868421052631579,0.30327868852459017,0.1796116504854369,0.9736842105263158
5,98,25,gradient,0.6,0.728650539201399,112,-44.0,44.0,0.27999999999999997,0.1875,0.5526315789473685,0.44,0.29464285714285715,0.868421052631579,0.4933333333333333,0.33035714285714285,0.9736842105263158
5,98,25,gradient,0.7,0.728650539201399,36,0.0,3.0,0.7297297297297298,0.75,0.7105263157894737,0.9459459459459458,0.9722222222222222,0.9210526315789473,0.9459459459459458,0.9722222222222222,0.9210526315789473
5,98,25,gradient,0.75,0.728650539201399,36,8.5,8.5,0.18918918918918917,0.19444444444444445,0.18421052631578946,0.5945945945945946,0.6111111111111112,0.5789473684210527,0.8648648648648649,0.8888888888888888,0.8421052631578947
5,98,25,gradient,0.8,0.728650539201399,47,25.0,25.0,0.0,0.0,0.0,0.09411764705882353,0.0851063829787234,0.10526315789473684,0.49411764705882355,0.44680851063829785,0.5526315789473685
5,98,25,gradient,0.85,0.728650539201399,95,31.0,31.0,0.0,0.0,0.0,0.03007518796992481,0.021052631578947368,0.05263157894736842,0.3759398496240602,0.2631578947368421,0.6578947368421053
5,98,25,gradient,0.9,0.728650539201399,90,28.0,28.0,0.0,0.0,0.0,0.015625,0.011111111111111112,0.02631578947368421,0.359375,0.25555555555555554,0.6052631578947368
5,98,25,gradient,0.925,0.728650539201399,76,32.0,32.0,0.0,0.0,0.0,0.017543859649122806,0.013157894736842105,0.02631578947368421,0.29824561403508776,0.2236842105263158,0.4473684210526316
5,98,25,gradient,0.95,0.728650539201399,82,32.5,32.5,0.0,0.0,0.0,0.0,0.0,0.0,0.24999999999999994,0.18292682926829268,0.39473684210526316
5,98,25,gradient,0.975,0.728650539201399,40,32.0,32.0,0.0,0.0,0.0,0.0,0.0,0.0,0.12820512820512822,0.125,0.13157894736842105
5,98,25,gradient,0.99,0.728650539201399,17,40.0,40.0,0.0,0.0,0.0,0.0,0.0,0.0,0.07272727272727272,0.11764705882352941,0.05263157894736842
5,99,25,gradient,0.5,0.7266385699752943,236,-63.0,63.0,0.18978102189781018,0.11016949152542373,0.6842105263157895,0.25547445255474455,0.1483050847457627,0.9210526315789473,0.2773722627737226,0.16101694915254236,1.0
5,99,25,gradient,0.6,0.7266385699752943,104,-41.0,41.0,0.36619718309859156,0.25,0.6842105263157895,0.49295774647887325,0.33653846153846156,0.9210526315789473,0.5352112676056338,0.36538461538461536,1.0
5,99,25,gradient,0.7,0.7266385699752943,36,1.0,2.0,0.7837837837837838,0.8055555555555556,0.7631578947368421,0.972972972972973,1.0,0.9473684210526315,0.972972972972973,1.0,0.9473684210526315
5,99,25,gradient,0.75,0.7266385699752943,36,8.0,8.0,0.16216216216216214,0.16666666666666666,0.15789473684210525,0.6756756756756757,0.6944444444444444,0.6578947368421053,0.8918918918918918,0.9166666666666666,0.868421052631579
5,99,25,gradient,0.8,0.7266385699752943,57,25.0,25.0,0.0,0.0,0.0,0.0631578947368421,0.05263157894736842,0.07894736842105263,0.4842105263157894,0.40350877192982454,0.6052631578947368
5,99,25,gradient,0.85,0.7266385699752943,86,28.0,28.0,0.0,0.0,0.0,0.016129032258064516,0.011627906976744186,0.02631578947368421,0.40322580645161293,0.29069767441860467,0.6578947368421053
5,99,25,gradient,0.9,0.7266385699752943,99,31.0,31.0,0.0,0.0,0.0,0.0,0.0,0.0,0.2773722627737226,0.1919191919191919,0.5
5,99,25,gradient,0.925,0.7266385699752943,92,34.0,34.0,0.0,0.0,0.0,0.0,0.0,0.0,0.2769230769230769,0.1956521739130435,0.47368421052631576
5,99,25,gradient,0.95,0.7266385699752943,74,33.0,33.0,0.0,0.0,0.0,0.0,0.0,0.0,0.21428571428571427,0.16216216216216217,0.3157894736842105
5,99,25,gradient,0.975,0.7266385699752943,41,31.0,31.0,0.0,0.0,0.0,0.0,0.0,0.0,0.1518987341772152,0.14634146341463414,0.15789473684210525
5,99,25,gradient,0.99,0.7266385699752943,16,37.0,37.0,0.0,0.0,0.0,0.0,0.0,0.0,0.037037037037037035,0.0625,0.02631578947368421
5,100,25,gradient,0.5,0.7246376811594203,223,-68.0,68.0,0.17624521072796936,0.1031390134529148,0.6052631578947368,0.21455938697318008,0.12556053811659193,0.7368421052631579,0.26819923371647514,0.15695067264573992,0.9210526315789473
5,100,25,gradient,0.6,0.7246376811594203,114,-41.0,45.0,0.3026315789473684,0.20175438596491227,0.6052631578947368,0.3684210526315789,0.24561403508771928,0.7368421052631579,0.46052631578947373,0.30701754385964913,0.9210526315789473
5,100,25,gradient,0.7,0.7246376811594203,36,2.0,3.0,0.6216216216216216,0.6388888888888888,0.6052631578947368,0.8108108108108109,0.8333333333333334,0.7894736842105263,0.8918918918918918,0.9166666666666666,0.868421052631579
5,100,25,gradient,0.75,0.7246376811594203,36,9.0,9.0,0.13513513513513511,0.1388888888888889,0.13157894736842105,0.5945945945945946,0.6111111111111112,0.5789473684210527,0.8378378378378377,0.8611111111111112,0.8157894736842105
5,100,25,gradient,0.8,0.7246376811594203,57,27.0,27.0,0.0,0.0,0.0,0.021052631578947368,0.017543859649122806,0.02631578947368421,0.5473684210526316,0.45614035087719296,0.6842105263157895
5,100,25,gradient,0.85,0.7246376811594203,106,27.0,27.0,0.0,0.0,0.0,0.01388888888888889,0.009433962264150943,0.02631578947368421,0.3888888888888889,0.2641509433962264,0.7368421052631579
5,100,25,gradient,0.9,0.7246376811594203,104,32.0,32.0,0.0,0.0,0.0,0.0,0.0,0.0,0.30985915492957744,0.21153846153846154,0.5789473684210527
5,100,25,gradient,0.925,0.7246376811594203,93,33.0,33.0,0.0,0.0,0.0,0.0,0.0,0.0,0.2900763358778626,0.20430107526881722,0.5
5,100,25,gradient,0.95,0.7246376811594203,71,34.0,34.0,0.0,0.0,0.0,0.0,0.0,0.0,0.22018348623853212,0.16901408450704225,0.3157894736842105
5,100,25,gradient,0.975,0.7246376811594203,47,33.0,33.0,0.0,0.0,0.0,0.0,0.0,0.0,0.2588235294117647,0.23404255319148937,0.2894736842105263
5,100,25,gradient,0.99,0.7246376811594203,22,26.0,26.0,0.0,0.0,0.0,0.0,0.0,0.0,0.19999999999999998,0.2727272727272727,0.15789473684210525
20,1,25,gradient,0.5,0.9962143853357243,283,-87.0,87.0,0.006230529595015575,0.0035335689045936395,0.02631578947368421,0.01246105919003115,0.007067137809187279,0.05263157894736842,0.23052959501557635,0.13074204946996468,0.9736842105263158
20,1,25,gradient,0.6,0.9962143853357243,208,-82.5,82.5,0.008130081300813009,0.004807692307692308,0.02631578947368421,0.016260162601626018,0.009615384615384616,0.05263157894736842,0.3008130081300813,0.1778846153846154,0.9736842105263158
20,1,25,gradient,0.7,0.9962143853357243,168,-76.5,76.5,0.009708737864077669,0.005952380952380952,0.02631578947368421,0.019417475728155338,0.011904761904761904,0.05263157894736842,0.3592233009708738,0.22023809523809523,0.9736842105263158
20,1,25,gradient,0.75,0.9962143853357243,118,-54.0,54.0,0.01282051282051282,0.00847457627118644,0.02631578947368421,0.02564102564102564,0.01694915254237288,0.05263157894736842,0.4743589743589744,0.3135593220338983,0.9736842105263158
20,1,25,gradient,0.8,0.9962143853357243,61,-22.0,22.0,0.0202020202020202,0.01639344262295082,0.02631578947368421,0.0404040404040404,0.03278688524590164,0.05263157894736842,0.7474747474747474,0.6065573770491803,0.9736842105263158
20,1,25,gradient,0.85,0.9962143853357243,36,-15.0,15.0,0.10810810810810811,0.1111111111111111,0.10526315789473684,0.24324324324324326,0.25,0.23684210526315788,0.972972972972973,1.0,0.9473684210526315
20,1,25,gradient,0.9,0.9962143853357243,36,-8.0,8.0,0.27027027027027023,0.2777777777777778,0.2631578947368421,0.7837837837837838,0.8055555555555556,0.7631578947368421,0.972972972972973,1.0,0.9473684210526315
20,1,25,gradient,0.925,0.9962143853357243,36,-4.0,4.0,0.5405405405405405,0.5555555555555556,0.5263157894736842,0.972972972972973,1.0,0.9473684210526315,0.972972972972973,1.0,0.9473684210526315
20,1,25,gradient,0.95,0.9962143853357243,36,-2.0,2.0,0.8378378378378377,0.8611111111111112,0.8157894736842105,0.972972972972973,1.0,0.9473684210526315,0.972972972972973,1.0,0.9473684210526315
20,1,25,gradient,0.975,0.9962143853357243,34,-1.0,1.0,0.9166666666666667,0.9705882352941176,0.868421052631579,0.9444444444444444,1.0,0.8947368421052632,0.9444444444444444,1.0,0.8947368421052632
20,1,25,gradient,0.99,0.9962143853357243,20,-0.5,0.5,0.6896551724137931,1.0,0.5263157894736842,0.6896551724137931,1.0,0.5263157894736842,0.6896551724137931,1.0,0.5263157894736842
20,2,25,gradient,0.5,0.9924573243350536,276,-76.5,76.5,0.0,0.0,0.0,0.006369426751592357,0.0036231884057971015,0.02631578947368421,0.2356687898089172,0.13405797101449277,0.9736842105263158
20,2,25,gradient,0.6,0.9924573243350536,240,-79.0,79.0,0.0,0.0,0.0,0.007194244604316546,0.004166666666666667,0.02631578947368421,0.26618705035971224,0.15416666666666667,0.9736842105263158
20,2,25,gradient,0.7,0.9924573243350536,145,-68.0,68.0,0.0,0.0,0.0,0.01092896174863388,0.006896551724137931,0.02631578947368421,0.39344262295081966,0.2482758620689655,0.9473684210526315
20,2,25,gradient,0.75,0.9924573243350536,117,-57.0,57.0,0.0,0.0,0.0,0.012903225806451615,0.008547008547008548,0.02631578947368421,0.464516129032258,0.3076923076923077,0.9473684210526315
20,2,25,gradient,0.8,0.9924573243350536,77,-42.0,42.0,0.0,0.0,0.0,0.017391304347826087,0.012987012987012988,0.02631578947368421,0.6260869565217391,0.4675324675324675,0.9473684210526315
20,2,25,gradient,0.85,0.9924573243350536,36,-14.0,14.0,0.05405405405405406,0.05555555555555555,0.05263157894736842,0.18918918918918917,0.19444444444444445,0.18421052631578946,0.972972972972973,1.0,0.9473684210526315
20,2,25,gradient,0.9,0.9924573243350536,36,-7.0,7.0,0.37837837837837834,0.3888888888888889,0.3684210526315789,0.7567567567567567,0.7777777777777778,0.7368421052631579,0.972972972972973,1.0,0.9473684210526315
20,2,25,gradient,0.925,0.9924573243350536,36,-5.0,5.0,0.5675675675675677,0.5833333333333334,0.5526315789473685,0.9459459459459458,0.9722222222222222,0.9210526315789473,0.972972972972973,1.0,0.9473684210526315
20,2,25,gradient,0.95,0.9924573243350536,36,-2.0,2.0,0.918918918918919,0.9444444444444444,0.8947368421052632,0.972972972972973,1.0,0.9473684210526315,0.972972972972973,1.0,0.9473684210526315
20,2,25,gradient,0.975,0.9924573243350536,34,-1.0,1.0,0.9444444444444444,1.0,0.8947368421052632,0.9444444444444444,1.0,0.8947368421052632,0.9444444444444444,1.0,0.8947368421052632
20,2,25,gradient,0.99,0.9924573243350536,15,0.0,0.0,0.5283018867924527,0.9333333333333333,0.3684210526315789,0.5283018867924527,0.9333333333333333,0.3684210526315789,0.5283018867924527,0.9333333333333333,0.3684210526315789
20,3,25,gradient,0.5,0.9887284951552304,287,-80.0,80.0,0.006153846153846154,0.003484320557491289,0.02631578947368421,0.024615384615384615,0.013937282229965157,0.10526315789473684,0.23384615384615384,0.13240418118466898,1.0
20,3,25,gradient,0.6,0.9887284951552304,247,-77.0,77.0,0.007017543859649123,0.004048582995951417,0.02631578947368421,0.028070175438596492,0.016194331983805668,0.10526315789473684,0.2666666666666667,0.15384615384615385,1.0
20,3,25,gradient,0.7,0.9887284951552304,161,-70.0,70.0,0.010050251256281407,0.006211180124223602,0.02631578947368421,0.05025125628140703,0.031055900621118012,0.13157894736842105,0.38190954773869346,0.2360248447204969,1.0
20,3,25,gradient,0.75,0.9887284951552304,116,-64.5,64.5,0.012987012987012986,0.008620689655172414,0.02631578947368421,0.06493506493506494,0.04310344827586207,0.13157894736842105,0.49350649350649356,0.3275862068965517,1.0
20,3,25,gradient,0.8,0.9887284951552304,73,-21.0,21.0,0.018018018018018018,0.0136986301369863,0.02631578947368421,0.09009009009009009,0.0684931506849315,0.13157894736842105,0.6846846846846847,0.5205479452054794,1.0
20,3,25,gradient,0.85,0.9887284951552304,36,-15.0,15.0,0.13513513513513511,0.1388888888888889,0.13157894736842105,0.3243243243243243,0.3333333333333333,0.3157894736842105,0.972972972972973,1.0,0.9473684210526315
20,3,25,gradient,0.9,0.9887284951552304,36,-4.0,4.0,0.5675675675675677,0.5833333333333334,0.5526315789473685,0.8918918918918918,0.9166666666666666,0.868421052631579,0.972972972972973,1.0,0.9473684210526315
20,3,25,gradient,0.925,0.9887284951552304,36,-3.0,3.0,0.7297297297297298,0.75,0.7105263157894737,0.972972972972973,1.0,0.9473684210526315,0.972972972972973,1.0,0.9473684210526315
20,3,25,gradient,0.95,0.9887284951552304,36,-2.0,2.0,0.918918918918919,0.9444444444444444,0.8947368421052632,0.972972972972973,1.0,0.9473684210526315,0.972972972972973,1.0,0.9473684210526315
20,3,25,gradient,0.975,0.9887284951552304,34,0.0,1.0,0.9444444444444444,1.0,0.8947368421052632,0.9444444444444444,1.0,0.8947368421052632,0.9444444444444444,1.0,0.8947368421052632
20,3,25,gradient,0.99,0.9887284951552304,18,0.0,1.0,0.6428571428571429,1.0,0.47368421052631576,0.6428571428571429,1.0,0.47368421052631576,0.6428571428571429,1.0,0.47368421052631576
20,4,25,gradient,0.5,0.9850275807722616,313,-77.0,77.0,0.0,0.0,0.0,0.011396011396011397,0.006389776357827476,0.05263157894736842,0.21652421652421652,0.12140575079872204,1.0
20,4,25,gradient,0.6,0.9850275807722616,243,-77.0,77.0,0.0,0.0,0.0,0.014234875444839857,0.00823045267489712,0.05263157894736842,0.2704626334519573,0.15637860082304528,1.0
20,4,25,gradient,0.7,0.9850275807722616,156,-69.5,69.5,0.0,0.0,0.0,0.020618556701030927,0.01282051282051282,0.05263157894736842,0.3917525773195876,0.24358974358974358,1.0
20,4,25,gradient,0.75,0.9850275807722616,112,-59.5,59.5,0.0,0.0,0.0,0.02666666666666667,0.017857142857142856,0.05263157894736842,0.5066666666666666,0.3392857142857143,1.0
20,4,25,gradient,0.8,0.9850275807722616,61,-20.0,20.0,0.0,0.0,0.0,0.0404040404040404,0.03278688524590164,0.05263157894736842,0.7272727272727273,0.5901639344262295,0.9473684210526315
20,4,25,gradient,0.85,0.9850275807722616,36,-14.0,14.0,0.08108108108108107,0.08333333333333333,0.07894736842105263,0.21621621621621623,0.2222222222222222,0.21052631578947367,0.972972972972973,1.0,0.9473684210526315
20,4,25,gradient,0.9,0.9850275807722616,36,-4.5,4.5,0.5405405405405405,0.5555555555555556,0.5263157894736842,0.8648648648648649,0.8888888888888888,0.8421052631578947,0.972972972972973,1.0,0.9473684210526315
20,4,25,gradient,0.925,0.9850275807722616,36,-3.5,3.5,0.7027027027027027,0.7222222222222222,0.6842105263157895,0.972972972972973,1.0,0.9473684210526315,0.972972972972973,1.0,0.9473684210526315
20,4,25,gradient,0.95,0.9850275807722616,37,-2.0,2.0,0.9599999999999999,0.972972972972973,0.9473684210526315,0.9599999999999999,0.972972972972973,0.9473684210526315,0.9599999999999999,0.972972972972973,0.9473684210526315
20,4,25,gradient,0.975,0.9850275807722616,32,0.0,1.0,0.9142857142857143,1.0,0.8421052631578947,0.9142857142857143,1.0,0.8421052631578947,0.9142857142857143,1.0,0.8421052631578947
20,4,25,gradient,0.99,0.9850275807722616,20,1.0,1.0,0.6896551724137931,1.0,0.5263157894736842,0.6896551724137931,1.0,0.5263157894736842,0.6896551724137931,1.0,0.5263157894736842
20,5,25,gradient,0.5,0.9813542688910697,295,-68.0,68.0,0.024024024024024024,0.013559322033898305,0.10526315789473684,0.03603603603603603,0.020338983050847456,0.15789473684210525,0.22822822822822822,0.1288135593220339,1.0
20,5,25,gradient,0.6,0.9813542688910697,235,-60.0,60.0,0.029304029304029304,0.01702127659574468,0.10526315789473684,0.043956043956043946,0.02553191489361702,0.15789473684210525,0.2783882783882784,0.16170212765957448,1.0
20,5,25,gradient,0.7,0.9813542688910697,159,-57.0,57.0,0.04060913705583757,0.025157232704402517,0.10526315789473684,0.07106598984771574,0.0440251572327044,0.18421052631578946,0.3857868020304569,0.2389937106918239,1.0
20,5,25,gradient,0.75,0.9813542688910697,113,-45.0,45.0,0.052980132450331126,0.035398230088495575,0.10526315789473684,0.10596026490066225,0.07079646017699115,0.21052631578947367,0.5033112582781457,0.336283185840708,1.0
20,5,25,gradient,0.8,0.9813542688910697,80,-32.0,32.0,0.06779661016949153,0.05,0.10526315789473684,0.13559322033898305,0.1,0.21052631578947367,0.6440677966101694,0.475,1.0
20,5,25,gradient,0.85,0.9813542688910697,36,-14.0,14.0,0.16216216216216214,0.16666666666666666,0.15789473684210525,0.3243243243243243,0.3333333333333333,0.3157894736842105,0.972972972972973,1.0,0.9473684210526315
20,5,25,gradient,0.9,0.9813542688910697,36,-6.0,6.0,0.40540540540540543,0.4166666666666667,0.39473684210526316,0.8648648648648649,0.8888888888888888,0.8421052631578947,0.972972972972973,1.0,0.9473684210526315
20,5,25,gradient,0.925,0.9813542688910697,36,-3.5,3.5,0.7837837837837838,0.8055555555555556,0.7631578947368421,0.972972972972973,1.0,0.9473684210526315,0.972972972972973,1.0,0.9473684210526315
20,5,25,gradient,0.95,0.9813542688910697,36,-1.0,1.0,0.918918918918919,0.9444444444444444,0.8947368421052632,0.972972972972973,1.0,0.9473684210526315,0.972972972972973,1.0,0.9473684210526315
20,5,25,gradient,0.975,0.9813542688910697,29,0.0,1.0,0.8656716417910448,1.0,0.7631578947368421,0.8656716417910448,1.0,0.7631578947368421,0.8656716417910448,1.0,0.7631578947368421
20,5,25,gradient,0.99,0.9813542688910697,17,1.0,1.0,0.6181818181818182,1.0,0.4473684210526316,0.6181818181818182,1.0,0.4473684210526316,0.6181818181818182,1.0,0.4473684210526316
20,6,25,gradient,0.5,0.9777082518576456,264,-75.0,75.0,0.0,0.0,0.0,0.026490066225165563,0.015151515151515152,0.10526315789473684,0.2450331125827814,0.14015151515151514,0.9736842105263158
20,6,25,gradient,0.6,0.9777082518576456,236,-73.5,73.5,0.0,0.0,0.0,0.029197080291970802,0.01694915254237288,0.10526315789473684,0.2773722627737226,0.16101694915254236,1.0
20,6,25,gradient,0.7,0.9777082518576456,167,-62.0,62.0,0.0,0.0,0.0,0.03902439024390244,0.023952095808383235,0.10526315789473684,0.36097560975609755,0.2215568862275449,0.9736842105263158
20,6,25,gradient,0.75,0.9777082518576456,125,-51.0,51.0,0.0,0.0,0.0,0.049079754601226995,0.032,0.10526315789473684,0.4539877300613497,0.296,0.9736842105263158
20,6,25,gradient,0.8,0.9777082518576456,76,-22.0,22.0,0.0,0.0,0.0,0.07017543859649122,0.05263157894736842,0.10526315789473684,0.6666666666666666,0.5,1.0
20,6,25,gradient,0.85,0.9777082518576456,36,-15.0,15.0,0.02702702702702703,0.027777777777777776,0.02631578947368421,0.13513513513513511,0.1388888888888889,0.13157894736842105,0.972972972972973,1.0,0.9473684210526315
20,6,25,gradient,0.9,0.9777082518576456,36,-5.0,5.0,0.5675675675675677,0.5833333333333334,0.5526315789473685,0.8918918918918918,0.9166666666666666,0.868421052631579,0.972972972972973,1.0,0.9473684210526315
20,6,25,gradient,0.925,0.9777082518576456,37,-4.0,4.0,0.8533333333333334,0.8648648648648649,0.8421052631578947,0.9599999999999999,0.972972972972973,0.9473684210526315,0.9599999999999999,0.972972972972973,0.9473684210526315
20,6,25,gradient,0.95,0.9777082518576456,36,-1.0,1.5,0.972972972972973,1.0,0.9473684210526315,0.972972972972973,1.0,0.9473684210526315,0.972972972972973,1.0,0.9473684210526315
20,6,25,gradient,0.975,0.9777082518576456,26,0.0,0.0,0.8125000000000001,1.0,0.6842105263157895,0.8125000000000001,1.0,0.6842105263157895,0.8125000000000001,1.0,0.6842105263157895
20,6,25,gradient,0.99,0.9777082518576456,17,1.0,1.0,0.6181818181818182,1.0,0.4473684210526316,0.6181818181818182,1.0,0.4473684210526316,0.6181818181818182,1.0,0.4473684210526316
20,7,25,gradient,0.5,0.9740892265731541,263,-69.0,69.0,0.026578073089700997,0.015209125475285171,0.10526315789473684,0.0664451827242525,0.03802281368821293,0.2631578947368421,0.25249169435215946,0.1444866920152091,1.0
20,7,25,gradient,0.6,0.9740892265731541,231,-67.0,67.0,0.029739776951672865,0.017316017316017316,0.10526315789473684,0.07434944237918216,0.04329004329004329,0.2631578947368421,0.2825278810408922,0.1645021645021645,1.0
20,7,25,gradient,0.7,0.9740892265731541,140,-53.0,53.0,0.04494382022471909,0.02857142857142857,0.10526315789473684,0.10112359550561797,0.06428571428571428,0.23684210526315788,0.4044943820224719,0.2571428571428571,0.9473684210526315
20,7,25,gradient,0.75,0.9740892265731541,114,-48.0,48.0,0.05263157894736842,0.03508771929824561,0.10526315789473684,0.13157894736842105,0.08771929824561403,0.2631578947368421,0.47368421052631576,0.3157894736842105,0.9473684210526315
20,7,25,gradient,0.8,0.9740892265731541,69,-21.0,21.0,0.09345794392523364,0.07246376811594203,0.13157894736842105,0.205607476635514,0.15942028985507245,0.2894736842105263,0.6728971962616822,0.5217391304347826,0.9473684210526315
20,7,25,gradient,0.85,0.9740892265731541,36,-12.5,12.5,0.16216216216216214,0.16666666666666666,0.15789473684210525,0.40540540540540543,0.4166666666666667,0.39473684210526316,0.972972972972973,1.0,0.9473684210526315
20,7,25,gradient,0.9,0.9740892265731541,36,-6.5,6.5,0.43243243243243246,0.4444444444444444,0.42105263157894735,0.9459459459459458,0.9722222222222222,0.9210526315789473,0.972972972972973,1.0,0.9473684210526315
20,7,25,gradient,0.925,0.9740892265731541,36,-2.0,2.0,0.7837837837837838,0.8055555555555556,0.7631578947368421,0.972972972972973,1.0,0.9473684210526315,0.972972972972973,1.0,0.9473684210526315
20,7,25,gradient,0.95,0.9740892265731541,36,-0.5,1.0,0.972972972972973,1.0,0.9473684210526315,0.972972972972973,1.0,0.9473684210526315,0.972972972972973,1.0,0.9473684210526315
20,7,25,gradient,0.975,0.9740892265731541,27,1.0,2.0,0.8307692307692308,1.0,0.7105263157894737,0.8307692307692308,1.0,0.7105263157894737,0.8307692307692308,1.0,0.7105263157894737
20,7,25,gradient,0.99,0.9740892265731541,14,1.5,2.0,0.5384615384615384,1.0,0.3684210526315789,0.5384615384615384,1.0,0.3684210526315789,0.5384615384615384,1.0,0.3684210526315789
20,8,25,gradient,0.5,0.9704968944099379,255,-65.0,65.0,0.013651877133105802,0.00784313725490196,0.05263157894736842,0.027303754266211604,0.01568627450980392,0.10526315789473684,0.25938566552901027,0.14901960784313725,1.0
20,8,25,gradient,0.6,0.9704968944099379,214,-69.5,69.5,0.015873015873015872,0.009345794392523364,0.05263157894736842,0.031746031746031744,0.018691588785046728,0.10526315789473684,0.30158730158730157,0.17757009345794392,1.0
20,8,25,gradient,0.7,0.9704968944099379,134,-60.5,60.5,0.023255813953488372,0.014925373134328358,0.05263157894736842,0.046511627906976744,0.029850746268656716,0.10526315789473684,0.4418604651162791,0.2835820895522388,1.0
20,8,25,gradient,0.75,0.9704968944099379,104,-50.0,50.0,0.028169014084507043,0.019230769230769232,0.05263157894736842,0.056338028169014086,0.038461538461538464,0.10526315789473684,0.5352112676056338,0.36538461538461536,1.0
20,8,25,gradient,0.8,0.9704968944099379,76,-21.5,21.5,0.03508771929824561,0.02631578947368421,0.05263157894736842,0.07017543859649122,0.05263157894736842,0.10526315789473684,0.6666666666666666,0.5,1.0
20,8,25,gradient,0.85,0.9704968944099379,36,-15.0,15.0,0.08108108108108107,0.08333333333333333,0.07894736842105263,0.16216216216216214,0.16666666666666666,0.15789473684210525,0.972972972972973,1.0,0.9473684210526315
20,8,25,gradient,0.9,0.9704968944099379,36,-3.5,3.5,0.6486486486486486,0.6666666666666666,0.631578947368421,0.972972972972973,1.0,0.9473684210526315,0.972972972972973,1.0,0.9473684210526315
20,8,25,gradient,0.925,0.9704968944099379,36,-2.0,2.0,0.918918918918919,0.9444444444444444,0.8947368421052632,0.972972972972973,1.0,0.9473684210526315,0.972972972972973,1.0,0.9473684210526315
20,8,25,gradient,0.95,0.9704968944099379,38,-1.0,1.0,0.9473684210526315,0.9473684210526315,0.9473684210526315,0.9473684210526315,0.9473684210526315,0.9473684210526315,0.9473684210526315,0.9473684210526315,0.9473684210526315
20,8,25,gradient,0.975,0.9704968944099379,32,1.0,1.0,0.8857142857142857,0.96875,0.8157894736842105,0.9142857142857143,1.0,0.8421052631578947,0.9142857142857143,1.0,0.8421052631578947
20,8,25,gradient,0.99,0.9704968944099379,15,3.0,3.0,0.5660377358490566,1.0,0.39473684210526316,0.5660377358490566,1.0,0.39473684210526316,0.5660377358490566,1.0,0.39473684210526316
20,9,25,gradient,0.5,0.9669309611293754,289,-69.0,69.0,0.01834862385321101,0.010380622837370242,0.07894736842105263,0.055045871559633024,0.031141868512110725,0.23684210526315788,0.23241590214067276,0.1314878892733564,1.0
20,9,25,gradient,0.6,0.9669309611293754,236,-69.0,69.0,0.021897810218978103,0.012711864406779662,0.07894736842105263,0.06569343065693431,0.038135593220338986,0.23684210526315788,0.2773722627737226,0.16101694915254236,1.0
20,9,25,gradient,0.7,0.9669309611293754,159,-76.0,76.0,0.030456852791878174,0.018867924528301886,0.07894736842105263,0.09137055837563451,0.05660377358490566,0.23684210526315788,0.3857868020304569,0.2389937106918239,1.0
20,9,25,gradient,0.75,0.9669309611293754,118,-62.5,62.5,0.038461538461538464,0.025423728813559324,0.07894736842105263,0.11538461538461539,0.07627118644067797,0.23684210526315788,0.4871794871794871,0.3220338983050847,1.0
20,9,25,gradient,0.8,0.9669309611293754,82,-34.0,34.0,0.049999999999999996,0.036585365853658534,0.07894736842105263,0.15,0.10975609756097561,0.23684210526315788,0.6333333333333334,0.4634146341463415,1.0
20,9,25,gradient,0.85,0.9669309611293754,36,-13.0,13.0,0.10810810810810811,0.1111111111111111,0.10526315789473684,0.3243243243243243,0.3333333333333333,0.3157894736842105,0.972972972972973,1.0,0.9473684210526315
20,9,25,gradient,0.9,0.9669309611293754,36,-4.0,4.0,0.5675675675675677,0.5833333333333334,0.5526315789473685,0.972972972972973,1.0,0.9473684210526315,0.972972972972973,1.0,0.9473684210526315
20,9,25,gradient,0.925,0.9669309611293754,36,-2.5,2.5,0.8108108108108109,0.8333333333333334,0.7894736842105263,0.972972972972973,1.0,0.9473684210526315,0.972972972972973,1.0,0.9473684210526315
20,9,25,gradient,0.95,0.9669309611293754,36,0.0,1.0,0.972972972972973,1.0,0.9473684210526315,0.972972972972973,1.0,0.9473684210526315,0.972972972972973,1.0,0.9473684210526315
20,9,25,gradient,0.975,0.9669309611293754,33,2.0,2.0,0.8169014084507042,0.8787878787878788,0.7631578947368421,0.9295774647887324,1.0,0.868421052631579,0.9295774647887324,1.0,0.868421052631579
20,9,25,gradient,0.99,0.9669309611293754,14,3.0,3.0,0.5,0.9285714285714286,0.34210526315789475,0.5384615384615384,1.0,0.3684210526315789,0.5384615384615384,1.0,0.3684210526315789
20,10,25,gradient,0.5,0.9633911368015414,291,-72.0,72.0,0.006079027355623099,0.003436426116838488,0.02631578947368421,0.05471124620060791,0.030927835051546393,0.23684210526315788,0.22492401215805466,0.12714776632302405,0.9736842105263158
20,10,25,gradient,0.6,0.9633911368015414,225,-71.0,71.0,0.0076045627376425855,0.0044444444444444444,0.02631578947368421,0.06844106463878326,0.04,0.23684210526315788,0.2889733840304183,0.1688888888888889,1.0
20,10,25,gradient,0.7,0.9633911368015414,137,-59.0,59.0,0.011428571428571429,0.0072992700729927005,0.02631578947368421,0.10285714285714287,0.06569343065693431,0.23684210526315788,0.43428571428571433,0.2773722627737226,1.0
20,10,25,gradient,0.75,0.9633911368015414,106,-47.5,47.5,0.01388888888888889,0.009433962264150943,0.02631578947368421,0.12499999999999997,0.08490566037735849,0.23684210526315788,0.5277777777777778,0.3584905660377358,1.0
20,10,25,gradient,0.8,0.9633911368015414,73,-16.0,16.0,0.018018018018018018,0.0136986301369863,0.02631578947368421,0.16216216216216214,0.1232876712328767,0.23684210526315788,0.6846846846846847,0.5205479452054794,1.0
20,10,25,gradient,0.85,0.9633911368015414,37,-12.0,12.0,0.02666666666666667,0.02702702702702703,0.02631578947368421,0.3466666666666667,0.35135135135135137,0.34210526315789475,0.9599999999999999,0.972972972972973,0.9473684210526315
20,10,25,gradient,0.9,0.9633911368015414,37,-5.0,5.0,0.5066666666666666,0.5135135135135135,0.5,0.9599999999999999,0.972972972972973,0.9473684210526315,0.9599999999999999,0.972972972972973,0.9473684210526315
20,10,25,gradient,0.925,0.9633911368015414,36,-2.0,2.0,0.8918918918918918,0.9166666666666666,0.868421052631579,0.972972972972973,1.0,0.9473684210526315,0.972972972972973,1.0,0.9473684210526315
20,10,25,gradient,0.95,0.9633911368015414,34,0.0,1.0,0.9166666666666667,0.9705882352941176,0.868421052631579,0.9444444444444444,1.0,0.8947368421052632,0.9444444444444444,1.0,0.8947368421052632
20,10,25,gradient,0.975,0.9633911368015414,30,3.0,3.0,0.8823529411764706,1.0,0.7894736842105263,0.8823529411764706,1.0,0.7894736842105263,0.8823529411764706,1.0,0.7894736842105263
20,10,25,gradient,0.99,0.9633911368015414,14,4.0,4.0,0.5384615384615384,1.0,0.3684210526315789,0.5384615384615384,1.0,0.3684210526315789,0.5384615384615384,1.0,0.3684210526315789
20,11,25,gradient,0.5,0.959877135726627,308,-75.0,75.0,0.023121387283236997,0.012987012987012988,0.10526315789473684,0.04624277456647399,0.025974025974025976,0.21052631578947367,0.21965317919075145,0.12337662337662338,1.0
20,11,25,gradient,0.6,0.959877135726627,236,-66.5,66.5,0.029197080291970802,0.01694915254237288,0.10526315789473684,0.058394160583941604,0.03389830508474576,0.21052631578947367,0.2773722627737226,0.16101694915254236,1.0
20,11,25,gradient,0.7,0.959877135726627,171,-53.0,53.0,0.03827751196172249,0.023391812865497075,0.10526315789473684,0.07655502392344497,0.04678362573099415,0.21052631578947367,0.34449760765550236,0.21052631578947367,0.9473684210526315
20,11,25,gradient,0.75,0.959877135726627,119,-53.0,53.0,0.050955414012738856,0.03361344537815126,0.10526315789473684,0.10191082802547771,0.06722689075630252,0.21052631578947367,0.45859872611464964,0.3025210084033613,0.9473684210526315
20,11,25,gradient,0.8,0.959877135726627,78,-31.5,31.5,0.06896551724137932,0.05128205128205128,0.10526315789473684,0.13793103448275865,0.10256410256410256,0.21052631578947367,0.6206896551724138,0.46153846153846156,0.9473684210526315
20,11,25,gradient,0.85,0.959877135726627,36,-12.0,12.0,0.16216216216216214,0.16666666666666666,0.15789473684210525,0.3243243243243243,0.3333333333333333,0.3157894736842105,0.972972972972973,1.0,0.9473684210526315
20,11,25,gradient,0.9,0.959877135726627,36,-3.5,4.0,0.6486486486486486,0.6666666666666666,0.631578947368421,0.972972972972973,1.0,0.9473684210526315,0.972972972972973,1.0,0.9473684210526315
20,11,25,gradient,0.925,0.959877135726627,36,-2.0,2.0,0.918918918918919,0.9444444444444444,0.8947368421052632,0.972972972972973,1.0,0.9473684210526315,0.972972972972973,1.0,0.9473684210526315
20,11,25,gradient,0.95,0.959877135726627,38,0.0,2.0,0.9210526315789473,0.9210526315789473,0.9210526315789473,0.9473684210526315,0.9473684210526315,0.9473684210526315,0.9473684210526315,0.9473684210526315,0.9473684210526315
20,11,25,gradient,0.975,0.959877135726627,27,3.0,3.0,0.7076923076923076,0.8518518518518519,0.6052631578947368,0.7692307692307692,0.9259259259259259,0.6578947368421053,0.7692307692307692,0.9259259259259259,0.6578947368421053
20,11,25,gradient,0.99,0.959877135726627,13,4.0,4.0,0.4313725490196079,0.8461538461538461,0.2894736842105263,0.5098039215686275,1.0,0.34210526315789475,0.5098039215686275,1.0,0.34210526315789475
20,12,25,gradient,0.5,0.9563886763580719,302,-76.5,76.5,0.01764705882352941,0.009933774834437087,0.07894736842105263,0.07058823529411765,0.039735099337748346,0.3157894736842105,0.2235294117647059,0.12582781456953643,1.0
20,12,25,gradient,0.6,0.9563886763580719,251,-67.0,67.0,0.020761245674740483,0.01195219123505976,0.07894736842105263,0.08304498269896193,0.04780876494023904,0.3157894736842105,0.2629757785467128,0.15139442231075698,1.0
20,12,25,gradient,0.7,0.9563886763580719,178,-67.0,67.0,0.027777777777777776,0.016853932584269662,0.07894736842105263,0.1111111111111111,0.06741573033707865,0.3157894736842105,0.3518518518518518,0.21348314606741572,1.0
20,12,25,gradient,0.75,0.9563886763580719,126,-48.5,48.5,0.036585365853658534,0.023809523809523808,0.07894736842105263,0.14634146341463414,0.09523809523809523,0.3157894736842105,0.46341463414634143,0.30158730158730157,1.0
20,12,25,gradient,0.8,0.9563886763580719,82,-39.0,39.0,0.049999999999999996,0.036585365853658534,0.07894736842105263,0.19999999999999998,0.14634146341463414,0.3157894736842105,0.6,0.43902439024390244,0.9473684210526315
20,12,25,gradient,0.85,0.9563886763580719,36,-11.0,11.0,0.16216216216216214,0.16666666666666666,0.15789473684210525,0.40540540540540543,0.4166666666666667,0.39473684210526316,0.972972972972973,1.0,0.9473684210526315
20,12,25,gradient,0.9,0.9563886763580719,36,-3.0,3.0,0.7837837837837838,0.8055555555555556,0.7631578947368421,0.9459459459459458,0.9722222222222222,0.9210526315789473,0.972972972972973,1.0,0.9473684210526315
20,12,25,gradient,0.925,0.9563886763580719,36,-2.0,2.0,0.9459459459459458,0.9722222222222222,0.9210526315789473,0.972972972972973,1.0,0.9473684210526315,0.972972972972973,1.0,0.9473684210526315
20,12,25,gradient,0.95,0.9563886763580719,34,1.0,2.0,0.9166666666666667,0.9705882352941176,0.868421052631579,0.9444444444444444,1.0,0.8947368421052632,0.9444444444444444,1.0,0.8947368421052632
20,12,25,gradient,0.975,0.9563886763580719,28,4.0,4.0,0.6969696969696969,0.8214285714285714,0.6052631578947368,0.8484848484848484,1.0,0.7368421052631579,0.8484848484848484,1.0,0.7368421052631579
20,12,25,gradient,0.99,0.9563886763580719,16,4.5,4.5,0.3333333333333333,0.5625,0.23684210526315788,0.5925925925925926,1.0,0.42105263157894735,0.5925925925925926,1.0,0.42105263157894735
20,13,25,gradient,0.5,0.952925481227368,268,-73.5,73.5,0.039215686274509796,0.022388059701492536,0.15789473684210525,0.1241830065359477,0.0708955223880597,0.5,0.2483660130718954,0.1417910447761194,1.0
20,13,25,gradient,0.6,0.952925481227368,218,-76.0,76.0,0.046875,0.027522935779816515,0.15789473684210525,0.1484375,0.0871559633027523,0.5,0.296875,0.1743119266055046,1.0
20,13,25,gradient,0.7,0.952925481227368,163,-75.0,75.0,0.05970149253731343,0.03680981595092025,0.15789473684210525,0.1890547263681592,0.1165644171779141,0.5,0.3681592039800995,0.22699386503067484,0.9736842105263158
20,13,25,gradient,0.75,0.952925481227368,113,-55.0,55.0,0.07947019867549669,0.05309734513274336,0.15789473684210525,0.26490066225165565,0.17699115044247787,0.5263157894736842,0.4900662251655629,0.3274336283185841,0.9736842105263158
20,13,25,gradient,0.8,0.952925481227368,73,-24.0,24.0,0.10810810810810811,0.0821917808219178,0.15789473684210525,0.37837837837837845,0.2876712328767123,0.5526315789473685,0.6486486486486486,0.4931506849315068,0.9473684210526315
20,13,25,gradient,0.85,0.952925481227368,38,-9.0,9.0,0.18421052631578946,0.18421052631578946,0.18421052631578946,0.6842105263157895,0.6842105263157895,0.6842105263157895,0.9473684210526315,0.9473684210526315,0.9473684210526315
20,13,25,gradient,0.9,0.952925481227368,36,-3.5,3.5,0.7027027027027027,0.7222222222222222,0.6842105263157895,0.972972972972973,1.0,0.9473684210526315,0.972972972972973,1.0,0.9473684210526315
20,13,25,gradient,0.925,0.952925481227368,36,-1.5,2.0,0.9459459459459458,0.9722222222222222,0.9210526315789473,0.972972972972973,1.0,0.9473684210526315,0.972972972972973,1.0,0.9473684210526315
20,13,25,gradient,0.95,0.952925481227368,36,2.0,2.0,0.9459459459459458,0.9722222222222222,0.9210526315789473,0.972972972972973,1.0,0.9473684210526315,0.972972972972973,1.0,0.9473684210526315
20,13,25,gradient,0.975,0.952925481227368,26,4.0,4.0,0.6562500000000001,0.8076923076923077,0.5526315789473685,0.8125000000000001,1.0,0.6842105263157895,0.8125000000000001,1.0,0.6842105263157895
20,13,25,gradient,0.99,0.952925481227368,12,4.0,4.0,0.36,0.75,0.23684210526315788,0.4799999999999999,1.0,0.3157894736842105,0.4799999999999999,1.0,0.3157894736842105
20,14,25,gradient,0.5,0.94948727687049,294,-74.0,74.0,0.04216867469879518,0.023809523809523808,0.18421052631578946,0.10843373493975902,0.061224489795918366,0.47368421052631576,0.22891566265060243,0.1292517006802721,1.0
20,14,25,gradient,0.6,0.94948727687049,229,-84.0,84.0,0.052434456928838954,0.03056768558951965,0.18421052631578946,0.1348314606741573,0.07860262008733625,0.47368421052631576,0.28464419475655434,0.16593886462882096,1.0
20,14,25,gradient,0.7,0.94948727687049,136,-62.5,62.5,0.08045977011494251,0.051470588235294115,0.18421052631578946,0.20689655172413793,0.1323529411764706,0.47368421052631576,0.41379310344827586,0.2647058823529412,0.9473684210526315
20,14,25,gradient,0.75,0.94948727687049,111,-52.0,52.0,0.10738255033557047,0.07207207207207207,0.21052631578947367,0.25503355704697983,0.17117117117117117,0.5,0.4832214765100671,0.32432432432432434,0.9473684210526315
20,14,25,gradient,0.8,0.94948727687049,76,-31.0,31.0,0.14035087719298245,0.10526315789473684,0.21052631578947367,0.3333333333333333,0.25,0.5,0.631578947368421,0.47368421052631576,0.9473684210526315
20,14,25,gradient,0.85,0.94948727687049,36,-10.0,10.0,0.24324324324324326,0.25,0.23684210526315788,0.5945945945945946,0.6111111111111112,0.5789473684210527,0.972972972972973,1.0,0.9473684210526315
20,14,25,gradient,0.9,0.94948727687049,36,-3.0,3.0,0.8378378378378377,0.8611111111111112,0.8157894736842105,0.972972972972973,1.0,0.9473684210526315,0.972972972972973,1.0,0.9473684210526315
20,14,25,gradient,0.925,0.94948727687049,36,-1.0,1.0,0.972972972972973,1.0,0.9473684210526315,0.972972972972973,1.0,0.9473684210526315,0.972972972972973,1.0,0.9473684210526315
20,14,25,gradient,0.95,0.94948727687049,36,1.5,2.0,0.8918918918918918,0.9166666666666666,0.868421052631579,0.972972972972973,1.0,0.9473684210526315,0.972972972972973,1.0,0.9473684210526315
20,14,25,gradient,0.975,0.94948727687049,28,5.0,5.0,0.5151515151515151,0.6071428571428571,0.4473684210526316,0.8181818181818182,0.9642857142857143,0.7105263157894737,0.8181818181818182,0.9642857142857143,0.7105263157894737
20,14,25,gradient,0.99,0.94948727687049,14,5.0,5.0,0.34615384615384615,0.6428571428571429,0.23684210526315788,0.5384615384615384,1.0,0.3684210526315789,0.5384615384615384,1.0,0.3684210526315789
20,15,25,gradient,0.5,0.9460737937559129,294,-76.0,76.0,0.05421686746987951,0.030612244897959183,0.23684210526315788,0.12650602409638556,0.07142857142857142,0.5526315789473685,0.22289156626506026,0.12585034013605442,0.9736842105263158
20,15,25,gradient,0.6,0.9460737937559129,229,-72.0,72.0,0.06741573033707865,0.039301310043668124,0.23684210526315788,0.1647940074906367,0.09606986899563319,0.5789473684210527,0.27715355805243447,0.1615720524017467,0.9736842105263158
20,15,25,gradient,0.7,0.9460737937559129,167,-55.0,55.0,0.08780487804878048,0.05389221556886228,0.23684210526315788,0.2146341463414634,0.1317365269461078,0.5789473684210527,0.36097560975609755,0.2215568862275449,0.9736842105263158
20,15,25,gradient,0.75,0.9460737937559129,119,-56.0,56.0,0.11464968152866241,0.07563025210084033,0.23684210526315788,0.2802547770700637,0.18487394957983194,0.5789473684210527,0.47133757961783446,0.31092436974789917,0.9736842105263158
20,15,25,gradient,0.8,0.9460737937559129,70,-15.0,15.0,0.16666666666666666,0.12857142857142856,0.23684210526315788,0.40740740740740744,0.3142857142857143,0.5789473684210527,0.6851851851851852,0.5285714285714286,0.9736842105263158
20,15,25,gradient,0.85,0.9460737937559129,40,-8.0,8.0,0.358974358974359,0.35,0.3684210526315789,0.7948717948717949,0.775,0.8157894736842105,0.9743589743589743,0.95,1.0
20,15,25,gradient,0.9,0.9460737937559129,36,-3.0,3.0,0.7567567567567567,0.7777777777777778,0.7368421052631579,0.972972972972973,1.0,0.9473684210526315,0.972972972972973,1.0,0.9473684210526315
20,15,25,gradient,0.925,0.9460737937559129,36,-0.5,1.5,0.972972972972973,1.0,0.9473684210526315,0.972972972972973,1.0,0.9473684210526315,0.972972972972973,1.0,0.9473684210526315
20,15,25,gradient,0.95,0.9460737937559129,34,2.0,2.5,0.8333333333333333,0.8823529411764706,0.7894736842105263,0.9444444444444444,1.0,0.8947368421052632,0.9444444444444444,1.0,0.8947368421052632
20,15,25,gradient,0.975,0.9460737937559129,28,5.0,5.0,0.5757575757575758,0.6785714285714286,0.5,0.8484848484848484,1.0,0.7368421052631579,0.8484848484848484,1.0,0.7368421052631579
20,15,25,gradient,0.99,0.9460737937559129,16,5.5,5.5,0.2962962962962963,0.5,0.21052631578947367,0.5925925925925926,1.0,0.42105263157894735,0.5925925925925926,1.0,0.42105263157894735
20,16,25,gradient,0.5,0.942684766214178,326,-74.0,74.0,0.06593406593406594,0.03680981595092025,0.3157894736842105,0.14835164835164835,0.08282208588957055,0.7105263157894737,0.20879120879120877,0.1165644171779141,1.0
20,16,25,gradient,0.6,0.942684766214178,255,-73.0,73.0,0.08873720136518773,0.050980392156862744,0.34210526315789475,0.1911262798634812,0.10980392156862745,0.7368421052631579,0.25938566552901027,0.14901960784313725,1.0
20,16,25,gradient,0.7,0.942684766214178,168,-65.5,65.5,0.11650485436893204,0.07142857142857142,0.3157894736842105,0.2524271844660194,0.15476190476190477,0.6842105263157895,0.3592233009708738,0.22023809523809523,0.9736842105263158
20,16,25,gradient,0.75,0.942684766214178,116,-49.5,49.5,0.15584415584415584,0.10344827586206896,0.3157894736842105,0.33766233766233766,0.22413793103448276,0.6842105263157895,0.4675324675324675,0.3103448275862069,0.9473684210526315
20,16,25,gradient,0.8,0.942684766214178,72,-15.0,15.0,0.2363636363636364,0.18055555555555555,0.34210526315789475,0.49090909090909096,0.375,0.7105263157894737,0.6545454545454545,0.5,0.9473684210526315
20,16,25,gradient,0.85,0.942684766214178,40,-7.0,7.0,0.358974358974359,0.35,0.3684210526315789,0.7692307692307692,0.75,0.7894736842105263,0.9230769230769231,0.9,0.9473684210526315
20,16,25,gradient,0.9,0.942684766214178,36,-3.0,3.0,0.8108108108108109,0.8333333333333334,0.7894736842105263,0.972972972972973,1.0,0.9473684210526315,0.972972972972973,1.0,0.9473684210526315
20,16,25,gradient,0.925,0.942684766214178,36,-0.5,1.0,0.9459459459459458,0.9722222222222222,0.9210526315789473,0.972972972972973,1.0,0.9473684210526315,0.972972972972973,1.0,0.9473684210526315
20,16,25,gradient,0.95,0.942684766214178,36,3.0,3.0,0.7567567567567567,0.7777777777777778,0.7368421052631579,0.9459459459459458,0.9722222222222222,0.9210526315789473,0.972972972972973,1.0,0.9473684210526315
20,16,25,gradient,0.975,0.942684766214178,26,5.0,5.0,0.4375,0.5384615384615384,0.3684210526315789,0.8125000000000001,1.0,0.6842105263157895,0.8125000000000001,1.0,0.6842105263157895
20,16,25,gradient,0.99,0.942684766214178,11,5.0,5.0,0.2857142857142857,0.6363636363636364,0.18421052631578946,0.4489795918367347,1.0,0.2894736842105263,0.4489795918367347,1.0,0.2894736842105263
20,17,25,gradient,0.5,0.9393199323689648,269,-65.0,65.0,0.07817589576547232,0.04460966542750929,0.3157894736842105,0.20846905537459284,0.11895910780669144,0.8421052631578947,0.24755700325732902,0.1412639405204461,1.0
20,17,25,gradient,0.6,0.9393199323689648,217,-58.0,58.0,0.09411764705882353,0.055299539170506916,0.3157894736842105,0.25098039215686274,0.14746543778801843,0.8421052631578947,0.2980392156862745,0.17511520737327188,1.0
20,17,25,gradient,0.7,0.9393199323689648,154,-56.5,56.5,0.12499999999999999,0.07792207792207792,0.3157894736842105,0.33333333333333337,0.2077922077922078,0.8421052631578947,0.3958333333333333,0.24675324675324675,1.0
20,17,25,gradient,0.75,0.9393199323689648,131,-54.0,54.0,0.15384615384615383,0.09923664122137404,0.34210526315789475,0.39053254437869817,0.25190839694656486,0.868421052631579,0.4497041420118343,0.2900763358778626,1.0
20,17,25,gradient,0.8,0.9393199323689648,71,-13.0,13.0,0.22018348623853212,0.16901408450704225,0.3157894736842105,0.5688073394495413,0.43661971830985913,0.8157894736842105,0.6605504587155963,0.5070422535211268,0.9473684210526315
20,17,25,gradient,0.85,0.9393199323689648,36,-7.0,7.0,0.35135135135135137,0.3611111111111111,0.34210526315789475,0.8378378378378377,0.8611111111111112,0.8157894736842105,0.972972972972973,1.0,0.9473684210526315
20,17,25,gradient,0.9,0.9393199323689648,36,-1.0,2.0,0.8918918918918918,0.9166666666666666,0.868421052631579,0.972972972972973,1.0,0.9473684210526315,0.972972972972973,1.0,0.9473684210526315
20,17,25,gradient,0.925,0.9393199323689648,36,0.5,2.0,0.972972972972973,1.0,0.9473684210526315,0.972972972972973,1.0,0.9473684210526315,0.972972972972973,1.0,0.9473684210526315
20,17,25,gradient,0.95,0.9393199323689648,36,4.0,4.0,0.6486486486486486,0.6666666666666666,0.631578947368421,0.972972972972973,1.0,0.9473684210526315,0.972972972972973,1.0,0.9473684210526315
20,17,25,gradient,0.975,0.9393199323689648,26,6.0,6.0,0.37499999999999994,0.46153846153846156,0.3157894736842105,0.8125000000000001,1.0,0.6842105263157895,0.8125000000000001,1.0,0.6842105263157895
20,17,25,gradient,0.99,0.9393199323689648,16,7.0,7.0,0.11111111111111109,0.1875,0.07894736842105263,0.5555555555555556,0.9375,0.39473684210526316,0.5555555555555556,0.9375,0.39473684210526316
20,18,25,gradient,0.5,0.9359790340696368,291,-72.0,72.0,0.10942249240121582,0.061855670103092786,0.47368421052631576,0.1884498480243161,0.10652920962199312,0.8157894736842105,0.23100303951367782,0.13058419243986255,1.0
20,18,25,gradient,0.6,0.9359790340696368,243,-62.0,62.0,0.13523131672597866,0.07818930041152264,0.5,0.2277580071174377,0.13168724279835392,0.8421052631578947,0.2704626334519573,0.15637860082304528,1.0
20,18,25,gradient,0.7,0.9359790340696368,159,-55.0,55.0,0.19289340101522845,0.11949685534591195,0.5,0.32487309644670054,0.20125786163522014,0.8421052631578947,0.3857868020304569,0.2389937106918239,1.0
20,18,25,gradient,0.75,0.9359790340696368,126,-40.0,40.0,0.23170731707317072,0.15079365079365079,0.5,0.3902439024390244,0.25396825396825395,0.8421052631578947,0.46341463414634143,0.30158730158730157,1.0
20,18,25,gradient,0.8,0.9359790340696368,73,-15.0,15.0,0.3243243243243243,0.2465753424657534,0.47368421052631576,0.5405405405405405,0.410958904109589,0.7894736842105263,0.6486486486486486,0.4931506849315068,0.9473684210526315
20,18,25,gradient,0.85,0.9359790340696368,38,-5.5,5.5,0.5,0.5,0.5,0.868421052631579,0.868421052631579,0.868421052631579,0.9473684210526315,0.9473684210526315,0.9473684210526315
20,18,25,gradient,0.9,0.9359790340696368,36,-2.0,3.0,0.8648648648648649,0.8888888888888888,0.8421052631578947,0.972972972972973,1.0,0.9473684210526315,0.972972972972973,1.0,0.9473684210526315
20,18,25,gradient,0.925,0.9359790340696368,36,1.0,2.0,0.918918918918919,0.9444444444444444,0.8947368421052632,0.972972972972973,1.0,0.9473684210526315,0.972972972972973,1.0,0.9473684210526315
20,18,25,gradient,0.95,0.9359790340696368,36,4.0,4.0,0.6486486486486486,0.6666666666666666,0.631578947368421,0.9459459459459458,0.9722222222222222,0.9210526315789473,0.972972972972973,1.0,0.9473684210526315
20,18,25,gradient,0.975,0.9359790340696368,30,7.0,7.0,0.23529411764705882,0.26666666666666666,0.21052631578947367,0.8823529411764706,1.0,0.7894736842105263,0.8823529411764706,1.0,0.7894736842105263
20,18,25,gradient,0.99,0.9359790340696368,14,7.0,7.0,0.1923076923076923,0.35714285714285715,0.13157894736842105,0.5,0.9285714285714286,0.34210526315789475,0.5384615384615384,1.0,0.3684210526315789
20,19,25,gradient,0.5,0.9326618168252192,321,-68.0,68.0,0.09470752089136492,0.0529595015576324,0.4473684210526316,0.15598885793871864,0.08722741433021806,0.7368421052631579,0.2116991643454039,0.11838006230529595,1.0
20,19,25,gradient,0.6,0.9326618168252192,257,-61.0,61.0,0.11525423728813558,0.06614785992217899,0.4473684210526316,0.18983050847457628,0.10894941634241245,0.7368421052631579,0.25762711864406784,0.14785992217898833,1.0
20,19,25,gradient,0.7,0.9326618168252192,163,-70.0,70.0,0.16915422885572137,0.10429447852760736,0.4473684210526316,0.27860696517412936,0.17177914110429449,0.7368421052631579,0.3781094527363184,0.2331288343558282,1.0
20,19,25,gradient,0.75,0.9326618168252192,117,-69.0,69.0,0.21935483870967742,0.1452991452991453,0.4473684210526316,0.36129032258064514,0.23931623931623933,0.7368421052631579,0.4903225806451613,0.3247863247863248,1.0
20,19,25,gradient,0.8,0.9326618168252192,69,-15.0,15.0,0.3177570093457944,0.2463768115942029,0.4473684210526316,0.5420560747663552,0.42028985507246375,0.7631578947368421,0.6728971962616822,0.5217391304347826,0.9473684210526315
20,19,25,gradient,0.85,0.9326618168252192,39,-6.0,6.0,0.4675324675324675,0.46153846153846156,0.47368421052631576,0.8571428571428572,0.8461538461538461,0.868421052631579,0.935064935064935,0.9230769230769231,0.9473684210526315
20,19,25,gradient,0.9,0.9326618168252192,36,-1.0,2.5,0.8648648648648649,0.8888888888888888,0.8421052631578947,0.972972972972973,1.0,0.9473684210526315,0.972972972972973,1.0,0.9473684210526315
20,19,25,gradient,0.925,0.9326618168252192,37,2.0,2.0,0.8533333333333334,0.8648648648648649,0.8421052631578947,0.9599999999999999,0.972972972972973,0.9473684210526315,0.9599999999999999,0.972972972972973,0.9473684210526315
20,19,25,gradient,0.95,0.9326618168252192,36,4.0,4.0,0.6486486486486486,0.6666666666666666,0.631578947368421,0.972972972972973,1.0,0.9473684210526315,0.972972972972973,1.0,0.9473684210526315
20,19,25,gradient,0.975,0.9326618168252192,30,7.0,7.0,0.20588235294117646,0.23333333333333334,0.18421052631578946,0.8235294117647058,0.9333333333333333,0.7368421052631579,0.8823529411764706,1.0,0.7894736842105263
20,19,25,gradient,0.99,0.9326618168252192,13,7.0,7.0,0.0784313725490196,0.15384615384615385,0.05263157894736842,0.5098039215686275,1.0,0.34210526315789475,0.5098039215686275,1.0,0.34210526315789475
20,20,25,gradient,0.5,0.929368029739777,286,-72.0,72.0,0.1234567901234568,0.06993006993006994,0.5263157894736842,0.18518518518518517,0.1048951048951049,0.7894736842105263,0.2345679012345679,0.13286713286713286,1.0
20,20,25,gradient,0.6,0.929368029739777,226,-64.0,64.0,0.1515151515151515,0.08849557522123894,0.5263157894736842,0.23484848484848483,0.13716814159292035,0.8157894736842105,0.2878787878787879,0.168141592920354,1.0
20,20,25,gradient,0.7,0.929368029739777,169,-62.0,62.0,0.19323671497584538,0.11834319526627218,0.5263157894736842,0.2995169082125604,0.1834319526627219,0.8157894736842105,0.3671497584541063,0.22485207100591717,1.0
20,20,25,gradient,0.75,0.929368029739777,133,-49.0,49.0,0.2456140350877193,0.15789473684210525,0.5526315789473685,0.36257309941520466,0.23308270676691728,0.8157894736842105,0.4444444444444445,0.2857142857142857,1.0
20,20,25,gradient,0.8,0.929368029739777,81,-30.0,30.0,0.36974789915966383,0.2716049382716049,0.5789473684210527,0.4873949579831933,0.35802469135802467,0.7631578947368421,0.6050420168067226,0.4444444444444444,0.9473684210526315
20,20,25,gradient,0.85,0.929368029739777,36,-4.0,4.0,0.6756756756756757,0.6944444444444444,0.6578947368421053,0.918918918918919,0.9444444444444444,0.8947368421052632,0.972972972972973,1.0,0.9473684210526315
20,20,25,gradient,0.9,0.929368029739777,37,-1.0,3.0,0.9066666666666667,0.918918918918919,0.8947368421052632,0.9333333333333332,0.9459459459459459,0.9210526315789473,0.9599999999999999,0.972972972972973,0.9473684210526315
20,20,25,gradient,0.925,0.929368029739777,36,3.0,3.0,0.7567567567567567,0.7777777777777778,0.7368421052631579,0.9459459459459458,0.9722222222222222,0.9210526315789473,0.972972972972973,1.0,0.9473684210526315
20,20,25,gradient,0.95,0.929368029739777,35,5.0,5.0,0.5205479452054795,0.5428571428571428,0.5,0.9315068493150684,0.9714285714285714,0.8947368421052632,0.958904109589041,1.0,0.9210526315789473
20,20,25,gradient,0.975,0.929368029739777,34,7.0,7.0,0.16666666666666669,0.17647058823529413,0.15789473684210525,0.6944444444444445,0.7352941176470589,0.6578947368421053,0.7777777777777778,0.8235294117647058,0.7368421052631579
20,20,25,gradient,0.99,0.929368029739777,20,8.0,8.0,0.034482758620689655,0.05,0.02631578947368421,0.4482758620689655,0.65,0.34210526315789475,0.6551724137931034,0.95,0.5
20,21,25,gradient,0.5,0.9260974254491573,310,-78.0,78.0,0.12643678160919541,0.07096774193548387,0.5789473684210527,0.18390804597701146,0.1032258064516129,0.8421052631578947,0.21839080459770113,0.12258064516129032,1.0
20,21,25,gradient,0.6,0.9260974254491573,236,-77.0,77.0,0.16058394160583944,0.09322033898305085,0.5789473684210527,0.23357664233576642,0.13559322033898305,0.8421052631578947,0.2773722627737226,0.16101694915254236,1.0
20,21,25,gradient,0.7,0.9260974254491573,160,-58.5,58.5,0.23232323232323232,0.14375,0.6052631578947368,0.3434343434343434,0.2125,0.8947368421052632,0.3838383838383838,0.2375,1.0
20,21,25,gradient,0.75,0.9260974254491573,121,-48.0,48.0,0.2893081761006289,0.19008264462809918,0.6052631578947368,0.4276729559748428,0.2809917355371901,0.8947368421052632,0.4779874213836478,0.3140495867768595,1.0
20,21,25,gradient,0.8,0.9260974254491573,84,-21.5,21.5,0.3770491803278689,0.27380952380952384,0.6052631578947368,0.5573770491803278,0.40476190476190477,0.8947368421052632,0.6229508196721312,0.4523809523809524,1.0
20,21,25,gradient,0.85,0.9260974254491573,36,-4.0,4.0,0.6216216216216216,0.6388888888888888,0.6052631578947368,0.9459459459459458,0.9722222222222222,0.9210526315789473,0.972972972972973,1.0,0.9473684210526315
20,21,25,gradient,0.9,0.9260974254491573,36,-1.5,2.0,0.9459459459459458,0.9722222222222222,0.9210526315789473,0.972972972972973,1.0,0.9473684210526315,0.972972972972973,1.0,0.9473684210526315
20,21,25,gradient,0.925,0.9260974254491573,36,3.0,3.0,0.7297297297297298,0.75,0.7105263157894737,0.972972972972973,1.0,0.9473684210526315,0.972972972972973,1.0,0.9473684210526315
20,21,25,gradient,0.95,0.9260974254491573,37,6.0,6.0,0.45333333333333337,0.4594594594594595,0.4473684210526316,0.88,0.8918918918918919,0.868421052631579,0.9599999999999999,0.972972972972973,0.9473684210526315
20,21,25,gradient,0.975,0.9260974254491573,35,8.0,8.0,0.21917808219178084,0.22857142857142856,0.21052631578947367,0.684931506849315,0.7142857142857143,0.6578947368421053,0.8219178082191781,0.8571428571428571,0.7894736842105263
20,21,25,gradient,0.99,0.9260974254491573,18,7.5,7.5,0.14285714285714285,0.2222222222222222,0.10526315789473684,0.46428571428571425,0.7222222222222222,0.34210526315789475,0.5714285714285714,0.8888888888888888,0.42105263157894735
20,22,25,gradient,0.5,0.9228497600590624,296,-61.0,61.0,0.12574850299401197,0.07094594594594594,0.5526315789473685,0.19161676646706588,0.10810810810810811,0.8421052631578947,0.22754491017964074,0.12837837837837837,1.0
20,22,25,gradient,0.6,0.9228497600590624,253,-60.0,60.0,0.14432989690721654,0.08300395256916997,0.5526315789473685,0.21993127147766323,0.12648221343873517,0.8421052631578947,0.26116838487972505,0.15019762845849802,1.0
20,22,25,gradient,0.7,0.9228497600590624,163,-47.0,47.0,0.20895522388059704,0.12883435582822086,0.5526315789473685,0.31840796019900497,0.19631901840490798,0.8421052631578947,0.3781094527363184,0.2331288343558282,1.0
20,22,25,gradient,0.75,0.9228497600590624,108,-34.5,34.5,0.2602739726027397,0.17592592592592593,0.5,0.410958904109589,0.2777777777777778,0.7894736842105263,0.4931506849315068,0.3333333333333333,0.9473684210526315
20,22,25,gradient,0.8,0.9228497600590624,60,-9.5,9.5,0.3877551020408163,0.31666666666666665,0.5,0.6326530612244898,0.5166666666666667,0.8157894736842105,0.7346938775510204,0.6,0.9473684210526315
20,22,25,gradient,0.85,0.9228497600590624,36,-3.0,4.0,0.6216216216216216,0.6388888888888888,0.6052631578947368,0.918918918918919,0.9444444444444444,0.8947368421052632,0.972972972972973,1.0,0.9473684210526315
20,22,25,gradient,0.9,0.9228497600590624,36,0.0,2.0,0.8648648648648649,0.8888888888888888,0.8421052631578947,0.972972972972973,1.0,0.9473684210526315,0.972972972972973,1.0,0.9473684210526315
20,22,25,gradient,0.925,0.9228497600590624,36,2.0,2.0,0.8378378378378377,0.8611111111111112,0.8157894736842105,0.9459459459459458,0.9722222222222222,0.9210526315789473,0.972972972972973,1.0,0.9473684210526315
20,22,25,gradient,0.95,0.9228497600590624,37,6.0,6.0,0.4266666666666667,0.43243243243243246,0.42105263157894735,0.8266666666666665,0.8378378378378378,0.8157894736842105,0.9599999999999999,0.972972972972973,0.9473684210526315
20,22,25,gradient,0.975,0.9228497600590624,28,7.5,7.5,0.12121212121212122,0.14285714285714285,0.10526315789473684,0.6060606060606061,0.7142857142857143,0.5263157894736842,0.7878787878787878,0.9285714285714286,0.6842105263157895
20,22,25,gradient,0.99,0.9228497600590624,12,8.0,8.0,0.04,0.08333333333333333,0.02631578947368421,0.39999999999999997,0.8333333333333334,0.2631578947368421,0.4799999999999999,1.0,0.3157894736842105
20,23,25,gradient,0.5,0.9196247930844216,257,-67.0,67.0,0.1966101694915254,0.11284046692607004,0.7631578947368421,0.25084745762711863,0.14396887159533073,0.9736842105263158,0.25762711864406784,0.14785992217898833,1.0
20,23,25,gradient,0.6,0.9196247930844216,226,-55.0,55.0,0.21969696969696972,0.12831858407079647,0.7631578947368421,0.2803030303030303,0.16371681415929204,0.9736842105263158,0.2878787878787879,0.168141592920354,1.0
20,23,25,gradient,0.7,0.9196247930844216,154,-51.5,51.5,0.3125,0.19480519480519481,0.7894736842105263,0.3958333333333333,0.24675324675324675,1.0,0.3958333333333333,0.24675324675324675,1.0
20,23,25,gradient,0.75,0.9196247930844216,114,-52.5,52.5,0.39473684210526316,0.2631578947368421,0.7894736842105263,0.5,0.3333333333333333,1.0,0.5,0.3333333333333333,1.0
20,23,25,gradient,0.8,0.9196247930844216,72,-11.5,11.5,0.509090909090909,0.3888888888888889,0.7368421052631579,0.6545454545454545,0.5,0.9473684210526315,0.6545454545454545,0.5,0.9473684210526315
20,23,25,gradient,0.85,0.9196247930844216,40,-3.0,3.0,0.7692307692307692,0.75,0.7894736842105263,0.9230769230769231,0.9,0.9473684210526315,0.9230769230769231,0.9,0.9473684210526315
20,23,25,gradient,0.9,0.9196247930844216,36,0.0,1.5,0.9459459459459458,0.9722222222222222,0.9210526315789473,0.972972972972973,1.0,0.9473684210526315,0.972972972972973,1.0,0.9473684210526315
20,23,25,gradient,0.925,0.9196247930844216,36,3.0,3.0,0.7567567567567567,0.7777777777777778,0.7368421052631579,0.8918918918918918,0.9166666666666666,0.868421052631579,0.972972972972973,1.0,0.9473684210526315
20,23,25,gradient,0.95,0.9196247930844216,32,6.0,6.0,0.39999999999999997,0.4375,0.3684210526315789,0.7142857142857143,0.78125,0.6578947368421053,0.9142857142857143,1.0,0.8421052631578947
20,23,25,gradient,0.975,0.9196247930844216,30,8.0,8.0,0.11764705882352941,0.13333333333333333,0.10526315789473684,0.5588235294117647,0.6333333333333333,0.5,0.7647058823529413,0.8666666666666667,0.6842105263157895
20,23,25,gradient,0.99,0.9196247930844216,13,8.0,8.0,0.0784313725490196,0.15384615384615385,0.05263157894736842,0.3137254901960784,0.6153846153846154,0.21052631578947367,0.5098039215686275,1.0,0.34210526315789475
20,24,25,gradient,0.5,0.9164222873900293,276,-72.0,72.0,0.16560509554140126,0.09420289855072464,0.6842105263157895,0.22292993630573252,0.12681159420289856,0.9210526315789473,0.2356687898089172,0.13405797101449277,0.9736842105263158
20,24,25,gradient,0.6,0.9164222873900293,217,-70.0,70.0,0.20392156862745098,0.11981566820276497,0.6842105263157895,0.2745098039215686,0.16129032258064516,0.9210526315789473,0.2901960784313726,0.17050691244239632,0.9736842105263158
20,24,25,gradient,0.7,0.9164222873900293,152,-49.5,49.5,0.2736842105263158,0.17105263157894737,0.6842105263157895,0.368421052631579,0.23026315789473684,0.9210526315789473,0.38947368421052636,0.24342105263157895,0.9736842105263158
20,24,25,gradient,0.75,0.9164222873900293,122,-42.0,42.0,0.325,0.21311475409836064,0.6842105263157895,0.4375,0.28688524590163933,0.9210526315789473,0.475,0.3114754098360656,1.0
20,24,25,gradient,0.8,0.9164222873900293,70,-8.5,8.5,0.5,0.38571428571428573,0.7105263157894737,0.6666666666666666,0.5142857142857142,0.9473684210526315,0.7037037037037037,0.5428571428571428,1.0
20,24,25,gradient,0.85,0.9164222873900293,40,-2.5,3.0,0.717948717948718,0.7,0.7368421052631579,0.8974358974358975,0.875,0.9210526315789473,0.9230769230769231,0.9,0.9473684210526315
20,24,25,gradient,0.9,0.9164222873900293,36,0.0,1.0,0.972972972972973,1.0,0.9473684210526315,0.972972972972973,1.0,0.9473684210526315,0.972972972972973,1.0,0.9473684210526315
20,24,25,gradient,0.925,0.9164222873900293,38,4.0,4.0,0.7105263157894737,0.7105263157894737,0.7105263157894737,0.9473684210526315,0.9473684210526315,0.9473684210526315,0.9473684210526315,0.9473684210526315,0.9473684210526315
20,24,25,gradient,0.95,0.9164222873900293,34,7.5,7.5,0.30555555555555564,0.3235294117647059,0.2894736842105263,0.8888888888888888,0.9411764705882353,0.8421052631578947,0.9444444444444444,1.0,0.8947368421052632
20,24,25,gradient,0.975,0.9164222873900293,31,9.0,9.0,0.05797101449275362,0.06451612903225806,0.05263157894736842,0.5507246376811595,0.6129032258064516,0.5,0.782608695652174,0.8709677419354839,0.7105263157894737
20,24,25,gradient,0.99,0.9164222873900293,10,9.5,9.5,0.041666666666666664,0.1,0.02631578947368421,0.20833333333333334,0.5,0.13157894736842105,0.4166666666666667,1.0,0.2631578947368421
20,25,25,gradient,0.5,0.91324200913242,230,-76.5,76.5,0.1417910447761194,0.08260869565217391,0.5,0.2537313432835821,0.14782608695652175,0.8947368421052632,0.2835820895522388,0.16521739130434782,1.0
20,25,25,gradient,0.6,0.91324200913242,193,-66.0,66.0,0.15584415584415584,0.09326424870466321,0.47368421052631576,0.28571428571428575,0.17098445595854922,0.868421052631579,0.3116883116883117,0.18652849740932642,0.9473684210526315
20,25,25,gradient,0.7,0.91324200913242,150,-53.5,53.5,0.2021276595744681,0.12666666666666668,0.5,0.36170212765957444,0.22666666666666666,0.8947368421052632,0.38297872340425526,0.24,0.9473684210526315
20,25,25,gradient,0.75,0.91324200913242,99,-45.0,45.0,0.2773722627737226,0.1919191919191919,0.5,0.49635036496350365,0.3434343434343434,0.8947368421052632,0.5255474452554744,0.36363636363636365,0.9473684210526315
20,25,25,gradient,0.8,0.91324200913242,71,-13.0,13.0,0.34862385321100914,0.2676056338028169,0.5,0.6422018348623854,0.49295774647887325,0.9210526315789473,0.6605504587155963,0.5070422535211268,0.9473684210526315
20,25,25,gradient,0.85,0.91324200913242,38,-2.0,3.0,0.6578947368421053,0.6578947368421053,0.6578947368421053,0.9473684210526315,0.9473684210526315,0.9473684210526315,0.9473684210526315,0.9473684210526315,0.9473684210526315
20,25,25,gradient,0.9,0.91324200913242,36,1.0,2.0,0.8648648648648649,0.8888888888888888,0.8421052631578947,0.972972972972973,1.0,0.9473684210526315,0.972972972972973,1.0,0.9473684210526315
20,25,25,gradient,0.925,0.91324200913242,36,5.0,5.0,0.5945945945945946,0.6111111111111112,0.5789473684210527,0.9459459459459458,0.9722222222222222,0.9210526315789473,0.972972972972973,1.0,0.9473684210526315
20,25,25,gradient,0.95,0.91324200913242,38,8.0,8.0,0.15789473684210525,0.15789473684210525,0.15789473684210525,0.8421052631578947,0.8421052631578947,0.8421052631578947,1.0,1.0,1.0
20,25,25,gradient,0.975,0.91324200913242,31,9.0,9.0,0.02898550724637681,0.03225806451612903,0.02631578947368421,0.5217391304347826,0.5806451612903226,0.47368421052631576,0.8405797101449276,0.9354838709677419,0.7631578947368421
20,25,25,gradient,0.99,0.91324200913242,12,9.5,9.5,0.0,0.0,0.0,0.32,0.6666666666666666,0.21052631578947367,0.43999999999999995,0.9166666666666666,0.2894736842105263
20,26,25,gradient,0.5,0.9100837277029487,305,-72.0,72.0,0.15160349854227406,0.08524590163934426,0.6842105263157895,0.20408163265306123,0.11475409836065574,0.9210526315789473,0.22157434402332363,0.12459016393442623,1.0
20,26,25,gradient,0.6,0.9100837277029487,231,-60.0,60.0,0.19330855018587362,0.11255411255411256,0.6842105263157895,0.26022304832713755,0.15151515151515152,0.9210526315789473,0.2825278810408922,0.1645021645021645,1.0
20,26,25,gradient,0.7,0.9100837277029487,157,-53.0,53.0,0.26666666666666666,0.16560509554140126,0.6842105263157895,0.358974358974359,0.2229299363057325,0.9210526315789473,0.38974358974358975,0.24203821656050956,1.0
20,26,25,gradient,0.75,0.9100837277029487,102,-25.5,25.5,0.37142857142857144,0.2549019607843137,0.6842105263157895,0.4999999999999999,0.3431372549019608,0.9210526315789473,0.5428571428571428,0.37254901960784315,1.0
20,26,25,gradient,0.8,0.9100837277029487,70,-10.0,10.0,0.5,0.38571428571428573,0.7105263157894737,0.6666666666666666,0.5142857142857142,0.9473684210526315,0.7037037037037037,0.5428571428571428,1.0
20,26,25,gradient,0.85,0.9100837277029487,40,-1.0,2.5,0.8461538461538461,0.825,0.868421052631579,0.9743589743589743,0.95,1.0,0.9743589743589743,0.95,1.0
20,26,25,gradient,0.9,0.9100837277029487,36,1.5,2.0,0.8648648648648649,0.8888888888888888,0.8421052631578947,0.972972972972973,1.0,0.9473684210526315,0.972972972972973,1.0,0.9473684210526315
20,26,25,gradient,0.925,0.9100837277029487,38,5.0,5.0,0.5263157894736842,0.5263157894736842,0.5263157894736842,0.8947368421052632,0.8947368421052632,0.8947368421052632,0.9473684210526315,0.9473684210526315,0.9473684210526315
20,26,25,gradient,0.95,0.9100837277029487,35,8.0,8.0,0.3013698630136986,0.3142857142857143,0.2894736842105263,0.684931506849315,0.7142857142857143,0.6578947368421053,0.958904109589041,1.0,0.9210526315789473
20,26,25,gradient,0.975,0.9100837277029487,29,11.0,11.0,0.029850746268656716,0.034482758620689655,0.02631578947368421,0.3582089552238805,0.41379310344827586,0.3157894736842105,0.746268656716418,0.8620689655172413,0.6578947368421053
20,26,25,gradient,0.99,0.9100837277029487,13,11.0,11.0,0.0,0.0,0.0,0.23529411764705882,0.46153846153846156,0.15789473684210525,0.4313725490196079,0.8461538461538461,0.2894736842105263
20,27,25,gradient,0.5,0.906947215672048,285,-62.0,62.0,0.1547987616099071,0.08771929824561403,0.6578947368421053,0.21671826625386997,0.12280701754385964,0.9210526315789473,0.23529411764705882,0.13333333333333333,1.0
20,27,25,gradient,0.6,0.906947215672048,247,-59.0,59.0,0.1754385964912281,0.10121457489878542,0.6578947368421053,0.2456140350877193,0.1417004048582996,0.9210526315789473,0.2666666666666667,0.15384615384615385,1.0
20,27,25,gradient,0.7,0.906947215672048,142,-57.0,57.0,0.2888888888888889,0.18309859154929578,0.6842105263157895,0.4,0.2535211267605634,0.9473684210526315,0.42222222222222217,0.2676056338028169,1.0
20,27,25,gradient,0.75,0.906947215672048,109,-54.0,54.0,0.34013605442176875,0.22935779816513763,0.6578947368421053,0.4625850340136055,0.3119266055045872,0.8947368421052632,0.4897959183673469,0.3302752293577982,0.9473684210526315
20,27,25,gradient,0.8,0.906947215672048,77,-13.0,13.0,0.4521739130434783,0.33766233766233766,0.6842105263157895,0.608695652173913,0.45454545454545453,0.9210526315789473,0.6260869565217391,0.4675324675324675,0.9473684210526315
20,27,25,gradient,0.85,0.906947215672048,36,-1.5,3.0,0.8378378378378377,0.8611111111111112,0.8157894736842105,0.972972972972973,1.0,0.9473684210526315,0.972972972972973,1.0,0.9473684210526315
20,27,25,gradient,0.9,0.906947215672048,36,2.0,2.0,0.8378378378378377,0.8611111111111112,0.8157894736842105,0.9459459459459458,0.9722222222222222,0.9210526315789473,0.972972972972973,1.0,0.9473684210526315
20,27,25,gradient,0.925,0.906947215672048,36,5.0,5.0,0.5945945945945946,0.6111111111111112,0.5789473684210527,0.918918918918919,0.9444444444444444,0.8947368421052632,0.972972972972973,1.0,0.9473684210526315
20,27,25,gradient,0.95,0.906947215672048,40,9.0,9.0,0.1794871794871795,0.175,0.18421052631578946,0.6666666666666667,0.65,0.6842105263157895,0.9743589743589743,0.95,1.0
20,27,25,gradient,0.975,0.906947215672048,24,9.0,9.0,0.03225806451612904,0.041666666666666664,0.02631578947368421,0.5161290322580646,0.6666666666666666,0.42105263157894735,0.7419354838709677,0.9583333333333334,0.6052631578947368
20,27,25,gradient,0.99,0.906947215672048,9,10.0,10.0,0.0425531914893617,0.1111111111111111,0.02631578947368421,0.25531914893617025,0.6666666666666666,0.15789473684210525,0.38297872340425526,1.0,0.23684210526315788
20,28,25,gradient,0.5,0.9038322487346349,280,-74.0,74.0,0.16352201257861634,0.09285714285714286,0.6842105263157895,0.20754716981132076,0.11785714285714285,0.868421052631579,0.23270440251572325,0.13214285714285715,0.9736842105263158
20,28,25,gradient,0.6,0.9038322487346349,220,-74.0,74.0,0.20930232558139536,0.12272727272727273,0.7105263157894737,0.26356589147286824,0.15454545454545454,0.8947368421052632,0.2868217054263566,0.16818181818181818,0.9736842105263158
20,28,25,gradient,0.7,0.9038322487346349,151,-68.0,68.0,0.2751322751322751,0.17218543046357615,0.6842105263157895,0.3492063492063492,0.2185430463576159,0.868421052631579,0.37037037037037035,0.23178807947019867,0.9210526315789473
20,28,25,gradient,0.75,0.9038322487346349,116,-46.0,46.0,0.35064935064935066,0.23275862068965517,0.7105263157894737,0.44155844155844154,0.29310344827586204,0.8947368421052632,0.4675324675324675,0.3103448275862069,0.9473684210526315
20,28,25,gradient,0.8,0.9038322487346349,73,-11.0,11.0,0.5225225225225225,0.3972602739726027,0.7631578947368421,0.6306306306306306,0.4794520547945205,0.9210526315789473,0.6486486486486486,0.4931506849315068,0.9473684210526315
20,28,25,gradient,0.85,0.9038322487346349,38,-1.0,2.0,0.8421052631578947,0.8421052631578947,0.8421052631578947,0.9473684210526315,0.9473684210526315,0.9473684210526315,0.9473684210526315,0.9473684210526315,0.9473684210526315
20,28,25,gradient,0.9,0.9038322487346349,36,3.0,3.0,0.8378378378378377,0.8611111111111112,0.8157894736842105,0.9459459459459458,0.9722222222222222,0.9210526315789473,0.972972972972973,1.0,0.9473684210526315
20,28,25,gradient,0.925,0.9038322487346349,36,6.0,6.0,0.43243243243243246,0.4444444444444444,0.42105263157894735,0.8918918918918918,0.9166666666666666,0.868421052631579,0.972972972972973,1.0,0.9473684210526315
20,28,25,gradient,0.95,0.9038322487346349,37,9.0,9.0,0.05333333333333334,0.05405405405405406,0.05263157894736842,0.64,0.6486486486486487,0.631578947368421,0.9599999999999999,0.972972972972973,0.9473684210526315
20,28,25,gradient,0.975,0.9038322487346349,37,11.0,11.0,0.02666666666666667,0.02702702702702703,0.02631578947368421,0.37333333333333335,0.3783783783783784,0.3684210526315789,0.8266666666666665,0.8378378378378378,0.8157894736842105
20,28,25,gradient,0.99,0.9038322487346349,16,11.0,11.0,0.0,0.0,0.0,0.18518518518518517,0.3125,0.13157894736842105,0.5555555555555556,0.9375,0.39473684210526316
20,29,25,gradient,0.5,0.9007386056566384,326,-82.0,82.0,0.14835164835164835,0.08282208588957055,0.7105263157894737,0.19230769230769232,0.10736196319018405,0.9210526315789473,0.20879120879120877,0.1165644171779141,1.0
20,29,25,gradient,0.6,0.9007386056566384,247,-77.0,77.0,0.18947368421052632,0.10931174089068826,0.7105263157894737,0.2456140350877193,0.1417004048582996,0.9210526315789473,0.2666666666666667,0.15384615384615385,1.0
20,29,25,gradient,0.7,0.9007386056566384,173,-77.0,77.0,0.2559241706161138,0.15606936416184972,0.7105263157894737,0.3317535545023697,0.2023121387283237,0.9210526315789473,0.36018957345971564,0.21965317919075145,1.0
20,29,25,gradient,0.75,0.9007386056566384,143,-61.0,61.0,0.30939226519337015,0.1958041958041958,0.7368421052631579,0.3977900552486188,0.2517482517482518,0.9473684210526315,0.4198895027624309,0.26573426573426573,1.0
20,29,25,gradient,0.8,0.9007386056566384,71,-11.0,11.0,0.47706422018348627,0.36619718309859156,0.6842105263157895,0.6238532110091743,0.4788732394366197,0.8947368421052632,0.6605504587155963,0.5070422535211268,0.9473684210526315
20,29,25,gradient,0.85,0.9007386056566384,36,0.5,3.0,0.7297297297297298,0.75,0.7105263157894737,0.918918918918919,0.9444444444444444,0.8947368421052632,0.972972972972973,1.0,0.9473684210526315
20,29,25,gradient,0.9,0.9007386056566384,36,4.0,4.0,0.6756756756756757,0.6944444444444444,0.6578947368421053,0.8648648648648649,0.8888888888888888,0.8421052631578947,0.972972972972973,1.0,0.9473684210526315
20,29,25,gradient,0.925,0.9007386056566384,39,6.0,6.0,0.44155844155844154,0.4358974358974359,0.4473684210526316,0.7792207792207793,0.7692307692307693,0.7894736842105263,0.935064935064935,0.9230769230769231,0.9473684210526315
20,29,25,gradient,0.95,0.9007386056566384,34,9.0,9.0,0.13888888888888887,0.14705882352941177,0.13157894736842105,0.6666666666666667,0.7058823529411765,0.631578947368421,0.9444444444444444,1.0,0.8947368421052632
20,29,25,gradient,0.975,0.9007386056566384,27,12.0,12.0,0.0,0.0,0.0,0.24615384615384617,0.2962962962962963,0.21052631578947367,0.7999999999999999,0.9629629629629629,0.6842105263157895
20,29,25,gradient,0.99,0.9007386056566384,17,12.0,12.0,0.0,0.0,0.0,0.1818181818181818,0.29411764705882354,0.13157894736842105,0.5818181818181818,0.9411764705882353,0.42105263157894735
20,30,25,gradient,0.5,0.8976660682226212,300,-72.0,72.0,0.16568047337278105,0.09333333333333334,0.7368421052631579,0.20710059171597633,0.11666666666666667,0.9210526315789473,0.22485207100591717,0.12666666666666668,1.0
20,30,25,gradient,0.6,0.8976660682226212,246,-57.0,57.0,0.20422535211267606,0.11788617886178862,0.7631578947368421,0.2535211267605633,0.14634146341463414,0.9473684210526315,0.2676056338028169,0.15447154471544716,1.0
20,30,25,gradient,0.7,0.8976660682226212,153,-50.0,50.0,0.3036649214659686,0.1895424836601307,0.7631578947368421,0.3769633507853403,0.23529411764705882,0.9473684210526315,0.3979057591623037,0.24836601307189543,1.0
20,30,25,gradient,0.75,0.8976660682226212,82,-32.5,32.5,0.4833333333333333,0.35365853658536583,0.7631578947368421,0.6,0.43902439024390244,0.9473684210526315,0.6333333333333334,0.4634146341463415,1.0
20,30,25,gradient,0.8,0.8976660682226212,52,-1.0,3.0,0.7111111111111111,0.6153846153846154,0.8421052631578947,0.8222222222222223,0.7115384615384616,0.9736842105263158,0.8444444444444443,0.7307692307692307,1.0
20,30,25,gradient,0.85,0.8976660682226212,42,0.0,3.0,0.825,0.7857142857142857,0.868421052631579,0.9500000000000001,0.9047619047619048,1.0,0.9500000000000001,0.9047619047619048,1.0
20,30,25,gradient,0.9,0.8976660682226212,36,3.0,3.0,0.7027027027027027,0.7222222222222222,0.6842105263157895,0.9459459459459458,0.9722222222222222,0.9210526315789473,0.972972972972973,1.0,0.9473684210526315
20,30,25,gradient,0.925,0.8976660682226212,36,6.0,6.0,0.3243243243243243,0.3333333333333333,0.3157894736842105,0.8918918918918918,0.9166666666666666,0.868421052631579,0.972972972972973,1.0,0.9473684210526315
20,30,25,gradient,0.95,0.8976660682226212,35,8.0,8.0,0.0821917808219178,0.08571428571428572,0.07894736842105263,0.7123287671232877,0.7428571428571429,0.6842105263157895,0.8767123287671234,0.9142857142857143,0.8421052631578947
20,30,25,gradient,0.975,0.8976660682226212,30,12.0,12.0,0.0,0.0,0.0,0.29411764705882354,0.3333333333333333,0.2631578947368421,0.7058823529411765,0.8,0.631578947368421
20,30,25,gradient,0.99,0.8976660682226212,14,12.0,12.0,0.0,0.0,0.0,0.07692307692307693,0.14285714285714285,0.05263157894736842,0.5,0.9285714285714286,0.34210526315789475
20,31,25,gradient,0.5,0.8946144211844695,270,-76.0,76.0,0.13636363636363635,0.07777777777777778,0.5526315789473685,0.2077922077922078,0.11851851851851852,0.8421052631578947,0.24025974025974026,0.13703703703703704,0.9736842105263158
20,31,25,gradient,0.6,0.8946144211844695,235,-66.0,66.0,0.15384615384615385,0.08936170212765958,0.5526315789473685,0.23443223443223443,0.13617021276595745,0.8421052631578947,0.2710622710622711,0.1574468085106383,0.9736842105263158
20,31,25,gradient,0.7,0.8946144211844695,152,-47.0,47.0,0.24210526315789474,0.1513157894736842,0.6052631578947368,0.35789473684210527,0.2236842105263158,0.8947368421052632,0.4,0.25,1.0
20,31,25,gradient,0.75,0.8946144211844695,98,-38.0,38.0,0.338235294117647,0.23469387755102042,0.6052631578947368,0.5,0.3469387755102041,0.8947368421052632,0.5588235294117647,0.3877551020408163,1.0
20,31,25,gradient,0.8,0.8946144211844695,57,-5.0,7.0,0.4631578947368421,0.38596491228070173,0.5789473684210527,0.7368421052631579,0.6140350877192983,0.9210526315789473,0.7578947368421052,0.631578947368421,0.9473684210526315
20,31,25,gradient,0.85,0.8946144211844695,36,0.5,4.0,0.7027027027027027,0.7222222222222222,0.6842105263157895,0.9459459459459458,0.9722222222222222,0.9210526315789473,0.972972972972973,1.0,0.9473684210526315
20,31,25,gradient,0.9,0.8946144211844695,36,5.0,5.0,0.5405405405405405,0.5555555555555556,0.5263157894736842,0.8378378378378377,0.8611111111111112,0.8157894736842105,0.972972972972973,1.0,0.9473684210526315
20,31,25,gradient,0.925,0.8946144211844695,38,8.0,8.0,0.2894736842105263,0.2894736842105263,0.2894736842105263,0.7631578947368421,0.7631578947368421,0.7631578947368421,0.9473684210526315,0.9473684210526315,0.9473684210526315
20,31,25,gradient,0.95,0.8946144211844695,38,10.5,10.5,0.10526315789473684,0.10526315789473684,0.10526315789473684,0.47368421052631576,0.47368421052631576,0.47368421052631576,0.9473684210526315,0.9473684210526315,0.9473684210526315
20,31,25,gradient,0.975,0.8946144211844695,25,11.0,11.0,0.0,0.0,0.0,0.2222222222222222,0.28,0.18421052631578946,0.7301587301587301,0.92,0.6052631578947368
20,31,25,gradient,0.99,0.8946144211844695,15,12.0,12.0,0.0,0.0,0.0,0.1509433962264151,0.26666666666666666,0.10526315789473684,0.5283018867924527,0.9333333333333333,0.3684210526315789
20,32,25,gradient,0.5,0.891583452211127,288,-69.0,69.0,0.15337423312883433,0.08680555555555555,0.6578947368421053,0.20858895705521474,0.11805555555555555,0.8947368421052632,0.23312883435582823,0.13194444444444445,1.0
20,32,25,gradient,0.6,0.891583452211127,259,-65.0,65.0,0.16835016835016833,0.09652509652509653,0.6578947368421053,0.22895622895622894,0.13127413127413126,0.8947368421052632,0.25589225589225595,0.14671814671814673,1.0
20,32,25,gradient,0.7,0.891583452211127,180,-74.0,74.0,0.22018348623853212,0.13333333333333333,0.631578947368421,0.29357798165137616,0.17777777777777778,0.8421052631578947,0.3302752293577982,0.2,0.9473684210526315
20,32,25,gradient,0.75,0.891583452211127,125,-49.0,49.0,0.294478527607362,0.192,0.631578947368421,0.4049079754601227,0.264,0.868421052631579,0.441717791411043,0.288,0.9473684210526315
20,32,25,gradient,0.8,0.891583452211127,73,-8.0,13.0,0.45045045045045046,0.3424657534246575,0.6578947368421053,0.6486486486486486,0.4931506849315068,0.9473684210526315,0.6846846846846847,0.5205479452054794,1.0
20,32,25,gradient,0.85,0.891583452211127,40,0.0,3.5,0.6923076923076923,0.675,0.7105263157894737,0.8717948717948718,0.85,0.8947368421052632,0.9230769230769231,0.9,0.9473684210526315
20,32,25,gradient,0.9,0.891583452211127,36,6.0,6.0,0.4594594594594595,0.4722222222222222,0.4473684210526316,0.8648648648648649,0.8888888888888888,0.8421052631578947,0.972972972972973,1.0,0.9473684210526315
20,32,25,gradient,0.925,0.891583452211127,38,8.5,8.5,0.10526315789473684,0.10526315789473684,0.10526315789473684,0.7105263157894737,0.7105263157894737,0.7105263157894737,1.0,1.0,1.0
20,32,25,gradient,0.95,0.891583452211127,37,10.0,10.0,0.02666666666666667,0.02702702702702703,0.02631578947368421,0.5066666666666666,0.5135135135135135,0.5,0.88,0.8918918918918919,0.868421052631579
20,32,25,gradient,0.975,0.891583452211127,28,13.5,13.5,0.0,0.0,0.0,0.2121212121212121,0.25,0.18421052631578946,0.7575757575757577,0.8928571428571429,0.6578947368421053
20,32,25,gradient,0.99,0.891583452211127,15,13.0,13.0,0.0,0.0,0.0,0.03773584905660377,0.06666666666666667,0.02631578947368421,0.5660377358490566,1.0,0.39473684210526316
20,33,25,gradient,0.5,0.888572951839346,330,-76.0,76.0,0.125,0.0696969696969697,0.6052631578947368,0.17934782608695654,0.1,0.868421052631579,0.20652173913043478,0.11515151515151516,1.0
20,33,25,gradient,0.6,0.888572951839346,249,-64.0,64.0,0.1602787456445993,0.09236947791164658,0.6052631578947368,0.22996515679442509,0.13253012048192772,0.868421052631579,0.26480836236933797,0.15261044176706828,1.0
20,33,25,gradient,0.7,0.888572951839346,162,-56.5,56.5,0.23,0.1419753086419753,0.6052631578947368,0.33,0.2037037037037037,0.868421052631579,0.38,0.2345679012345679,1.0
20,33,25,gradient,0.75,0.888572951839346,124,-55.0,55.0,0.28395061728395066,0.18548387096774194,0.6052631578947368,0.4197530864197531,0.27419354838709675,0.8947368421052632,0.46913580246913583,0.3064516129032258,1.0
20,33,25,gradient,0.8,0.888572951839346,64,-5.0,8.0,0.5098039215686275,0.40625,0.6842105263157895,0.6862745098039216,0.546875,0.9210526315789473,0.7450980392156863,0.59375,1.0
20,33,25,gradient,0.85,0.888572951839346,38,4.0,4.0,0.7105263157894737,0.7105263157894737,0.7105263157894737,0.8947368421052632,0.8947368421052632,0.8947368421052632,0.9473684210526315,0.9473684210526315,0.9473684210526315
20,33,25,gradient,0.9,0.888572951839346,36,5.0,5.0,0.5675675675675677,0.5833333333333334,0.5526315789473685,0.8648648648648649,0.8888888888888888,0.8421052631578947,0.972972972972973,1.0,0.9473684210526315
20,33,25,gradient,0.925,0.888572951839346,38,9.0,9.0,0.3157894736842105,0.3157894736842105,0.3157894736842105,0.6842105263157895,0.6842105263157895,0.6842105263157895,1.0,1.0,1.0
20,33,25,gradient,0.95,0.888572951839346,39,12.0,12.0,0.025974025974025976,0.02564102564102564,0.02631578947368421,0.3116883116883117,0.3076923076923077,0.3157894736842105,0.8831168831168831,0.8717948717948718,0.8947368421052632
20,33,25,gradient,0.975,0.888572951839346,24,12.0,12.0,0.0,0.0,0.0,0.2580645161290323,0.3333333333333333,0.21052631578947367,0.7419354838709677,0.9583333333333334,0.6052631578947368
20,33,25,gradient,0.99,0.888572951839346,17,15.0,15.0,0.0,0.0,0.0,0.03636363636363636,0.058823529411764705,0.02631578947368421,0.509090909090909,0.8235294117647058,0.3684210526315789
20,34,25,gradient,0.5,0.8855827134254339,318,-61.0,61.0,0.14606741573033707,0.08176100628930817,0.6842105263157895,0.19101123595505617,0.1069182389937107,0.8947368421052632,0.20786516853932585,0.11635220125786164,0.9736842105263158
20,34,25,gradient,0.6,0.8855827134254339,240,-56.5,56.5,0.18705035971223025,0.10833333333333334,0.6842105263157895,0.2446043165467626,0.14166666666666666,0.8947368421052632,0.26618705035971224,0.15416666666666667,0.9736842105263158
20,34,25,gradient,0.7,0.8855827134254339,143,-52.0,52.0,0.2983425414364641,0.1888111888111888,0.7105263157894737,0.3867403314917127,0.24475524475524477,0.9210526315789473,0.4198895027624309,0.26573426573426573,1.0
20,34,25,gradient,0.75,0.8855827134254339,117,-44.0,44.0,0.36129032258064514,0.23931623931623933,0.7368421052631579,0.45161290322580644,0.29914529914529914,0.9210526315789473,0.4903225806451613,0.3247863247863248,1.0
20,34,25,gradient,0.8,0.8855827134254339,70,-8.5,11.5,0.4814814814814815,0.37142857142857144,0.6842105263157895,0.6111111111111112,0.4714285714285714,0.868421052631579,0.6666666666666666,0.5142857142857142,0.9473684210526315
20,34,25,gradient,0.85,0.8855827134254339,36,1.0,3.0,0.7837837837837838,0.8055555555555556,0.7631578947368421,0.8918918918918918,0.9166666666666666,0.868421052631579,0.972972972972973,1.0,0.9473684210526315
20,34,25,gradient,0.9,0.8855827134254339,37,7.0,7.0,0.4,0.40540540540540543,0.39473684210526316,0.8,0.8108108108108109,0.7894736842105263,0.9599999999999999,0.972972972972973,0.9473684210526315
20,34,25,gradient,0.925,0.8855827134254339,36,9.0,9.0,0.13513513513513511,0.1388888888888889,0.13157894736842105,0.5675675675675677,0.5833333333333334,0.5526315789473685,0.972972972972973,1.0,0.9473684210526315
20,34,25,gradient,0.95,0.8855827134254339,37,12.0,12.0,0.02666666666666667,0.02702702702702703,0.02631578947368421,0.3466666666666667,0.35135135135135137,0.34210526315789475,0.88,0.8918918918918919,0.868421052631579
20,34,25,gradient,0.975,0.8855827134254339,29,13.0,13.0,0.0,0.0,0.0,0.1492537313432836,0.1724137931034483,0.13157894736842105,0.8059701492537312,0.9310344827586207,0.7105263157894737
20,34,25,gradient,0.99,0.8855827134254339,13,13.0,13.0,0.0,0.0,0.0,0.0784313725490196,0.15384615384615385,0.05263157894736842,0.4313725490196079,0.8461538461538461,0.2894736842105263
20,35,25,gradient,0.5,0.8826125330979699,300,-66.0,66.0,0.15384615384615385,0.08666666666666667,0.6842105263157895,0.20710059171597633,0.11666666666666667,0.9210526315789473,0.22485207100591717,0.12666666666666668,1.0
20,35,25,gradient,0.6,0.8826125330979699,234,-67.5,67.5,0.19117647058823528,0.1111111111111111,0.6842105263157895,0.2573529411764706,0.14957264957264957,0.9210526315789473,0.27941176470588236,0.1623931623931624,1.0
20,35,25,gradient,0.7,0.8826125330979699,154,-74.0,74.0,0.2708333333333333,0.16883116883116883,0.6842105263157895,0.3645833333333333,0.22727272727272727,0.9210526315789473,0.3958333333333333,0.24675324675324675,1.0
20,35,25,gradient,0.75,0.8826125330979699,118,-62.0,62.0,0.3717948717948718,0.2457627118644068,0.7631578947368421,0.4487179487179487,0.2966101694915254,0.9210526315789473,0.4871794871794871,0.3220338983050847,1.0
20,35,25,gradient,0.8,0.8826125330979699,66,-5.0,8.0,0.5961538461538461,0.4696969696969697,0.8157894736842105,0.6923076923076923,0.5454545454545454,0.9473684210526315,0.7307692307692308,0.5757575757575758,1.0
20,35,25,gradient,0.85,0.8826125330979699,41,0.0,3.0,0.7848101265822786,0.7560975609756098,0.8157894736842105,0.8860759493670887,0.8536585365853658,0.9210526315789473,0.9113924050632912,0.8780487804878049,0.9473684210526315
20,35,25,gradient,0.9,0.8826125330979699,38,7.0,7.0,0.34210526315789475,0.34210526315789475,0.34210526315789475,0.6578947368421053,0.6578947368421053,0.6578947368421053,0.9473684210526315,0.9473684210526315,0.9473684210526315
20,35,25,gradient,0.925,0.8826125330979699,38,10.5,10.5,0.05263157894736842,0.05263157894736842,0.05263157894736842,0.5,0.5,0.5,0.9473684210526315,0.9473684210526315,0.9473684210526315
20,35,25,gradient,0.95,0.8826125330979699,37,12.0,12.0,0.0,0.0,0.0,0.23999999999999996,0.24324324324324326,0.23684210526315788,0.88,0.8918918918918919,0.868421052631579
20,35,25,gradient,0.975,0.8826125330979699,24,13.5,13.5,0.0,0.0,0.0,0.06451612903225808,0.08333333333333333,0.05263157894736842,0.7741935483870968,1.0,0.631578947368421
20,35,25,gradient,0.99,0.8826125330979699,10,14.0,14.0,0.0,0.0,0.0,0.0,0.0,0.0,0.4166666666666667,1.0,0.2631578947368421
20,36,25,gradient,0.5,0.8796622097114708,302,-74.5,74.5,0.1411764705882353,0.07947019867549669,0.631578947368421,0.2,0.11258278145695365,0.8947368421052632,0.2235294117647059,0.12582781456953643,1.0
20,36,25,gradient,0.6,0.8796622097114708,232,-66.0,66.0,0.17777777777777778,0.10344827586206896,0.631578947368421,0.2518518518518519,0.14655172413793102,0.8947368421052632,0.2814814814814815,0.16379310344827586,1.0
20,36,25,gradient,0.7,0.8796622097114708,165,-52.0,52.0,0.22660098522167488,0.1393939393939394,0.6052631578947368,0.32512315270935965,0.2,0.868421052631579,0.354679802955665,0.21818181818181817,0.9473684210526315
20,36,25,gradient,0.75,0.8796622097114708,133,-40.0,40.0,0.26900584795321636,0.17293233082706766,0.6052631578947368,0.38596491228070173,0.24812030075187969,0.868421052631579,0.4210526315789473,0.2706766917293233,0.9473684210526315
20,36,25,gradient,0.8,0.8796622097114708,75,-12.0,14.0,0.4424778761061947,0.3333333333333333,0.6578947368421053,0.5840707964601771,0.44,0.868421052631579,0.6371681415929203,0.48,0.9473684210526315
20,36,25,gradient,0.85,0.8796622097114708,36,3.0,3.0,0.6756756756756757,0.6944444444444444,0.6578947368421053,0.8648648648648649,0.8888888888888888,0.8421052631578947,0.972972972972973,1.0,0.9473684210526315
20,36,25,gradient,0.9,0.8796622097114708,38,8.0,8.0,0.2894736842105263,0.2894736842105263,0.2894736842105263,0.6052631578947368,0.6052631578947368,0.6052631578947368,0.9473684210526315,0.9473684210526315,0.9473684210526315
20,36,25,gradient,0.925,0.8796622097114708,37,12.0,12.0,0.08,0.08108108108108109,0.07894736842105263,0.4,0.40540540540540543,0.39473684210526316,0.9333333333333332,0.9459459459459459,0.9210526315789473
20,36,25,gradient,0.95,0.8796622097114708,33,13.0,13.0,0.0,0.0,0.0,0.22535211267605634,0.24242424242424243,0.21052631578947367,0.8732394366197183,0.9393939393939394,0.8157894736842105
20,36,25,gradient,0.975,0.8796622097114708,33,15.0,15.0,0.0,0.0,0.0,0.08450704225352113,0.09090909090909091,0.07894736842105263,0.732394366197183,0.7878787878787878,0.6842105263157895
20,36,25,gradient,0.99,0.8796622097114708,12,15.5,15.5,0.0,0.0,0.0,0.0,0.0,0.0,0.43999999999999995,0.9166666666666666,0.2894736842105263
20,37,25,gradient,0.5,0.8767315448009819,281,-77.0,77.0,0.12539184952978058,0.0711743772241993,0.5263157894736842,0.18181818181818182,0.10320284697508897,0.7631578947368421,0.23197492163009403,0.13167259786476868,0.9736842105263158
20,37,25,gradient,0.6,0.8767315448009819,217,-74.0,74.0,0.16470588235294117,0.0967741935483871,0.5526315789473685,0.23529411764705882,0.1382488479262673,0.7894736842105263,0.2901960784313726,0.17050691244239632,0.9736842105263158
20,37,25,gradient,0.7,0.8767315448009819,142,-59.0,59.0,0.23333333333333334,0.14788732394366197,0.5526315789473685,0.35555555555555557,0.22535211267605634,0.8421052631578947,0.4111111111111111,0.2605633802816901,0.9736842105263158
20,37,25,gradient,0.75,0.8767315448009819,88,-39.0,39.0,0.33333333333333337,0.23863636363636365,0.5526315789473685,0.5079365079365079,0.36363636363636365,0.8421052631578947,0.5873015873015873,0.42045454545454547,0.9736842105263158
20,37,25,gradient,0.8,0.8767315448009819,67,-5.0,10.0,0.41904761904761906,0.3283582089552239,0.5789473684210527,0.6095238095238095,0.47761194029850745,0.8421052631578947,0.7238095238095238,0.5671641791044776,1.0
20,37,25,gradient,0.85,0.8767315448009819,39,3.0,5.0,0.5454545454545455,0.5384615384615384,0.5526315789473685,0.7532467532467534,0.7435897435897436,0.7631578947368421,0.935064935064935,0.9230769230769231,0.9473684210526315
20,37,25,gradient,0.9,0.8767315448009819,37,10.0,10.0,0.21333333333333335,0.21621621621621623,0.21052631578947367,0.5066666666666666,0.5135135135135135,0.5,0.9599999999999999,0.972972972972973,0.9473684210526315
20,37,25,gradient,0.925,0.8767315448009819,42,12.0,12.0,0.05,0.047619047619047616,0.05263157894736842,0.35,0.3333333333333333,0.3684210526315789,0.925,0.8809523809523809,0.9736842105263158
20,37,25,gradient,0.95,0.8767315448009819,48,13.0,13.0,0.0,0.0,0.0,0.20930232558139536,0.1875,0.23684210526315788,0.8139534883720931,0.7291666666666666,0.9210526315789473
20,37,25,gradient,0.975,0.8767315448009819,25,15.0,15.0,0.0,0.0,0.0,0.031746031746031744,0.04,0.02631578947368421,0.7619047619047619,0.96,0.631578947368421
20,37,25,gradient,0.99,0.8767315448009819,11,15.0,15.0,0.0,0.0,0.0,0.0,0.0,0.0,0.4081632653061224,0.9090909090909091,0.2631578947368421
20,38,25,gradient,0.5,0.8738203425375742,340,-77.0,77.0,0.11111111111111112,0.061764705882352944,0.5526315789473685,0.1798941798941799,0.1,0.8947368421052632,0.20105820105820105,0.11176470588235295,1.0
20,38,25,gradient,0.6,0.8738203425375742,258,-68.0,68.0,0.14189189189189189,0.08139534883720931,0.5526315789473685,0.23648648648648646,0.13565891472868216,0.9210526315789473,0.25675675675675674,0.14728682170542637,1.0
20,38,25,gradient,0.7,0.8738203425375742,172,-64.0,64.0,0.21904761904761905,0.13372093023255813,0.6052631578947368,0.34285714285714286,0.20930232558139536,0.9473684210526315,0.36190476190476195,0.22093023255813954,1.0
20,38,25,gradient,0.75,0.8738203425375742,114,-50.5,50.5,0.3026315789473684,0.20175438596491227,0.6052631578947368,0.47368421052631576,0.3157894736842105,0.9473684210526315,0.5,0.3333333333333333,1.0
20,38,25,gradient,0.8,0.8738203425375742,54,-4.5,7.5,0.5217391304347826,0.4444444444444444,0.631578947368421,0.7391304347826088,0.6296296296296297,0.8947368421052632,0.782608695652174,0.6666666666666666,0.9473684210526315
20,38,25,gradient,0.85,0.8738203425375742,36,4.5,4.5,0.6216216216216216,0.6388888888888888,0.6052631578947368,0.8918918918918918,0.9166666666666666,0.868421052631579,0.972972972972973,1.0,0.9473684210526315
20,38,25,gradient,0.9,0.8738203425375742,37,8.0,8.0,0.21333333333333335,0.21621621621621623,0.21052631578947367,0.64,0.6486486486486487,0.631578947368421,0.9599999999999999,0.972972972972973,0.9473684210526315
20,38,25,gradient,0.925,0.8738203425375742,40,12.0,12.0,0.02564102564102564,0.025,0.02631578947368421,0.41025641025641024,0.4,0.42105263157894735,0.9230769230769231,0.9,0.9473684210526315
20,38,25,gradient,0.95,0.8738203425375742,40,14.0,14.0,0.02564102564102564,0.025,0.02631578947368421,0.20512820512820512,0.2,0.21052631578947367,0.8205128205128205,0.8,0.8421052631578947
20,38,25,gradient,0.975,0.8738203425375742,29,15.0,15.0,0.029850746268656716,0.034482758620689655,0.02631578947368421,0.029850746268656716,0.034482758620689655,0.02631578947368421,0.6567164179104478,0.7586206896551724,0.5789473684210527
20,38,25,gradient,0.99,0.8738203425375742,11,15.0,15.0,0.0,0.0,0.0,0.0,0.0,0.0,0.4081632653061224,0.9090909090909091,0.2631578947368421
20,39,25,gradient,0.5,0.8709284096847238,284,-64.5,64.5,0.13043478260869565,0.07394366197183098,0.5526315789473685,0.17391304347826084,0.09859154929577464,0.7368421052631579,0.20496894409937888,0.11619718309859155,0.868421052631579
20,39,25,gradient,0.6,0.8709284096847238,236,-74.0,74.0,0.15328467153284672,0.08898305084745763,0.5526315789473685,0.20437956204379562,0.11864406779661017,0.7368421052631579,0.2408759124087591,0.13983050847457626,0.868421052631579
20,39,25,gradient,0.7,0.8709284096847238,169,-62.0,62.0,0.20289855072463767,0.1242603550295858,0.5526315789473685,0.27053140096618356,0.16568047337278108,0.7368421052631579,0.3188405797101449,0.1952662721893491,0.868421052631579
20,39,25,gradient,0.75,0.8709284096847238,119,-56.0,56.0,0.267515923566879,0.17647058823529413,0.5526315789473685,0.35668789808917195,0.23529411764705882,0.7368421052631579,0.445859872611465,0.29411764705882354,0.9210526315789473
20,39,25,gradient,0.8,0.8709284096847238,76,-9.0,13.0,0.3859649122807018,0.2894736842105263,0.5789473684210527,0.5087719298245614,0.3815789473684211,0.7631578947368421,0.649122807017544,0.4868421052631579,0.9736842105263158
20,39,25,gradient,0.85,0.8709284096847238,36,3.5,3.5,0.6486486486486486,0.6666666666666666,0.631578947368421,0.7297297297297298,0.75,0.7105263157894737,0.9459459459459458,0.9722222222222222,0.9210526315789473
20,39,25,gradient,0.9,0.8709284096847238,37,9.0,9.0,0.32,0.32432432432432434,0.3157894736842105,0.5333333333333333,0.5405405405405406,0.5263157894736842,0.9599999999999999,0.972972972972973,0.9473684210526315
20,39,25,gradient,0.925,0.8709284096847238,39,13.0,13.0,0.1038961038961039,0.10256410256410256,0.10526315789473684,0.28571428571428575,0.28205128205128205,0.2894736842105263,0.935064935064935,0.9230769230769231,0.9473684210526315
20,39,25,gradient,0.95,0.8709284096847238,43,15.0,15.0,0.0,0.0,0.0,0.14814814814814817,0.13953488372093023,0.15789473684210525,0.8888888888888888,0.8372093023255814,0.9473684210526315
20,39,25,gradient,0.975,0.8709284096847238,27,16.0,16.0,0.0,0.0,0.0,0.03076923076923077,0.037037037037037035,0.02631578947368421,0.7692307692307692,0.9259259259259259,0.6578947368421053
20,39,25,gradient,0.99,0.8709284096847238,13,16.0,16.0,0.0,0.0,0.0,0.0,0.0,0.0,0.4313725490196079,0.8461538461538461,0.2894736842105263
20,40,25,gradient,0.5,0.8680555555555556,264,-76.0,76.0,0.10596026490066225,0.06060606060606061,0.42105263157894735,0.18543046357615894,0.10606060606060606,0.7368421052631579,0.2450331125827814,0.14015151515151514,0.9736842105263158
20,40,25,gradient,0.6,0.8680555555555556,205,-60.0,60.0,0.1316872427983539,0.07804878048780488,0.42105263157894735,0.23045267489711935,0.13658536585365855,0.7368421052631579,0.3045267489711934,0.18048780487804877,0.9736842105263158
20,40,25,gradient,0.7,0.8680555555555556,130,-44.0,44.0,0.20238095238095238,0.13076923076923078,0.4473684210526316,0.36904761904761907,0.23846153846153847,0.8157894736842105,0.44047619047619047,0.2846153846153846,0.9736842105263158
20,40,25,gradient,0.75,0.8680555555555556,94,-35.0,35.0,0.24242424242424243,0.1702127659574468,0.42105263157894735,0.4696969696969697,0.32978723404255317,0.8157894736842105,0.5606060606060607,0.39361702127659576,0.9736842105263158
20,40,25,gradient,0.8,0.8680555555555556,67,-1.0,11.0,0.3619047619047619,0.2835820895522388,0.5,0.6285714285714284,0.4925373134328358,0.868421052631579,0.7047619047619047,0.5522388059701493,0.9736842105263158
20,40,25,gradient,0.85,0.8680555555555556,36,6.0,6.5,0.40540540540540543,0.4166666666666667,0.39473684210526316,0.7837837837837838,0.8055555555555556,0.7631578947368421,0.9459459459459458,0.9722222222222222,0.9210526315789473
20,40,25,gradient,0.9,0.8680555555555556,39,10.0,10.0,0.23376623376623376,0.23076923076923078,0.23684210526315788,0.5194805194805194,0.5128205128205128,0.5263157894736842,0.8831168831168831,0.8717948717948718,0.8947368421052632
20,40,25,gradient,0.925,0.8680555555555556,42,12.0,12.0,0.125,0.11904761904761904,0.13157894736842105,0.37500000000000006,0.35714285714285715,0.39473684210526316,0.825,0.7857142857142857,0.868421052631579
20,40,25,gradient,0.95,0.8680555555555556,39,14.0,14.0,0.025974025974025976,0.02564102564102564,0.02631578947368421,0.18181818181818182,0.1794871794871795,0.18421052631578946,0.8831168831168831,0.8717948717948718,0.8947368421052632
20,40,25,gradient,0.975,0.8680555555555556,24,16.0,16.0,0.0,0.0,0.0,0.12903225806451615,0.16666666666666666,0.10526315789473684,0.6451612903225806,0.8333333333333334,0.5263157894736842
20,40,25,gradient,0.99,0.8680555555555556,19,17.0,17.0,0.0,0.0,0.0,0.03508771929824561,0.05263157894736842,0.02631578947368421,0.49122807017543857,0.7368421052631579,0.3684210526315789
20,41,25,gradient,0.5,0.8652015919709293,290,-67.0,67.0,0.14024390243902438,0.07931034482758621,0.6052631578947368,0.20731707317073172,0.11724137931034483,0.8947368421052632,0.23170731707317074,0.1310344827586207,1.0
20,41,25,gradient,0.6,0.8652015919709293,251,-70.0,70.0,0.15916955017301038,0.09163346613545817,0.6052631578947368,0.2422145328719723,0.1394422310756972,0.9210526315789473,0.2629757785467128,0.15139442231075698,1.0
20,41,25,gradient,0.7,0.8652015919709293,155,-63.0,63.0,0.24870466321243526,0.15483870967741936,0.631578947368421,0.3626943005181347,0.22580645161290322,0.9210526315789473,0.39378238341968913,0.24516129032258063,1.0
20,41,25,gradient,0.75,0.8652015919709293,123,-56.0,56.0,0.2981366459627329,0.1951219512195122,0.631578947368421,0.4347826086956521,0.2845528455284553,0.9210526315789473,0.4720496894409938,0.3089430894308943,1.0
20,41,25,gradient,0.8,0.8652015919709293,68,-4.0,10.5,0.49056603773584906,0.38235294117647056,0.6842105263157895,0.6415094339622641,0.5,0.8947368421052632,0.7169811320754718,0.5588235294117647,1.0
20,41,25,gradient,0.85,0.8652015919709293,36,2.0,2.0,0.6216216216216216,0.6388888888888888,0.6052631578947368,0.8378378378378377,0.8611111111111112,0.8157894736842105,0.972972972972973,1.0,0.9473684210526315
20,41,25,gradient,0.9,0.8652015919709293,36,10.0,10.0,0.02702702702702703,0.027777777777777776,0.02631578947368421,0.5405405405405405,0.5555555555555556,0.5263157894736842,0.972972972972973,1.0,0.9473684210526315
20,41,25,gradient,0.925,0.8652015919709293,41,12.0,12.0,0.02531645569620253,0.024390243902439025,0.02631578947368421,0.25316455696202533,0.24390243902439024,0.2631578947368421,0.9113924050632912,0.8780487804878049,0.9473684210526315
20,41,25,gradient,0.95,0.8652015919709293,45,16.0,16.0,0.0,0.0,0.0,0.07228915662650602,0.06666666666666667,0.07894736842105263,0.891566265060241,0.8222222222222222,0.9736842105263158
20,41,25,gradient,0.975,0.8652015919709293,22,17.0,17.0,0.0,0.0,0.0,0.0,0.0,0.0,0.7000000000000001,0.9545454545454546,0.5526315789473685
20,41,25,gradient,0.99,0.8652015919709293,15,19.0,19.0,0.0,0.0,0.0,0.0,0.0,0.0,0.45283018867924535,0.8,0.3157894736842105
20,42,25,gradient,0.5,0.8623663332183511,310,-59.0,59.0,0.13793103448275865,0.07741935483870968,0.631578947368421,0.1896551724137931,0.1064516129032258,0.868421052631579,0.21839080459770113,0.12258064516129032,1.0
20,42,25,gradient,0.6,0.8623663332183511,235,-57.0,57.0,0.18315018315018317,0.10638297872340426,0.6578947368421053,0.24908424908424903,0.14468085106382977,0.8947368421052632,0.2783882783882784,0.16170212765957448,1.0
20,42,25,gradient,0.7,0.8623663332183511,141,-43.0,43.0,0.2793296089385475,0.1773049645390071,0.6578947368421053,0.39106145251396646,0.24822695035460993,0.9210526315789473,0.4245810055865922,0.2695035460992908,1.0
20,42,25,gradient,0.75,0.8623663332183511,99,-37.0,37.0,0.36496350364963503,0.25252525252525254,0.6578947368421053,0.5255474452554744,0.36363636363636365,0.9473684210526315,0.5547445255474452,0.3838383838383838,1.0
20,42,25,gradient,0.8,0.8623663332183511,71,-5.0,8.0,0.5137614678899082,0.39436619718309857,0.7368421052631579,0.6788990825688074,0.5211267605633803,0.9736842105263158,0.6972477064220183,0.5352112676056338,1.0
20,42,25,gradient,0.85,0.8623663332183511,36,4.0,4.0,0.6756756756756757,0.6944444444444444,0.6578947368421053,0.918918918918919,0.9444444444444444,0.8947368421052632,0.972972972972973,1.0,0.9473684210526315
20,42,25,gradient,0.9,0.8623663332183511,36,10.0,10.0,0.13513513513513511,0.1388888888888889,0.13157894736842105,0.5405405405405405,0.5555555555555556,0.5263157894736842,0.972972972972973,1.0,0.9473684210526315
20,42,25,gradient,0.925,0.8623663332183511,46,14.5,14.5,0.02380952380952381,0.021739130434782608,0.02631578947368421,0.23809523809523808,0.21739130434782608,0.2631578947368421,0.8095238095238095,0.7391304347826086,0.8947368421052632
20,42,25,gradient,0.95,0.8623663332183511,40,15.0,15.0,0.0,0.0,0.0,0.1794871794871795,0.175,0.18421052631578946,0.8461538461538461,0.825,0.868421052631579
20,42,25,gradient,0.975,0.8623663332183511,31,16.0,16.0,0.0,0.0,0.0,0.02898550724637681,0.03225806451612903,0.02631578947368421,0.6956521739130435,0.7741935483870968,0.631578947368421
20,42,25,gradient,0.99,0.8623663332183511,17,19.0,19.0,0.0,0.0,0.0,0.0,0.0,0.0,0.43636363636363634,0.7058823529411765,0.3157894736842105
20,43,25,gradient,0.5,0.8595495960116899,322,-70.0,70.0,0.12777777777777777,0.07142857142857142,0.6052631578947368,0.17777777777777776,0.09937888198757763,0.8421052631578947,0.20555555555555555,0.11490683229813664,0.9736842105263158
20,43,25,gradient,0.6,0.8595495960116899,252,-62.5,62.5,0.16551724137931034,0.09523809523809523,0.631578947368421,0.23448275862068962,0.1349206349206349,0.8947368421052632,0.2620689655172414,0.15079365079365079,1.0
20,43,25,gradient,0.7,0.8595495960116899,157,-50.0,50.0,0.2564102564102564,0.1592356687898089,0.6578947368421053,0.3487179487179487,0.21656050955414013,0.8947368421052632,0.38974358974358975,0.24203821656050956,1.0
20,43,25,gradient,0.75,0.8595495960116899,104,-42.5,42.5,0.35211267605633806,0.2403846153846154,0.6578947368421053,0.4788732394366197,0.3269230769230769,0.8947368421052632,0.5352112676056338,0.36538461538461536,1.0
20,43,25,gradient,0.8,0.8595495960116899,71,-7.0,11.0,0.44036697247706424,0.3380281690140845,0.631578947368421,0.6238532110091743,0.4788732394366197,0.8947368421052632,0.6972477064220183,0.5352112676056338,1.0
20,43,25,gradient,0.85,0.8595495960116899,37,3.0,4.0,0.5333333333333333,0.5405405405405406,0.5263157894736842,0.8,0.8108108108108109,0.7894736842105263,0.9599999999999999,0.972972972972973,0.9473684210526315
20,43,25,gradient,0.9,0.8595495960116899,40,10.0,10.0,0.10256410256410256,0.1,0.10526315789473684,0.5128205128205129,0.5,0.5263157894736842,0.9230769230769231,0.9,0.9473684210526315
20,43,25,gradient,0.925,0.8595495960116899,44,15.0,15.0,0.04878048780487805,0.045454545454545456,0.05263157894736842,0.2682926829268293,0.25,0.2894736842105263,0.8048780487804879,0.75,0.868421052631579
20,43,25,gradient,0.95,0.8595495960116899,40,17.0,17.0,0.0,0.0,0.0,0.15384615384615385,0.15,0.15789473684210525,0.8461538461538461,0.825,0.868421052631579
20,43,25,gradient,0.975,0.8595495960116899,30,18.0,18.0,0.0,0.0,0.0,0.08823529411764706,0.1,0.07894736842105263,0.7352941176470588,0.8333333333333334,0.6578947368421053
20,43,25,gradient,0.99,0.8595495960116899,16,17.5,17.5,0.0,0.0,0.0,0.037037037037037035,0.0625,0.02631578947368421,0.4814814814814815,0.8125,0.34210526315789475
20,44,25,gradient,0.5,0.8567511994516792,251,-75.0,75.0,0.1522491349480969,0.08764940239043825,0.5789473684210527,0.18685121107266436,0.10756972111553785,0.7105263157894737,0.25605536332179935,0.14741035856573706,0.9736842105263158
20,44,25,gradient,0.6,0.8567511994516792,224,-73.0,73.0,0.17557251908396945,0.10267857142857142,0.6052631578947368,0.22137404580152675,0.12946428571428573,0.7631578947368421,0.2900763358778626,0.16964285714285715,1.0
20,44,25,gradient,0.7,0.8567511994516792,157,-55.0,55.0,0.2358974358974359,0.1464968152866242,0.6052631578947368,0.29743589743589743,0.18471337579617833,0.7631578947368421,0.38974358974358975,0.24203821656050956,1.0
20,44,25,gradient,0.75,0.8567511994516792,104,-33.5,33.5,0.30985915492957744,0.21153846153846154,0.5789473684210527,0.39436619718309857,0.2692307692307692,0.7368421052631579,0.5352112676056338,0.36538461538461536,1.0
20,44,25,gradient,0.8,0.8567511994516792,70,-8.0,16.0,0.38888888888888895,0.3,0.5526315789473685,0.4814814814814815,0.37142857142857144,0.6842105263157895,0.6666666666666666,0.5142857142857142,0.9473684210526315
20,44,25,gradient,0.85,0.8567511994516792,36,5.0,5.0,0.5405405405405405,0.5555555555555556,0.5263157894736842,0.7027027027027027,0.7222222222222222,0.6842105263157895,0.972972972972973,1.0,0.9473684210526315
20,44,25,gradient,0.9,0.8567511994516792,42,13.5,13.5,0.225,0.21428571428571427,0.23684210526315788,0.37500000000000006,0.35714285714285715,0.39473684210526316,0.9,0.8571428571428571,0.9473684210526315
20,44,25,gradient,0.925,0.8567511994516792,43,15.0,15.0,0.07407407407407408,0.06976744186046512,0.07894736842105263,0.2716049382716049,0.2558139534883721,0.2894736842105263,0.8641975308641974,0.813953488372093,0.9210526315789473
20,44,25,gradient,0.95,0.8567511994516792,39,16.0,16.0,0.025974025974025976,0.02564102564102564,0.02631578947368421,0.1038961038961039,0.10256410256410256,0.10526315789473684,0.8311688311688312,0.8205128205128205,0.8421052631578947
20,44,25,gradient,0.975,0.8567511994516792,24,18.0,18.0,0.0,0.0,0.0,0.03225806451612904,0.041666666666666664,0.02631578947368421,0.6451612903225806,0.8333333333333334,0.5263157894736842
20,44,25,gradient,0.99,0.8567511994516792,12,19.0,19.0,0.0,0.0,0.0,0.0,0.0,0.0,0.4799999999999999,1.0,0.3157894736842105
20,45,25,gradient,0.5,0.8539709649871905,344,-71.0,71.0,0.11518324607329843,0.06395348837209303,0.5789473684210527,0.17277486910994766,0.09593023255813954,0.868421052631579,0.19895287958115185,0.11046511627906977,1.0
20,45,25,gradient,0.6,0.8539709649871905,257,-70.0,70.0,0.1559322033898305,0.08949416342412451,0.6052631578947368,0.22372881355932203,0.12840466926070038,0.868421052631579,0.25762711864406784,0.14785992217898833,1.0
20,45,25,gradient,0.7,0.8539709649871905,156,-60.0,60.0,0.2577319587628866,0.16025641025641027,0.6578947368421053,0.3402061855670103,0.21153846153846154,0.868421052631579,0.3917525773195876,0.24358974358974358,1.0
20,45,25,gradient,0.75,0.8539709649871905,116,-39.0,39.0,0.3116883116883117,0.20689655172413793,0.631578947368421,0.40259740259740256,0.2672413793103448,0.8157894736842105,0.4675324675324675,0.3103448275862069,0.9473684210526315
20,45,25,gradient,0.8,0.8539709649871905,62,-2.5,8.0,0.48000000000000004,0.3870967741935484,0.631578947368421,0.6,0.4838709677419355,0.7894736842105263,0.7000000000000001,0.5645161290322581,0.9210526315789473
20,45,25,gradient,0.85,0.8539709649871905,38,4.5,5.0,0.5263157894736842,0.5263157894736842,0.5263157894736842,0.7631578947368421,0.7631578947368421,0.7631578947368421,0.9473684210526315,0.9473684210526315,0.9473684210526315
20,45,25,gradient,0.9,0.8539709649871905,39,15.0,15.0,0.025974025974025976,0.02564102564102564,0.02631578947368421,0.2597402597402597,0.2564102564102564,0.2631578947368421,0.935064935064935,0.9230769230769231,0.9473684210526315
20,45,25,gradient,0.925,0.8539709649871905,51,17.0,17.0,0.0,0.0,0.0,0.11235955056179775,0.09803921568627451,0.13157894736842105,0.8539325842696629,0.7450980392156863,1.0
20,45,25,gradient,0.95,0.8539709649871905,49,17.0,17.0,0.0,0.0,0.0,0.04597701149425287,0.04081632653061224,0.05263157894736842,0.7586206896551724,0.673469387755102,0.868421052631579
20,45,25,gradient,0.975,0.8539709649871905,34,18.5,18.5,0.0,0.0,0.0,0.027777777777777776,0.029411764705882353,0.02631578947368421,0.7222222222222222,0.7647058823529411,0.6842105263157895
20,45,25,gradient,0.99,0.8539709649871905,13,20.0,20.0,0.0,0.0,0.0,0.0,0.0,0.0,0.4313725490196079,0.8461538461538461,0.2894736842105263
20,46,25,gradient,0.5,0.8512087163772557,299,-79.0,79.0,0.0830860534124629,0.046822742474916385,0.3684210526315789,0.142433234421365,0.0802675585284281,0.631578947368421,0.21364985163204747,0.12040133779264214,0.9473684210526315
20,46,25,gradient,0.6,0.8512087163772557,234,-58.5,58.5,0.10294117647058823,0.05982905982905983,0.3684210526315789,0.1838235294117647,0.10683760683760683,0.6578947368421053,0.2647058823529412,0.15384615384615385,0.9473684210526315
20,46,25,gradient,0.7,0.8512087163772557,147,-47.0,47.0,0.15135135135135136,0.09523809523809523,0.3684210526315789,0.2702702702702703,0.17006802721088435,0.6578947368421053,0.38918918918918916,0.24489795918367346,0.9473684210526315
20,46,25,gradient,0.75,0.8512087163772557,103,-35.0,35.0,0.19858156028368792,0.13592233009708737,0.3684210526315789,0.3546099290780142,0.24271844660194175,0.6578947368421053,0.5106382978723405,0.34951456310679613,0.9473684210526315
20,46,25,gradient,0.8,0.8512087163772557,60,-4.0,14.0,0.2653061224489796,0.21666666666666667,0.34210526315789475,0.44897959183673464,0.36666666666666664,0.5789473684210527,0.7142857142857143,0.5833333333333334,0.9210526315789473
20,46,25,gradient,0.85,0.8512087163772557,38,8.0,8.0,0.3157894736842105,0.3157894736842105,0.3157894736842105,0.5526315789473685,0.5526315789473685,0.5526315789473685,0.8947368421052632,0.8947368421052632,0.8947368421052632
20,46,25,gradient,0.9,0.8512087163772557,40,13.5,13.5,0.10256410256410256,0.1,0.10526315789473684,0.33333333333333337,0.325,0.34210526315789475,0.8717948717948718,0.85,0.8947368421052632
20,46,25,gradient,0.925,0.8512087163772557,48,16.5,16.5,0.04651162790697675,0.041666666666666664,0.05263157894736842,0.16279069767441862,0.14583333333333334,0.18421052631578946,0.8139534883720931,0.7291666666666666,0.9210526315789473
20,46,25,gradient,0.95,0.8512087163772557,40,19.0,19.0,0.0,0.0,0.0,0.05128205128205128,0.05,0.05263157894736842,0.7948717948717949,0.775,0.8157894736842105
20,46,25,gradient,0.975,0.8512087163772557,30,19.0,19.0,0.0,0.0,0.0,0.058823529411764705,0.06666666666666667,0.05263157894736842,0.6470588235294117,0.7333333333333333,0.5789473684210527
20,46,25,gradient,0.99,0.8512087163772557,17,20.0,20.0,0.0,0.0,0.0,0.0,0.0,0.0,0.4727272727272727,0.7647058823529411,0.34210526315789475
20,47,25,gradient,0.5,0.8484642796538265,294,-68.5,68.5,0.09638554216867469,0.05442176870748299,0.42105263157894735,0.1746987951807229,0.09863945578231292,0.7631578947368421,0.22289156626506026,0.12585034013605442,0.9736842105263158
20,47,25,gradient,0.6,0.8484642796538265,260,-65.0,65.0,0.10738255033557047,0.06153846153846154,0.42105263157894735,0.18791946308724836,0.1076923076923077,0.7368421052631579,0.2483221476510067,0.1423076923076923,0.9736842105263158
20,47,25,gradient,0.7,0.8484642796538265,166,-51.0,51.0,0.16666666666666666,0.10240963855421686,0.4473684210526316,0.2745098039215686,0.1686746987951807,0.7368421052631579,0.37254901960784315,0.2289156626506024,1.0
20,47,25,gradient,0.75,0.8484642796538265,109,-37.0,37.0,0.23129251700680276,0.1559633027522936,0.4473684210526316,0.3945578231292517,0.26605504587155965,0.7631578947368421,0.5170068027210885,0.3486238532110092,1.0
20,47,25,gradient,0.8,0.8484642796538265,68,-2.5,14.0,0.339622641509434,0.2647058823529412,0.47368421052631576,0.5283018867924528,0.4117647058823529,0.7368421052631579,0.7169811320754718,0.5588235294117647,1.0
20,47,25,gradient,0.85,0.8484642796538265,36,8.0,8.0,0.2972972972972973,0.3055555555555556,0.2894736842105263,0.5945945945945946,0.6111111111111112,0.5789473684210527,0.972972972972973,1.0,0.9473684210526315
20,47,25,gradient,0.9,0.8484642796538265,36,15.0,15.0,0.02702702702702703,0.027777777777777776,0.02631578947368421,0.24324324324324326,0.25,0.23684210526315788,0.9459459459459458,0.9722222222222222,0.9210526315789473
20,47,25,gradient,0.925,0.8484642796538265,38,16.0,16.0,0.0,0.0,0.0,0.15789473684210525,0.15789473684210525,0.15789473684210525,0.9473684210526315,0.9473684210526315,0.9473684210526315
20,47,25,gradient,0.95,0.8484642796538265,43,18.0,18.0,0.0,0.0,0.0,0.09876543209876543,0.09302325581395349,0.10526315789473684,0.765432098765432,0.7209302325581395,0.8157894736842105
20,47,25,gradient,0.975,0.8484642796538265,26,18.5,18.5,0.0,0.0,0.0,0.0,0.0,0.0,0.5625,0.6923076923076923,0.47368421052631576
20,47,25,gradient,0.99,0.8484642796538265,17,21.0,21.0,0.0,0.0,0.0,0.0,0.0,0.0,0.4727272727272727,0.7647058823529411,0.34210526315789475
20,48,25,gradient,0.5,0.8457374830852503,285,-63.0,63.0,0.09907120743034055,0.056140350877192984,0.42105263157894735,0.1547987616099071,0.08771929824561403,0.6578947368421053,0.22291021671826625,0.12631578947368421,0.9473684210526315
20,48,25,gradient,0.6,0.8457374830852503,230,-58.0,58.0,0.11940298507462686,0.06956521739130435,0.42105263157894735,0.19402985074626866,0.11304347826086956,0.6842105263157895,0.26865671641791045,0.1565217391304348,0.9473684210526315
20,48,25,gradient,0.7,0.8457374830852503,149,-55.0,55.0,0.17112299465240643,0.10738255033557047,0.42105263157894735,0.2887700534759358,0.18120805369127516,0.7105263157894737,0.3850267379679144,0.24161073825503357,0.9473684210526315
20,48,25,gradient,0.75,0.8457374830852503,108,-34.5,34.5,0.23287671232876714,0.1574074074074074,0.4473684210526316,0.3698630136986301,0.25,0.7105263157894737,0.5068493150684932,0.3425925925925926,0.9736842105263158
20,48,25,gradient,0.8,0.8457374830852503,56,0.5,8.5,0.3829787234042553,0.32142857142857145,0.47368421052631576,0.5744680851063829,0.48214285714285715,0.7105263157894737,0.7446808510638298,0.625,0.9210526315789473
20,48,25,gradient,0.85,0.8457374830852503,40,6.5,6.5,0.3846153846153846,0.375,0.39473684210526316,0.6410256410256411,0.625,0.6578947368421053,0.9487179487179489,0.925,0.9736842105263158
20,48,25,gradient,0.9,0.8457374830852503,42,15.5,15.5,0.05,0.047619047619047616,0.05263157894736842,0.15,0.14285714285714285,0.15789473684210525,0.725,0.6904761904761905,0.7631578947368421
20,48,25,gradient,0.925,0.8457374830852503,49,17.0,17.0,0.04597701149425287,0.04081632653061224,0.05263157894736842,0.13793103448275865,0.12244897959183673,0.15789473684210525,0.735632183908046,0.6530612244897959,0.8421052631578947
20,48,25,gradient,0.95,0.8457374830852503,44,19.0,19.0,0.024390243902439025,0.022727272727272728,0.02631578947368421,0.024390243902439025,0.022727272727272728,0.02631578947368421,0.6829268292682926,0.6363636363636364,0.7368421052631579
20,48,25,gradient,0.975,0.8457374830852503,27,19.0,19.0,0.03076923076923077,0.037037037037037035,0.02631578947368421,0.03076923076923077,0.037037037037037035,0.02631578947368421,0.5846153846153846,0.7037037037037037,0.5
20,48,25,gradient,0.99,0.8457374830852503,15,19.0,19.0,0.0,0.0,0.0,0.03773584905660377,0.06666666666666667,0.02631578947368421,0.26415094339622636,0.4666666666666667,0.18421052631578946
20,49,25,gradient,0.5,0.8430281571404485,302,-73.0,73.0,0.10588235294117646,0.059602649006622516,0.47368421052631576,0.1588235294117647,0.08940397350993377,0.7105263157894737,0.21764705882352944,0.12251655629139073,0.9736842105263158
20,49,25,gradient,0.6,0.8430281571404485,241,-60.0,60.0,0.13620071684587814,0.07883817427385892,0.5,0.1863799283154122,0.1078838174273859,0.6842105263157895,0.25806451612903225,0.14937759336099585,0.9473684210526315
20,49,25,gradient,0.7,0.8430281571404485,147,-36.0,36.0,0.21621621621621623,0.1360544217687075,0.5263157894736842,0.2918918918918919,0.1836734693877551,0.7105263157894737,0.4,0.25170068027210885,0.9736842105263158
20,49,25,gradient,0.75,0.8430281571404485,108,-28.0,28.0,0.3013698630136986,0.2037037037037037,0.5789473684210527,0.3835616438356165,0.25925925925925924,0.7368421052631579,0.5205479452054794,0.35185185185185186,1.0
20,49,25,gradient,0.8,0.8430281571404485,58,-0.5,12.0,0.4166666666666667,0.3448275862068966,0.5263157894736842,0.5416666666666666,0.4482758620689655,0.6842105263157895,0.75,0.6206896551724138,0.9473684210526315
20,49,25,gradient,0.85,0.8430281571404485,36,10.0,10.0,0.3243243243243243,0.3333333333333333,0.3157894736842105,0.5135135135135136,0.5277777777777778,0.5,0.9459459459459458,0.9722222222222222,0.9210526315789473
20,49,25,gradient,0.9,0.8430281571404485,44,13.5,13.5,0.04878048780487805,0.045454545454545456,0.05263157894736842,0.21951219512195122,0.20454545454545456,0.23684210526315788,0.8292682926829269,0.7727272727272727,0.8947368421052632
20,49,25,gradient,0.925,0.8430281571404485,47,16.0,16.0,0.07058823529411763,0.06382978723404255,0.07894736842105263,0.18823529411764706,0.1702127659574468,0.21052631578947367,0.7529411764705882,0.6808510638297872,0.8421052631578947
20,49,25,gradient,0.95,0.8430281571404485,38,17.0,17.0,0.0,0.0,0.0,0.0,0.0,0.0,0.7894736842105263,0.7894736842105263,0.7894736842105263
20,49,25,gradient,0.975,0.8430281571404485,30,21.0,21.0,0.0,0.0,0.0,0.0,0.0,0.0,0.5882352941176471,0.6666666666666666,0.5263157894736842
20,49,25,gradient,0.99,0.8430281571404485,17,21.0,21.0,0.0,0.0,0.0,0.0,0.0,0.0,0.4,0.6470588235294118,0.2894736842105263
20,50,25,gradient,0.5,0.8403361344537815,308,-70.5,70.5,0.10404624277456646,0.05844155844155844,0.47368421052631576,0.1676300578034682,0.09415584415584416,0.7631578947368421,0.20809248554913293,0.11688311688311688,0.9473684210526315
20,50,25,gradient,0.6,0.8403361344537815,254,-60.0,60.0,0.12328767123287669,0.07086614173228346,0.47368421052631576,0.19178082191780824,0.11023622047244094,0.7368421052631579,0.25342465753424653,0.14566929133858267,0.9736842105263158
20,50,25,gradient,0.7,0.8403361344537815,157,-49.0,49.0,0.1846153846153846,0.11464968152866242,0.47368421052631576,0.2769230769230769,0.17197452229299362,0.7105263157894737,0.37948717948717947,0.2356687898089172,0.9736842105263158
20,50,25,gradient,0.75,0.8403361344537815,110,-38.0,38.0,0.24324324324324323,0.16363636363636364,0.47368421052631576,0.37837837837837834,0.2545454545454545,0.7368421052631579,0.5,0.33636363636363636,0.9736842105263158
20,50,25,gradient,0.8,0.8403361344537815,56,0.0,10.5,0.3829787234042553,0.32142857142857145,0.47368421052631576,0.5319148936170213,0.44642857142857145,0.6578947368421053,0.7872340425531915,0.6607142857142857,0.9736842105263158
20,50,25,gradient,0.85,0.8403361344537815,36,10.0,10.0,0.35135135135135137,0.3611111111111111,0.34210526315789475,0.5135135135135136,0.5277777777777778,0.5,0.8648648648648649,0.8888888888888888,0.8421052631578947
20,50,25,gradient,0.9,0.8403361344537815,43,14.0,14.0,0.07407407407407408,0.06976744186046512,0.07894736842105263,0.2222222222222222,0.20930232558139536,0.23684210526315788,0.8148148148148148,0.7674418604651163,0.868421052631579
20,50,25,gradient,0.925,0.8403361344537815,53,18.0,18.0,0.02197802197802198,0.018867924528301886,0.02631578947368421,0.13186813186813184,0.11320754716981132,0.15789473684210525,0.7252747252747254,0.6226415094339622,0.868421052631579
20,50,25,gradient,0.95,0.8403361344537815,43,17.0,17.0,0.0,0.0,0.0,0.07407407407407408,0.06976744186046512,0.07894736842105263,0.6172839506172839,0.5813953488372093,0.6578947368421053
20,50,25,gradient,0.975,0.8403361344537815,25,18.0,18.0,0.0,0.0,0.0,0.031746031746031744,0.04,0.02631578947368421,0.41269841269841273,0.52,0.34210526315789475
20,50,25,gradient,0.99,0.8403361344537815,18,22.0,22.0,0.0,0.0,0.0,0.0,0.0,0.0,0.2857142857142857,0.4444444444444444,0.21052631578947367
20,51,25,gradient,0.5,0.8376612497905846,298,-73.5,73.5,0.125,0.07046979865771812,0.5526315789473685,0.18452380952380953,0.1040268456375839,0.8157894736842105,0.2142857142857143,0.12080536912751678,0.9473684210526315
20,51,25,gradient,0.6,0.8376612497905846,256,-74.0,74.0,0.14965986394557823,0.0859375,0.5789473684210527,0.20408163265306123,0.1171875,0.7894736842105263,0.24489795918367346,0.140625,0.9473684210526315
20,51,25,gradient,0.7,0.8376612497905846,158,-47.0,47.0,0.22448979591836735,0.13924050632911392,0.5789473684210527,0.29591836734693877,0.18354430379746836,0.7631578947368421,0.3673469387755102,0.22784810126582278,0.9473684210526315
20,51,25,gradient,0.75,0.8376612497905846,109,-30.0,30.0,0.29931972789115646,0.2018348623853211,0.5789473684210527,0.380952380952381,0.25688073394495414,0.7368421052631579,0.4625850340136055,0.3119266055045872,0.8947368421052632
20,51,25,gradient,0.8,0.8376612497905846,66,-2.0,14.5,0.38461538461538464,0.30303030303030304,0.5263157894736842,0.5192307692307692,0.4090909090909091,0.7105263157894737,0.6538461538461537,0.5151515151515151,0.8947368421052632
20,51,25,gradient,0.85,0.8376612497905846,40,7.0,7.0,0.3076923076923077,0.3,0.3157894736842105,0.5641025641025641,0.55,0.5789473684210527,0.8461538461538461,0.825,0.868421052631579
20,51,25,gradient,0.9,0.8376612497905846,43,14.0,14.0,0.09876543209876543,0.09302325581395349,0.10526315789473684,0.24691358024691357,0.23255813953488372,0.2631578947368421,0.8148148148148148,0.7674418604651163,0.868421052631579
20,51,25,gradient,0.925,0.8376612497905846,40,17.5,17.5,0.0,0.0,0.0,0.05128205128205128,0.05,0.05263157894736842,0.7692307692307692,0.75,0.7894736842105263
20,51,25,gradient,0.95,0.8376612497905846,52,20.0,20.0,0.0,0.0,0.0,0.044444444444444446,0.038461538461538464,0.05263157894736842,0.6444444444444444,0.5576923076923077,0.7631578947368421
20,51,25,gradient,0.975,0.8376612497905846,37,20.0,20.0,0.0,0.0,0.0,0.05333333333333334,0.05405405405405406,0.05263157894736842,0.5066666666666666,0.5135135135135135,0.5
20,51,25,gradient,0.99,0.8376612497905846,17,19.0,19.0,0.0,0.0,0.0,0.0,0.0,0.0,0.3636363636363636,0.5882352941176471,0.2631578947368421
20,52,25,gradient,0.5,0.8350033400133601,329,-59.0,59.0,0.08719346049046321,0.0486322188449848,0.42105263157894735,0.16893732970027248,0.09422492401215805,0.8157894736842105,0.2070844686648501,0.11550151975683891,1.0
20,52,25,gradient,0.6,0.8350033400133601,255,-59.0,59.0,0.11604095563139931,0.06666666666666667,0.4473684210526316,0.21160409556313994,0.12156862745098039,0.8157894736842105,0.25938566552901027,0.14901960784313725,1.0
20,52,25,gradient,0.7,0.8350033400133601,152,-46.5,46.5,0.17894736842105263,0.1118421052631579,0.4473684210526316,0.3368421052631579,0.21052631578947367,0.8421052631578947,0.4,0.25,1.0
20,52,25,gradient,0.75,0.8350033400133601,101,-48.0,48.0,0.21582733812949637,0.1485148514851485,0.39473684210526316,0.43165467625899273,0.297029702970297,0.7894736842105263,0.5467625899280576,0.37623762376237624,1.0
20,52,25,gradient,0.8,0.8350033400133601,53,2.0,8.0,0.37362637362637363,0.32075471698113206,0.4473684210526316,0.6593406593406593,0.5660377358490566,0.7894736842105263,0.7912087912087911,0.6792452830188679,0.9473684210526315
20,52,25,gradient,0.85,0.8350033400133601,37,8.0,8.0,0.3466666666666667,0.35135135135135137,0.34210526315789475,0.6933333333333334,0.7027027027027027,0.6842105263157895,0.9333333333333332,0.9459459459459459,0.9210526315789473
20,52,25,gradient,0.9,0.8350033400133601,45,18.0,18.0,0.09638554216867469,0.08888888888888889,0.10526315789473684,0.1686746987951807,0.15555555555555556,0.18421052631578946,0.6746987951807228,0.6222222222222222,0.7368421052631579
20,52,25,gradient,0.925,0.8350033400133601,59,19.0,19.0,0.020618556701030927,0.01694915254237288,0.02631578947368421,0.10309278350515463,0.0847457627118644,0.13157894736842105,0.6185567010309277,0.5084745762711864,0.7894736842105263
20,52,25,gradient,0.95,0.8350033400133601,47,19.0,19.0,0.0,0.0,0.0,0.07058823529411763,0.06382978723404255,0.07894736842105263,0.611764705882353,0.5531914893617021,0.6842105263157895
20,52,25,gradient,0.975,0.8350033400133601,36,21.5,21.5,0.0,0.0,0.0,0.02702702702702703,0.027777777777777776,0.02631578947368421,0.5675675675675677,0.5833333333333334,0.5526315789473685
20,52,25,gradient,0.99,0.8350033400133601,17,20.0,20.0,0.0,0.0,0.0,0.0,0.0,0.0,0.2909090909090909,0.47058823529411764,0.21052631578947367
20,53,25,gradient,0.5,0.8323622440486099,311,-70.0,70.0,0.09742120343839543,0.05466237942122187,0.4473684210526316,0.16045845272206302,0.09003215434083602,0.7368421052631579,0.20057306590257878,0.11254019292604502,0.9210526315789473
20,53,25,gradient,0.6,0.8323622440486099,243,-54.0,54.0,0.12099644128113882,0.06995884773662552,0.4473684210526316,0.199288256227758,0.11522633744855967,0.7368421052631579,0.2562277580071174,0.14814814814814814,0.9473684210526315
20,53,25,gradient,0.7,0.8323622440486099,135,-39.0,39.0,0.18497109826589597,0.11851851851851852,0.42105263157894735,0.3236994219653179,0.2074074074074074,0.7368421052631579,0.40462427745664736,0.25925925925925924,0.9210526315789473
20,53,25,gradient,0.75,0.8323622440486099,92,-20.0,21.0,0.26153846153846155,0.18478260869565216,0.4473684210526316,0.43076923076923074,0.30434782608695654,0.7368421052631579,0.5538461538461538,0.391304347826087,0.9473684210526315
20,53,25,gradient,0.8,0.8323622440486099,50,1.0,7.5,0.4318181818181818,0.38,0.5,0.5909090909090909,0.52,0.6842105263157895,0.7954545454545453,0.7,0.9210526315789473
20,53,25,gradient,0.85,0.8323622440486099,42,10.5,10.5,0.32500000000000007,0.30952380952380953,0.34210526315789475,0.4,0.38095238095238093,0.42105263157894735,0.8,0.7619047619047619,0.8421052631578947
20,53,25,gradient,0.9,0.8323622440486099,49,15.0,15.0,0.04597701149425287,0.04081632653061224,0.05263157894736842,0.1839080459770115,0.16326530612244897,0.21052631578947367,0.6896551724137931,0.6122448979591837,0.7894736842105263
20,53,25,gradient,0.925,0.8323622440486099,55,20.0,20.0,0.0,0.0,0.0,0.06451612903225806,0.05454545454545454,0.07894736842105263,0.6021505376344085,0.509090909090909,0.7368421052631579
20,53,25,gradient,0.95,0.8323622440486099,50,19.5,19.5,0.0,0.0,0.0,0.04545454545454545,0.04,0.05263157894736842,0.5,0.44,0.5789473684210527
20,53,25,gradient,0.975,0.8323622440486099,32,21.0,21.0,0.0,0.0,0.0,0.0,0.0,0.0,0.4857142857142857,0.53125,0.4473684210526316
20,53,25,gradient,0.99,0.8323622440486099,17,21.0,21.0,0.0,0.0,0.0,0.0,0.0,0.0,0.3636363636363636,0.5882352941176471,0.2631578947368421
20,54,25,gradient,0.5,0.8297378028542981,285,-71.0,71.0,0.12383900928792568,0.07017543859649122,0.5263157894736842,0.1671826625386997,0.09473684210526316,0.7105263157894737,0.21671826625386997,0.12280701754385964,0.9210526315789473
20,54,25,gradient,0.6,0.8297378028542981,237,-65.0,65.0,0.16,0.09282700421940929,0.5789473684210527,0.20363636363636364,0.11814345991561181,0.7368421052631579,0.2618181818181818,0.1518987341772152,0.9473684210526315
20,54,25,gradient,0.7,0.8297378028542981,138,-66.0,66.0,0.23863636363636365,0.15217391304347827,0.5526315789473685,0.3181818181818182,0.2028985507246377,0.7368421052631579,0.38636363636363635,0.2463768115942029,0.8947368421052632
20,54,25,gradient,0.75,0.8297378028542981,83,-10.0,26.0,0.396694214876033,0.2891566265060241,0.631578947368421,0.49586776859504134,0.3614457831325301,0.7894736842105263,0.578512396694215,0.42168674698795183,0.9210526315789473
20,54,25,gradient,0.8,0.8297378028542981,61,0.0,10.0,0.404040404040404,0.32786885245901637,0.5263157894736842,0.5858585858585859,0.47540983606557374,0.7631578947368421,0.7070707070707071,0.5737704918032787,0.9210526315789473
20,54,25,gradient,0.85,0.8297378028542981,42,10.0,10.0,0.2,0.19047619047619047,0.21052631578947367,0.5,0.47619047619047616,0.5263157894736842,0.825,0.7857142857142857,0.868421052631579
20,54,25,gradient,0.9,0.8297378028542981,58,16.0,16.0,0.0,0.0,0.0,0.16666666666666666,0.13793103448275862,0.21052631578947367,0.7083333333333333,0.5862068965517241,0.8947368421052632
20,54,25,gradient,0.925,0.8297378028542981,51,18.0,18.0,0.0,0.0,0.0,0.06741573033707866,0.058823529411764705,0.07894736842105263,0.6966292134831461,0.6078431372549019,0.8157894736842105
20,54,25,gradient,0.95,0.8297378028542981,39,18.0,18.0,0.0,0.0,0.0,0.025974025974025976,0.02564102564102564,0.02631578947368421,0.5714285714285715,0.5641025641025641,0.5789473684210527
20,54,25,gradient,0.975,0.8297378028542981,31,22.0,22.0,0.0,0.0,0.0,0.0,0.0,0.0,0.46376811594202894,0.5161290322580645,0.42105263157894735
20,54,25,gradient,0.99,0.8297378028542981,14,21.5,21.5,0.0,0.0,0.0,0.0,0.0,0.0,0.2692307692307692,0.5,0.18421052631578946
20,55,25,gradient,0.5,0.8271298593879239,282,-73.0,73.0,0.1375,0.07801418439716312,0.5789473684210527,0.19999999999999998,0.11347517730496454,0.8421052631578947,0.2375,0.1347517730496454,1.0
20,55,25,gradient,0.6,0.8271298593879239,228,-69.0,69.0,0.16541353383458648,0.09649122807017543,0.5789473684210527,0.25563909774436094,0.14912280701754385,0.8947368421052632,0.2857142857142857,0.16666666666666666,1.0
20,55,25,gradient,0.7,0.8271298593879239,156,-53.5,53.5,0.23711340206185566,0.14743589743589744,0.6052631578947368,0.32989690721649484,0.20512820512820512,0.8421052631578947,0.3814432989690722,0.23717948717948717,0.9736842105263158
20,55,25,gradient,0.75,0.8271298593879239,101,-18.0,25.0,0.3165467625899281,0.21782178217821782,0.5789473684210527,0.44604316546762596,0.3069306930693069,0.8157894736842105,0.5323741007194245,0.36633663366336633,0.9736842105263158
20,55,25,gradient,0.8,0.8271298593879239,49,0.0,7.0,0.43678160919540227,0.3877551020408163,0.5,0.6206896551724138,0.5510204081632653,0.7105263157894737,0.8045977011494253,0.7142857142857143,0.9210526315789473
20,55,25,gradient,0.85,0.8271298593879239,39,11.0,11.0,0.2077922077922078,0.20512820512820512,0.21052631578947367,0.4155844155844156,0.41025641025641024,0.42105263157894735,0.8571428571428572,0.8461538461538461,0.868421052631579
20,55,25,gradient,0.9,0.8271298593879239,60,17.0,17.0,0.020408163265306124,0.016666666666666666,0.02631578947368421,0.14285714285714285,0.11666666666666667,0.18421052631578946,0.6326530612244898,0.5166666666666667,0.8157894736842105
20,55,25,gradient,0.925,0.8271298593879239,46,18.0,18.0,0.0,0.0,0.0,0.04761904761904762,0.043478260869565216,0.05263157894736842,0.6428571428571428,0.5869565217391305,0.7105263157894737
20,55,25,gradient,0.95,0.8271298593879239,52,20.0,20.0,0.0,0.0,0.0,0.022222222222222223,0.019230769230769232,0.02631578947368421,0.5333333333333333,0.46153846153846156,0.631578947368421
20,55,25,gradient,0.975,0.8271298593879239,33,23.0,23.0,0.0,0.0,0.0,0.0,0.0,0.0,0.4507042253521127,0.48484848484848486,0.42105263157894735
20,55,25,gradient,0.99,0.8271298593879239,12,23.0,23.0,0.0,0.0,0.0,0.0,0.0,0.0,0.23999999999999996,0.5,0.15789473684210525
20,56,25,gradient,0.5,0.8245382585751979,284,-66.0,66.0,0.10559006211180125,0.05985915492957746,0.4473684210526316,0.14285714285714285,0.08098591549295775,0.6052631578947368,0.1987577639751553,0.11267605633802817,0.8421052631578947
20,56,25,gradient,0.6,0.8245382585751979,218,-61.0,61.0,0.1328125,0.0779816513761468,0.4473684210526316,0.1796875,0.10550458715596331,0.6052631578947368,0.25,0.14678899082568808,0.8421052631578947
20,56,25,gradient,0.7,0.8245382585751979,131,-45.0,45.0,0.20118343195266275,0.1297709923664122,0.4473684210526316,0.28402366863905326,0.183206106870229,0.631578947368421,0.39053254437869817,0.25190839694656486,0.868421052631579
20,56,25,gradient,0.75,0.8245382585751979,91,-25.0,27.0,0.2790697674418604,0.1978021978021978,0.47368421052631576,0.41860465116279066,0.2967032967032967,0.7105263157894737,0.5271317829457364,0.37362637362637363,0.8947368421052632
20,56,25,gradient,0.8,0.8245382585751979,47,6.0,8.0,0.3529411764705882,0.3191489361702128,0.39473684210526316,0.5411764705882353,0.48936170212765956,0.6052631578947368,0.7058823529411764,0.6382978723404256,0.7894736842105263
20,56,25,gradient,0.85,0.8245382585751979,55,8.0,11.0,0.25806451612903225,0.21818181818181817,0.3157894736842105,0.4516129032258065,0.38181818181818183,0.5526315789473685,0.6666666666666666,0.5636363636363636,0.8157894736842105
20,56,25,gradient,0.9,0.8245382585751979,47,20.0,20.0,0.047058823529411764,0.0425531914893617,0.05263157894736842,0.18823529411764706,0.1702127659574468,0.21052631578947367,0.611764705882353,0.5531914893617021,0.6842105263157895
20,56,25,gradient,0.925,0.8245382585751979,61,20.0,21.0,0.0404040404040404,0.03278688524590164,0.05263157894736842,0.12121212121212122,0.09836065573770492,0.15789473684210525,0.5454545454545454,0.4426229508196721,0.7105263157894737
20,56,25,gradient,0.95,0.8245382585751979,52,21.5,21.5,0.022222222222222223,0.019230769230769232,0.02631578947368421,0.044444444444444446,0.038461538461538464,0.05263157894736842,0.5111111111111111,0.4423076923076923,0.6052631578947368
20,56,25,gradient,0.975,0.8245382585751979,33,22.0,22.0,0.0,0.0,0.0,0.0,0.0,0.0,0.3661971830985915,0.3939393939393939,0.34210526315789475
20,56,25,gradient,0.99,0.8245382585751979,15,24.0,24.0,0.0,0.0,0.0,0.0,0.0,0.0,0.22641509433962267,0.4,0.15789473684210525
20,57,25,gradient,0.5,0.821962847279303,309,-72.0,72.0,0.1095100864553314,0.061488673139158574,0.5,0.14409221902017288,0.08090614886731391,0.6578947368421053,0.2190201729106628,0.12297734627831715,1.0
20,57,25,gradient,0.6,0.821962847279303,228,-61.5,61.5,0.13533834586466165,0.07894736842105263,0.47368421052631576,0.18045112781954886,0.10526315789473684,0.631578947368421,0.2857142857142857,0.16666666666666666,1.0
20,57,25,gradient,0.7,0.821962847279303,142,-63.0,63.0,0.2,0.1267605633802817,0.47368421052631576,0.2888888888888889,0.18309859154929578,0.6842105263157895,0.4111111111111111,0.2605633802816901,0.9736842105263158
20,57,25,gradient,0.75,0.821962847279303,99,-24.0,26.0,0.30656934306569344,0.21212121212121213,0.5526315789473685,0.35036496350364965,0.24242424242424243,0.631578947368421,0.5401459854014599,0.37373737373737376,0.9736842105263158
20,57,25,gradient,0.8,0.821962847279303,53,0.0,9.0,0.43956043956043955,0.37735849056603776,0.5263157894736842,0.5714285714285714,0.49056603773584906,0.6842105263157895,0.7912087912087911,0.6792452830188679,0.9473684210526315
20,57,25,gradient,0.85,0.821962847279303,39,14.0,14.0,0.18181818181818182,0.1794871794871795,0.18421052631578946,0.28571428571428575,0.28205128205128205,0.2894736842105263,0.7532467532467534,0.7435897435897436,0.7631578947368421
20,57,25,gradient,0.9,0.821962847279303,57,18.0,18.0,0.042105263157894736,0.03508771929824561,0.05263157894736842,0.21052631578947367,0.17543859649122806,0.2631578947368421,0.6105263157894737,0.5087719298245614,0.7631578947368421
20,57,25,gradient,0.925,0.821962847279303,56,19.0,19.0,0.0,0.0,0.0,0.1276595744680851,0.10714285714285714,0.15789473684210525,0.5744680851063829,0.48214285714285715,0.7105263157894737
20,57,25,gradient,0.95,0.821962847279303,45,19.0,19.0,0.024096385542168672,0.022222222222222223,0.02631578947368421,0.048192771084337345,0.044444444444444446,0.05263157894736842,0.5542168674698796,0.5111111111111111,0.6052631578947368
20,57,25,gradient,0.975,0.821962847279303,33,22.0,22.0,0.0,0.0,0.0,0.0,0.0,0.0,0.4507042253521127,0.48484848484848486,0.42105263157894735
20,57,25,gradient,0.99,0.821962847279303,18,24.0,24.0,0.0,0.0,0.0,0.0,0.0,0.0,0.2857142857142857,0.4444444444444444,0.21052631578947367
20,58,25,gradient,0.5,0.8194034742707309,281,-59.0,59.0,0.11285266457680251,0.06405693950177936,0.47368421052631576,0.15047021943573669,0.08540925266903915,0.631578947368421,0.23197492163009403,0.13167259786476868,0.9736842105263158
20,58,25,gradient,0.6,0.8194034742707309,218,-58.0,58.0,0.1328125,0.0779816513761468,0.4473684210526316,0.1796875,0.10550458715596331,0.6052631578947368,0.28125,0.1651376146788991,0.9473684210526315
20,58,25,gradient,0.7,0.8194034742707309,134,-46.5,46.5,0.19767441860465118,0.12686567164179105,0.4473684210526316,0.29069767441860467,0.1865671641791045,0.6578947368421053,0.4302325581395348,0.27611940298507465,0.9736842105263158
20,58,25,gradient,0.75,0.8194034742707309,96,-25.5,26.0,0.2537313432835821,0.17708333333333334,0.4473684210526316,0.3582089552238806,0.25,0.631578947368421,0.5522388059701493,0.3854166666666667,0.9736842105263158
20,58,25,gradient,0.8,0.8194034742707309,52,7.5,14.0,0.24444444444444444,0.21153846153846154,0.2894736842105263,0.42222222222222217,0.36538461538461536,0.5,0.7777777777777778,0.6730769230769231,0.9210526315789473
20,58,25,gradient,0.85,0.8194034742707309,50,11.5,11.5,0.22727272727272727,0.2,0.2631578947368421,0.40909090909090906,0.36,0.47368421052631576,0.7500000000000001,0.66,0.868421052631579
20,58,25,gradient,0.9,0.8194034742707309,61,16.0,16.0,0.0404040404040404,0.03278688524590164,0.05263157894736842,0.202020202020202,0.16393442622950818,0.2631578947368421,0.6464646464646464,0.5245901639344263,0.8421052631578947
20,58,25,gradient,0.925,0.8194034742707309,61,19.0,19.0,0.0,0.0,0.0,0.1414141414141414,0.11475409836065574,0.18421052631578946,0.5858585858585859,0.47540983606557374,0.7631578947368421
20,58,25,gradient,0.95,0.8194034742707309,53,19.0,19.0,0.0,0.0,0.0,0.02197802197802198,0.018867924528301886,0.02631578947368421,0.5274725274725274,0.4528301886792453,0.631578947368421
20,58,25,gradient,0.975,0.8194034742707309,30,23.5,23.5,0.0,0.0,0.0,0.0,0.0,0.0,0.4117647058823529,0.4666666666666667,0.3684210526315789
20,58,25,gradient,0.99,0.8194034742707309,11,24.0,24.0,0.0,0.0,0.0,0.0,0.0,0.0,0.2857142857142857,0.6363636363636364,0.18421052631578946
20,59,25,gradient,0.5,0.8168599901976801,305,-64.0,64.0,0.09329446064139942,0.05245901639344262,0.42105263157894735,0.13411078717201166,0.07540983606557378,0.6052631578947368,0.20408163265306123,0.11475409836065574,0.9210526315789473
20,59,25,gradient,0.6,0.8168599901976801,234,-60.0,60.0,0.11029411764705882,0.0641025641025641,0.39473684210526316,0.17647058823529413,0.10256410256410256,0.631578947368421,0.24264705882352944,0.14102564102564102,0.868421052631579
20,59,25,gradient,0.7,0.8168599901976801,142,-43.0,43.0,0.18888888888888888,0.11971830985915492,0.4473684210526316,0.3,0.19014084507042253,0.7105263157894737,0.3666666666666667,0.2323943661971831,0.868421052631579
20,59,25,gradient,0.75,0.8168599901976801,93,-15.0,23.0,0.25954198473282447,0.1827956989247312,0.4473684210526316,0.4274809160305343,0.3010752688172043,0.7368421052631579,0.5190839694656489,0.3655913978494624,0.8947368421052632
20,59,25,gradient,0.8,0.8168599901976801,54,3.5,14.0,0.2826086956521739,0.24074074074074073,0.34210526315789475,0.47826086956521735,0.4074074074074074,0.5789473684210527,0.6956521739130435,0.5925925925925926,0.8421052631578947
20,59,25,gradient,0.85,0.8168599901976801,40,14.0,14.0,0.12820512820512822,0.125,0.13157894736842105,0.3076923076923077,0.3,0.3157894736842105,0.6923076923076923,0.675,0.7105263157894737
20,59,25,gradient,0.9,0.8168599901976801,58,18.5,18.5,0.0,0.0,0.0,0.041666666666666664,0.034482758620689655,0.05263157894736842,0.6041666666666667,0.5,0.7631578947368421
20,59,25,gradient,0.925,0.8168599901976801,54,19.0,19.0,0.021739130434782608,0.018518518518518517,0.02631578947368421,0.06521739130434782,0.05555555555555555,0.07894736842105263,0.5869565217391304,0.5,0.7105263157894737
20,59,25,gradient,0.95,0.8168599901976801,51,22.0,22.0,0.0,0.0,0.0,0.0449438202247191,0.0392156862745098,0.05263157894736842,0.5168539325842696,0.45098039215686275,0.6052631578947368
20,59,25,gradient,0.975,0.8168599901976801,32,21.5,21.5,0.0,0.0,0.0,0.02857142857142857,0.03125,0.02631578947368421,0.34285714285714286,0.375,0.3157894736842105
20,59,25,gradient,0.99,0.8168599901976801,19,22.0,22.0,0.0,0.0,0.0,0.0,0.0,0.0,0.24561403508771928,0.3684210526315789,0.18421052631578946
20,60,25,gradient,0.5,0.8143322475570033,286,-71.5,71.5,0.08641975308641975,0.04895104895104895,0.3684210526315789,0.14814814814814814,0.08391608391608392,0.631578947368421,0.20987654320987656,0.11888111888111888,0.8947368421052632
20,60,25,gradient,0.6,0.8143322475570033,222,-63.5,63.5,0.10769230769230768,0.06306306306306306,0.3684210526315789,0.18461538461538465,0.10810810810810811,0.631578947368421,0.26153846153846155,0.15315315315315314,0.8947368421052632
20,60,25,gradient,0.7,0.8143322475570033,149,-71.0,71.0,0.14973262032085563,0.09395973154362416,0.3684210526315789,0.26737967914438504,0.16778523489932887,0.6578947368421053,0.35294117647058826,0.2214765100671141,0.868421052631579
20,60,25,gradient,0.75,0.8143322475570033,103,-41.0,41.0,0.18439716312056736,0.1262135922330097,0.34210526315789475,0.31205673758865243,0.21359223300970873,0.5789473684210527,0.42553191489361697,0.2912621359223301,0.7894736842105263
20,60,25,gradient,0.8,0.8143322475570033,51,6.0,15.0,0.24719101123595505,0.21568627450980393,0.2894736842105263,0.38202247191011235,0.3333333333333333,0.4473684210526316,0.6741573033707866,0.5882352941176471,0.7894736842105263
20,60,25,gradient,0.85,0.8143322475570033,47,15.0,15.0,0.07058823529411763,0.06382978723404255,0.07894736842105263,0.3529411764705882,0.3191489361702128,0.39473684210526316,0.6588235294117647,0.5957446808510638,0.7368421052631579
20,60,25,gradient,0.9,0.8143322475570033,59,19.0,19.0,0.0,0.0,0.0,0.20618556701030927,0.1694915254237288,0.2631578947368421,0.597938144329897,0.4915254237288136,0.7631578947368421
20,60,25,gradient,0.925,0.8143322475570033,60,20.5,20.5,0.0,0.0,0.0,0.061224489795918366,0.05,0.07894736842105263,0.6122448979591837,0.5,0.7894736842105263
20,60,25,gradient,0.95,0.8143322475570033,52,20.0,20.0,0.0,0.0,0.0,0.022222222222222223,0.019230769230769232,0.02631578947368421,0.4888888888888889,0.4230769230769231,0.5789473684210527
20,60,25,gradient,0.975,0.8143322475570033,29,20.0,20.0,0.0,0.0,0.0,0.0,0.0,0.0,0.417910447761194,0.4827586206896552,0.3684210526315789
20,60,25,gradient,0.99,0.8143322475570033,16,21.5,21.5,0.0,0.0,0.0,0.0,0.0,0.0,0.2962962962962963,0.5,0.21052631578947367
20,61,25,gradient,0.5,0.8118201006656924,282,-65.0,65.0,0.075,0.0425531914893617,0.3157894736842105,0.125,0.07092198581560284,0.5263157894736842,0.19375,0.1099290780141844,0.8157894736842105
20,61,25,gradient,0.6,0.8118201006656924,220,-57.5,57.5,0.09302325581395349,0.05454545454545454,0.3157894736842105,0.15503875968992248,0.09090909090909091,0.5263157894736842,0.24806201550387594,0.14545454545454545,0.8421052631578947
20,61,25,gradient,0.7,0.8118201006656924,148,-44.5,44.5,0.13978494623655915,0.08783783783783784,0.34210526315789475,0.23655913978494625,0.14864864864864866,0.5789473684210527,0.34408602150537637,0.21621621621621623,0.8421052631578947
20,61,25,gradient,0.75,0.8118201006656924,93,-31.0,31.0,0.183206106870229,0.12903225806451613,0.3157894736842105,0.3053435114503817,0.21505376344086022,0.5263157894736842,0.48854961832061067,0.34408602150537637,0.8421052631578947
20,61,25,gradient,0.8,0.8118201006656924,46,6.5,8.0,0.3333333333333333,0.30434782608695654,0.3684210526315789,0.47619047619047616,0.43478260869565216,0.5263157894736842,0.7142857142857143,0.6521739130434783,0.7894736842105263
20,61,25,gradient,0.85,0.8118201006656924,56,11.5,12.5,0.1702127659574468,0.14285714285714285,0.21052631578947367,0.2978723404255319,0.25,0.3684210526315789,0.7234042553191489,0.6071428571428571,0.8947368421052632
20,61,25,gradient,0.9,0.8118201006656924,53,20.0,20.0,0.02197802197802198,0.018867924528301886,0.02631578947368421,0.13186813186813184,0.11320754716981132,0.15789473684210525,0.6153846153846154,0.5283018867924528,0.7368421052631579
20,61,25,gradient,0.925,0.8118201006656924,68,21.0,21.0,0.0,0.0,0.0,0.09433962264150943,0.07352941176470588,0.13157894736842105,0.5094339622641509,0.39705882352941174,0.7105263157894737
20,61,25,gradient,0.95,0.8118201006656924,53,23.0,23.0,0.0,0.0,0.0,0.04395604395604396,0.03773584905660377,0.05263157894736842,0.5274725274725274,0.4528301886792453,0.631578947368421
20,61,25,gradient,0.975,0.8118201006656924,32,23.5,23.5,0.0,0.0,0.0,0.0,0.0,0.0,0.34285714285714286,0.375,0.3157894736842105
20,61,25,gradient,0.99,0.8118201006656924,11,25.0,25.0,0.0,0.0,0.0,0.0,0.0,0.0,0.2040816326530612,0.45454545454545453,0.13157894736842105
20,62,25,gradient,0.5,0.8093234056328908,318,-69.5,69.5,0.07865168539325842,0.0440251572327044,0.3684210526315789,0.12359550561797752,0.06918238993710692,0.5789473684210527,0.17977528089887643,0.10062893081761007,0.8421052631578947
20,62,25,gradient,0.6,0.8093234056328908,233,-65.0,65.0,0.1033210332103321,0.060085836909871244,0.3684210526315789,0.14022140221402213,0.0815450643776824,0.5,0.2287822878228782,0.13304721030042918,0.8157894736842105
20,62,25,gradient,0.7,0.8093234056328908,143,-38.0,38.0,0.20994475138121546,0.13286713286713286,0.5,0.26519337016574585,0.16783216783216784,0.631578947368421,0.36464088397790057,0.23076923076923078,0.868421052631579
20,62,25,gradient,0.75,0.8093234056328908,88,-12.5,24.0,0.25396825396825395,0.18181818181818182,0.42105263157894735,0.31746031746031744,0.22727272727272727,0.5263157894736842,0.4761904761904762,0.3409090909090909,0.7894736842105263
20,62,25,gradient,0.8,0.8093234056328908,47,5.0,8.0,0.3529411764705882,0.3191489361702128,0.39473684210526316,0.4705882352941176,0.425531914893617,0.5263157894736842,0.6823529411764706,0.6170212765957447,0.7631578947368421
20,62,25,gradient,0.85,0.8093234056328908,59,14.0,14.0,0.12371134020618557,0.1016949152542373,0.15789473684210525,0.3092783505154639,0.2542372881355932,0.39473684210526316,0.6391752577319588,0.5254237288135594,0.8157894736842105
20,62,25,gradient,0.9,0.8093234056328908,68,18.5,18.5,0.03773584905660377,0.029411764705882353,0.05263157894736842,0.169811320754717,0.1323529411764706,0.23684210526315788,0.5471698113207547,0.4264705882352941,0.7631578947368421
20,62,25,gradient,0.925,0.8093234056328908,72,22.0,22.0,0.03636363636363636,0.027777777777777776,0.05263157894736842,0.07272727272727272,0.05555555555555555,0.10526315789473684,0.4727272727272728,0.3611111111111111,0.6842105263157895
20,62,25,gradient,0.95,0.8093234056328908,65,22.0,22.0,0.0,0.0,0.0,0.019417475728155338,0.015384615384615385,0.02631578947368421,0.4271844660194175,0.3384615384615385,0.5789473684210527
20,62,25,gradient,0.975,0.8093234056328908,37,20.0,20.0,0.0,0.0,0.0,0.02666666666666667,0.02702702702702703,0.02631578947368421,0.32,0.32432432432432434,0.3157894736842105
20,62,25,gradient,0.99,0.8093234056328908,15,19.0,19.0,0.0,0.0,0.0,0.03773584905660377,0.06666666666666667,0.02631578947368421,0.3018867924528302,0.5333333333333333,0.21052631578947367
20,63,25,gradient,0.5,0.8068420203324189,273,-76.0,76.0,0.06430868167202573,0.03663003663003663,0.2631578947368421,0.1414790996784566,0.08058608058608059,0.5789473684210527,0.19292604501607716,0.10989010989010989,0.7894736842105263
20,63,25,gradient,0.6,0.8068420203324189,207,-79.0,79.0,0.08163265306122448,0.04830917874396135,0.2631578947368421,0.17142857142857143,0.10144927536231885,0.5526315789473685,0.2204081632653061,0.13043478260869565,0.7105263157894737
20,63,25,gradient,0.7,0.8068420203324189,130,-60.5,60.5,0.14285714285714285,0.09230769230769231,0.3157894736842105,0.25000000000000006,0.16153846153846155,0.5526315789473685,0.33333333333333337,0.2153846153846154,0.7368421052631579
20,63,25,gradient,0.75,0.8068420203324189,92,-11.0,25.0,0.21538461538461537,0.15217391304347827,0.3684210526315789,0.3692307692307692,0.2608695652173913,0.631578947368421,0.47692307692307695,0.33695652173913043,0.8157894736842105
20,63,25,gradient,0.8,0.8068420203324189,49,8.0,12.0,0.2988505747126437,0.2653061224489796,0.34210526315789475,0.4827586206896552,0.42857142857142855,0.5526315789473685,0.6896551724137931,0.6122448979591837,0.7894736842105263
20,63,25,gradient,0.85,0.8068420203324189,67,14.0,14.0,0.1714285714285714,0.13432835820895522,0.23684210526315788,0.3238095238095238,0.2537313432835821,0.4473684210526316,0.5523809523809524,0.43283582089552236,0.7631578947368421
20,63,25,gradient,0.9,0.8068420203324189,70,18.0,18.0,0.037037037037037035,0.02857142857142857,0.05263157894736842,0.18518518518518517,0.14285714285714285,0.2631578947368421,0.5370370370370371,0.4142857142857143,0.7631578947368421
20,63,25,gradient,0.925,0.8068420203324189,62,21.0,21.0,0.019999999999999997,0.016129032258064516,0.02631578947368421,0.09999999999999999,0.08064516129032258,0.13157894736842105,0.48000000000000004,0.3870967741935484,0.631578947368421
20,63,25,gradient,0.95,0.8068420203324189,59,22.0,22.0,0.0,0.0,0.0,0.020618556701030927,0.01694915254237288,0.02631578947368421,0.45360824742268047,0.3728813559322034,0.5789473684210527
20,63,25,gradient,0.975,0.8068420203324189,28,22.0,22.0,0.0,0.0,0.0,0.030303030303030304,0.03571428571428571,0.02631578947368421,0.30303030303030304,0.35714285714285715,0.2631578947368421
20,63,25,gradient,0.99,0.8068420203324189,17,25.0,25.0,0.0,0.0,0.0,0.0,0.0,0.0,0.14545454545454545,0.23529411764705882,0.10526315789473684
20,64,25,gradient,0.5,0.8043758043758044,281,-55.0,55.0,0.10031347962382446,0.05693950177935943,0.42105263157894735,0.1630094043887147,0.09252669039145907,0.6842105263157895,0.20689655172413796,0.11743772241992882,0.868421052631579
20,64,25,gradient,0.6,0.8043758043758044,195,-45.0,45.0,0.1459227467811159,0.08717948717948718,0.4473684210526316,0.23175965665236054,0.13846153846153847,0.7105263157894737,0.26609442060085836,0.15897435897435896,0.8157894736842105
20,64,25,gradient,0.7,0.8043758043758044,119,-34.0,34.0,0.1910828025477707,0.12605042016806722,0.39473684210526316,0.30573248407643316,0.20168067226890757,0.631578947368421,0.39490445859872614,0.2605042016806723,0.8157894736842105
20,64,25,gradient,0.75,0.8043758043758044,71,-2.0,19.0,0.2568807339449541,0.19718309859154928,0.3684210526315789,0.4587155963302752,0.352112676056338,0.6578947368421053,0.5688073394495413,0.43661971830985913,0.8157894736842105
20,64,25,gradient,0.8,0.8043758043758044,55,6.0,8.0,0.27956989247311825,0.23636363636363636,0.34210526315789475,0.4516129032258065,0.38181818181818183,0.5526315789473685,0.6236559139784946,0.5272727272727272,0.7631578947368421
20,64,25,gradient,0.85,0.8043758043758044,50,14.5,14.5,0.1590909090909091,0.14,0.18421052631578946,0.3636363636363636,0.32,0.42105263157894735,0.6136363636363636,0.54,0.7105263157894737
20,64,25,gradient,0.9,0.8043758043758044,64,21.0,21.0,0.0392156862745098,0.03125,0.05263157894736842,0.11764705882352941,0.09375,0.15789473684210525,0.4901960784313726,0.390625,0.6578947368421053
20,64,25,gradient,0.925,0.8043758043758044,70,22.0,22.0,0.018518518518518517,0.014285714285714285,0.02631578947368421,0.07407407407407407,0.05714285714285714,0.10526315789473684,0.4444444444444445,0.34285714285714286,0.631578947368421
20,64,25,gradient,0.95,0.8043758043758044,58,21.5,21.5,0.0,0.0,0.0,0.0625,0.05172413793103448,0.07894736842105263,0.4166666666666667,0.3448275862068966,0.5263157894736842
20,64,25,gradient,0.975,0.8043758043758044,38,22.0,22.0,0.0,0.0,0.0,0.02631578947368421,0.02631578947368421,0.02631578947368421,0.3157894736842105,0.3157894736842105,0.3157894736842105
20,64,25,gradient,0.99,0.8043758043758044,13,21.0,21.0,0.0,0.0,0.0,0.0,0.0,0.0,0.23529411764705882,0.46153846153846156,0.15789473684210525
20,65,25,gradient,0.5,0.8019246190858059,321,-69.0,69.0,0.08356545961002784,0.04672897196261682,0.39473684210526316,0.12813370473537605,0.07165109034267912,0.6052631578947368,0.18941504178272983,0.1059190031152648,0.8947368421052632
20,65,25,gradient,0.6,0.8019246190858059,235,-69.0,69.0,0.10989010989010989,0.06382978723404255,0.39473684210526316,0.17582417582417578,0.10212765957446808,0.631578947368421,0.24175824175824176,0.14042553191489363,0.868421052631579
20,65,25,gradient,0.7,0.8019246190858059,125,-63.0,63.0,0.147239263803681,0.096,0.3157894736842105,0.2331288343558282,0.152,0.5,0.3803680981595092,0.248,0.8157894736842105
20,65,25,gradient,0.75,0.8019246190858059,70,-1.5,25.5,0.20370370370370372,0.15714285714285714,0.2894736842105263,0.3148148148148148,0.24285714285714285,0.4473684210526316,0.5370370370370371,0.4142857142857143,0.7631578947368421
20,65,25,gradient,0.8,0.8019246190858059,53,7.0,15.0,0.19780219780219777,0.16981132075471697,0.23684210526315788,0.39560439560439553,0.33962264150943394,0.47368421052631576,0.6373626373626373,0.5471698113207547,0.7631578947368421
20,65,25,gradient,0.85,0.8019246190858059,66,17.0,17.0,0.057692307692307696,0.045454545454545456,0.07894736842105263,0.2692307692307693,0.21212121212121213,0.3684210526315789,0.5961538461538461,0.4696969696969697,0.8157894736842105
20,65,25,gradient,0.9,0.8019246190858059,64,18.0,18.0,0.058823529411764705,0.046875,0.07894736842105263,0.1568627450980392,0.125,0.21052631578947367,0.5882352941176471,0.46875,0.7894736842105263
20,65,25,gradient,0.925,0.8019246190858059,65,20.0,20.0,0.019417475728155338,0.015384615384615385,0.02631578947368421,0.11650485436893204,0.09230769230769231,0.15789473684210525,0.46601941747572817,0.36923076923076925,0.631578947368421
20,65,25,gradient,0.95,0.8019246190858059,52,21.5,21.5,0.022222222222222223,0.019230769230769232,0.02631578947368421,0.044444444444444446,0.038461538461538464,0.05263157894736842,0.46666666666666673,0.40384615384615385,0.5526315789473685
20,65,25,gradient,0.975,0.8019246190858059,35,23.0,23.0,0.0,0.0,0.0,0.0,0.0,0.0,0.3835616438356164,0.4,0.3684210526315789
20,65,25,gradient,0.99,0.8019246190858059,18,24.5,24.5,0.0,0.0,0.0,0.0,0.0,0.0,0.25,0.3888888888888889,0.18421052631578946
20,66,25,gradient,0.5,0.799488327470419,279,-68.0,68.0,0.10094637223974763,0.05734767025089606,0.42105263157894735,0.1640378548895899,0.0931899641577061,0.6842105263157895,0.2082018927444795,0.11827956989247312,0.868421052631579
20,66,25,gradient,0.6,0.799488327470419,220,-65.0,65.0,0.12403100775193797,0.07272727272727272,0.42105263157894735,0.19379844961240308,0.11363636363636363,0.6578947368421053,0.2558139534883721,0.15,0.868421052631579
20,66,25,gradient,0.7,0.799488327470419,139,-65.0,65.0,0.1694915254237288,0.1079136690647482,0.39473684210526316,0.2711864406779661,0.17266187050359713,0.631578947368421,0.3389830508474576,0.2158273381294964,0.7894736842105263
20,66,25,gradient,0.75,0.799488327470419,89,-28.0,31.0,0.22047244094488186,0.15730337078651685,0.3684210526315789,0.3779527559055118,0.2696629213483146,0.631578947368421,0.4881889763779527,0.34831460674157305,0.8157894736842105
20,66,25,gradient,0.8,0.799488327470419,55,7.0,14.0,0.19354838709677416,0.16363636363636364,0.23684210526315788,0.43010752688172044,0.36363636363636365,0.5263157894736842,0.5806451612903225,0.4909090909090909,0.7105263157894737
20,66,25,gradient,0.85,0.799488327470419,51,16.0,16.0,0.06741573033707866,0.058823529411764705,0.07894736842105263,0.26966292134831465,0.23529411764705882,0.3157894736842105,0.5842696629213484,0.5098039215686274,0.6842105263157895
20,66,25,gradient,0.9,0.799488327470419,75,21.0,21.0,0.0,0.0,0.0,0.1415929203539823,0.10666666666666667,0.21052631578947367,0.4601769911504426,0.3466666666666667,0.6842105263157895
20,66,25,gradient,0.925,0.799488327470419,67,22.0,22.0,0.0,0.0,0.0,0.05714285714285714,0.04477611940298507,0.07894736842105263,0.43809523809523804,0.34328358208955223,0.6052631578947368
20,66,25,gradient,0.95,0.799488327470419,48,21.5,21.5,0.0,0.0,0.0,0.04651162790697675,0.041666666666666664,0.05263157894736842,0.4418604651162791,0.3958333333333333,0.5
20,66,25,gradient,0.975,0.799488327470419,38,22.5,22.5,0.0,0.0,0.0,0.0,0.0,0.0,0.4473684210526316,0.4473684210526316,0.4473684210526316
20,66,25,gradient,0.99,0.799488327470419,16,24.0,24.0,0.0,0.0,0.0,0.0,0.0,0.0,0.25925925925925924,0.4375,0.18421052631578946
20,67,25,gradient,0.5,0.7970667941973537,315,-60.0,60.0,0.07365439093484419,0.04126984126984127,0.34210526315789475,0.11898016997167139,0.06666666666666667,0.5526315789473685,0.16430594900849857,0.09206349206349207,0.7631578947368421
20,67,25,gradient,0.6,0.7970667941973537,218,-66.0,66.0,0.09375,0.05504587155963303,0.3157894736842105,0.1484375,0.0871559633027523,0.5,0.2109375,0.12385321100917432,0.7105263157894737
20,67,25,gradient,0.7,0.7970667941973537,142,-46.0,46.0,0.13333333333333333,0.08450704225352113,0.3157894736842105,0.21111111111111108,0.13380281690140844,0.5,0.2888888888888889,0.18309859154929578,0.6842105263157895
20,67,25,gradient,0.75,0.7970667941973537,93,-27.0,31.0,0.15267175572519084,0.10752688172043011,0.2631578947368421,0.25954198473282447,0.1827956989247312,0.4473684210526316,0.38167938931297707,0.26881720430107525,0.6578947368421053
20,67,25,gradient,0.8,0.7970667941973537,57,7.0,18.0,0.21052631578947367,0.17543859649122806,0.2631578947368421,0.3368421052631579,0.2807017543859649,0.42105263157894735,0.5473684210526316,0.45614035087719296,0.6842105263157895
20,67,25,gradient,0.85,0.7970667941973537,54,17.0,17.0,0.08695652173913043,0.07407407407407407,0.10526315789473684,0.2608695652173913,0.2222222222222222,0.3157894736842105,0.5869565217391304,0.5,0.7105263157894737
20,67,25,gradient,0.9,0.7970667941973537,59,21.0,21.0,0.041237113402061855,0.03389830508474576,0.05263157894736842,0.10309278350515463,0.0847457627118644,0.13157894736842105,0.5567010309278351,0.4576271186440678,0.7105263157894737
20,67,25,gradient,0.925,0.7970667941973537,68,25.0,25.0,0.018867924528301886,0.014705882352941176,0.02631578947368421,0.056603773584905655,0.04411764705882353,0.07894736842105263,0.4339622641509434,0.3382352941176471,0.6052631578947368
20,67,25,gradient,0.95,0.7970667941973537,63,24.0,24.0,0.0,0.0,0.0,0.039603960396039604,0.031746031746031744,0.05263157894736842,0.3762376237623762,0.30158730158730157,0.5
20,67,25,gradient,0.975,0.7970667941973537,41,23.0,23.0,0.0,0.0,0.0,0.02531645569620253,0.024390243902439025,0.02631578947368421,0.27848101265822783,0.2682926829268293,0.2894736842105263
20,67,25,gradient,0.99,0.7970667941973537,20,24.5,24.5,0.0,0.0,0.0,0.0,0.0,0.0,0.20689655172413793,0.3,0.15789473684210525
20,68,25,gradient,0.5,0.7946598855689765,309,-64.0,64.0,0.09221902017291067,0.05177993527508091,0.42105263157894735,0.1325648414985591,0.0744336569579288,0.6052631578947368,0.18443804034582134,0.10355987055016182,0.8421052631578947
20,68,25,gradient,0.6,0.7946598855689765,241,-54.0,54.0,0.11469534050179211,0.06639004149377593,0.42105263157894735,0.1935483870967742,0.11203319502074689,0.7105263157894737,0.23655913978494628,0.13692946058091288,0.868421052631579
20,68,25,gradient,0.7,0.7946598855689765,134,-38.5,38.5,0.1627906976744186,0.1044776119402985,0.3684210526315789,0.2558139534883721,0.16417910447761194,0.5789473684210527,0.37209302325581395,0.23880597014925373,0.8421052631578947
20,68,25,gradient,0.75,0.7946598855689765,88,-11.0,23.0,0.19047619047619047,0.13636363636363635,0.3157894736842105,0.31746031746031744,0.22727272727272727,0.5263157894736842,0.4761904761904762,0.3409090909090909,0.7894736842105263
20,68,25,gradient,0.8,0.7946598855689765,50,10.5,18.0,0.1818181818181818,0.16,0.21052631578947367,0.34090909090909094,0.3,0.39473684210526316,0.5454545454545454,0.48,0.631578947368421
20,68,25,gradient,0.85,0.7946598855689765,67,17.0,17.0,0.07619047619047618,0.05970149253731343,0.10526315789473684,0.3238095238095238,0.2537313432835821,0.4473684210526316,0.5523809523809524,0.43283582089552236,0.7631578947368421
20,68,25,gradient,0.9,0.7946598855689765,78,19.0,19.0,0.03448275862068966,0.02564102564102564,0.05263157894736842,0.15517241379310345,0.11538461538461539,0.23684210526315788,0.5000000000000001,0.3717948717948718,0.7631578947368421
20,68,25,gradient,0.925,0.7946598855689765,82,21.0,21.0,0.049999999999999996,0.036585365853658534,0.07894736842105263,0.08333333333333333,0.06097560975609756,0.13157894736842105,0.4833333333333333,0.35365853658536583,0.7631578947368421
20,68,25,gradient,0.95,0.7946598855689765,72,21.0,21.0,0.01818181818181818,0.013888888888888888,0.02631578947368421,0.05454545454545455,0.041666666666666664,0.07894736842105263,0.3818181818181819,0.2916666666666667,0.5526315789473685
20,68,25,gradient,0.975,0.7946598855689765,28,23.0,23.0,0.0,0.0,0.0,0.0,0.0,0.0,0.33333333333333337,0.39285714285714285,0.2894736842105263
20,68,25,gradient,0.99,0.7946598855689765,14,23.0,23.0,0.0,0.0,0.0,0.0,0.0,0.0,0.2692307692307692,0.5,0.18421052631578946
20,69,25,gradient,0.5,0.7922674694977024,277,-66.0,66.0,0.10793650793650793,0.061371841155234655,0.4473684210526316,0.15238095238095237,0.08664259927797834,0.631578947368421,0.22222222222222218,0.1263537906137184,0.9210526315789473
20,69,25,gradient,0.6,0.7922674694977024,213,-59.0,59.0,0.12749003984063748,0.07511737089201878,0.42105263157894735,0.1752988047808765,0.10328638497652583,0.5789473684210527,0.2709163346613546,0.1596244131455399,0.8947368421052632
20,69,25,gradient,0.7,0.7922674694977024,117,-22.0,32.0,0.20645161290322583,0.13675213675213677,0.42105263157894735,0.3096774193548387,0.20512820512820512,0.631578947368421,0.4258064516129032,0.28205128205128205,0.868421052631579
20,69,25,gradient,0.75,0.7922674694977024,101,-6.0,23.0,0.2733812949640288,0.18811881188118812,0.5,0.3309352517985612,0.22772277227722773,0.6052631578947368,0.4892086330935252,0.33663366336633666,0.8947368421052632
20,69,25,gradient,0.8,0.7922674694977024,56,9.0,13.0,0.2553191489361702,0.21428571428571427,0.3157894736842105,0.36170212765957444,0.30357142857142855,0.4473684210526316,0.5744680851063829,0.48214285714285715,0.7105263157894737
20,69,25,gradient,0.85,0.7922674694977024,67,18.0,18.0,0.05714285714285714,0.04477611940298507,0.07894736842105263,0.20952380952380953,0.16417910447761194,0.2894736842105263,0.5523809523809524,0.43283582089552236,0.7631578947368421
20,69,25,gradient,0.9,0.7922674694977024,85,21.0,21.0,0.016260162601626015,0.011764705882352941,0.02631578947368421,0.16260162601626016,0.11764705882352941,0.2631578947368421,0.45528455284552843,0.32941176470588235,0.7368421052631579
20,69,25,gradient,0.925,0.7922674694977024,61,21.0,21.0,0.0,0.0,0.0,0.101010101010101,0.08196721311475409,0.13157894736842105,0.5454545454545454,0.4426229508196721,0.7105263157894737
20,69,25,gradient,0.95,0.7922674694977024,59,24.0,24.0,0.0,0.0,0.0,0.041237113402061855,0.03389830508474576,0.05263157894736842,0.3711340206185567,0.3050847457627119,0.47368421052631576
20,69,25,gradient,0.975,0.7922674694977024,33,22.0,22.0,0.0,0.0,0.0,0.028169014084507043,0.030303030303030304,0.02631578947368421,0.3380281690140845,0.36363636363636365,0.3157894736842105
20,69,25,gradient,0.99,0.7922674694977024,19,27.0,27.0,0.0,0.0,0.0,0.03508771929824561,0.05263157894736842,0.02631578947368421,0.17543859649122803,0.2631578947368421,0.13157894736842105
20,70,25,gradient,0.5,0.7898894154818326,291,-63.0,63.0,0.0729483282674772,0.041237113402061855,0.3157894736842105,0.12765957446808512,0.07216494845360824,0.5526315789473685,0.19452887537993918,0.10996563573883161,0.8421052631578947
20,70,25,gradient,0.6,0.7898894154818326,228,-57.5,57.5,0.09022556390977443,0.05263157894736842,0.3157894736842105,0.15789473684210525,0.09210526315789473,0.5526315789473685,0.24060150375939848,0.14035087719298245,0.8421052631578947
20,70,25,gradient,0.7,0.7898894154818326,130,-36.0,36.0,0.2142857142857143,0.13846153846153847,0.47368421052631576,0.2857142857142857,0.18461538461538463,0.631578947368421,0.39285714285714285,0.25384615384615383,0.868421052631579
20,70,25,gradient,0.75,0.7898894154818326,84,-4.0,21.5,0.26229508196721313,0.19047619047619047,0.42105263157894735,0.3606557377049181,0.2619047619047619,0.5789473684210527,0.5081967213114754,0.36904761904761907,0.8157894736842105
20,70,25,gradient,0.8,0.7898894154818326,47,10.0,14.0,0.2588235294117647,0.23404255319148937,0.2894736842105263,0.4235294117647058,0.3829787234042553,0.47368421052631576,0.611764705882353,0.5531914893617021,0.6842105263157895
20,70,25,gradient,0.85,0.7898894154818326,75,15.0,15.0,0.08849557522123894,0.06666666666666667,0.13157894736842105,0.24778761061946902,0.18666666666666668,0.3684210526315789,0.5840707964601771,0.44,0.868421052631579
20,70,25,gradient,0.9,0.7898894154818326,75,20.0,20.0,0.07079646017699115,0.05333333333333334,0.10526315789473684,0.12389380530973451,0.09333333333333334,0.18421052631578946,0.4601769911504426,0.3466666666666667,0.6842105263157895
20,70,25,gradient,0.925,0.7898894154818326,86,23.0,23.0,0.016129032258064516,0.011627906976744186,0.02631578947368421,0.06451612903225806,0.046511627906976744,0.10526315789473684,0.45161290322580644,0.32558139534883723,0.7368421052631579
20,70,25,gradient,0.95,0.7898894154818326,59,24.0,24.0,0.020618556701030927,0.01694915254237288,0.02631578947368421,0.08247422680412371,0.06779661016949153,0.10526315789473684,0.35051546391752586,0.288135593220339,0.4473684210526316
20,70,25,gradient,0.975,0.7898894154818326,36,25.0,25.0,0.0,0.0,0.0,0.0,0.0,0.0,0.2972972972972973,0.3055555555555556,0.2894736842105263
20,70,25,gradient,0.99,0.7898894154818326,14,30.5,30.5,0.0,0.0,0.0,0.0,0.0,0.0,0.07692307692307693,0.14285714285714285,0.05263157894736842
20,71,25,gradient,0.5,0.7875255945818239,305,-71.0,71.0,0.0816326530612245,0.04590163934426229,0.3684210526315789,0.13411078717201166,0.07540983606557378,0.6052631578947368,0.18658892128279883,0.10491803278688525,0.8421052631578947
20,71,25,gradient,0.6,0.7875255945818239,232,-64.0,64.0,0.1037037037037037,0.0603448275862069,0.3684210526315789,0.17777777777777778,0.10344827586206896,0.631578947368421,0.22962962962962963,0.1336206896551724,0.8157894736842105
20,71,25,gradient,0.7,0.7875255945818239,126,-53.5,53.5,0.15853658536585363,0.10317460317460317,0.34210526315789475,0.25609756097560976,0.16666666666666666,0.5526315789473685,0.3658536585365853,0.23809523809523808,0.7894736842105263
20,71,25,gradient,0.75,0.7875255945818239,70,0.5,21.5,0.25925925925925924,0.2,0.3684210526315789,0.38888888888888895,0.3,0.5526315789473685,0.5555555555555555,0.42857142857142855,0.7894736842105263
20,71,25,gradient,0.8,0.7875255945818239,51,10.0,14.0,0.24719101123595505,0.21568627450980393,0.2894736842105263,0.40449438202247195,0.35294117647058826,0.47368421052631576,0.6067415730337078,0.5294117647058824,0.7105263157894737
20,71,25,gradient,0.85,0.7875255945818239,58,15.0,15.0,0.08333333333333333,0.06896551724137931,0.10526315789473684,0.25,0.20689655172413793,0.3157894736842105,0.5208333333333334,0.43103448275862066,0.6578947368421053
20,71,25,gradient,0.9,0.7875255945818239,80,20.5,20.5,0.03389830508474576,0.025,0.05263157894736842,0.11864406779661016,0.0875,0.18421052631578946,0.42372881355932207,0.3125,0.6578947368421053
20,71,25,gradient,0.925,0.7875255945818239,70,20.0,20.0,0.018518518518518517,0.014285714285714285,0.02631578947368421,0.05555555555555556,0.04285714285714286,0.07894736842105263,0.4444444444444445,0.34285714285714286,0.631578947368421
20,71,25,gradient,0.95,0.7875255945818239,53,26.0,26.0,0.0,0.0,0.0,0.0,0.0,0.0,0.3516483516483517,0.3018867924528302,0.42105263157894735
20,71,25,gradient,0.975,0.7875255945818239,33,27.0,27.0,0.0,0.0,0.0,0.0,0.0,0.0,0.1971830985915493,0.21212121212121213,0.18421052631578946
20,71,25,gradient,0.99,0.7875255945818239,23,27.0,27.0,0.0,0.0,0.0,0.0,0.0,0.0,0.16393442622950818,0.21739130434782608,0.13157894736842105
20,72,25,gradient,0.5,0.785175879396985,322,-70.0,70.0,0.07222222222222222,0.040372670807453416,0.34210526315789475,0.1111111111111111,0.062111801242236024,0.5263157894736842,0.18333333333333332,0.10248447204968944,0.868421052631579
20,72,25,gradient,0.6,0.785175879396985,217,-61.0,61.0,0.0784313725490196,0.04608294930875576,0.2631578947368421,0.1411764705882353,0.08294930875576037,0.47368421052631576,0.24313725490196075,0.14285714285714285,0.8157894736842105
20,72,25,gradient,0.7,0.785175879396985,103,-31.0,32.0,0.14184397163120566,0.0970873786407767,0.2631578947368421,0.24113475177304966,0.1650485436893204,0.4473684210526316,0.36879432624113473,0.2524271844660194,0.6842105263157895
20,72,25,gradient,0.75,0.785175879396985,74,1.5,22.5,0.25,0.1891891891891892,0.3684210526315789,0.375,0.28378378378378377,0.5526315789473685,0.4642857142857143,0.35135135135135137,0.6842105263157895
20,72,25,gradient,0.8,0.785175879396985,56,8.0,13.5,0.2553191489361702,0.21428571428571427,0.3157894736842105,0.3829787234042553,0.32142857142857145,0.47368421052631576,0.5106382978723404,0.42857142857142855,0.631578947368421
20,72,25,gradient,0.85,0.785175879396985,81,20.0,20.0,0.11764705882352942,0.08641975308641975,0.18421052631578946,0.2184873949579832,0.16049382716049382,0.34210526315789475,0.4369747899159664,0.32098765432098764,0.6842105263157895
20,72,25,gradient,0.9,0.785175879396985,87,20.0,20.0,0.048,0.034482758620689655,0.07894736842105263,0.128,0.09195402298850575,0.21052631578947367,0.448,0.3218390804597701,0.7368421052631579
20,72,25,gradient,0.925,0.785175879396985,70,23.5,23.5,0.018518518518518517,0.014285714285714285,0.02631578947368421,0.07407407407407407,0.05714285714285714,0.10526315789473684,0.40740740740740744,0.3142857142857143,0.5789473684210527
20,72,25,gradient,0.95,0.785175879396985,41,26.0,26.0,0.0,0.0,0.0,0.05063291139240506,0.04878048780487805,0.05263157894736842,0.32911392405063294,0.3170731707317073,0.34210526315789475
20,72,25,gradient,0.975,0.785175879396985,36,25.0,25.0,0.0,0.0,0.0,0.02702702702702703,0.027777777777777776,0.02631578947368421,0.24324324324324326,0.25,0.23684210526315788
20,72,25,gradient,0.99,0.785175879396985,16,27.0,27.0,0.0,0.0,0.0,0.0,0.0,0.0,0.14814814814814814,0.25,0.10526315789473684
20,73,25,gradient,0.5,0.7828401440425865,306,-61.0,61.0,0.09883720930232558,0.05555555555555555,0.4473684210526316,0.12209302325581398,0.06862745098039216,0.5526315789473685,0.19767441860465115,0.1111111111111111,0.8947368421052632
20,73,25,gradient,0.6,0.7828401440425865,230,-53.0,53.0,0.12686567164179105,0.07391304347826087,0.4473684210526316,0.15671641791044774,0.09130434782608696,0.5526315789473685,0.23880597014925373,0.1391304347826087,0.8421052631578947
20,73,25,gradient,0.7,0.7828401440425865,119,-27.0,32.0,0.16560509554140126,0.1092436974789916,0.34210526315789475,0.24203821656050953,0.15966386554621848,0.5,0.40764331210191085,0.2689075630252101,0.8421052631578947
20,73,25,gradient,0.75,0.7828401440425865,81,-4.0,25.0,0.16806722689075632,0.12345679012345678,0.2631578947368421,0.2521008403361344,0.18518518518518517,0.39473684210526316,0.5210084033613445,0.38271604938271603,0.8157894736842105
20,73,25,gradient,0.8,0.7828401440425865,60,11.5,11.5,0.24489795918367346,0.2,0.3157894736842105,0.3673469387755102,0.3,0.47368421052631576,0.5918367346938777,0.48333333333333334,0.7631578947368421
20,73,25,gradient,0.85,0.7828401440425865,68,18.5,18.5,0.056603773584905655,0.04411764705882353,0.07894736842105263,0.1320754716981132,0.10294117647058823,0.18421052631578946,0.5471698113207547,0.4264705882352941,0.7631578947368421
20,73,25,gradient,0.9,0.7828401440425865,85,24.0,24.0,0.016260162601626015,0.011764705882352941,0.02631578947368421,0.11382113821138211,0.08235294117647059,0.18421052631578946,0.3577235772357724,0.25882352941176473,0.5789473684210527
20,73,25,gradient,0.925,0.7828401440425865,88,25.0,25.0,0.0,0.0,0.0,0.07936507936507936,0.056818181818181816,0.13157894736842105,0.38095238095238093,0.2727272727272727,0.631578947368421
20,73,25,gradient,0.95,0.7828401440425865,63,25.0,25.0,0.0,0.0,0.0,0.07920792079207921,0.06349206349206349,0.10526315789473684,0.39603960396039606,0.31746031746031744,0.5263157894736842
20,73,25,gradient,0.975,0.7828401440425865,24,26.5,26.5,0.0,0.0,0.0,0.0,0.0,0.0,0.22580645161290325,0.2916666666666667,0.18421052631578946
20,73,25,gradient,0.99,0.7828401440425865,14,24.0,24.0,0.0,0.0,0.0,0.0,0.0,0.0,0.15384615384615385,0.2857142857142857,0.10526315789473684
20,74,25,gradient,0.5,0.7805182641273806,325,-58.0,58.0,0.06611570247933884,0.036923076923076927,0.3157894736842105,0.1322314049586777,0.07384615384615385,0.631578947368421,0.1983471074380165,0.11076923076923077,0.9473684210526315
20,74,25,gradient,0.6,0.7805182641273806,224,-54.0,54.0,0.08396946564885496,0.049107142857142856,0.2894736842105263,0.1450381679389313,0.08482142857142858,0.5,0.24427480916030536,0.14285714285714285,0.8421052631578947
20,74,25,gradient,0.7,0.7805182641273806,122,-40.5,40.5,0.1625,0.10655737704918032,0.34210526315789475,0.2625,0.1721311475409836,0.5526315789473685,0.3875,0.2540983606557377,0.8157894736842105
20,74,25,gradient,0.75,0.7805182641273806,70,0.0,25.5,0.14814814814814814,0.11428571428571428,0.21052631578947367,0.2962962962962963,0.22857142857142856,0.42105263157894735,0.5,0.38571428571428573,0.7105263157894737
20,74,25,gradient,0.8,0.7805182641273806,77,12.0,17.0,0.19130434782608693,0.14285714285714285,0.2894736842105263,0.2782608695652174,0.2077922077922078,0.42105263157894735,0.48695652173913045,0.36363636363636365,0.7368421052631579
20,74,25,gradient,0.85,0.7805182641273806,70,20.0,22.5,0.05555555555555556,0.04285714285714286,0.07894736842105263,0.11111111111111112,0.08571428571428572,0.15789473684210525,0.5370370370370371,0.4142857142857143,0.7631578947368421
20,74,25,gradient,0.9,0.7805182641273806,72,23.5,24.0,0.05454545454545455,0.041666666666666664,0.07894736842105263,0.09090909090909091,0.06944444444444445,0.13157894736842105,0.3818181818181819,0.2916666666666667,0.5526315789473685
20,74,25,gradient,0.925,0.7805182641273806,80,23.5,23.5,0.03389830508474576,0.025,0.05263157894736842,0.0847457627118644,0.0625,0.13157894736842105,0.38983050847457623,0.2875,0.6052631578947368
20,74,25,gradient,0.95,0.7805182641273806,69,25.0,25.0,0.018691588785046728,0.014492753623188406,0.02631578947368421,0.056074766355140186,0.043478260869565216,0.07894736842105263,0.37383177570093457,0.2898550724637681,0.5263157894736842
20,74,25,gradient,0.975,0.7805182641273806,35,26.0,26.0,0.0,0.0,0.0,0.027397260273972605,0.02857142857142857,0.02631578947368421,0.273972602739726,0.2857142857142857,0.2631578947368421
20,74,25,gradient,0.99,0.7805182641273806,17,26.0,26.0,0.0,0.0,0.0,0.0,0.0,0.0,0.1818181818181818,0.29411764705882354,0.13157894736842105
20,75,25,gradient,0.5,0.7782101167315175,278,-62.0,62.0,0.08227848101265824,0.046762589928057555,0.34210526315789475,0.13924050632911392,0.07913669064748201,0.5789473684210527,0.189873417721519,0.1079136690647482,0.7894736842105263
20,75,25,gradient,0.6,0.7782101167315175,211,-52.0,52.0,0.0963855421686747,0.05687203791469194,0.3157894736842105,0.18473895582329317,0.10900473933649289,0.6052631578947368,0.25702811244979923,0.15165876777251186,0.8421052631578947
20,75,25,gradient,0.7,0.7782101167315175,138,-50.5,50.5,0.1590909090909091,0.10144927536231885,0.3684210526315789,0.24999999999999997,0.15942028985507245,0.5789473684210527,0.3295454545454546,0.21014492753623187,0.7631578947368421
20,75,25,gradient,0.75,0.7782101167315175,76,2.0,15.5,0.24561403508771928,0.18421052631578946,0.3684210526315789,0.35087719298245607,0.2631578947368421,0.5263157894736842,0.5263157894736843,0.39473684210526316,0.7894736842105263
20,75,25,gradient,0.8,0.7782101167315175,58,14.0,15.0,0.14583333333333334,0.1206896551724138,0.18421052631578946,0.3125,0.25862068965517243,0.39473684210526316,0.5625,0.46551724137931033,0.7105263157894737
20,75,25,gradient,0.85,0.7782101167315175,81,22.0,22.0,0.08403361344537816,0.06172839506172839,0.13157894736842105,0.2184873949579832,0.16049382716049382,0.34210526315789475,0.5042016806722688,0.37037037037037035,0.7894736842105263
20,75,25,gradient,0.9,0.7782101167315175,103,21.0,21.0,0.014184397163120569,0.009708737864077669,0.02631578947368421,0.12765957446808512,0.08737864077669903,0.23684210526315788,0.4539007092198582,0.3106796116504854,0.8421052631578947
20,75,25,gradient,0.925,0.7782101167315175,77,22.0,22.0,0.034782608695652174,0.025974025974025976,0.05263157894736842,0.06956521739130435,0.05194805194805195,0.10526315789473684,0.46956521739130436,0.35064935064935066,0.7105263157894737
20,75,25,gradient,0.95,0.7782101167315175,49,20.0,20.0,0.022988505747126436,0.02040816326530612,0.02631578947368421,0.022988505747126436,0.02040816326530612,0.02631578947368421,0.39080459770114945,0.3469387755102041,0.4473684210526316
20,75,25,gradient,0.975,0.7782101167315175,37,23.0,23.0,0.0,0.0,0.0,0.0,0.0,0.0,0.23999999999999996,0.24324324324324326,0.23684210526315788
20,75,25,gradient,0.99,0.7782101167315175,22,26.0,26.0,0.0,0.0,0.0,0.0,0.0,0.0,0.19999999999999998,0.2727272727272727,0.15789473684210525
20,76,25,gradient,0.5,0.7759155803848541,298,-78.5,78.5,0.05952380952380952,0.03355704697986577,0.2631578947368421,0.07738095238095238,0.0436241610738255,0.34210526315789475,0.1607142857142857,0.09060402684563758,0.7105263157894737
20,76,25,gradient,0.6,0.7759155803848541,225,-51.0,51.0,0.08365019011406845,0.04888888888888889,0.2894736842105263,0.12927756653992395,0.07555555555555556,0.4473684210526316,0.22813688212927755,0.13333333333333333,0.7894736842105263
20,76,25,gradient,0.7,0.7759155803848541,125,-42.0,42.0,0.09815950920245399,0.064,0.21052631578947367,0.13496932515337423,0.088,0.2894736842105263,0.294478527607362,0.192,0.631578947368421
20,76,25,gradient,0.75,0.7759155803848541,74,-2.5,26.5,0.14285714285714288,0.10810810810810811,0.21052631578947367,0.21428571428571427,0.16216216216216217,0.3157894736842105,0.44642857142857145,0.33783783783783783,0.6578947368421053
20,76,25,gradient,0.8,0.7759155803848541,57,16.0,17.0,0.16842105263157894,0.14035087719298245,0.21052631578947367,0.3157894736842105,0.2631578947368421,0.39473684210526316,0.5894736842105264,0.49122807017543857,0.7368421052631579
20,76,25,gradient,0.85,0.7759155803848541,80,19.0,19.0,0.11864406779661016,0.0875,0.18421052631578946,0.22033898305084745,0.1625,0.34210526315789475,0.47457627118644063,0.35,0.7368421052631579
20,76,25,gradient,0.9,0.7759155803848541,95,21.0,21.0,0.06015037593984962,0.042105263157894736,0.10526315789473684,0.13533834586466167,0.09473684210526316,0.23684210526315788,0.40601503759398494,0.28421052631578947,0.7105263157894737
20,76,25,gradient,0.925,0.7759155803848541,82,23.0,23.0,0.03333333333333333,0.024390243902439025,0.05263157894736842,0.13333333333333333,0.0975609756097561,0.21052631578947367,0.35,0.25609756097560976,0.5526315789473685
20,76,25,gradient,0.95,0.7759155803848541,62,25.0,25.0,0.039999999999999994,0.03225806451612903,0.05263157894736842,0.039999999999999994,0.03225806451612903,0.05263157894736842,0.38,0.3064516129032258,0.5
20,76,25,gradient,0.975,0.7759155803848541,38,26.0,26.0,0.0,0.0,0.0,0.0,0.0,0.0,0.2894736842105263,0.2894736842105263,0.2894736842105263
20,76,25,gradient,0.99,0.7759155803848541,18,23.5,23.5,0.0,0.0,0.0,0.0,0.0,0.0,0.14285714285714285,0.2222222222222222,0.10526315789473684
20,77,25,gradient,0.5,0.7736345350456444,264,-73.5,73.5,0.06622516556291391,0.03787878787878788,0.2631578947368421,0.11920529801324502,0.06818181818181818,0.47368421052631576,0.17880794701986755,0.10227272727272728,0.7105263157894737
20,77,25,gradient,0.6,0.7736345350456444,211,-58.0,58.0,0.0963855421686747,0.05687203791469194,0.3157894736842105,0.16867469879518074,0.0995260663507109,0.5526315789473685,0.21686746987951808,0.12796208530805686,0.7105263157894737
20,77,25,gradient,0.7,0.7736345350456444,124,-32.0,36.5,0.1111111111111111,0.07258064516129033,0.23684210526315788,0.2222222222222222,0.14516129032258066,0.47368421052631576,0.3209876543209877,0.20967741935483872,0.6842105263157895
20,77,25,gradient,0.75,0.7736345350456444,84,1.0,17.5,0.18032786885245905,0.13095238095238096,0.2894736842105263,0.3278688524590164,0.23809523809523808,0.5263157894736842,0.40983606557377045,0.2976190476190476,0.6578947368421053
20,77,25,gradient,0.8,0.7736345350456444,61,17.0,17.0,0.18181818181818182,0.14754098360655737,0.23684210526315788,0.30303030303030304,0.2459016393442623,0.39473684210526316,0.4444444444444445,0.36065573770491804,0.5789473684210527
20,77,25,gradient,0.85,0.7736345350456444,80,18.0,18.0,0.11864406779661016,0.0875,0.18421052631578946,0.2542372881355932,0.1875,0.39473684210526316,0.45762711864406774,0.3375,0.7105263157894737
20,77,25,gradient,0.9,0.7736345350456444,79,23.0,23.0,0.017094017094017092,0.012658227848101266,0.02631578947368421,0.05128205128205128,0.0379746835443038,0.07894736842105263,0.39316239316239315,0.2911392405063291,0.6052631578947368
20,77,25,gradient,0.925,0.7736345350456444,79,24.0,24.0,0.017094017094017092,0.012658227848101266,0.02631578947368421,0.05128205128205128,0.0379746835443038,0.07894736842105263,0.39316239316239315,0.2911392405063291,0.6052631578947368
20,77,25,gradient,0.95,0.7736345350456444,65,27.0,27.0,0.019417475728155338,0.015384615384615385,0.02631578947368421,0.019417475728155338,0.015384615384615385,0.02631578947368421,0.2524271844660194,0.2,0.34210526315789475
20,77,25,gradient,0.975,0.7736345350456444,38,29.0,29.0,0.0,0.0,0.0,0.0,0.0,0.0,0.18421052631578946,0.18421052631578946,0.18421052631578946
20,77,25,gradient,0.99,0.7736345350456444,21,28.0,28.0,0.0,0.0,0.0,0.0,0.0,0.0,0.1694915254237288,0.23809523809523808,0.13157894736842105
20,78,25,gradient,0.5,0.771366862079605,276,-60.0,60.0,0.07643312101910829,0.043478260869565216,0.3157894736842105,0.1337579617834395,0.07608695652173914,0.5526315789473685,0.20382165605095542,0.11594202898550725,0.8421052631578947
20,78,25,gradient,0.6,0.771366862079605,205,-56.0,56.0,0.0823045267489712,0.04878048780487805,0.2631578947368421,0.13991769547325103,0.08292682926829269,0.4473684210526316,0.2551440329218107,0.15121951219512195,0.8157894736842105
20,78,25,gradient,0.7,0.771366862079605,138,-48.5,48.5,0.12499999999999999,0.07971014492753623,0.2894736842105263,0.20454545454545456,0.13043478260869565,0.47368421052631576,0.3295454545454546,0.21014492753623187,0.7631578947368421
20,78,25,gradient,0.75,0.771366862079605,83,-2.0,29.0,0.09917355371900825,0.07228915662650602,0.15789473684210525,0.2644628099173554,0.1927710843373494,0.42105263157894735,0.4793388429752066,0.3493975903614458,0.7631578947368421
20,78,25,gradient,0.8,0.771366862079605,57,15.0,16.0,0.10526315789473684,0.08771929824561403,0.13157894736842105,0.2736842105263158,0.22807017543859648,0.34210526315789475,0.5684210526315789,0.47368421052631576,0.7105263157894737
20,78,25,gradient,0.85,0.771366862079605,92,21.0,21.0,0.04615384615384615,0.03260869565217391,0.07894736842105263,0.19999999999999998,0.14130434782608695,0.34210526315789475,0.46153846153846156,0.32608695652173914,0.7894736842105263
20,78,25,gradient,0.9,0.771366862079605,92,22.0,22.0,0.04615384615384615,0.03260869565217391,0.07894736842105263,0.12307692307692308,0.08695652173913043,0.21052631578947367,0.46153846153846156,0.32608695652173914,0.7894736842105263
20,78,25,gradient,0.925,0.771366862079605,76,23.0,23.0,0.017543859649122806,0.013157894736842105,0.02631578947368421,0.08771929824561402,0.06578947368421052,0.13157894736842105,0.42105263157894735,0.3157894736842105,0.631578947368421
20,78,25,gradient,0.95,0.771366862079605,66,26.0,26.0,0.0,0.0,0.0,0.038461538461538464,0.030303030303030304,0.05263157894736842,0.32692307692307687,0.25757575757575757,0.4473684210526316
20,78,25,gradient,0.975,0.771366862079605,46,26.0,26.0,0.0,0.0,0.0,0.04761904761904762,0.043478260869565216,0.05263157894736842,0.28571428571428575,0.2608695652173913,0.3157894736842105
20,78,25,gradient,0.99,0.771366862079605,16,25.5,25.5,0.0,0.0,0.0,0.0,0.0,0.0,0.18518518518518517,0.3125,0.13157894736842105
20,79,25,gradient,0.5,0.7691124442393478,318,-64.5,64.5,0.05056179775280899,0.02830188679245283,0.23684210526315788,0.08426966292134833,0.04716981132075472,0.39473684210526316,0.17415730337078653,0.09748427672955975,0.8157894736842105
20,79,25,gradient,0.6,0.7691124442393478,231,-63.0,63.0,0.08921933085501858,0.05194805194805195,0.3157894736842105,0.12639405204460968,0.0735930735930736,0.4473684210526316,0.23048327137546468,0.1341991341991342,0.8157894736842105
20,79,25,gradient,0.7,0.7691124442393478,120,-25.5,38.0,0.12658227848101267,0.08333333333333333,0.2631578947368421,0.189873417721519,0.125,0.39473684210526316,0.3924050632911392,0.25833333333333336,0.8157894736842105
20,79,25,gradient,0.75,0.7691124442393478,87,0.0,23.0,0.16,0.11494252873563218,0.2631578947368421,0.288,0.20689655172413793,0.47368421052631576,0.496,0.3563218390804598,0.8157894736842105
20,79,25,gradient,0.8,0.7691124442393478,65,15.0,20.0,0.11650485436893204,0.09230769230769231,0.15789473684210525,0.2718446601941748,0.2153846153846154,0.3684210526315789,0.5436893203883496,0.4307692307692308,0.7368421052631579
20,79,25,gradient,0.85,0.7691124442393478,70,20.0,20.0,0.037037037037037035,0.02857142857142857,0.05263157894736842,0.18518518518518517,0.14285714285714285,0.2631578947368421,0.4814814814814815,0.37142857142857144,0.6842105263157895
20,79,25,gradient,0.9,0.7691124442393478,80,23.0,24.0,0.01694915254237288,0.0125,0.02631578947368421,0.05084745762711864,0.0375,0.07894736842105263,0.42372881355932207,0.3125,0.6578947368421053
20,79,25,gradient,0.925,0.7691124442393478,81,26.0,26.0,0.01680672268907563,0.012345679012345678,0.02631578947368421,0.05042016806722689,0.037037037037037035,0.07894736842105263,0.36974789915966383,0.2716049382716049,0.5789473684210527
20,79,25,gradient,0.95,0.7691124442393478,61,26.0,26.0,0.0,0.0,0.0,0.0202020202020202,0.01639344262295082,0.02631578947368421,0.2828282828282828,0.22950819672131148,0.3684210526315789
20,79,25,gradient,0.975,0.7691124442393478,32,26.5,26.5,0.0,0.0,0.0,0.02857142857142857,0.03125,0.02631578947368421,0.22857142857142856,0.25,0.21052631578947367
20,79,25,gradient,0.99,0.7691124442393478,16,29.5,29.5,0.0,0.0,0.0,0.037037037037037035,0.0625,0.02631578947368421,0.11111111111111109,0.1875,0.07894736842105263
20,80,25,gradient,0.5,0.7668711656441718,317,-64.0,64.0,0.05070422535211268,0.028391167192429023,0.23684210526315788,0.08450704225352113,0.0473186119873817,0.39473684210526316,0.16338028169014085,0.0914826498422713,0.7631578947368421
20,80,25,gradient,0.6,0.7668711656441718,205,-66.0,66.0,0.07407407407407407,0.04390243902439024,0.23684210526315788,0.12345679012345678,0.07317073170731707,0.39473684210526316,0.19753086419753088,0.11707317073170732,0.631578947368421
20,80,25,gradient,0.7,0.7668711656441718,97,-26.0,36.0,0.14814814814814814,0.10309278350515463,0.2631578947368421,0.2518518518518518,0.17525773195876287,0.4473684210526316,0.3851851851851852,0.26804123711340205,0.6842105263157895
20,80,25,gradient,0.75,0.7668711656441718,82,3.5,16.5,0.18333333333333332,0.13414634146341464,0.2894736842105263,0.3,0.21951219512195122,0.47368421052631576,0.43333333333333335,0.3170731707317073,0.6842105263157895
20,80,25,gradient,0.8,0.7668711656441718,69,15.0,15.0,0.16822429906542055,0.13043478260869565,0.23684210526315788,0.3177570093457944,0.2463768115942029,0.4473684210526316,0.5046728971962617,0.391304347826087,0.7105263157894737
20,80,25,gradient,0.85,0.7668711656441718,89,26.0,26.0,0.07874015748031496,0.056179775280898875,0.13157894736842105,0.15748031496062992,0.11235955056179775,0.2631578947368421,0.4409448818897637,0.3146067415730337,0.7368421052631579
20,80,25,gradient,0.9,0.7668711656441718,84,23.0,23.0,0.01639344262295082,0.011904761904761904,0.02631578947368421,0.06557377049180328,0.047619047619047616,0.10526315789473684,0.40983606557377045,0.2976190476190476,0.6578947368421053
20,80,25,gradient,0.925,0.7668711656441718,75,23.0,23.0,0.017699115044247787,0.013333333333333334,0.02631578947368421,0.05309734513274336,0.04,0.07894736842105263,0.4247787610619469,0.32,0.631578947368421
20,80,25,gradient,0.95,0.7668711656441718,75,26.0,26.0,0.0,0.0,0.0,0.035398230088495575,0.02666666666666667,0.05263157894736842,0.33628318584070793,0.25333333333333335,0.5
20,80,25,gradient,0.975,0.7668711656441718,40,29.0,29.0,0.0,0.0,0.0,0.0,0.0,0.0,0.28205128205128205,0.275,0.2894736842105263
20,80,25,gradient,0.99,0.7668711656441718,19,30.0,30.0,0.0,0.0,0.0,0.0,0.0,0.0,0.17543859649122803,0.2631578947368421,0.13157894736842105
20,81,25,gradient,0.5,0.764642911760208,294,-67.0,67.0,0.03012048192771085,0.017006802721088437,0.13157894736842105,0.07228915662650602,0.04081632653061224,0.3157894736842105,0.18674698795180725,0.1054421768707483,0.8157894736842105
20,81,25,gradient,0.6,0.764642911760208,220,-57.0,57.0,0.07751937984496124,0.045454545454545456,0.2631578947368421,0.13178294573643412,0.07727272727272727,0.4473684210526316,0.22480620155038758,0.1318181818181818,0.7631578947368421
20,81,25,gradient,0.7,0.764642911760208,119,-36.0,39.0,0.07643312101910829,0.05042016806722689,0.15789473684210525,0.11464968152866241,0.07563025210084033,0.23684210526315788,0.29299363057324845,0.19327731092436976,0.6052631578947368
20,81,25,gradient,0.75,0.764642911760208,94,-3.5,27.0,0.16666666666666666,0.11702127659574468,0.2894736842105263,0.24242424242424243,0.1702127659574468,0.42105263157894735,0.4393939393939394,0.30851063829787234,0.7631578947368421
20,81,25,gradient,0.8,0.764642911760208,71,15.0,18.0,0.12844036697247704,0.09859154929577464,0.18421052631578946,0.2752293577981651,0.2112676056338028,0.39473684210526316,0.5137614678899082,0.39436619718309857,0.7368421052631579
20,81,25,gradient,0.85,0.764642911760208,71,22.0,22.0,0.05504587155963303,0.04225352112676056,0.07894736842105263,0.20183486238532108,0.15492957746478872,0.2894736842105263,0.4954128440366972,0.38028169014084506,0.7105263157894737
20,81,25,gradient,0.9,0.764642911760208,83,27.0,27.0,0.0,0.0,0.0,0.03305785123966942,0.024096385542168676,0.05263157894736842,0.38016528925619836,0.27710843373493976,0.6052631578947368
20,81,25,gradient,0.925,0.764642911760208,78,30.0,30.0,0.0,0.0,0.0,0.01724137931034483,0.01282051282051282,0.02631578947368421,0.3275862068965517,0.24358974358974358,0.5
20,81,25,gradient,0.95,0.764642911760208,76,28.0,28.0,0.0,0.0,0.0,0.017543859649122806,0.013157894736842105,0.02631578947368421,0.26315789473684215,0.19736842105263158,0.39473684210526316
20,81,25,gradient,0.975,0.764642911760208,42,29.0,29.0,0.0,0.0,0.0,0.025,0.023809523809523808,0.02631578947368421,0.2,0.19047619047619047,0.21052631578947367
20,81,25,gradient,0.99,0.764642911760208,15,35.0,35.0,0.0,0.0,0.0,0.0,0.0,0.0,0.07547169811320754,0.13333333333333333,0.05263157894736842
20,82,25,gradient,0.5,0.7624275693809088,257,-58.0,58.0,0.09491525423728814,0.054474708171206226,0.3684210526315789,0.13559322033898302,0.07782101167315175,0.5263157894736842,0.1966101694915254,0.11284046692607004,0.7631578947368421
20,82,25,gradient,0.6,0.7624275693809088,195,-44.0,44.0,0.11158798283261803,0.06666666666666667,0.34210526315789475,0.1630901287553648,0.09743589743589744,0.5,0.24034334763948492,0.14358974358974358,0.7368421052631579
20,82,25,gradient,0.7,0.7624275693809088,114,-24.5,33.5,0.18421052631578946,0.12280701754385964,0.3684210526315789,0.3026315789473684,0.20175438596491227,0.6052631578947368,0.39473684210526316,0.2631578947368421,0.7894736842105263
20,82,25,gradient,0.75,0.7624275693809088,86,4.0,22.0,0.1774193548387097,0.12790697674418605,0.2894736842105263,0.3548387096774194,0.2558139534883721,0.5789473684210527,0.5,0.36046511627906974,0.8157894736842105
20,82,25,gradient,0.8,0.7624275693809088,85,15.0,16.0,0.19512195121951217,0.1411764705882353,0.3157894736842105,0.3252032520325203,0.23529411764705882,0.5263157894736842,0.5040650406504065,0.36470588235294116,0.8157894736842105
20,82,25,gradient,0.85,0.7624275693809088,121,22.0,22.0,0.11320754716981131,0.0743801652892562,0.23684210526315788,0.2138364779874214,0.14049586776859505,0.4473684210526316,0.389937106918239,0.256198347107438,0.8157894736842105
20,82,25,gradient,0.9,0.7624275693809088,90,24.0,24.0,0.0,0.0,0.0,0.125,0.08888888888888889,0.21052631578947367,0.40625,0.28888888888888886,0.6842105263157895
20,82,25,gradient,0.925,0.7624275693809088,89,28.0,28.0,0.0,0.0,0.0,0.07874015748031496,0.056179775280898875,0.13157894736842105,0.31496062992125984,0.2247191011235955,0.5263157894736842
20,82,25,gradient,0.95,0.7624275693809088,72,27.0,27.0,0.0,0.0,0.0,0.09090909090909091,0.06944444444444445,0.13157894736842105,0.3090909090909091,0.2361111111111111,0.4473684210526316
20,82,25,gradient,0.975,0.7624275693809088,40,27.0,27.0,0.0,0.0,0.0,0.02564102564102564,0.025,0.02631578947368421,0.20512820512820512,0.2,0.21052631578947367
20,82,25,gradient,0.99,0.7624275693809088,16,22.0,22.0,0.0,0.0,0.0,0.0,0.0,0.0,0.18518518518518517,0.3125,0.13157894736842105
20,83,25,gradient,0.5,0.7602250266078759,281,-60.0,60.0,0.06896551724137931,0.03914590747330961,0.2894736842105263,0.13793103448275862,0.07829181494661921,0.5789473684210527,0.1943573667711599,0.1103202846975089,0.8157894736842105
20,83,25,gradient,0.6,0.7602250266078759,214,-48.0,48.0,0.09523809523809525,0.056074766355140186,0.3157894736842105,0.18253968253968256,0.10747663551401869,0.6052631578947368,0.24603174603174602,0.14485981308411214,0.8157894736842105
20,83,25,gradient,0.7,0.7602250266078759,116,-27.0,36.0,0.11688311688311688,0.07758620689655173,0.23684210526315788,0.24675324675324678,0.16379310344827586,0.5,0.3766233766233767,0.25,0.7631578947368421
20,83,25,gradient,0.75,0.7602250266078759,78,6.0,25.0,0.17241379310344826,0.1282051282051282,0.2631578947368421,0.3448275862068965,0.2564102564102564,0.5263157894736842,0.4655172413793104,0.34615384615384615,0.7105263157894737
20,83,25,gradient,0.8,0.7602250266078759,70,16.5,17.5,0.14814814814814814,0.11428571428571428,0.21052631578947367,0.3333333333333333,0.2571428571428571,0.47368421052631576,0.5185185185185185,0.4,0.7368421052631579
20,83,25,gradient,0.85,0.7602250266078759,88,22.0,22.0,0.09523809523809523,0.06818181818181818,0.15789473684210525,0.2380952380952381,0.17045454545454544,0.39473684210526316,0.4603174603174603,0.32954545454545453,0.7631578947368421
20,83,25,gradient,0.9,0.7602250266078759,70,24.0,24.0,0.037037037037037035,0.02857142857142857,0.05263157894736842,0.20370370370370372,0.15714285714285714,0.2894736842105263,0.4259259259259259,0.32857142857142857,0.6052631578947368
20,83,25,gradient,0.925,0.7602250266078759,73,26.0,26.0,0.0,0.0,0.0,0.09009009009009009,0.0684931506849315,0.13157894736842105,0.37837837837837845,0.2876712328767123,0.5526315789473685
20,83,25,gradient,0.95,0.7602250266078759,58,28.0,28.0,0.0,0.0,0.0,0.041666666666666664,0.034482758620689655,0.05263157894736842,0.25,0.20689655172413793,0.3157894736842105
20,83,25,gradient,0.975,0.7602250266078759,39,28.0,28.0,0.0,0.0,0.0,0.0,0.0,0.0,0.2077922077922078,0.20512820512820512,0.21052631578947367
20,83,25,gradient,0.99,0.7602250266078759,10,32.0,32.0,0.0,0.0,0.0,0.0,0.0,0.0,0.041666666666666664,0.1,0.02631578947368421
20,84,25,gradient,0.5,0.7580351728320194,286,-60.0,60.0,0.05555555555555556,0.03146853146853147,0.23684210526315788,0.10493827160493828,0.05944055944055944,0.4473684210526316,0.17901234567901234,0.10139860139860139,0.7631578947368421
20,84,25,gradient,0.6,0.7580351728320194,230,-53.0,53.0,0.09701492537313433,0.05652173913043478,0.34210526315789475,0.12686567164179105,0.07391304347826087,0.4473684210526316,0.23134328358208955,0.13478260869565217,0.8157894736842105
20,84,25,gradient,0.7,0.7580351728320194,146,-57.0,57.0,0.13043478260869565,0.0821917808219178,0.3157894736842105,0.1956521739130435,0.1232876712328767,0.47368421052631576,0.31521739130434784,0.19863013698630136,0.7631578947368421
20,84,25,gradient,0.75,0.7580351728320194,97,-3.0,30.0,0.16296296296296298,0.1134020618556701,0.2894736842105263,0.26666666666666666,0.18556701030927836,0.47368421052631576,0.4296296296296297,0.29896907216494845,0.7631578947368421
20,84,25,gradient,0.8,0.7580351728320194,74,15.0,19.0,0.125,0.0945945945945946,0.18421052631578946,0.23214285714285715,0.17567567567567569,0.34210526315789475,0.5178571428571428,0.3918918918918919,0.7631578947368421
20,84,25,gradient,0.85,0.7580351728320194,96,23.0,24.0,0.04477611940298507,0.03125,0.07894736842105263,0.13432835820895525,0.09375,0.23684210526315788,0.4626865671641791,0.3229166666666667,0.8157894736842105
20,84,25,gradient,0.9,0.7580351728320194,86,28.0,29.0,0.03225806451612903,0.023255813953488372,0.05263157894736842,0.08064516129032258,0.05813953488372093,0.13157894736842105,0.3709677419354839,0.26744186046511625,0.6052631578947368
20,84,25,gradient,0.925,0.7580351728320194,71,29.0,29.0,0.018348623853211007,0.014084507042253521,0.02631578947368421,0.07339449541284403,0.056338028169014086,0.10526315789473684,0.2935779816513761,0.22535211267605634,0.42105263157894735
20,84,25,gradient,0.95,0.7580351728320194,53,28.0,28.0,0.0,0.0,0.0,0.06593406593406592,0.05660377358490566,0.07894736842105263,0.21978021978021978,0.18867924528301888,0.2631578947368421
20,84,25,gradient,0.975,0.7580351728320194,32,28.0,28.0,0.0,0.0,0.0,0.0,0.0,0.0,0.2571428571428571,0.28125,0.23684210526315788
20,84,25,gradient,0.99,0.7580351728320194,14,28.5,28.5,0.0,0.0,0.0,0.0,0.0,0.0,0.11538461538461539,0.21428571428571427,0.07894736842105263
20,85,25,gradient,0.5,0.7558578987150416,258,-68.0,68.0,0.07432432432432431,0.04263565891472868,0.2894736842105263,0.1081081081081081,0.06201550387596899,0.42105263157894735,0.1891891891891892,0.10852713178294573,0.7368421052631579
20,85,25,gradient,0.6,0.7558578987150416,235,-64.0,64.0,0.10256410256410256,0.059574468085106386,0.3684210526315789,0.1391941391941392,0.08085106382978724,0.5,0.2271062271062271,0.13191489361702127,0.8157894736842105
20,85,25,gradient,0.7,0.7558578987150416,134,-26.0,36.0,0.12790697674418605,0.08208955223880597,0.2894736842105263,0.19767441860465118,0.12686567164179105,0.4473684210526316,0.3255813953488372,0.208955223880597,0.7368421052631579
20,85,25,gradient,0.75,0.7558578987150416,79,4.0,27.0,0.20512820512820512,0.1518987341772152,0.3157894736842105,0.2905982905982906,0.21518987341772153,0.4473684210526316,0.4615384615384615,0.34177215189873417,0.7105263157894737
20,85,25,gradient,0.8,0.7558578987150416,79,16.0,18.0,0.11965811965811965,0.08860759493670886,0.18421052631578946,0.2393162393162393,0.17721518987341772,0.3684210526315789,0.5128205128205128,0.379746835443038,0.7894736842105263
20,85,25,gradient,0.85,0.7558578987150416,64,20.5,22.0,0.0392156862745098,0.03125,0.05263157894736842,0.0784313725490196,0.0625,0.10526315789473684,0.47058823529411764,0.375,0.631578947368421
20,85,25,gradient,0.9,0.7558578987150416,99,27.0,27.0,0.014598540145985403,0.010101010101010102,0.02631578947368421,0.07299270072992702,0.050505050505050504,0.13157894736842105,0.32116788321167883,0.2222222222222222,0.5789473684210527
20,85,25,gradient,0.925,0.7558578987150416,84,25.0,25.0,0.01639344262295082,0.011904761904761904,0.02631578947368421,0.04918032786885246,0.03571428571428571,0.07894736842105263,0.3442622950819672,0.25,0.5526315789473685
20,85,25,gradient,0.95,0.7558578987150416,64,27.0,27.0,0.0,0.0,0.0,0.0196078431372549,0.015625,0.02631578947368421,0.3333333333333333,0.265625,0.4473684210526316
20,85,25,gradient,0.975,0.7558578987150416,43,30.0,30.0,0.0,0.0,0.0,0.024691358024691357,0.023255813953488372,0.02631578947368421,0.2222222222222222,0.20930232558139536,0.23684210526315788
20,85,25,gradient,0.99,0.7558578987150416,19,32.0,32.0,0.0,0.0,0.0,0.03508771929824561,0.05263157894736842,0.02631578947368421,0.17543859649122803,0.2631578947368421,0.13157894736842105
20,86,25,gradient,0.5,0.7536930961712391,272,-52.0,52.0,0.05806451612903226,0.03308823529411765,0.23684210526315788,0.12258064516129033,0.06985294117647059,0.5,0.2064516129032258,0.11764705882352941,0.8421052631578947
20,86,25,gradient,0.6,0.7536930961712391,207,-58.0,58.0,0.10612244897959185,0.06280193236714976,0.34210526315789475,0.1469387755102041,0.08695652173913043,0.47368421052631576,0.2530612244897959,0.1497584541062802,0.8157894736842105
20,86,25,gradient,0.7,0.7536930961712391,130,-15.0,31.0,0.13095238095238096,0.08461538461538462,0.2894736842105263,0.2142857142857143,0.13846153846153847,0.47368421052631576,0.3452380952380953,0.2230769230769231,0.7631578947368421
20,86,25,gradient,0.75,0.7536930961712391,99,5.0,21.0,0.16058394160583941,0.1111111111111111,0.2894736842105263,0.20437956204379562,0.1414141414141414,0.3684210526315789,0.4233576642335766,0.29292929292929293,0.7631578947368421
20,86,25,gradient,0.8,0.7536930961712391,88,16.5,18.0,0.22222222222222218,0.1590909090909091,0.3684210526315789,0.28571428571428575,0.20454545454545456,0.47368421052631576,0.44444444444444436,0.3181818181818182,0.7368421052631579
20,86,25,gradient,0.85,0.7536930961712391,90,20.0,20.0,0.078125,0.05555555555555555,0.13157894736842105,0.21875,0.15555555555555556,0.3684210526315789,0.484375,0.34444444444444444,0.8157894736842105
20,86,25,gradient,0.9,0.7536930961712391,83,21.0,21.0,0.06611570247933884,0.04819277108433735,0.10526315789473684,0.11570247933884298,0.08433734939759036,0.18421052631578946,0.4297520661157025,0.3132530120481928,0.6842105263157895
20,86,25,gradient,0.925,0.7536930961712391,87,22.0,22.0,0.048,0.034482758620689655,0.07894736842105263,0.08,0.05747126436781609,0.13157894736842105,0.368,0.26436781609195403,0.6052631578947368
20,86,25,gradient,0.95,0.7536930961712391,70,25.0,25.0,0.0,0.0,0.0,0.0,0.0,0.0,0.3148148148148148,0.24285714285714285,0.4473684210526316
20,86,25,gradient,0.975,0.7536930961712391,51,25.0,25.0,0.0,0.0,0.0,0.0,0.0,0.0,0.2921348314606742,0.2549019607843137,0.34210526315789475
20,86,25,gradient,0.99,0.7536930961712391,14,30.5,30.5,0.0,0.0,0.0,0.0,0.0,0.0,0.15384615384615385,0.2857142857142857,0.10526315789473684
20,87,25,gradient,0.5,0.7515406583496167,296,-55.0,55.0,0.04790419161676647,0.02702702702702703,0.21052631578947367,0.12574850299401197,0.07094594594594594,0.5526315789473685,0.19760479041916165,0.11148648648648649,0.868421052631579
20,87,25,gradient,0.6,0.7515406583496167,209,-41.0,41.0,0.05668016194331983,0.03349282296650718,0.18421052631578946,0.15384615384615385,0.09090909090909091,0.5,0.2591093117408907,0.15311004784688995,0.8421052631578947
20,87,25,gradient,0.7,0.7515406583496167,110,-15.5,36.5,0.13513513513513514,0.09090909090909091,0.2631578947368421,0.2162162162162162,0.14545454545454545,0.42105263157894735,0.37837837837837834,0.2545454545454545,0.7368421052631579
20,87,25,gradient,0.75,0.7515406583496167,103,4.0,17.0,0.19858156028368792,0.13592233009708737,0.3684210526315789,0.2978723404255319,0.20388349514563106,0.5526315789473685,0.43971631205673756,0.30097087378640774,0.8157894736842105
20,87,25,gradient,0.8,0.7515406583496167,111,16.0,24.0,0.1342281879194631,0.09009009009009009,0.2631578947368421,0.21476510067114093,0.14414414414414414,0.42105263157894735,0.3758389261744966,0.25225225225225223,0.7368421052631579
20,87,25,gradient,0.85,0.7515406583496167,98,21.5,21.5,0.10294117647058823,0.07142857142857142,0.18421052631578946,0.22058823529411767,0.15306122448979592,0.39473684210526316,0.39705882352941174,0.2755102040816326,0.7105263157894737
20,87,25,gradient,0.9,0.7515406583496167,93,26.0,26.0,0.061068702290076333,0.043010752688172046,0.10526315789473684,0.0916030534351145,0.06451612903225806,0.15789473684210525,0.3053435114503817,0.21505376344086022,0.5263157894736842
20,87,25,gradient,0.925,0.7515406583496167,90,25.0,25.0,0.03125,0.022222222222222223,0.05263157894736842,0.0625,0.044444444444444446,0.10526315789473684,0.3125,0.2222222222222222,0.5263157894736842
20,87,25,gradient,0.95,0.7515406583496167,72,28.0,28.0,0.01818181818181818,0.013888888888888888,0.02631578947368421,0.07272727272727272,0.05555555555555555,0.10526315789473684,0.32727272727272727,0.25,0.47368421052631576
20,87,25,gradient,0.975,0.7515406583496167,40,29.0,29.0,0.0,0.0,0.0,0.05128205128205128,0.05,0.05263157894736842,0.20512820512820512,0.2,0.21052631578947367
20,87,25,gradient,0.99,0.7515406583496167,18,31.5,31.5,0.0,0.0,0.0,0.0,0.0,0.0,0.17857142857142858,0.2777777777777778,0.13157894736842105
20,88,25,gradient,0.5,0.749400479616307,260,-63.5,63.5,0.08053691275167786,0.046153846153846156,0.3157894736842105,0.11409395973154361,0.06538461538461539,0.4473684210526316,0.1677852348993289,0.09615384615384616,0.6578947368421053
20,88,25,gradient,0.6,0.749400479616307,169,-68.0,68.0,0.12560386473429952,0.07692307692307693,0.34210526315789475,0.18357487922705315,0.11242603550295859,0.5,0.24154589371980678,0.14792899408284024,0.6578947368421053
20,88,25,gradient,0.7,0.749400479616307,121,-17.0,32.0,0.18867924528301888,0.12396694214876033,0.39473684210526316,0.26415094339622647,0.17355371900826447,0.5526315789473685,0.3270440251572327,0.21487603305785125,0.6842105263157895
20,88,25,gradient,0.75,0.749400479616307,89,6.0,24.0,0.20472440944881892,0.14606741573033707,0.34210526315789475,0.3464566929133858,0.24719101123595505,0.5789473684210527,0.42519685039370075,0.30337078651685395,0.7105263157894737
20,88,25,gradient,0.8,0.749400479616307,86,17.0,20.0,0.16129032258064516,0.11627906976744186,0.2631578947368421,0.3548387096774194,0.2558139534883721,0.5789473684210527,0.467741935483871,0.3372093023255814,0.7631578947368421
20,88,25,gradient,0.85,0.749400479616307,114,23.0,23.5,0.13157894736842105,0.08771929824561403,0.2631578947368421,0.21052631578947367,0.14035087719298245,0.42105263157894735,0.3684210526315789,0.24561403508771928,0.7368421052631579
20,88,25,gradient,0.9,0.749400479616307,118,22.5,22.5,0.05128205128205128,0.03389830508474576,0.10526315789473684,0.14102564102564105,0.09322033898305085,0.2894736842105263,0.43589743589743596,0.288135593220339,0.8947368421052632
20,88,25,gradient,0.925,0.749400479616307,94,20.5,20.5,0.06060606060606061,0.0425531914893617,0.10526315789473684,0.15151515151515152,0.10638297872340426,0.2631578947368421,0.4393939393939394,0.30851063829787234,0.7631578947368421
20,88,25,gradient,0.95,0.749400479616307,68,26.5,26.5,0.03773584905660377,0.029411764705882353,0.05263157894736842,0.1320754716981132,0.10294117647058823,0.18421052631578946,0.32075471698113206,0.25,0.4473684210526316
20,88,25,gradient,0.975,0.749400479616307,32,25.0,25.0,0.05714285714285714,0.0625,0.05263157894736842,0.11428571428571428,0.125,0.10526315789473684,0.2571428571428571,0.28125,0.23684210526315788
20,88,25,gradient,0.99,0.749400479616307,10,25.5,25.5,0.0,0.0,0.0,0.041666666666666664,0.1,0.02631578947368421,0.125,0.3,0.07894736842105263
20,89,25,gradient,0.5,0.7472724555372889,243,-75.0,75.0,0.099644128113879,0.05761316872427984,0.3684210526315789,0.12099644128113882,0.06995884773662552,0.4473684210526316,0.2277580071174377,0.13168724279835392,0.8421052631578947
20,89,25,gradient,0.6,0.7472724555372889,184,-63.0,63.0,0.13513513513513511,0.08152173913043478,0.39473684210526316,0.17117117117117117,0.10326086956521739,0.5,0.2792792792792793,0.16847826086956522,0.8157894736842105
20,89,25,gradient,0.7,0.7472724555372889,121,-5.0,28.0,0.25157232704402516,0.1652892561983471,0.5263157894736842,0.3018867924528302,0.19834710743801653,0.631578947368421,0.389937106918239,0.256198347107438,0.8157894736842105
20,89,25,gradient,0.75,0.7472724555372889,130,8.5,23.0,0.17857142857142858,0.11538461538461539,0.39473684210526316,0.25000000000000006,0.16153846153846155,0.5526315789473685,0.39285714285714285,0.25384615384615383,0.868421052631579
20,89,25,gradient,0.8,0.7472724555372889,103,17.0,24.0,0.08510638297872342,0.05825242718446602,0.15789473684210525,0.17021276595744683,0.11650485436893204,0.3157894736842105,0.39716312056737585,0.27184466019417475,0.7368421052631579
20,89,25,gradient,0.85,0.7472724555372889,118,23.0,24.0,0.0641025641025641,0.0423728813559322,0.13157894736842105,0.14102564102564105,0.09322033898305085,0.2894736842105263,0.3974358974358974,0.2627118644067797,0.8157894736842105
20,89,25,gradient,0.9,0.7472724555372889,104,24.0,26.0,0.042253521126760556,0.028846153846153848,0.07894736842105263,0.1267605633802817,0.08653846153846154,0.23684210526315788,0.33802816901408445,0.23076923076923078,0.631578947368421
20,89,25,gradient,0.925,0.7472724555372889,100,26.0,26.0,0.043478260869565216,0.03,0.07894736842105263,0.11594202898550725,0.08,0.21052631578947367,0.3188405797101449,0.22,0.5789473684210527
20,89,25,gradient,0.95,0.7472724555372889,69,27.0,27.0,0.018691588785046728,0.014492753623188406,0.02631578947368421,0.056074766355140186,0.043478260869565216,0.07894736842105263,0.29906542056074764,0.2318840579710145,0.42105263157894735
20,89,25,gradient,0.975,0.7472724555372889,41,23.0,23.0,0.0,0.0,0.0,0.0759493670886076,0.07317073170731707,0.07894736842105263,0.27848101265822783,0.2682926829268293,0.2894736842105263
20,89,25,gradient,0.99,0.7472724555372889,22,28.5,28.5,0.0,0.0,0.0,0.03333333333333333,0.045454545454545456,0.02631578947368421,0.16666666666666666,0.22727272727272727,0.13157894736842105
20,90,25,gradient,0.5,0.7451564828614009,287,-60.0,60.0,0.04923076923076923,0.027874564459930314,0.21052631578947367,0.09846153846153846,0.05574912891986063,0.42105263157894735,0.1476923076923077,0.08362369337979095,0.631578947368421
20,90,25,gradient,0.6,0.7451564828614009,200,-51.5,51.5,0.07563025210084033,0.045,0.23684210526315788,0.15126050420168066,0.09,0.47368421052631576,0.2184873949579832,0.13,0.6842105263157895
20,90,25,gradient,0.7,0.7451564828614009,129,-7.0,30.0,0.17964071856287425,0.11627906976744186,0.39473684210526316,0.2754491017964072,0.17829457364341086,0.6052631578947368,0.33532934131736525,0.21705426356589147,0.7368421052631579
20,90,25,gradient,0.75,0.7451564828614009,74,7.0,20.5,0.21428571428571427,0.16216216216216217,0.3157894736842105,0.35714285714285715,0.2702702702702703,0.5263157894736842,0.48214285714285715,0.36486486486486486,0.7105263157894737
20,90,25,gradient,0.8,0.7451564828614009,88,17.0,19.0,0.09523809523809523,0.06818181818181818,0.15789473684210525,0.2698412698412698,0.19318181818181818,0.4473684210526316,0.38095238095238093,0.2727272727272727,0.631578947368421
20,90,25,gradient,0.85,0.7451564828614009,95,28.0,28.0,0.03007518796992481,0.021052631578947368,0.05263157894736842,0.16541353383458646,0.11578947368421053,0.2894736842105263,0.3458646616541354,0.24210526315789474,0.6052631578947368
20,90,25,gradient,0.9,0.7451564828614009,97,29.0,29.0,0.014814814814814817,0.010309278350515464,0.02631578947368421,0.08888888888888889,0.061855670103092786,0.15789473684210525,0.31111111111111117,0.21649484536082475,0.5526315789473685
20,90,25,gradient,0.925,0.7451564828614009,81,26.0,26.0,0.01680672268907563,0.012345679012345678,0.02631578947368421,0.05042016806722689,0.037037037037037035,0.07894736842105263,0.33613445378151263,0.24691358024691357,0.5263157894736842
20,90,25,gradient,0.95,0.7451564828614009,68,28.0,28.0,0.0,0.0,0.0,0.0,0.0,0.0,0.339622641509434,0.2647058823529412,0.47368421052631576
20,90,25,gradient,0.975,0.7451564828614009,40,32.0,32.0,0.0,0.0,0.0,0.0,0.0,0.0,0.15384615384615385,0.15,0.15789473684210525
20,90,25,gradient,0.99,0.7451564828614009,22,34.5,34.5,0.0,0.0,0.0,0.0,0.0,0.0,0.09999999999999999,0.13636363636363635,0.07894736842105263
20,91,25,gradient,0.5,0.743052459503641,315,-53.0,53.0,0.04532577903682719,0.025396825396825397,0.21052631578947367,0.08498583569405099,0.047619047619047616,0.39473684210526316,0.18130311614730876,0.10158730158730159,0.8421052631578947
20,91,25,gradient,0.6,0.743052459503641,216,-43.5,44.0,0.08661417322834644,0.05092592592592592,0.2894736842105263,0.13385826771653545,0.0787037037037037,0.4473684210526316,0.2362204724409449,0.1388888888888889,0.7894736842105263
20,91,25,gradient,0.7,0.743052459503641,121,-3.0,31.0,0.12578616352201258,0.08264462809917356,0.2631578947368421,0.16352201257861634,0.10743801652892562,0.34210526315789475,0.35220125786163525,0.23140495867768596,0.7368421052631579
20,91,25,gradient,0.75,0.743052459503641,106,3.5,19.0,0.1527777777777778,0.10377358490566038,0.2894736842105263,0.24999999999999994,0.16981132075471697,0.47368421052631576,0.4305555555555555,0.29245283018867924,0.8157894736842105
20,91,25,gradient,0.8,0.743052459503641,89,18.0,21.0,0.11023622047244093,0.07865168539325842,0.18421052631578946,0.1732283464566929,0.12359550561797752,0.2894736842105263,0.4881889763779527,0.34831460674157305,0.8157894736842105
20,91,25,gradient,0.85,0.743052459503641,103,20.0,20.0,0.056737588652482275,0.038834951456310676,0.10526315789473684,0.12765957446808512,0.08737864077669903,0.23684210526315788,0.43971631205673756,0.30097087378640774,0.8157894736842105
20,91,25,gradient,0.9,0.743052459503641,108,26.0,26.0,0.0410958904109589,0.027777777777777776,0.07894736842105263,0.0821917808219178,0.05555555555555555,0.15789473684210525,0.3424657534246575,0.23148148148148148,0.6578947368421053
20,91,25,gradient,0.925,0.743052459503641,99,30.0,30.0,0.029197080291970805,0.020202020202020204,0.05263157894736842,0.043795620437956206,0.030303030303030304,0.07894736842105263,0.2773722627737226,0.1919191919191919,0.5
20,91,25,gradient,0.95,0.743052459503641,66,30.5,30.5,0.019230769230769232,0.015151515151515152,0.02631578947368421,0.038461538461538464,0.030303030303030304,0.05263157894736842,0.2692307692307693,0.21212121212121213,0.3684210526315789
20,91,25,gradient,0.975,0.743052459503641,45,33.0,33.0,0.024096385542168672,0.022222222222222223,0.02631578947368421,0.024096385542168672,0.022222222222222223,0.02631578947368421,0.19277108433734938,0.17777777777777778,0.21052631578947367
20,91,25,gradient,0.99,0.743052459503641,20,37.0,37.0,0.0,0.0,0.0,0.0,0.0,0.0,0.034482758620689655,0.05,0.02631578947368421
20,92,25,gradient,0.5,0.7409602845287493,335,-64.0,64.0,0.05361930294906167,0.029850746268656716,0.2631578947368421,0.11260053619302948,0.0626865671641791,0.5526315789473685,0.16621983914209115,0.09253731343283582,0.8157894736842105
20,92,25,gradient,0.6,0.7409602845287493,231,-58.0,58.0,0.07434944237918216,0.04329004329004329,0.2631578947368421,0.15613382899628253,0.09090909090909091,0.5526315789473685,0.22304832713754644,0.12987012987012986,0.7894736842105263
20,92,25,gradient,0.7,0.7409602845287493,125,-29.0,35.0,0.13496932515337423,0.088,0.2894736842105263,0.2822085889570552,0.184,0.6052631578947368,0.3558282208588957,0.232,0.7631578947368421
20,92,25,gradient,0.75,0.7409602845287493,74,9.5,25.5,0.14285714285714288,0.10810810810810811,0.21052631578947367,0.25,0.1891891891891892,0.3684210526315789,0.44642857142857145,0.33783783783783783,0.6578947368421053
20,92,25,gradient,0.8,0.7409602845287493,91,19.0,19.0,0.10852713178294575,0.07692307692307693,0.18421052631578946,0.24806201550387594,0.17582417582417584,0.42105263157894735,0.48062015503875977,0.34065934065934067,0.8157894736842105
20,92,25,gradient,0.85,0.7409602845287493,108,27.0,27.0,0.0684931506849315,0.046296296296296294,0.13157894736842105,0.1643835616438356,0.1111111111111111,0.3157894736842105,0.3835616438356165,0.25925925925925924,0.7368421052631579
20,92,25,gradient,0.9,0.7409602845287493,120,29.0,29.0,0.012658227848101266,0.008333333333333333,0.02631578947368421,0.10126582278481013,0.06666666666666667,0.21052631578947367,0.3164556962025316,0.20833333333333334,0.6578947368421053
20,92,25,gradient,0.925,0.7409602845287493,102,27.5,27.5,0.014285714285714285,0.00980392156862745,0.02631578947368421,0.07142857142857142,0.049019607843137254,0.13157894736842105,0.32857142857142857,0.22549019607843138,0.6052631578947368
20,92,25,gradient,0.95,0.7409602845287493,78,24.0,24.0,0.01724137931034483,0.01282051282051282,0.02631578947368421,0.05172413793103448,0.038461538461538464,0.07894736842105263,0.37931034482758624,0.28205128205128205,0.5789473684210527
20,92,25,gradient,0.975,0.7409602845287493,41,24.0,24.0,0.02531645569620253,0.024390243902439025,0.02631578947368421,0.05063291139240506,0.04878048780487805,0.05263157894736842,0.25316455696202533,0.24390243902439024,0.2631578947368421
20,92,25,gradient,0.99,0.7409602845287493,18,19.0,19.0,0.03571428571428571,0.05555555555555555,0.02631578947368421,0.07142857142857142,0.1111111111111111,0.05263157894736842,0.17857142857142858,0.2777777777777778,0.13157894736842105
20,93,25,gradient,0.5,0.7388798581350673,277,-67.0,67.0,0.1015873015873016,0.05776173285198556,0.42105263157894735,0.11428571428571428,0.06498194945848375,0.47368421052631576,0.19047619047619047,0.10830324909747292,0.7894736842105263
20,93,25,gradient,0.6,0.7388798581350673,200,-55.0,55.0,0.12605042016806722,0.075,0.39473684210526316,0.15126050420168066,0.09,0.47368421052631576,0.226890756302521,0.135,0.7105263157894737
20,93,25,gradient,0.7,0.7388798581350673,106,-2.0,30.0,0.18055555555555552,0.12264150943396226,0.34210526315789475,0.23611111111111108,0.16037735849056603,0.4473684210526316,0.3333333333333333,0.22641509433962265,0.631578947368421
20,93,25,gradient,0.75,0.7388798581350673,101,14.0,25.0,0.20143884892086333,0.13861386138613863,0.3684210526315789,0.2446043165467626,0.16831683168316833,0.4473684210526316,0.34532374100719426,0.2376237623762376,0.631578947368421
20,93,25,gradient,0.8,0.7388798581350673,113,20.0,22.0,0.11920529801324503,0.07964601769911504,0.23684210526315788,0.25165562913907286,0.168141592920354,0.5,0.41059602649006627,0.2743362831858407,0.8157894736842105
20,93,25,gradient,0.85,0.7388798581350673,115,22.0,22.0,0.07843137254901959,0.05217391304347826,0.15789473684210525,0.15686274509803919,0.10434782608695652,0.3157894736842105,0.4052287581699347,0.26956521739130435,0.8157894736842105
20,93,25,gradient,0.9,0.7388798581350673,111,27.0,29.0,0.04026845637583893,0.02702702702702703,0.07894736842105263,0.10738255033557047,0.07207207207207207,0.21052631578947367,0.2818791946308725,0.1891891891891892,0.5526315789473685
20,93,25,gradient,0.925,0.7388798581350673,89,29.0,30.0,0.015748031496062992,0.011235955056179775,0.02631578947368421,0.06299212598425197,0.0449438202247191,0.10526315789473684,0.22047244094488186,0.15730337078651685,0.3684210526315789
20,93,25,gradient,0.95,0.7388798581350673,72,32.5,33.0,0.0,0.0,0.0,0.01818181818181818,0.013888888888888888,0.02631578947368421,0.16363636363636364,0.125,0.23684210526315788
20,93,25,gradient,0.975,0.7388798581350673,47,36.0,36.0,0.0,0.0,0.0,0.0,0.0,0.0,0.09411764705882353,0.0851063829787234,0.10526315789473684
20,93,25,gradient,0.99,0.7388798581350673,16,38.0,38.0,0.0,0.0,0.0,0.0,0.0,0.0,0.07407407407407407,0.125,0.05263157894736842
20,94,25,gradient,0.5,0.7368110816386678,282,-69.0,69.0,0.05624999999999999,0.031914893617021274,0.23684210526315788,0.125,0.07092198581560284,0.5263157894736842,0.17500000000000002,0.09929078014184398,0.7368421052631579
20,94,25,gradient,0.6,0.7368110816386678,229,-69.0,69.0,0.0749063670411985,0.043668122270742356,0.2631578947368421,0.1273408239700375,0.07423580786026202,0.4473684210526316,0.20224719101123595,0.11790393013100436,0.7105263157894737
20,94,25,gradient,0.7,0.7368110816386678,133,-24.0,37.0,0.08187134502923976,0.05263157894736842,0.18421052631578946,0.14035087719298245,0.09022556390977443,0.3157894736842105,0.29239766081871343,0.18796992481203006,0.6578947368421053
20,94,25,gradient,0.75,0.7368110816386678,111,4.0,28.0,0.1476510067114094,0.0990990990990991,0.2894736842105263,0.22818791946308722,0.15315315315315314,0.4473684210526316,0.36241610738255037,0.24324324324324326,0.7105263157894737
20,94,25,gradient,0.8,0.7368110816386678,106,18.5,21.0,0.09722222222222222,0.0660377358490566,0.18421052631578946,0.22222222222222224,0.1509433962264151,0.42105263157894735,0.375,0.25471698113207547,0.7105263157894737
20,94,25,gradient,0.85,0.7368110816386678,111,25.0,25.0,0.08053691275167786,0.05405405405405406,0.15789473684210525,0.1342281879194631,0.09009009009009009,0.2631578947368421,0.36241610738255037,0.24324324324324326,0.7105263157894737
20,94,25,gradient,0.9,0.7368110816386678,95,31.0,31.0,0.0,0.0,0.0,0.03007518796992481,0.021052631578947368,0.05263157894736842,0.24060150375939848,0.16842105263157894,0.42105263157894735
20,94,25,gradient,0.925,0.7368110816386678,97,29.0,29.0,0.0,0.0,0.0,0.014814814814814817,0.010309278350515464,0.02631578947368421,0.1925925925925926,0.13402061855670103,0.34210526315789475
20,94,25,gradient,0.95,0.7368110816386678,62,32.0,32.0,0.0,0.0,0.0,0.019999999999999997,0.016129032258064516,0.02631578947368421,0.19999999999999998,0.16129032258064516,0.2631578947368421
20,94,25,gradient,0.975,0.7368110816386678,40,37.0,37.0,0.0,0.0,0.0,0.02564102564102564,0.025,0.02631578947368421,0.05128205128205128,0.05,0.05263157894736842
20,94,25,gradient,0.99,0.7368110816386678,19,39.0,39.0,0.0,0.0,0.0,0.03508771929824561,0.05263157894736842,0.02631578947368421,0.07017543859649122,0.10526315789473684,0.05263157894736842
20,95,25,gradient,0.5,0.7347538574577517,240,-76.0,76.0,0.09352517985611512,0.05416666666666667,0.34210526315789475,0.12949640287769784,0.075,0.47368421052631576,0.1798561151079137,0.10416666666666667,0.6578947368421053
20,95,25,gradient,0.6,0.7347538574577517,209,-54.0,54.0,0.11336032388663966,0.06698564593301436,0.3684210526315789,0.1700404858299595,0.10047846889952153,0.5526315789473685,0.24291497975708504,0.14354066985645933,0.7894736842105263
20,95,25,gradient,0.7,0.7347538574577517,138,-24.5,33.5,0.12499999999999999,0.07971014492753623,0.2894736842105263,0.17045454545454544,0.10869565217391304,0.39473684210526316,0.3409090909090909,0.21739130434782608,0.7894736842105263
20,95,25,gradient,0.75,0.7347538574577517,98,8.0,26.0,0.08823529411764705,0.061224489795918366,0.15789473684210525,0.1764705882352941,0.12244897959183673,0.3157894736842105,0.3529411764705882,0.24489795918367346,0.631578947368421
20,95,25,gradient,0.8,0.7347538574577517,92,21.0,24.0,0.07692307692307693,0.05434782608695652,0.13157894736842105,0.13846153846153844,0.09782608695652174,0.23684210526315788,0.4153846153846154,0.29347826086956524,0.7105263157894737
20,95,25,gradient,0.85,0.7347538574577517,104,28.0,28.0,0.042253521126760556,0.028846153846153848,0.07894736842105263,0.07042253521126761,0.04807692307692308,0.13157894736842105,0.42253521126760557,0.28846153846153844,0.7894736842105263
20,95,25,gradient,0.9,0.7347538574577517,120,31.0,31.0,0.02531645569620253,0.016666666666666666,0.05263157894736842,0.05063291139240506,0.03333333333333333,0.10526315789473684,0.2658227848101266,0.175,0.5526315789473685
20,95,25,gradient,0.925,0.7347538574577517,100,32.0,32.0,0.028985507246376812,0.02,0.05263157894736842,0.057971014492753624,0.04,0.10526315789473684,0.28985507246376807,0.2,0.5263157894736842
20,95,25,gradient,0.95,0.7347538574577517,77,32.0,32.0,0.017391304347826087,0.012987012987012988,0.02631578947368421,0.017391304347826087,0.012987012987012988,0.02631578947368421,0.22608695652173916,0.16883116883116883,0.34210526315789475
20,95,25,gradient,0.975,0.7347538574577517,46,27.5,27.5,0.0,0.0,0.0,0.02380952380952381,0.021739130434782608,0.02631578947368421,0.23809523809523808,0.21739130434782608,0.2631578947368421
20,95,25,gradient,0.99,0.7347538574577517,16,34.5,34.5,0.0,0.0,0.0,0.037037037037037035,0.0625,0.02631578947368421,0.14814814814814814,0.25,0.10526315789473684
20,96,25,gradient,0.5,0.7327080890973037,332,-61.0,61.0,0.07027027027027027,0.0391566265060241,0.34210526315789475,0.12432432432432433,0.06927710843373494,0.6052631578947368,0.14594594594594595,0.08132530120481928,0.7105263157894737
20,96,25,gradient,0.6,0.7327080890973037,238,-50.5,50.5,0.09420289855072464,0.0546218487394958,0.34210526315789475,0.15217391304347827,0.08823529411764706,0.5526315789473685,0.18840579710144928,0.1092436974789916,0.6842105263157895
20,96,25,gradient,0.7,0.7327080890973037,120,-18.0,36.0,0.1139240506329114,0.075,0.23684210526315788,0.20253164556962025,0.13333333333333333,0.42105263157894735,0.2911392405063291,0.19166666666666668,0.6052631578947368
20,96,25,gradient,0.75,0.7327080890973037,107,13.0,30.0,0.13793103448275862,0.09345794392523364,0.2631578947368421,0.2482758620689655,0.16822429906542055,0.47368421052631576,0.3448275862068965,0.2336448598130841,0.6578947368421053
20,96,25,gradient,0.8,0.7327080890973037,89,28.0,29.0,0.09448818897637795,0.06741573033707865,0.15789473684210525,0.1889763779527559,0.1348314606741573,0.3157894736842105,0.3779527559055118,0.2696629213483146,0.631578947368421
20,96,25,gradient,0.85,0.7327080890973037,99,28.0,28.0,0.043795620437956206,0.030303030303030304,0.07894736842105263,0.16058394160583941,0.1111111111111111,0.2894736842105263,0.3941605839416058,0.2727272727272727,0.7105263157894737
20,96,25,gradient,0.9,0.7327080890973037,112,26.5,26.5,0.013333333333333334,0.008928571428571428,0.02631578947368421,0.04,0.026785714285714284,0.07894736842105263,0.37333333333333335,0.25,0.7368421052631579
20,96,25,gradient,0.925,0.7327080890973037,89,25.0,25.0,0.0,0.0,0.0,0.047244094488188976,0.033707865168539325,0.07894736842105263,0.3937007874015748,0.2808988764044944,0.6578947368421053
20,96,25,gradient,0.95,0.7327080890973037,72,24.0,24.0,0.0,0.0,0.0,0.03636363636363636,0.027777777777777776,0.05263157894736842,0.3818181818181819,0.2916666666666667,0.5526315789473685
20,96,25,gradient,0.975,0.7327080890973037,33,24.0,24.0,0.0,0.0,0.0,0.028169014084507043,0.030303030303030304,0.02631578947368421,0.28169014084507044,0.30303030303030304,0.2631578947368421
20,96,25,gradient,0.99,0.7327080890973037,25,30.0,30.0,0.0,0.0,0.0,0.0,0.0,0.0,0.19047619047619047,0.24,0.15789473684210525
20,97,25,gradient,0.5,0.7306736811340055,299,-61.0,61.0,0.04747774480712166,0.026755852842809364,0.21052631578947367,0.0771513353115727,0.043478260869565216,0.34210526315789475,0.1483679525222552,0.08361204013377926,0.6578947368421053
20,97,25,gradient,0.6,0.7306736811340055,216,-49.0,49.0,0.12598425196850394,0.07407407407407407,0.42105263157894735,0.15748031496062992,0.09259259259259259,0.5263157894736842,0.2125984251968504,0.125,0.7105263157894737
20,97,25,gradient,0.7,0.7306736811340055,135,-7.0,35.0,0.1502890173410405,0.0962962962962963,0.34210526315789475,0.20809248554913296,0.13333333333333333,0.47368421052631576,0.3352601156069364,0.21481481481481482,0.7631578947368421
20,97,25,gradient,0.75,0.7306736811340055,101,11.0,25.0,0.15827338129496404,0.10891089108910891,0.2894736842105263,0.20143884892086333,0.13861386138613863,0.3684210526315789,0.37410071942446044,0.25742574257425743,0.6842105263157895
20,97,25,gradient,0.8,0.7306736811340055,115,21.0,24.0,0.13071895424836602,0.08695652173913043,0.2631578947368421,0.20915032679738563,0.1391304347826087,0.42105263157894735,0.3660130718954248,0.24347826086956523,0.7368421052631579
20,97,25,gradient,0.85,0.7306736811340055,96,24.0,24.0,0.08955223880597014,0.0625,0.15789473684210525,0.13432835820895525,0.09375,0.23684210526315788,0.40298507462686567,0.28125,0.7105263157894737
20,97,25,gradient,0.9,0.7306736811340055,98,30.0,30.0,0.014705882352941175,0.01020408163265306,0.02631578947368421,0.0588235294117647,0.04081632653061224,0.10526315789473684,0.2647058823529412,0.1836734693877551,0.47368421052631576
20,97,25,gradient,0.925,0.7306736811340055,76,30.0,30.0,0.03508771929824561,0.02631578947368421,0.05263157894736842,0.03508771929824561,0.02631578947368421,0.05263157894736842,0.21052631578947367,0.15789473684210525,0.3157894736842105
20,97,25,gradient,0.95,0.7306736811340055,69,30.0,30.0,0.018691588785046728,0.014492753623188406,0.02631578947368421,0.037383177570093455,0.028985507246376812,0.05263157894736842,0.18691588785046728,0.14492753623188406,0.2631578947368421
20,97,25,gradient,0.975,0.7306736811340055,41,30.0,30.0,0.02531645569620253,0.024390243902439025,0.02631578947368421,0.0759493670886076,0.07317073170731707,0.07894736842105263,0.12658227848101267,0.12195121951219512,0.13157894736842105
20,97,25,gradient,0.99,0.7306736811340055,24,38.5,38.5,0.0,0.0,0.0,0.06451612903225808,0.08333333333333333,0.05263157894736842,0.12903225806451615,0.16666666666666666,0.10526315789473684
20,98,25,gradient,0.5,0.728650539201399,268,-48.5,48.5,0.07843137254901959,0.04477611940298507,0.3157894736842105,0.13725490196078433,0.07835820895522388,0.5526315789473685,0.1830065359477124,0.1044776119402985,0.7368421052631579
20,98,25,gradient,0.6,0.728650539201399,202,-41.0,44.0,0.11666666666666667,0.06930693069306931,0.3684210526315789,0.19166666666666668,0.11386138613861387,0.6052631578947368,0.225,0.13366336633663367,0.7105263157894737
20,98,25,gradient,0.7,0.728650539201399,117,-11.0,37.0,0.12903225806451615,0.08547008547008547,0.2631578947368421,0.232258064516129,0.15384615384615385,0.47368421052631576,0.29677419354838713,0.19658119658119658,0.6052631578947368
20,98,25,gradient,0.75,0.728650539201399,106,13.5,29.5,0.13888888888888887,0.09433962264150944,0.2631578947368421,0.27777777777777773,0.18867924528301888,0.5263157894736842,0.4027777777777778,0.27358490566037735,0.7631578947368421
20,98,25,gradient,0.8,0.728650539201399,130,16.0,22.0,0.09523809523809523,0.06153846153846154,0.21052631578947367,0.25000000000000006,0.16153846153846155,0.5526315789473685,0.4166666666666667,0.2692307692307692,0.9210526315789473
20,98,25,gradient,0.85,0.728650539201399,128,23.5,25.0,0.060240963855421686,0.0390625,0.13157894736842105,0.16867469879518074,0.109375,0.3684210526315789,0.3614457831325301,0.234375,0.7894736842105263
20,98,25,gradient,0.9,0.728650539201399,98,25.0,29.0,0.014705882352941175,0.01020408163265306,0.02631578947368421,0.1323529411764706,0.09183673469387756,0.23684210526315788,0.36764705882352944,0.25510204081632654,0.6578947368421053
20,98,25,gradient,0.925,0.728650539201399,84,24.0,24.5,0.01639344262295082,0.011904761904761904,0.02631578947368421,0.11475409836065573,0.08333333333333333,0.18421052631578946,0.3114754098360656,0.2261904761904762,0.5
20,98,25,gradient,0.95,0.728650539201399,76,27.0,27.0,0.017543859649122806,0.013157894736842105,0.02631578947368421,0.05263157894736842,0.039473684210526314,0.07894736842105263,0.26315789473684215,0.19736842105263158,0.39473684210526316
20,98,25,gradient,0.975,0.728650539201399,38,32.5,32.5,0.0,0.0,0.0,0.0,0.0,0.0,0.15789473684210525,0.15789473684210525,0.15789473684210525
20,98,25,gradient,0.99,0.728650539201399,20,34.5,34.5,0.0,0.0,0.0,0.0,0.0,0.0,0.06896551724137931,0.1,0.05263157894736842
20,99,25,gradient,0.5,0.7266385699752943,264,-46.0,47.0,0.07947019867549669,0.045454545454545456,0.3157894736842105,0.11258278145695365,0.06439393939393939,0.4473684210526316,0.2185430463576159,0.125,0.868421052631579
20,99,25,gradient,0.6,0.7266385699752943,217,-39.0,41.0,0.10196078431372549,0.059907834101382486,0.34210526315789475,0.14901960784313725,0.08755760368663594,0.5,0.2666666666666666,0.15668202764976957,0.8947368421052632
20,99,25,gradient,0.7,0.7266385699752943,150,-5.5,27.0,0.13829787234042554,0.08666666666666667,0.34210526315789475,0.18085106382978722,0.11333333333333333,0.4473684210526316,0.32978723404255317,0.20666666666666667,0.8157894736842105
20,99,25,gradient,0.75,0.7266385699752943,119,11.0,23.0,0.12738853503184713,0.08403361344537816,0.2631578947368421,0.1910828025477707,0.12605042016806722,0.39473684210526316,0.39490445859872614,0.2605042016806723,0.8157894736842105
20,99,25,gradient,0.8,0.7266385699752943,124,18.0,20.0,0.09876543209876543,0.06451612903225806,0.21052631578947367,0.23456790123456792,0.1532258064516129,0.5,0.3950617283950617,0.25806451612903225,0.8421052631578947
20,99,25,gradient,0.85,0.7266385699752943,132,26.0,26.0,0.05882352941176471,0.03787878787878788,0.13157894736842105,0.11764705882352942,0.07575757575757576,0.2631578947368421,0.3411764705882353,0.2196969696969697,0.7631578947368421
20,99,25,gradient,0.9,0.7266385699752943,104,35.0,35.0,0.056338028169014086,0.038461538461538464,0.10526315789473684,0.07042253521126761,0.04807692307692308,0.13157894736842105,0.2535211267605634,0.17307692307692307,0.47368421052631576
20,99,25,gradient,0.925,0.7266385699752943,87,34.0,34.0,0.0,0.0,0.0,0.032,0.022988505747126436,0.05263157894736842,0.24000000000000002,0.1724137931034483,0.39473684210526316
20,99,25,gradient,0.95,0.7266385699752943,76,34.5,34.5,0.0,0.0,0.0,0.0,0.0,0.0,0.21052631578947367,0.15789473684210525,0.3157894736842105
20,99,25,gradient,0.975,0.7266385699752943,44,31.5,31.5,0.0,0.0,0.0,0.0,0.0,0.0,0.17073170731707316,0.1590909090909091,0.18421052631578946
20,99,25,gradient,0.99,0.7266385699752943,18,40.0,40.0,0.0,0.0,0.0,0.0,0.0,0.0,0.10714285714285714,0.16666666666666666,0.07894736842105263
20,100,25,gradient,0.5,0.7246376811594203,272,-56.0,56.0,0.08387096774193548,0.04779411764705882,0.34210526315789475,0.12903225806451613,0.07352941176470588,0.5263157894736842,0.19999999999999998,0.11397058823529412,0.8157894736842105
20,100,25,gradient,0.6,0.7246376811594203,208,-40.0,45.0,0.12195121951219512,0.07211538461538461,0.39473684210526316,0.17073170731707318,0.10096153846153846,0.5526315789473685,0.23577235772357724,0.13942307692307693,0.7631578947368421
20,100,25,gradient,0.7,0.7246376811594203,129,-4.0,35.0,0.1317365269461078,0.08527131782945736,0.2894736842105263,0.251497005988024,0.16279069767441862,0.5526315789473685,0.3592814371257485,0.23255813953488372,0.7894736842105263
20,100,25,gradient,0.75,0.7246376811594203,125,12.0,27.0,0.09815950920245399,0.064,0.21052631578947367,0.24539877300613497,0.16,0.5263157894736842,0.3803680981595092,0.248,0.8157894736842105
20,100,25,gradient,0.8,0.7246376811594203,128,23.0,25.0,0.07228915662650602,0.046875,0.15789473684210525,0.2289156626506024,0.1484375,0.5,0.3493975903614458,0.2265625,0.7631578947368421
20,100,25,gradient,0.85,0.7246376811594203,128,28.5,30.0,0.04819277108433735,0.03125,0.10526315789473684,0.1566265060240964,0.1015625,0.34210526315789475,0.3253012048192771,0.2109375,0.7105263157894737
20,100,25,gradient,0.9,0.7246376811594203,98,25.0,25.0,0.014705882352941175,0.01020408163265306,0.02631578947368421,0.1323529411764706,0.09183673469387756,0.23684210526315788,0.36764705882352944,0.25510204081632654,0.6578947368421053
20,100,25,gradient,0.925,0.7246376811594203,81,27.0,27.0,0.01680672268907563,0.012345679012345678,0.02631578947368421,0.10084033613445378,0.07407407407407407,0.15789473684210525,0.2857142857142857,0.20987654320987653,0.4473684210526316
20,100,25,gradient,0.95,0.7246376811594203,72,30.0,30.0,0.01818181818181818,0.013888888888888888,0.02631578947368421,0.01818181818181818,0.013888888888888888,0.02631578947368421,0.20000000000000004,0.1527777777777778,0.2894736842105263
20,100,25,gradient,0.975,0.7246376811594203,44,29.0,29.0,0.024390243902439025,0.022727272727272728,0.02631578947368421,0.024390243902439025,0.022727272727272728,0.02631578947368421,0.1951219512195122,0.18181818181818182,0.21052631578947367
20,100,25,gradient,0.99,0.7246376811594203,16,28.0,28.0,0.0,0.0,0.0,0.0,0.0,0.0,0.14814814814814814,0.25,0.10526315789473684
