sigma,transition_length,T,status,n_segments,adp_k,adp3_n_clusters_scored,adp3_fidelity,adp3_coverage,adp3_fidelity_norm,adp3_coverage_norm,separation,adp2_n_clusters_scored,adp2_fidelity,adp2_coverage,adp2_fidelity_norm,adp2_coverage_norm,kmeans3_n_clusters_scored,kmeans3_fidelity,kmeans3_coverage,kmeans3_fidelity_norm,kmeans3_coverage_norm,kmeans2_n_clusters_scored,kmeans2_fidelity,kmeans2_coverage,kmeans2_fidelity_norm,kmeans2_coverage_norm,oracle3_n_clusters_scored,oracle3_fidelity,oracle3_coverage,oracle3_fidelity_norm,oracle3_coverage_norm,oracle2_n_clusters_scored,oracle2_fidelity,oracle2_coverage,oracle2_fidelity_norm,oracle2_coverage_norm
0,1,5019,ok,38.0,1.0,1.0,49.90224819584785,70.56307981146887,0.4990224819584785,0.7056307981146887,100.0,1.0,70.71067811865476,70.71067811865476,0.7071067811865476,0.7071067811865476,3.0,0.0,0.0,0.0,0.0,2.0,0.0,0.0,0.0,0.0,,,,,,,,,,
0,2,5038,ok,38.0,1.0,1.0,33.347547748836625,70.30691855726187,0.33347547748836626,0.7030691855726187,100.0,1.0,70.71067811865476,70.71067811865476,0.7071067811865476,0.7071067811865476,3.0,1.561054656046819,1.6384435850605452,0.01561054656046819,0.016384435850605453,2.0,0.0,0.0,0.0,0.0,,,,,,,,,,
0,3,5057,ok,38.0,1.0,1.0,34.955878964006565,70.13677120529748,0.34955878964006565,0.7013677120529748,100.0,1.0,70.71067811865476,70.71067811865476,0.7071067811865476,0.7071067811865476,3.0,1.232606115914026,1.2900368353195297,0.012326061159140261,0.012900368353195297,2.0,0.0,0.0,0.0,0.0,,,,,,,,,,
0,4,5076,ok,38.0,1.0,1.0,31.26045395517249,69.90200925874413,0.3126045395517249,0.6990200925874412,100.0,1.0,70.71067811865476,70.71067811865476,0.7071067811865476,0.7071067811865476,3.0,1.8600012417274883,1.9522355304886072,0.018600012417274884,0.019522355304886073,2.0,0.0,0.0,0.0,0.0,,,,,,,,,,
0,5,5095,ok,38.0,1.0,1.0,31.87044639021893,69.72243743145287,0.3187044639021893,0.6972243743145288,100.0,1.0,70.71067811865476,70.71067811865476,0.7071067811865476,0.7071067811865476,3.0,1.5911657790009177,1.6698502133535273,0.01591165779000918,0.016698502133535274,2.0,0.0,0.0,0.0,0.0,,,,,,,,,,
0,6,5114,ok,38.0,1.0,1.0,30.269211153271637,69.49983933609946,0.30269211153271636,0.6949983933609946,100.0,1.0,70.71067811865476,70.71067811865476,0.7071067811865476,0.7071067811865476,3.0,1.392526181366707,1.4574439317049412,0.013925261813667069,0.014574439317049413,2.0,0.0,0.0,0.0,0.0,,,,,,,,,,
0,7,5133,ok,38.0,1.0,1.0,30.489258663066536,69.31446321206191,0.3048925866306654,0.693144632120619,100.0,1.0,70.71067811865476,70.71067811865476,0.7071067811865476,0.7071067811865476,3.0,1.966527643920245,2.0962312518215613,0.01966527643920245,0.020962312518215613,2.0,0.0,0.0,0.0,0.0,,,,,,,,,,
0,8,5152,ok,38.0,1.0,1.0,29.6133830201116,69.09989198763054,0.296133830201116,0.6909989198763055,100.0,1.0,70.71067811865476,70.71067811865476,0.7071067811865476,0.7071067811865476,3.0,2.3641382514275207,2.5322503499603553,0.023641382514275208,0.025322503499603553,2.0,0.0,0.0,0.0,0.0,,,,,,,,,,
0,9,5171,ok,38.0,1.0,1.0,29.700582363589497,68.93253543313855,0.29700582363589495,0.6893253543313855,100.0,1.0,70.71067811865476,70.71067811865476,0.7071067811865476,0.7071067811865476,3.0,2.1681495254084564,2.321530315651032,0.021681495254084564,0.02321530315651032,2.0,0.0,0.0,0.0,0.0,,,,,,,,,,
0,10,5190,ok,38.0,1.0,1.0,29.174269150216624,68.73542586477684,0.29174269150216625,0.6873542586477684,100.0,1.0,70.71067811865476,70.71067811865476,0.7071067811865476,0.7071067811865476,3.0,2.6095703295344452,2.8265889090379583,0.02609570329534445,0.028265889090379585,2.0,0.0,0.0,0.0,0.0,,,,,,,,,,
0,11,5209,ok,38.0,2.0,2.0,15.615818552329022,15.605946429018134,0.15615818552329022,0.15605946429018133,100.0,2.0,13.33,12.504999999999999,0.1333,0.12505,3.0,2.4340719940478195,2.63464074966848,0.024340719940478196,0.0263464074966848,2.0,0.0,0.0,0.0,0.0,,,,,,,,,,
0,12,5228,ok,38.0,2.0,2.0,25.37533300747101,22.461332347038603,0.2537533300747101,0.22461332347038604,100.0,2.0,25.25743778139917,20.854688640237477,0.25257437781399167,0.20854688640237476,3.0,2.764660636895972,3.0080305593257832,0.02764660636895972,0.030080305593257833,2.0,0.0,0.0,0.0,0.0,,,,,,,,,,
0,13,5247,ok,38.0,2.0,2.0,22.69613032550297,20.318693892306726,0.2269613032550297,0.20318693892306727,100.0,2.0,20.81480173082967,18.101714956738213,0.2081480173082967,0.18101714956738213,3.0,2.6065251684848336,2.833920467017296,0.026065251684848335,0.02833920467017296,2.0,0.0,0.0,0.0,0.0,,,,,,,,,,
0,14,5266,ok,38.0,2.0,2.0,15.27554795333855,15.74780211532784,0.1527554795333855,0.15747802115327839,100.0,2.0,12.599344632013603,11.894885619721192,0.12599344632013604,0.11894885619721192,3.0,2.466288976621541,2.677166744560205,0.02466288976621541,0.02677166744560205,2.0,0.0,0.0,0.0,0.0,,,,,,,,,,
0,15,5285,ok,38.0,2.0,2.0,15.65847280854204,16.250967650397737,0.1565847280854204,0.16250967650397738,100.0,2.0,12.863145938591384,12.103072956898178,0.12863145938591383,0.12103072956898178,3.0,2.816193097303896,3.087141839685937,0.028161930973038964,0.030871418396859373,2.0,0.0,0.0,0.0,0.0,,,,,,,,,,
0,16,5304,ok,38.0,2.0,2.0,14.327299278359487,15.350001004069995,0.14327299278359487,0.15350001004069994,100.0,2.0,11.089109522409812,10.593151642393778,0.11089109522409812,0.10593151642393778,3.0,3.0989764139186855,3.4143904878145044,0.030989764139186856,0.034143904878145045,2.0,0.0,0.0,0.0,0.0,,,,,,,,,,
0,17,5323,ok,38.0,1.0,1.0,27.942096623534486,67.40034521062309,0.27942096623534485,0.6740034521062309,100.0,1.0,70.71067811865476,70.71067811865476,0.7071067811865476,0.7071067811865476,3.0,2.965098025839083,3.2639229474296463,0.02965098025839083,0.03263922947429646,2.0,0.0,0.0,0.0,0.0,,,,,,,,,,
0,18,5342,ok,38.0,2.0,2.0,22.77595783336561,21.147341897616545,0.2277595783336561,0.21147341897616545,100.0,2.0,20.622979901071524,17.958938973739514,0.20622979901071525,0.17958938973739513,3.0,3.278015647228152,3.6339612859150727,0.03278015647228152,0.03633961285915073,2.0,0.0,0.0,0.0,0.0,,,,,,,,,,
0,19,5361,ok,38.0,2.0,2.0,16.12196758442056,17.013783853591608,0.1612196758442056,0.17013783853591607,100.0,2.0,12.86798716777414,12.107914186080937,0.12867987167774142,0.12107914186080937,3.0,3.1521649444559947,3.490607699290438,0.03152164944455995,0.03490607699290438,2.0,0.0,0.0,0.0,0.0,,,,,,,,,,
0,20,5380,ok,38.0,2.0,2.0,25.109990287443015,24.746881201216198,0.2510999028744301,0.24746881201216198,100.0,2.0,28.276535877826333,22.54370934983859,0.2827653587782633,0.2254370934983859,3.0,3.4122618160723457,3.795517139646049,0.034122618160723456,0.03795517139646049,2.0,0.0,0.0,0.0,0.0,,,,,,,,,,
0,21,5399,ok,38.0,2.0,2.0,18.698095640653797,18.973360032102086,0.18698095640653797,0.18973360032102085,100.0,2.0,15.60939846094333,14.320549046737,0.1560939846094333,0.14320549046737,3.0,3.2940652725603705,3.6601943978500646,0.0329406527256037,0.036601943978500646,2.0,0.0,0.0,0.0,0.0,,,,,,,,,,
0,22,5418,ok,38.0,2.0,2.0,19.40691132328028,19.647105724266925,0.1940691132328028,0.19647105724266925,100.0,2.0,16.321810262702126,14.871511025958016,0.16321810262702127,0.14871511025958017,3.0,3.1841047196002386,3.5328437235973413,0.031841047196002385,0.03532843723597341,2.0,0.0,0.0,0.0,0.0,,,,,,,,,,
0,23,5437,ok,38.0,2.0,2.0,23.390848201838075,22.030130291183507,0.23390848201838074,0.22030130291183508,100.0,2.0,20.96743217528333,18.199935048986816,0.20967432175283332,0.18199935048986815,3.0,3.4643235884038535,3.8672612725585385,0.03464323588403853,0.038672612725585385,2.0,0.0,0.0,0.0,0.0,,,,,,,,,,
0,24,5456,ok,38.0,2.0,2.0,17.83213944372694,18.9282610067905,0.1783213944372694,0.189282610067905,100.0,2.0,14.47878871509112,13.441133229754104,0.1447878871509112,0.13441133229754104,3.0,3.705040696581873,4.151843998358686,0.03705040696581873,0.04151843998358686,2.0,0.0,0.0,0.0,0.0,,,,,,,,,,
0,25,5475,ok,38.0,2.0,2.0,16.450457382878028,18.02782987916101,0.16450457382878028,0.18027829879161011,100.0,2.0,12.387166978965388,11.69951080603944,0.12387166978965387,0.1169951080603944,3.0,3.5981507338889758,4.02759328634795,0.03598150733888976,0.040275932863479504,2.0,0.0,0.0,0.0,0.0,,,,,,,,,,
0,26,5494,ok,38.0,2.0,2.0,14.93709405549015,17.21147034762105,0.1493709405549015,0.1721147034762105,100.0,2.0,10.563607338404811,10.126157341262282,0.10563607338404811,0.10126157341262282,3.0,3.4975611414633527,3.9095679969993498,0.034975611414633526,0.039095679969993496,2.0,0.0,0.0,0.0,0.0,,,,,,,,,,
0,27,5513,ok,38.0,1.0,1.0,26.68569675496636,65.57502103539542,0.2668569675496636,0.6557502103539542,100.0,1.0,70.71067811865476,70.71067811865476,0.7071067811865476,0.7071067811865476,3.0,3.7501838926026716,4.214007226326334,0.037501838926026716,0.04214007226326334,2.0,0.0,0.0,0.0,0.0,,,,,,,,,,
0,28,5532,ok,38.0,1.0,1.0,26.570907139357633,65.39664523556708,0.26570907139357636,0.6539664523556707,100.0,1.0,70.71067811865476,70.71067811865476,0.7071067811865476,0.7071067811865476,3.0,3.9705711465950744,4.477472072437138,0.03970571146595074,0.04477472072437138,2.0,0.0,0.0,0.0,0.0,,,,,,,,,,
0,29,5551,ok,38.0,2.0,2.0,22.97671993852282,22.511372084176205,0.2297671993852282,0.22511372084176207,100.0,2.0,19.987466052973048,17.532003392902652,0.19987466052973046,0.1753200339290265,3.0,3.8727115169392166,4.362242021830843,0.038727115169392166,0.04362242021830843,2.0,0.0,0.0,0.0,0.0,,,,,,,,,,
0,30,5570,ok,38.0,2.0,2.0,17.058106162205387,19.12090323860807,0.1705810616220539,0.1912090323860807,100.0,2.0,12.6136242065871,11.899645477912356,0.12613624206587098,0.11899645477912356,3.0,4.11293581166143,4.65139616090113,0.0411293581166143,0.0465139616090113,2.0,0.0,0.0,0.0,0.0,,,,,,,,,,
0,31,5589,ok,38.0,2.0,2.0,16.790317589713883,19.02454957958882,0.16790317589713882,0.19024549579588823,100.0,2.0,12.375531806754811,11.697356405402033,0.12375531806754811,0.11697356405402033,3.0,4.018180465200541,4.539161097075745,0.04018180465200541,0.045391610970757446,2.0,0.0,0.0,0.0,0.0,,,,,,,,,,
0,32,5608,ok,38.0,1.0,1.0,26.154625648048835,64.69442605238534,0.26154625648048835,0.6469442605238533,100.0,1.0,70.71067811865476,70.71067811865476,0.7071067811865476,0.7071067811865476,3.0,4.230503585785938,4.793409305845191,0.04230503585785938,0.047934093058451914,2.0,0.0,0.0,0.0,0.0,,,,,,,,,,
0,33,5627,ok,38.0,1.0,1.0,26.048647308422005,64.51905160722575,0.26048647308422007,0.6451905160722575,100.0,1.0,70.71067811865476,70.71067811865476,0.7071067811865476,0.7071067811865476,3.0,4.138992295837319,4.684182842259111,0.04138992295837319,0.04684182842259111,2.0,0.0,0.0,0.0,0.0,,,,,,,,,,
0,34,5646,ok,38.0,1.0,1.0,25.951477676052733,64.35014696767912,0.2595147767605273,0.6435014696767912,100.0,1.0,70.71067811865476,70.71067811865476,0.7071067811865476,0.7071067811865476,3.0,4.36197014757759,4.95400301251215,0.043619701475775895,0.049540030125121495,2.0,0.0,0.0,0.0,0.0,,,,,,,,,,
0,35,5665,ok,38.0,2.0,2.0,17.61958824983717,19.965754870536852,0.1761958824983717,0.19965754870536853,100.0,2.0,12.71721397722352,11.983805104809198,0.1271721397722352,0.11983805104809198,3.0,4.564120470407601,5.200048872775803,0.04564120470407601,0.05200048872775803,2.0,0.0,0.0,0.0,0.0,,,,,,,,,,
0,36,5684,ok,38.0,2.0,2.0,26.014893641233726,24.67110839401043,0.2601489364123373,0.24671108394010433,100.0,2.0,23.028430119094093,19.515618744994995,0.23028430119094093,0.19515618744994995,3.0,4.471845784415524,5.0872923457457695,0.044718457844155235,0.0508729234574577,2.0,0.0,0.0,0.0,0.0,,,,,,,,,,
0,37,5703,ok,38.0,1.0,1.0,25.660705494648223,63.83541412954001,0.2566070549464822,0.6383541412954001,100.0,1.0,70.71067811865476,70.71067811865476,0.7071067811865476,0.7071067811865476,3.0,4.38682504338451,4.985471513694396,0.0438682504338451,0.04985471513694396,2.0,0.0,0.0,0.0,0.0,,,,,,,,,,
0,38,5722,ok,38.0,1.0,1.0,25.568335565252415,63.6671239347824,0.25568335565252415,0.636671239347824,100.0,1.0,70.71067811865476,70.71067811865476,0.7071067811865476,0.7071067811865476,3.0,4.5919282160748525,5.235683584315087,0.045919282160748524,0.052356835843150866,2.0,0.0,0.0,0.0,0.0,,,,,,,,,,
0,39,5741,ok,38.0,1.0,1.0,25.47736960660534,63.49998088922902,0.2547736960660534,0.6349998088922902,100.0,1.0,70.71067811865476,70.71067811865476,0.7071067811865476,0.7071067811865476,3.0,4.508284223331197,5.134262282484637,0.045082842233311965,0.05134262282484637,2.0,0.0,0.0,0.0,0.0,,,,,,,,,,
0,40,5760,ok,38.0,2.0,2.0,17.57002002852977,20.379180751285002,0.17570020028529768,0.20379180751285003,100.0,2.0,12.120381433509014,11.481983169296146,0.12120381433509014,0.11481983169296146,3.0,4.6930458881747015,5.358732761505524,0.04693045888174702,0.05358732761505524,2.0,0.0,0.0,0.0,0.0,,,,,,,,,,
0,41,5779,ok,38.0,1.0,1.0,25.282542057166932,63.16244889054163,0.25282542057166935,0.6316244889054163,100.0,1.0,70.71067811865476,70.71067811865476,0.7071067811865476,0.7071067811865476,3.0,4.6125917271038395,5.261273419261983,0.046125917271038396,0.05261273419261983,2.0,0.0,0.0,0.0,0.0,,,,,,,,,,
0,42,5798,ok,38.0,1.0,1.0,25.20027663824087,62.99860423588416,0.2520027663824087,0.6299860423588416,100.0,1.0,70.71067811865476,70.71067811865476,0.7071067811865476,0.7071067811865476,3.0,4.806722061031472,5.498218313018585,0.04806722061031472,0.05498218313018585,2.0,0.0,0.0,0.0,0.0,,,,,,,,,,
0,43,5817,ok,38.0,2.0,2.0,19.238387715279195,21.583720643895433,0.19238387715279195,0.21583720643895432,100.0,2.0,14.024513694777442,13.067583789429094,0.1402451369477744,0.13067583789429094,3.0,4.728629270690489,5.403441582405099,0.047286292706904896,0.05403441582405099,2.0,0.0,0.0,0.0,0.0,,,,,,,,,,
0,44,5836,ok,38.0,1.0,1.0,25.01816442892507,62.66728208759733,0.25018164428925066,0.6266728208759733,100.0,1.0,70.71067811865476,70.71067811865476,0.7071067811865476,0.7071067811865476,3.0,4.904498352562594,5.617130280548584,0.04904498352562594,0.05617130280548584,2.0,0.0,0.0,0.0,0.0,,,,,,,,,,
0,45,5855,ok,38.0,1.0,1.0,24.949004191613863,62.51274675689059,0.24949004191613863,0.6251274675689059,100.0,1.0,70.71067811865476,70.71067811865476,0.7071067811865476,0.7071067811865476,3.0,4.827992173400627,5.523633764571849,0.048279921734006276,0.05523633764571849,2.0,0.0,0.0,0.0,0.0,,,,,,,,,,
0,46,5874,ok,38.0,1.0,1.0,24.850738574373878,62.34429053661667,0.2485073857437388,0.6234429053661666,100.0,1.0,70.71067811865476,70.71067811865476,0.7071067811865476,0.7071067811865476,3.0,5.010938565906405,5.747907473159981,0.050109385659064046,0.057479074731599814,2.0,0.0,0.0,0.0,0.0,,,,,,,,,,
0,47,5893,ok,38.0,1.0,1.0,24.753910802488925,62.177340894830834,0.24753910802488924,0.6217734089483083,100.0,1.0,70.71067811865476,70.71067811865476,0.7071067811865476,0.7071067811865476,3.0,5.180944699052947,5.95753572188776,0.05180944699052947,0.059575357218877606,2.0,0.0,0.0,0.0,0.0,,,,,,,,,,
0,48,5912,ok,38.0,1.0,1.0,24.67574786400851,62.018952877579096,0.2467574786400851,0.6201895287757909,100.0,1.0,70.71067811865476,70.71067811865476,0.7071067811865476,0.7071067811865476,3.0,5.103399978472566,5.860630775100553,0.051033999784725656,0.05860630775100553,2.0,0.0,0.0,0.0,0.0,,,,,,,,,,
0,49,5931,ok,38.0,1.0,1.0,24.593431055825526,61.859773366442354,0.24593431055825526,0.6185977336644235,100.0,1.0,70.71067811865476,70.71067811865476,0.7071067811865476,0.7071067811865476,3.0,5.030571648877984,5.771044464873091,0.05030571648877984,0.05771044464873091,2.0,0.0,0.0,0.0,0.0,,,,,,,,,,
0,50,5950,ok,38.0,1.0,1.0,24.505737201051545,61.6982341949308,0.24505737201051545,0.616982341949308,100.0,1.0,70.71067811865476,70.71067811865476,0.7071067811865476,0.7071067811865476,3.0,5.2053444009867516,5.985472322918692,0.052053444009867514,0.059854723229186925,2.0,0.0,0.0,0.0,0.0,,,,,,,,,,
0,51,5969,ok,38.0,2.0,2.0,17.88234282203742,21.731383087031336,0.1788234282203742,0.21731383087031336,100.0,2.0,11.866770635370854,11.271854674919295,0.11866770635370853,0.11271854674919295,3.0,5.367488379005239,6.184612347020095,0.053674883790052384,0.06184612347020095,2.0,0.0,0.0,0.0,0.0,,,,,,,,,,
0,52,5988,ok,38.0,1.0,1.0,24.342357791095814,61.38214592452987,0.24342357791095814,0.6138214592452987,100.0,1.0,70.71067811865476,70.71067811865476,0.7071067811865476,0.7071067811865476,3.0,5.294568366183525,6.093883332290442,0.052945683661835254,0.06093883332290442,2.0,0.0,0.0,0.0,0.0,,,,,,,,,,
0,53,6007,ok,38.0,1.0,1.0,24.263046117653264,61.2246027178503,0.24263046117653264,0.6122460271785031,100.0,1.0,70.71067811865476,70.71067811865476,0.7071067811865476,0.7071067811865476,3.0,5.22454636558653,6.006905738444651,0.0522454636558653,0.06006905738444651,2.0,0.0,0.0,0.0,0.0,,,,,,,,,,
0,54,6026,ok,38.0,1.0,1.0,24.17725797516255,61.06622974126948,0.2417725797516255,0.6106622974126948,100.0,1.0,70.71067811865476,70.71067811865476,0.7071067811865476,0.7071067811865476,3.0,5.39434288442315,6.214845327906825,0.0539434288442315,0.06214845327906825,2.0,0.0,0.0,0.0,0.0,,,,,,,,,,
0,55,6045,ok,38.0,1.0,1.0,24.10085843687439,60.91238763639056,0.2410085843687439,0.6091238763639056,100.0,1.0,70.71067811865476,70.71067811865476,0.7071067811865476,0.7071067811865476,3.0,5.552760799885466,6.409194790556235,0.05552760799885466,0.06409194790556234,2.0,0.0,0.0,0.0,0.0,,,,,,,,,,
0,56,6064,ok,38.0,1.0,1.0,24.019002413279434,60.755671338664655,0.24019002413279433,0.6075567133866465,100.0,1.0,70.71067811865476,70.71067811865476,0.7071067811865476,0.7071067811865476,3.0,5.481972896096074,6.3199596775841975,0.05481972896096074,0.06319959677584197,2.0,0.0,0.0,0.0,0.0,,,,,,,,,,
0,57,6083,ok,38.0,1.0,1.0,23.91086243231672,60.59518196211177,0.23910862432316718,0.6059518196211178,100.0,1.0,70.71067811865476,70.71067811865476,0.7071067811865476,0.7071067811865476,3.0,5.63544643348602,6.515219287706424,0.0563544643348602,0.06515219287706424,2.0,0.0,0.0,0.0,0.0,,,,,,,,,,
0,58,6102,ok,38.0,1.0,1.0,23.861922106900963,60.448008917995146,0.23861922106900962,0.6044800891799514,100.0,1.0,70.71067811865476,70.71067811865476,0.7071067811865476,0.7071067811865476,3.0,5.5652204443401985,6.4248881416636845,0.055652204443401986,0.06424888141663684,2.0,0.0,0.0,0.0,0.0,,,,,,,,,,
0,59,6121,ok,38.0,1.0,1.0,23.785917150160994,60.29512899919495,0.23785917150160996,0.6029512899919495,100.0,1.0,70.71067811865476,70.71067811865476,0.7071067811865476,0.7071067811865476,3.0,5.704480240587924,6.600272583344387,0.05704480240587924,0.06600272583344387,2.0,0.0,0.0,0.0,0.0,,,,,,,,,,
0,60,6140,ok,38.0,1.0,1.0,23.70989713754828,60.14394471692715,0.23709897137548278,0.6014394471692716,100.0,1.0,70.71067811865476,70.71067811865476,0.7071067811865476,0.7071067811865476,3.0,5.63707510483313,6.514821473939801,0.0563707510483313,0.06514821473939801,2.0,0.0,0.0,0.0,0.0,,,,,,,,,,
0,61,6159,ok,38.0,1.0,1.0,23.631999944129923,59.99175515666579,0.23631999944129922,0.5999175515666579,100.0,1.0,70.71067811865476,70.71067811865476,0.7071067811865476,0.7071067811865476,3.0,5.792191308128837,6.7069978237458585,0.05792191308128837,0.06706997823745858,2.0,0.0,0.0,0.0,0.0,,,,,,,,,,
0,62,6178,ok,38.0,1.0,1.0,23.55426457813412,59.840189704605784,0.2355426457813412,0.5984018970460578,100.0,1.0,70.71067811865476,70.71067811865476,0.7071067811865476,0.7071067811865476,3.0,5.7257650668345175,6.622504989734633,0.05725765066834518,0.06622504989734633,2.0,0.0,0.0,0.0,0.0,,,,,,,,,,
0,63,6197,ok,38.0,1.0,1.0,23.488957362268827,59.69478183965865,0.23488957362268828,0.5969478183965865,100.0,1.0,70.71067811865476,70.71067811865476,0.7071067811865476,0.7071067811865476,3.0,5.869731715514831,6.800193989720217,0.05869731715514831,0.06800193989720217,2.0,0.0,0.0,0.0,0.0,,,,,,,,,,
0,64,6216,ok,114.0,1.0,1.0,23.407211264805213,59.541891477705704,0.23407211264805214,0.595418914777057,100.0,1.0,70.71067811865476,70.71067811865476,0.7071067811865476,0.7071067811865476,3.0,5.804855201607555,6.717800114104092,0.058048552016075554,0.06717800114104092,2.0,0.0,0.0,0.0,0.0,,,,,,,,,,
0,65,6235,ok,38.0,1.0,1.0,23.329031423711083,59.39137278542126,0.23329031423711083,0.5939137278542126,100.0,1.0,70.71067811865476,70.71067811865476,0.7071067811865476,0.7071067811865476,3.0,5.954411073228723,6.903309015994933,0.05954411073228723,0.06903309015994932,2.0,0.0,0.0,0.0,0.0,,,,,,,,,,
0,66,6254,ok,152.0,1.0,1.0,23.258880763417714,59.24536970003795,0.23258880763417714,0.5924536970003795,100.0,1.0,70.71067811865476,70.71067811865476,0.7071067811865476,0.7071067811865476,3.0,6.093252355028535,7.074408764632882,0.060932523550285354,0.07074408764632882,2.0,0.0,0.0,0.0,0.0,,,,,,,,,,
0,67,6273,ok,76.0,1.0,1.0,23.186429677550795,59.09816236468409,0.23186429677550793,0.5909816236468409,100.0,1.0,70.71067811865476,70.71067811865476,0.7071067811865476,0.7071067811865476,3.0,6.02929730590389,6.993159091307374,0.060292973059038905,0.06993159091307373,2.0,0.0,0.0,0.0,0.0,,,,,,,,,,
0,68,6292,adp failed: ValueError,,,,,,,,,,,,,,,,,,,,,,,,,,,,,,,,,
0,69,6311,ok,152.0,1.0,1.0,23.040145633146118,58.80451879316735,0.23040145633146117,0.5880451879316735,100.0,1.0,70.71067811865476,70.71067811865476,0.7071067811865476,0.7071067811865476,3.0,6.108569113546424,7.08954131723059,0.06108569113546424,0.0708954131723059,2.0,0.0,0.0,0.0,0.0,,,,,,,,,,
0,70,6330,ok,76.0,1.0,1.0,22.9664053603726,58.658265938701206,0.22966405360372602,0.586582659387012,100.0,1.0,70.71067811865476,70.71067811865476,0.7071067811865476,0.7071067811865476,3.0,6.24118585241172,7.253577287346786,0.062411858524117195,0.07253577287346787,2.0,0.0,0.0,0.0,0.0,,,,,,,,,,
0,71,6349,adp failed: ValueError,,,,,,,,,,,,,,,,,,,,,,,,,,,,,,,,,
0,72,6368,ok,126.0,1.0,1.0,22.83358318613688,58.374351646133995,0.2283358318613688,0.5837435164613399,100.0,1.0,70.71067811865476,70.71067811865476,0.7071067811865476,0.7071067811865476,3.0,6.118134476500009,7.096029111853263,0.06118134476500009,0.07096029111853264,2.0,0.0,0.0,0.0,0.0,,,,,,,,,,
0,73,6387,ok,76.0,1.0,1.0,22.791194818574407,58.235253927305735,0.22791194818574406,0.5823525392730573,100.0,1.0,70.71067811865476,70.71067811865476,0.7071067811865476,0.7071067811865476,3.0,6.252982932531328,7.2618093617561685,0.06252982932531329,0.07261809361756169,2.0,0.0,0.0,0.0,0.0,,,,,,,,,,
0,74,6406,adp failed: ValueError,,,,,,,,,,,,,,,,,,,,,,,,,,,,,,,,,
0,75,6425,ok,76.0,1.0,1.0,22.613718135254366,57.94066914656977,0.22613718135254365,0.5794066914656977,100.0,1.0,70.71067811865476,70.71067811865476,0.7071067811865476,0.7071067811865476,3.0,6.324552599981448,7.349611166097463,0.06324552599981448,0.07349611166097464,2.0,0.0,0.0,0.0,0.0,,,,,,,,,,
0,76,6444,ok,77.0,1.0,1.0,22.552522842899933,57.803535474340194,0.22552522842899933,0.578035354743402,100.0,1.0,70.71067811865476,70.71067811865476,0.7071067811865476,0.7071067811865476,3.0,6.4568636063015905,7.513822265560609,0.06456863606301591,0.07513822265560609,2.0,0.0,0.0,0.0,0.0,,,,,,,,,,
0,77,6463,ok,20.0,1.0,1.0,22.502915357962166,57.67338151237879,0.22502915357962167,0.5767338151237879,100.0,1.0,70.71067811865476,70.71067811865476,0.7071067811865476,0.7071067811865476,3.0,6.5808311412065805,7.6675349805450965,0.0658083114120658,0.07667534980545096,2.0,0.0,0.0,0.0,0.0,,,,,,,,,,
0,78,6482,adp failed: ValueError,,,,,,,,,,,,,,,,,,,,,,,,,,,,,,,,,
0,79,6501,adp failed: ValueError,,,,,,,,,,,,,,,,,,,,,,,,,,,,,,,,,
0,80,6520,ok,76.0,2.0,2.0,14.63431697023598,21.85548394645287,0.1463431697023598,0.21855483946452872,100.0,2.0,0.0,0.0,0.0,0.0,3.0,6.590982022855157,7.675256637668688,0.06590982022855157,0.07675256637668687,2.0,0.0,0.0,0.0,0.0,,,,,,,,,,
0,81,6539,ok,38.0,1.0,1.0,22.220195984021913,57.10943837467261,0.22220195984021912,0.571094383746726,100.0,1.0,70.71067811865476,70.71067811865476,0.7071067811865476,0.7071067811865476,3.0,6.533397412135717,7.601025499319652,0.06533397412135716,0.07601025499319652,2.0,0.0,0.0,0.0,0.0,,,,,,,,,,
0,82,6558,ok,40.0,1.0,1.0,22.150653625576833,56.96975623538388,0.22150653625576833,0.5696975623538388,100.0,1.0,70.71067811865476,70.71067811865476,0.7071067811865476,0.7071067811865476,3.0,6.653483206111721,7.749755319922327,0.06653483206111721,0.07749755319922327,2.0,0.0,0.0,0.0,0.0,,,,,,,,,,
0,83,6577,ok,21.0,1.0,1.0,22.080797980445453,56.83044796967461,0.22080797980445455,0.5683044796967461,100.0,1.0,70.71067811865476,70.71067811865476,0.7071067811865476,0.7071067811865476,3.0,6.776961202617229,7.903073175017166,0.0677696120261723,0.07903073175017167,2.0,0.0,0.0,0.0,0.0,,,,,,,,,,
0,84,6596,adp failed: ValueError,,,,,,,,,,,,,,,,,,,,,,,,,,,,,,,,,
0,85,6615,ok,78.0,1.0,1.0,21.937624681225255,56.55531583745595,0.21937624681225254,0.5655531583745596,100.0,1.0,70.71067811865476,70.71067811865476,0.7071067811865476,0.7071067811865476,3.0,6.83708833078063,7.972979164734471,0.0683708833078063,0.07972979164734471,2.0,0.0,0.0,0.0,0.0,,,,,,,,,,
0,86,6634,ok,20.0,1.0,1.0,21.887677916286687,56.424634191342115,0.21887677916286688,0.5642463419134212,100.0,1.0,70.71067811865476,70.71067811865476,0.7071067811865476,0.7071067811865476,3.0,6.783434581036314,7.905655821609482,0.06783434581036314,0.07905655821609482,2.0,0.0,0.0,0.0,0.0,,,,,,,,,,
0,87,6653,ok,21.0,1.0,1.0,21.821415852411935,56.288827358333826,0.21821415852411935,0.5628882735833383,100.0,1.0,70.71067811865476,70.71067811865476,0.7071067811865476,0.7071067811865476,3.0,6.72766653786064,7.833145837925064,0.0672766653786064,0.07833145837925064,2.0,0.0,0.0,0.0,0.0,,,,,,,,,,
0,88,6672,ok,38.0,1.0,1.0,21.760212837102188,56.1566684022563,0.21760212837102189,0.561566684022563,100.0,1.0,70.71067811865476,70.71067811865476,0.7071067811865476,0.7071067811865476,3.0,6.847967170288732,7.981981733271127,0.06847967170288732,0.07981981733271126,2.0,0.0,0.0,0.0,0.0,,,,,,,,,,
0,89,6691,ok,152.0,1.0,1.0,21.696630306660417,56.0225720683104,0.21696630306660417,0.5602257206831041,100.0,1.0,70.71067811865476,70.71067811865476,0.7071067811865476,0.7071067811865476,3.0,6.961737106242003,8.122400838767668,0.06961737106242002,0.08122400838767668,2.0,0.0,0.0,0.0,0.0,,,,,,,,,,
0,90,6710,ok,153.0,1.0,1.0,21.634900280673392,55.89122661602643,0.21634900280673391,0.5589122661602643,100.0,1.0,70.71067811865476,70.71067811865476,0.7071067811865476,0.7071067811865476,3.0,6.90745597566791,8.052458198813225,0.0690745597566791,0.08052458198813225,2.0,0.0,0.0,0.0,0.0,,,,,,,,,,
0,91,6729,adp failed: ValueError,,,,,,,,,,,,,,,,,,,,,,,,,,,,,,,,,
0,92,6748,ok,21.0,1.0,1.0,21.510821043862443,55.628140275820854,0.21510821043862444,0.5562814027582086,100.0,1.0,70.71067811865476,70.71067811865476,0.7071067811865476,0.7071067811865476,3.0,7.134066319127053,8.333556508984815,0.07134066319127053,0.08333556508984814,2.0,0.0,0.0,0.0,0.0,,,,,,,,,,
0,93,6767,adp failed: ValueError,,,,,,,,,,,,,,,,,,,,,,,,,,,,,,,,,
0,94,6786,ok,77.0,1.0,1.0,21.386893723062727,55.3666926716301,0.21386893723062728,0.553666926716301,100.0,1.0,70.71067811865476,70.71067811865476,0.7071067811865476,0.7071067811865476,3.0,7.026355136809013,8.19386571625157,0.07026355136809012,0.08193865716251571,2.0,0.0,0.0,0.0,0.0,,,,,,,,,,
0,95,6805,adp failed: ValueError,,,,,,,,,,,,,,,,,,,,,,,,,,,,,,,,,
0,96,6824,ok,115.0,1.0,1.0,21.263542483962276,55.106758243228484,0.21263542483962275,0.5510675824322848,100.0,1.0,70.71067811865476,70.71067811865476,0.7071067811865476,0.7071067811865476,3.0,7.0859960840902065,8.2647654152876,0.07085996084090207,0.082647654152876,2.0,0.0,0.0,0.0,0.0,,,,,,,,,,
0,97,6843,adp failed: ValueError,,,,,,,,,,,,,,,,,,,,,,,,,,,,,,,,,
0,98,6862,ok,38.0,1.0,1.0,21.145009998882976,54.85136695084667,0.21145009998882977,0.5485136695084667,100.0,1.0,70.71067811865476,70.71067811865476,0.7071067811865476,0.7071067811865476,3.0,7.3021419690524265,8.532764604295489,0.07302141969052427,0.08532764604295488,2.0,0.0,0.0,0.0,0.0,,,,,,,,,,
0,99,6881,adp failed: ValueError,,,,,,,,,,,,,,,,,,,,,,,,,,,,,,,,,
0,100,6900,ok,76.0,1.0,1.0,21.02519655685915,54.59633699208933,0.2102519655685915,0.5459633699208932,100.0,1.0,70.71067811865476,70.71067811865476,0.7071067811865476,0.7071067811865476,3.0,7.353766844767598,8.593584997764745,0.07353766844767598,0.08593584997764746,2.0,0.0,0.0,0.0,0.0,,,,,,,,,,
5,1,5019,ok,38.0,3.0,3.0,6.621134102126271,0.26011303915500394,0.06602527485464575,0.0025938207320058966,100.28181051427136,3.0,8.166579753630263,0.08106898776426805,0.08143630147630868,0.0008084116885058723,3.0,0.0,0.0,0.0,0.0,2.0,0.0,0.0,0.0,0.0,2.0,1.5542100035016428,1.726442310902397,0.01549842384706905,0.017215906873327767,2.0,0.0,0.0,0.0,0.0
5,2,5038,ok,38.0,3.0,3.0,3.3177159171525235,0.3222423153522851,0.033143711737979066,0.0032191744792247332,100.10091637837847,3.0,5.36910158070512,0.06585531613547124,0.05363688740280935,0.0006578892433565754,3.0,2.655448744310749,2.3685310452787034,0.026527716632215752,0.02366143219234604,3.0,1.774511402950226,1.3171660274834156,0.01772722435669446,0.013158381312959887,3.0,0.0,0.0,0.0,0.0,2.0,0.0,0.0,0.0,0.0
5,3,5057,ok,38.0,3.0,3.0,2.4649253777923334,0.39312032004267294,0.02462207732768692,0.003926868945560104,100.11037431925314,3.0,4.827608863030973,0.06140353883966522,0.048222862973578265,0.0006133583982400128,3.0,0.6260863669475415,0.653554581947805,0.006253960902702699,0.006528340208414484,2.0,0.14417123854018743,0.1443734829247731,0.001440122859599183,0.001442143073647536,3.0,0.0,0.0,0.0,0.0,2.0,0.0,0.0,0.0,0.0
5,4,5076,ok,38.0,3.0,3.0,4.324485172352496,0.549484238373578,0.04327471702625537,0.005498637173744434,99.9309867174584,3.0,7.140755767462555,0.08059702999259372,0.0714568724078758,0.0008065269106215385,3.0,0.40701647028613375,0.4533702676071916,0.004072975597017958,0.004536833693927549,2.0,0.10106575862925746,0.1011468056712877,0.0010113555559599094,0.001012166586098733,3.0,0.0,0.0,0.0,0.0,2.0,0.0,0.0,0.0,0.0
5,5,5095,ok,38.0,3.0,3.0,4.6743065757794104,0.7600680168388267,0.04674886595015166,0.007601623311639789,99.98759287045864,3.0,5.398309445325149,0.11425039301378881,0.05398979303681267,0.0011426456996700449,3.0,0.378575729382707,0.435404158817818,0.003786227055922628,0.004354581866791377,2.0,0.11577165583175059,0.11577074578984844,0.001157860215534355,0.0011578511139860928,3.0,0.0,0.0,0.0,0.0,2.0,0.0,0.0,0.0,0.0
5,6,5114,ok,38.0,3.0,3.0,3.1051324522138843,0.7002510147955212,0.03109019180763685,0.00701127526716709,99.87498537886647,3.0,5.357401451753011,0.12157605308154634,0.053641073702591364,0.0012172823116855427,3.0,0.3782180123579332,0.4540324904267401,0.003786914320169343,0.004546008079044117,2.0,0.07897600570282329,0.07900764671047453,0.0007907486084051493,0.0007910654145356454,3.0,0.0,0.0,0.0,0.0,2.0,0.0,0.0,0.0,0.0
5,7,5133,ok,38.0,3.0,3.0,4.1886321430731295,0.8563546961476503,0.04191600246404291,0.008569615169758996,99.92918925573336,3.0,6.293416943578002,0.11820414706746954,0.0629787651681255,0.0011828790761522932,3.0,0.586899226500092,0.6983198471356084,0.0058731510869975264,0.0069881468301369485,2.0,0.1409157024422186,0.14096100854852175,0.0014101555660738403,0.0014106089481801156,3.0,0.0,0.0,0.0,0.0,2.0,0.0,0.0,0.0,0.0
5,8,5152,ok,38.0,3.0,3.0,3.1640581229552227,0.7663792663852109,0.03158206376058968,0.007649618911919781,100.18528703319119,3.0,6.027926922753394,0.05589363196198491,0.060167786121692234,0.0005579025984470899,3.0,0.6958332067640941,0.8427249437011588,0.006945463025260046,0.008411663714872281,2.0,0.08934590613410164,0.08935408291511653,0.0008918066592403086,0.0008918882758255081,3.0,0.0,0.0,0.0,0.0,2.0,0.0,0.0,0.0,0.0
5,9,5171,ok,38.0,3.0,3.0,2.353609303285735,0.799941706621661,0.023534099041527694,0.007998739351004912,100.00847277529569,3.0,4.206975403480858,0.07208209865885978,0.0420661898610662,0.0007207599182203056,3.0,0.7369057453066219,0.898840388841027,0.0073684331422832604,0.008987642385666553,2.0,0.03410441475239413,0.03411124382695744,0.00034101525406774017,0.000341083539027742,3.0,0.0,0.0,0.0,0.0,2.0,0.0,0.0,0.0,0.0
5,10,5190,ok,38.0,3.0,3.0,2.3358456104102574,0.8260136642665982,0.02332907749340161,0.00824974762818317,100.12593130058089,3.0,4.492732857331483,0.060300536950819425,0.044870822163383145,0.0006022469520887202,3.0,0.7884312127686255,0.9682797132308776,0.007874395798644136,0.009670618796284395,2.0,0.07176593189861516,0.07176593174010192,0.000716756697954417,0.0007167566963712782,3.0,0.0,0.0,0.0,0.0,2.0,0.0,0.0,0.0,0.0
5,11,5209,ok,38.0,3.0,3.0,1.9106603764987704,0.8363454265569625,0.019077390179684305,0.008350666724276389,100.15313197994193,3.0,3.498612522947684,0.07655225063737475,0.034932632198145984,0.0007643520389627573,3.0,0.8401965874211722,1.0289299196374584,0.00838911944949901,0.010273567079694785,2.0,0.08366905699623305,0.08371931874452875,0.0008354112881161798,0.0008359131371078395,3.0,0.0,0.0,0.0,0.0,2.0,0.0,0.0,0.0,0.0
5,12,5228,ok,38.0,3.0,3.0,6.054132380852748,1.586186974139591,0.06051520055090396,0.015855025429385893,100.04316809229037,3.0,6.384523716201503,0.18005672593865665,0.06381768828343926,0.001799790324238366,3.0,0.8899531467096837,1.107207176868573,0.008895691366837735,0.011067294228898952,2.0,0.16157786180557956,0.16157785492459223,0.0016150814182186145,0.0016150813494384322,3.0,0.0,0.0,0.0,0.0,2.0,0.0,0.0,0.0,0.0
5,13,5247,ok,38.0,3.0,3.0,3.266122223327092,1.295844170769139,0.03263471662271831,0.012947925524101577,100.08121906146462,3.0,4.517733458265666,0.0704767425612054,0.045140671752720275,0.0007041954846485461,3.0,1.057697621298621,1.327174806422801,0.010568392663652896,0.013260977622661851,2.0,0.014376677773071863,0.014379554259220936,0.0001436501064624569,0.00014367884798035654,3.0,0.0,0.0,0.0,0.0,2.0,0.0,0.0,0.0,0.0
5,14,5266,ok,38.0,3.0,3.0,1.77196466947677,0.9538835724029441,0.017734758924120495,0.009546970935509857,99.91478751181532,3.0,4.013724418443031,0.08428665212919598,0.040171475298072294,0.0008435853613683434,3.0,1.1277654214404653,1.4029080238407183,0.011287272380047874,0.014041044962186592,2.0,0.05002819736516544,0.05004824070062565,0.000500708639942305,0.0005009092442368177,3.0,0.0,0.0,0.0,0.0,2.0,0.0,0.0,0.0,0.0
5,15,5285,ok,38.0,3.0,3.0,1.9650707379468373,1.0368629992202727,0.019620061147979522,0.010352459610708202,100.15619845044166,3.0,4.930113342636011,0.0800833606433403,0.049224245916996166,0.0007995846675726854,3.0,1.1442241572031626,1.4589149353606226,0.011424396841193375,0.014566396867414141,2.0,0.12961204097334472,0.129689839329724,0.0012940990470747362,0.0012948758173354183,3.0,0.0,0.0,0.0,0.0,2.0,0.0,0.0,0.0,0.0
5,16,5304,ok,38.0,3.0,3.0,2.6546792585364227,1.5301663402347363,0.0265990589859085,0.015331789937061828,99.80350282101348,3.0,3.6868838050424366,0.07407123297181795,0.036941426912184175,0.0007421706741561616,3.0,1.1053208511019965,1.4145764849038325,0.01107497051565682,0.014173615603860303,2.0,0.015632311981730103,0.01563543719354149,0.00015663089510760883,0.00015666220875615872,3.0,0.0,0.0,0.0,0.0,2.0,0.0,0.0,0.0,0.0
5,17,5323,ok,38.0,3.0,3.0,6.041324133943353,2.0617216889214998,0.06035879186394843,0.020598634925713438,100.09020968412992,3.0,9.376562986224762,0.13156319021803825,0.09368112041942789,0.0013144461444654025,3.0,1.2669270311427996,1.6178861515298857,0.012657851703388736,0.016164279769576847,2.0,0.07229813044188248,0.0723270960204544,0.0007223296930843168,0.0007226190878079699,3.0,0.0,0.0,0.0,0.0,2.0,0.0,0.0,0.0,0.0
5,18,5342,ok,38.0,3.0,3.0,2.1174630173034004,1.4655502446668804,0.0211478578729554,0.014636972653888547,100.12659580104724,3.0,4.573335687495207,0.06238180089781402,0.04567553356734988,0.0006230292800702763,3.0,1.2742791043339514,1.6476273162742359,0.012726679601351466,0.016455441265057002,2.0,0.020596267728539758,0.020600385334384047,0.0002057022668529028,0.00020574339085009202,3.0,0.0,0.0,0.0,0.0,2.0,0.0,0.0,0.0,0.0
5,19,5361,ok,38.0,3.0,3.0,3.118070604439474,1.8530894957637825,0.031162611758332317,0.018520141406583566,100.05806408719123,3.0,6.572148318348499,0.09451839439736184,0.06568334474891986,0.0009446354500222782,3.0,1.474658194508133,1.912033023246832,0.014738024445716905,0.019109234629811293,2.0,0.0,0.0,0.0,0.0,3.0,0.0,0.0,0.0,0.0,2.0,0.0,0.0,0.0,0.0
5,20,5380,ok,38.0,3.0,3.0,3.9350523275292586,2.2193187270606303,0.039251793700026225,0.022137505064356976,100.25152882444273,3.0,7.882247543453026,0.10664142030130039,0.0786247116216668,0.0010637385938327927,3.0,1.489391214077875,1.9234264044772145,0.014856543651180115,0.019186005710151884,2.0,0.017024109096481863,0.017027507114100886,0.0001698139599077231,0.00016984785482841776,3.0,0.0,0.0,0.0,0.0,2.0,0.0,0.0,0.0,0.0
5,21,5399,ok,38.0,3.0,3.0,6.281693894742297,3.3381721829912445,0.06281439745519908,0.033380371248558555,100.00404603455077,3.0,6.137495656336946,0.1306138793844344,0.06137247341189055,0.0013060859491555784,3.0,1.4907239400223768,1.9121644972060279,0.014906636272569824,0.019120871334999658,2.0,0.13516442441729765,0.13516267403443888,0.0013515895583924593,0.001351572055272054,3.0,0.0,0.0,0.0,0.0,2.0,0.0,0.0,0.0,0.0
5,22,5418,ok,38.0,3.0,3.0,2.079030058140317,1.9766115971368299,0.020849329096424774,0.019822236587276006,99.71688050608915,3.0,3.07047732604303,0.11949658778032983,0.03079195127705116,0.0011983586647902893,3.0,1.6405629587333337,2.136747606194203,0.016452208998186155,0.021428143312843845,2.0,0.0,0.0,0.0,0.0,3.0,0.0,0.0,0.0,0.0,2.0,0.0,0.0,0.0,0.0
5,23,5437,ok,38.0,3.0,3.0,2.421779767811876,2.315246907554514,0.024213821017209435,0.023148667345926664,100.01642310359237,3.0,3.22339797240462,0.05112549416256355,0.03222868677343094,0.00051117099148417,3.0,1.715669822690678,2.183692169345039,0.01715388102725556,0.021833335982064387,2.0,0.06736266957385184,0.06736801578409025,0.0006735160834944148,0.0006735695368181042,3.0,0.0,0.0,0.0,0.0,2.0,0.0,0.0,0.0,0.0
5,24,5456,ok,38.0,3.0,3.0,3.0065490438134526,2.6853077436483135,0.030014396332981585,0.026807442592606468,100.17023199329448,3.0,4.203250998009204,0.06249911522005448,0.04196107879924422,0.000623929025383891,3.0,1.7652006427691465,2.2714884351140414,0.01762200813198986,0.022676282064177485,2.0,0.24377042499404492,0.24396559753455277,0.002433561549606506,0.002435509958196804,3.0,0.0,0.0,0.0,0.0,2.0,0.0,0.0,0.0,0.0
5,25,5475,ok,38.0,3.0,3.0,4.469045042122018,3.2901021477748777,0.044763187272826785,0.03295457020447623,99.83750743403664,3.0,5.537133341394516,0.07113316282431835,0.05546145415392046,0.0007124893705035309,3.0,1.7350376544316959,2.2709725770993705,0.017378615502576,0.022746687447098162,2.0,0.0,0.0,0.0,0.0,3.0,0.0,0.0,0.0,0.0,2.0,0.0,0.0,0.0,0.0
5,26,5494,ok,38.0,3.0,3.0,5.154987278796503,3.7400941574366398,0.05157023525158907,0.03741571513773571,99.96051508486495,3.0,8.174551825692022,0.17172055314212914,0.08177780815506956,0.001717883836396211,3.0,1.876244697370315,2.458057242737873,0.01876985823629872,0.024590281879310245,2.0,0.05569290602296316,0.055715218871655744,0.0005571490500592232,0.0005573722666830436,3.0,0.0,0.0,0.0,0.0,2.0,0.0,0.0,0.0,0.0
5,27,5513,ok,38.0,2.0,2.0,17.49960367626184,18.180697841245962,0.17551003050128294,0.1823409770691051,99.7071428127518,2.0,15.2468076890115,13.827524293804492,0.15291590209985986,0.1386813813306468,3.0,1.8565407223675567,2.431655627002932,0.018619937047580498,0.02438797821706251,2.0,0.1773883782312232,0.17749493913124195,0.0017790939869208303,0.0017801627257996373,3.0,0.0,0.0,0.0,0.0,2.0,0.0,0.0,0.0,0.0
5,28,5532,ok,38.0,3.0,3.0,4.890540325557582,3.9059453102819477,0.0488643604818396,0.03902667332411932,100.08399326898278,3.0,7.495352783301183,0.07234517173368336,0.0748906247491234,0.0007228445765473269,3.0,1.9365500559057656,2.5197081369855363,0.019349248492725013,0.025175935278817695,2.0,0.012134196335819514,0.01213662608962543,0.00012124012980984889,0.00012126440695673874,3.0,0.0,0.0,0.0,0.0,2.0,0.0,0.0,0.0,0.0
5,29,5551,ok,38.0,2.0,2.0,21.39719991220635,20.668623277362673,0.21365277015241949,0.20637787357990675,100.14941485168495,2.0,19.527562165258132,16.963089844770188,0.19498428617059058,0.1693778228249408,3.0,2.028633466928368,2.620668377561694,0.020256069093690144,0.026167585516527887,2.0,0.0,0.0,0.0,0.0,3.0,0.0,0.0,0.0,0.0,2.0,0.0,0.0,0.0,0.0
5,30,5570,ok,38.0,3.0,3.0,5.711728742790502,4.993858784904441,0.057015474341674754,0.04984957098602706,100.17857097113695,3.0,4.586057984546782,0.08340713553552218,0.04577883214033966,0.0008325846009477726,3.0,2.152601993894019,2.7772591784285767,0.0214876492350267,0.027723086399672737,2.0,0.1227860424875549,0.12285974360529142,0.001225671730962618,0.0012264074283979283,3.0,0.0,0.0,0.0,0.0,2.0,0.0,0.0,0.0,0.0
5,31,5589,ok,38.0,3.0,3.0,5.40132331231934,4.373873753449553,0.05415096805618825,0.04385027227765473,99.74564640681596,3.0,9.224360290585324,0.1197122285774236,0.09247882612303159,0.0012001749739449605,3.0,2.2211487319617307,2.9544711019648258,0.022268127101033573,0.029620050682863053,2.0,0.05274438599056208,0.052765483744958305,0.0005287888533544846,0.0005290003688958264,3.0,0.0,0.0,0.0,0.0,2.0,0.0,0.0,0.0,0.0
5,32,5608,ok,38.0,3.0,3.0,4.097445257562829,3.986458701086365,0.04094815168587535,0.039838998527257086,100.06422973606892,3.0,5.285843380160448,0.07920957146840438,0.052824504761616375,0.0007915872802631756,3.0,2.146358851090226,2.8494353319553634,0.02144981135368251,0.028476063219305053,2.0,0.019003819824208755,0.01900762515274201,0.0001899162155580825,0.00018995424441757897,3.0,0.0,0.0,0.0,0.0,2.0,0.0,0.0,0.0,0.0
5,33,5627,ok,38.0,3.0,3.0,3.9464617996392235,4.032283884859064,0.03949186989903499,0.040350683387176615,99.9309936381528,3.0,4.29755775502114,0.055331073584886564,0.04300525391133877,0.000553692819119149,3.0,2.2065656738861703,2.8611319504312194,0.022080893960447146,0.028631076768747987,2.0,0.18785194505799585,0.18804017345985757,0.0018798166436551432,0.0018817002274664207,3.0,0.0,0.0,0.0,0.0,2.0,0.0,0.0,0.0,0.0
5,34,5646,ok,38.0,2.0,2.0,14.784882981590878,17.333486687941594,0.14761949034673413,0.17306599409625575,100.15535852930799,2.0,11.500595794033444,10.833229342545872,0.11482756352639963,0.10816425103581248,3.0,2.4300670288358415,3.1309812092558196,0.024262975686166033,0.031261245081955505,2.0,0.02301962035612597,0.023024226122503745,0.00022983912887087162,0.00022988511509113387,3.0,0.0,0.0,0.0,0.0,2.0,0.0,0.0,0.0,0.0
5,35,5665,ok,38.0,3.0,3.0,4.1646826113292645,4.325847270863318,0.041601342942438356,0.043211229432524936,100.10933101586942,3.0,3.5291218870611933,0.0668704097340487,0.035252676760987985,0.0006679737948048854,3.0,2.3986713878978887,3.1731766732189333,0.023960517601677403,0.03169711195768473,2.0,0.21019298626878197,0.21020737279764634,0.002099634311165879,0.0020997780193369197,3.0,0.0,0.0,0.0,0.0,2.0,0.0,0.0,0.0,0.0
5,36,5684,ok,38.0,2.0,2.0,14.789264651799257,17.547621732493635,0.14778761877113786,0.17535160077255094,100.07106667508958,2.0,11.42000043055428,10.760869662173604,0.11411890379496704,0.10753227700781846,3.0,2.3776831920798625,3.118532365925806,0.023759946516806067,0.031163177025493764,2.0,0.0,0.0,0.0,0.0,3.0,0.0,0.0,0.0,0.0,2.0,0.0,0.0,0.0,0.0
5,37,5703,ok,38.0,3.0,3.0,5.538410121480814,5.634846021159962,0.05544550045702809,0.0564109285496491,99.88926199292305,3.0,4.5734618292726035,0.10187096236312912,0.045785320043676206,0.0010198389729853693,3.0,2.385893663511631,3.0972613259916297,0.023885386836481646,0.031006949738111633,2.0,0.12392223678953855,0.12391786696596066,0.001240596179380304,0.0012405524327003235,3.0,0.0,0.0,0.0,0.0,2.0,0.0,0.0,0.0,0.0
5,38,5722,ok,38.0,2.0,2.0,18.730282756343236,20.137589092572767,0.1871566066758778,0.20121868368072077,100.07812755860004,2.0,15.897219712062924,14.346794504106093,0.15884809298369834,0.14335594454148262,3.0,2.5878918872988947,3.4213908242983617,0.025858716089422966,0.034187198619348574,2.0,0.11425285486326782,0.11432154389932866,0.0011416366158166565,0.0011423229699455406,3.0,0.0,0.0,0.0,0.0,2.0,0.0,0.0,0.0,0.0
5,39,5741,ok,38.0,3.0,3.0,6.147964724308936,6.109440766058919,0.06139436974481593,0.06100966452237318,100.13890117062508,3.0,6.4778092047438784,0.10183595236964915,0.06468823932575855,0.0010169469724471262,3.0,2.5403473139990185,3.34053671203962,0.025368236362715436,0.03335903103577832,2.0,0.07232683960515587,0.0723268414189712,0.0007222651612875133,0.0007222651794005073,3.0,0.0,0.0,0.0,0.0,2.0,0.0,0.0,0.0,0.0
5,40,5760,ok,38.0,3.0,3.0,4.304609147181244,4.554698063502768,0.042977740868076514,0.045474659002138165,100.15903721869824,3.0,2.9401437624021654,0.04515423854531638,0.029354752641864282,0.00045082540526744137,3.0,2.587996422237716,3.43272185012307,0.025838870800912354,0.03427271213308179,2.0,0.0734625410775398,0.07346253905732218,0.000733458938079982,0.0007334589179098837,3.0,0.0,0.0,0.0,0.0,2.0,0.0,0.0,0.0,0.0
5,41,5779,ok,38.0,2.0,2.0,19.617989599124016,21.004372824305374,0.1962291652530909,0.2100964793131602,99.97489197806698,2.0,16.72822179859655,14.934338198440068,0.1673242297902805,0.14938088857066675,3.0,2.6812018418702195,3.5350494428373542,0.026818752076855815,0.035359372467368026,2.0,0.08208440832150728,0.08209129549947239,0.0008210502326875771,0.0008211191217639126,2.0,14.086273631714194,16.426060127787373,0.1408981130462688,0.16430185422346852,2.0,0.0,0.0,0.0,0.0
5,42,5798,ok,38.0,3.0,3.0,6.097918553171702,6.267289925385121,0.060966481225919605,0.06265984208245103,100.020838181148,3.0,5.57835723935676,0.12713221844097694,0.05577195053348566,0.0012710573191831033,3.0,2.5539013865447524,3.359210349848664,0.02553369310822386,0.03358510497347352,2.0,0.049828908617760743,0.04983096809878248,0.0004981852734278779,0.0004982058639474055,3.0,0.0,0.0,0.0,0.0,2.0,0.0,0.0,0.0,0.0
5,43,5817,ok,38.0,2.0,2.0,22.93116698489736,22.938374904768914,0.22902436385612301,0.22909635274636989,100.12544778556008,2.0,20.534004745872952,17.60624114824961,0.2050827756581013,0.17584182181094574,3.0,2.7778324409308843,3.655521782897114,0.027743520776857874,0.036509417573104795,2.0,0.09663852948474846,0.09664962807886934,0.000965174504804417,0.0009652853516906616,3.0,0.0,0.0,0.0,0.0,2.0,0.0,0.0,0.0,0.0
5,44,5836,ok,38.0,3.0,3.0,5.466604268042685,5.770069047773914,0.05473659111723703,0.05777515523349015,99.87111284175685,3.0,3.007664239163241,0.053013093637149546,0.030115457348801205,0.0005308150888550466,3.0,2.8349025521355573,3.7605124066598,0.02838561092863144,0.03765365479223439,2.0,0.08564420449552958,0.08566132648489232,0.0008575473133180218,0.0008577187541769003,3.0,0.0,0.0,0.0,0.0,2.0,0.0,0.0,0.0,0.0
5,45,5855,ok,39.0,2.0,2.0,18.690760432398633,20.687921134437104,0.18665478913873593,0.2065993821403659,100.13544532471786,2.0,15.438554485013652,13.996618565368,0.154176719691511,0.13977686442577805,3.0,2.8333141165113225,3.747241497866358,0.028294817158135064,0.037421728996309495,2.0,0.014424972784679671,0.014427856625238785,0.00014405461260897742,0.00014408341200713022,3.0,0.0,0.0,0.0,0.0,2.0,0.0,0.0,0.0,0.0
5,46,5874,ok,38.0,2.0,2.0,16.001894252837886,19.41114866001968,0.15978310122331477,0.19382539855584166,100.14760090601476,2.0,11.997199791004661,11.260078832384938,0.11979517914027356,0.11243483349094056,3.0,2.892220411310645,3.8133568993967577,0.02887957759492311,0.038077366456091825,2.0,0.047246748379082514,0.0472562015100107,0.00047177114530603723,0.00047186553729189275,,,,,,,,,,
5,47,5893,ok,40.0,2.0,2.0,15.979840349214061,20.69215638593781,0.15937941597786337,0.20637902056859944,100.26288684251136,2.0,9.343464696215769,8.961743858672094,0.093189663597978,0.08938246384974748,3.0,3.0247848161763984,3.9620342893149405,0.030168539042044546,0.03951645932096822,2.0,0.03443493038819627,0.0344418201301707,0.000343446428410596,0.0003435151451829871,3.0,0.0,0.0,0.0,0.0,2.0,0.0,0.0,0.0,0.0
5,48,5912,ok,38.0,2.0,2.0,14.906654283993962,18.829054844385574,0.14884968594052053,0.1880166298049208,100.14568851660577,2.0,10.297853603209756,9.802995855669309,0.10282872638598121,0.09788734793154688,3.0,2.9138842418152096,3.8434042325266216,0.029096452228515465,0.038378129797263544,2.0,0.0822576711783061,0.08229060059030703,0.0008213800553647045,0.0008217088704389098,3.0,0.0,0.0,0.0,0.0,2.0,0.0,0.0,0.0,0.0
5,49,5931,ok,38.0,2.0,2.0,18.642768533151777,21.319597478707504,0.1869124396352001,0.21375033272013635,99.74065166308436,2.0,14.833874517881561,13.516350459136408,0.14872445959135255,0.13551496038740068,3.0,3.0153644720032666,3.999654518347679,0.030232051041624606,0.04010054528075654,2.0,0.07548945349445542,0.07550456951712872,0.0007568574321075475,0.0007570089853851857,3.0,0.0,0.0,0.0,0.0,2.0,0.0,0.0,0.0,0.0
5,50,5950,ok,38.0,3.0,3.0,13.448579168891143,13.969035229745462,0.13435386433632718,0.13955331939510315,100.09819393973962,2.0,9.341126922014618,8.953258351900363,0.09331963499399495,0.0894447541909731,3.0,3.037445474987783,4.084960021327851,0.030344658134554992,0.040809527730211084,2.0,0.2784711424214888,0.27857219036561665,0.002781979688755743,0.002782989176940801,,,,,,,,,,
5,51,5969,ok,38.0,2.0,2.0,24.99901071078254,24.86313485330276,0.24989443037793532,0.2485361918300244,100.03828685967325,2.0,23.97368883918951,19.70755906244314,0.2396451357950395,0.1970001654475304,3.0,3.07552427105283,4.064573165804684,0.030743472000544766,0.04063017563971467,2.0,0.02326188229136273,0.02326653280687042,0.00023252979455748657,0.00023257628191401453,3.0,0.0,0.0,0.0,0.0,2.0,0.0,0.0,0.0,0.0
5,52,5988,ok,39.0,2.0,2.0,20.097076383720538,21.982452177931318,0.2009485189781446,0.21980019005358495,100.01106992934005,2.0,15.766764713819121,14.230498023395757,0.15765019537295896,0.14228922891685797,3.0,3.1699440609547507,4.238694526356444,0.03169593189228336,0.04238225357804063,2.0,0.09655830569204292,0.0965700290234143,0.0009654761793895757,0.000965593399727081,3.0,0.0,0.0,0.0,0.0,2.0,0.0,0.0,0.0,0.0
5,53,6007,ok,46.0,3.0,3.0,13.252873983805488,13.911238196446885,0.13254492311137753,0.13912936917571558,99.98779034840207,2.0,9.35295292780797,8.971201908297559,0.09354095030221299,0.08972297394549764,3.0,3.271616857672728,4.3286620453050855,0.03272016359470446,0.043291906243973347,2.0,0.01848197066517951,0.01848566558075489,0.00018484227524960875,0.00018487922891727664,3.0,0.0,0.0,0.0,0.0,2.0,0.0,0.0,0.0,0.0
5,54,6026,ok,42.0,2.0,2.0,25.11668830379069,24.59102111681299,0.2504585701453531,0.24521672255659696,100.28280641071404,2.0,21.75011601785785,18.4079459800578,0.21688778761115826,0.18356033939324545,3.0,3.3427022768946757,4.3942769618994575,0.03333275559924445,0.043818847110265756,2.0,0.0,0.0,0.0,0.0,3.0,0.0,0.0,0.0,0.0,2.0,0.0,0.0,0.0,0.0
5,55,6045,ok,36.0,1.0,1.0,22.448839740059007,58.625460239679725,0.22451846780952908,0.5863331316920329,99.98660671024865,1.0,68.26403139220749,68.31398791334391,0.6827317541641346,0.6832313862926774,3.0,3.4962103373842925,4.625922906035155,0.03496678657688591,0.04626542552284652,2.0,0.0,0.0,0.0,0.0,3.0,0.0,0.0,0.0,0.0,2.0,0.0,0.0,0.0,0.0
5,56,6064,ok,42.0,2.0,2.0,23.07622721353264,25.85061323096836,0.23092569466995636,0.2586892026485589,99.92923155006049,2.0,27.715584264522867,21.766681634831127,0.2773521204417396,0.21782096486879218,3.0,3.3544280117485106,4.460032223355714,0.03356803569602232,0.04463190754270355,2.0,0.0,0.0,0.0,0.0,3.0,0.0,0.0,0.0,0.0,2.0,0.0,0.0,0.0,0.0
5,57,6083,ok,42.0,2.0,2.0,16.006946743760615,20.33707851853636,0.1601163533978362,0.20343035453796277,99.97071756929566,2.0,10.343621844847487,9.834387228286447,0.10346651595931285,0.09837267819418868,3.0,3.346385422969786,4.482833014532064,0.033473656129858295,0.04484146081501061,2.0,0.0,0.0,0.0,0.0,,,,,,,,,,
5,58,6102,ok,50.0,2.0,2.0,20.508612513107053,22.641447785027204,0.20484488775138368,0.2261481524939133,100.11776587755494,2.0,16.837019028382205,15.047909547246977,0.16817214088630436,0.1503020908961425,3.0,3.5053225803565837,4.66770601335493,0.03501199362202737,0.04662215514340964,2.0,0.0,0.0,0.0,0.0,3.0,0.0,0.0,0.0,0.0,2.0,0.0,0.0,0.0,0.0
5,59,6121,ok,39.0,3.0,3.0,15.980398763753122,15.338027248462351,0.15987584090553875,0.1534492374334263,99.95505683185117,3.0,16.106343090437637,11.058939355228924,0.16113585046059692,0.11063911827725498,3.0,3.4786981726753194,4.596257751412234,0.0348026231281859,0.045983243840721964,2.0,0.14375564728678308,0.14375564728678308,0.0014382028467915856,0.0014382028467915856,3.0,0.0,0.0,0.0,0.0,2.0,0.0,0.0,0.0,0.0
5,60,6140,ok,50.0,2.0,2.0,19.09294531351739,23.881539166586634,0.19051437934045612,0.23829621555538125,100.21787006112334,2.0,12.165192987970375,11.387023589123709,0.1213874629400003,0.11362268607563412,3.0,3.7437435569039024,4.954035538839016,0.037356047924592455,0.04943265642961208,2.0,0.0,0.0,0.0,0.0,3.0,0.0,0.0,0.0,0.0,2.0,0.0,0.0,0.0,0.0
5,61,6159,ok,48.0,2.0,2.0,24.111501041158256,24.79198371102464,0.24115161059993798,0.2479574702410904,99.9848227477045,2.0,20.187855099219927,17.348764445271375,0.20190919526017173,0.1735139791070908,3.0,3.6529505758486334,4.848077355714688,0.036535050775318795,0.04848813272338368,2.0,0.05066196241072038,0.05068224342049249,0.0005066965267174362,0.00050689936760083,3.0,0.0,0.0,0.0,0.0,2.0,0.0,0.0,0.0,0.0
5,62,6178,ok,46.0,1.0,1.0,22.29107970500276,57.643884994141644,0.2227494326052898,0.576021567619622,100.0724421350261,1.0,68.28472926331128,68.34994892367018,0.682352981564853,0.6830047060453139,3.0,3.5970580309928195,4.716727375812029,0.035944541316772986,0.04713312951279661,2.0,0.11654047379870841,0.1165870899882279,0.001164561105058896,0.0011650269295009196,3.0,0.0,0.0,0.0,0.0,2.0,0.0,0.0,0.0,0.0
5,63,6197,ok,46.0,2.0,2.0,24.23024398627347,28.032118838873195,0.242373638649658,0.2804035587048273,99.97062436850808,2.0,30.433130435437917,23.14939860160035,0.30442072986616964,0.23156200881838926,3.0,3.6458262617851496,4.836462082545796,0.036468975609735485,0.04837883241298769,2.0,0.2576388468119504,0.2576434808234729,0.002577145520890731,0.0025771918746226577,2.0,17.609091772699806,19.163029302782434,0.17614266074591883,0.19168660217769942,2.0,0.0,0.0,0.0,0.0
5,64,6216,ok,56.0,2.0,2.0,10.952311468696598,18.078437679668212,0.10939206768292144,0.18056806400257489,100.1197957098904,2.0,0.0,0.0,0.0,0.0,3.0,3.706030440824142,4.92742889518534,0.037015960875138296,0.049215331096591326,2.0,0.08009084996926118,0.08012291195884055,0.000799950193679324,0.000800270429945809,3.0,0.0,0.0,0.0,0.0,2.0,0.0,0.0,0.0,0.0
5,65,6235,ok,55.0,2.0,2.0,24.67662350472087,25.16084022761422,0.2458454844866527,0.2506695842997199,100.37452408877007,2.0,22.004772824088736,18.55490057292303,0.21922667154693523,0.18485667295929883,3.0,3.7724389850397984,4.989185908102326,0.03758363010223089,0.04970569926378876,2.0,0.14766691169175689,0.14769045099015615,0.0014711592710632626,0.0014713937857333242,3.0,0.0,0.0,0.0,0.0,2.0,0.0,0.0,0.0,0.0
5,66,6254,ok,52.0,2.0,2.0,22.670916825944197,27.37187176945033,0.22704349227344192,0.27412236586237015,99.85274891138597,2.0,31.781094924940973,23.827749689455082,0.31827961945389216,0.2386288805188623,3.0,3.8082925446472933,5.049925025809885,0.038139085665302525,0.05057372061225301,2.0,0.21998217594714944,0.2199821601828419,0.0022030657978416995,0.0022030656399661505,3.0,0.0,0.0,0.0,0.0,2.0,0.0,0.0,0.0,0.0
5,67,6273,ok,56.0,2.0,2.0,23.650942319346242,27.121378355690634,0.23647779771453378,0.27117751749324925,100.01337355102014,2.0,27.987575343597808,21.957617447503377,0.2798383291142601,0.21954681326994804,3.0,3.7726728694523493,5.013960377131346,0.03772168396587266,0.05013289922245807,2.0,0.05893944334650803,0.05896303799956909,0.0005893156210398309,0.0005895515360202312,3.0,0.0,0.0,0.0,0.0,2.0,0.0,0.0,0.0,0.0
5,68,6292,ok,59.0,2.0,2.0,11.53991457648434,18.430282476901276,0.11550501522433887,0.18447190782688516,99.90834211026262,2.0,0.0,0.0,0.0,0.0,3.0,3.777227984413355,5.043015252440147,0.03780693288098669,0.05047641814408735,2.0,0.059645185055020505,0.05966904312904251,0.000596999047278693,0.0005972378468976044,3.0,0.0,0.0,0.0,0.0,2.0,0.0,0.0,0.0,0.0
5,69,6311,ok,55.0,3.0,3.0,10.497777387558381,10.322906532246922,0.10514973175089859,0.1033981587418498,99.8364638002861,3.0,12.694082438723337,0.16684963963375088,0.1271487586350886,0.0016712294614873243,3.0,3.830442740307694,5.0918644549697465,0.03836717161747787,0.05100205136627801,2.0,0.2869187963244755,0.2869526920505693,0.002873887810153521,0.0028742273226402774,3.0,0.0,0.0,0.0,0.0,2.0,0.0,0.0,0.0,0.0
5,70,6330,ok,46.0,2.0,2.0,18.34927712750921,23.19877390864,0.18333422847132716,0.23178729529595385,100.08647747073032,2.0,11.432977129832173,10.774669492190599,0.11423098722977515,0.10765359881250278,3.0,3.8677752043477884,5.149507582610817,0.038644333401371786,0.05145058266354473,2.0,0.018153242208459194,0.018156880126921796,0.00018137557307647278,0.0001814119208284822,3.0,0.0,0.0,0.0,0.0,2.0,0.0,0.0,0.0,0.0
5,71,6349,ok,50.0,3.0,3.0,10.169765524953853,10.931118800004233,0.10160187141074249,0.10920823336274703,100.09427369542124,3.0,3.960214679611406,0.08055803932182498,0.03956484755223878,0.0008048216580996088,3.0,4.034826501288854,5.328289519415451,0.04031026303828832,0.053232710750557063,2.0,0.08092343889283928,0.08097201239335006,0.0008084722122974062,0.0008089574898134665,3.0,0.0,0.0,0.0,0.0,2.0,0.0,0.0,0.0,0.0
5,72,6368,ok,53.0,1.0,1.0,21.32298819561506,56.20359685033449,0.21295285746013887,0.5613057813012194,100.13008724058263,1.0,68.36574286352214,68.39611678360214,0.68276923298049,0.6830725775686857,3.0,3.987629284956351,5.272631377925581,0.039824486274293074,0.052657812683784305,2.0,0.10877510827352116,0.10884045175065783,0.0010863378957432358,0.0010869904815836904,2.0,19.002288125590983,20.013404945056983,0.1897760068852649,0.19987403882881638,2.0,0.0,0.0,0.0,0.0
5,73,6387,ok,54.0,3.0,3.0,9.049843601161154,9.275618814779888,0.09063677850658675,0.092897982006989,99.84736605023406,3.0,5.797834847052121,0.08733503252415323,0.05806697839315241,0.0008746853921035256,3.0,4.200451990680794,5.611227373292195,0.04206873107266055,0.056198051037912596,2.0,0.16704436535598835,0.16714463209794783,0.0016729972152890534,0.0016740014154590312,2.0,18.97696802083228,19.947308616947744,0.19005977595127355,0.19977801524490976,2.0,0.0,0.0,0.0,0.0
5,74,6406,ok,71.0,1.0,1.0,21.505394493024944,55.98527688876301,0.2146251852187034,0.5587365730802276,100.19977138801727,1.0,68.4085296553699,68.41849267516506,0.682721414507646,0.6828208460697857,3.0,4.124075204252,5.4077966233850265,0.041158529077693996,0.053970149317443816,2.0,0.026448499008315012,0.026453790824843285,0.00026395767816570035,0.00026401049082639777,3.0,0.0,0.0,0.0,0.0,2.0,0.0,0.0,0.0,0.0
5,75,6425,ok,57.0,1.0,1.0,20.939164922618428,55.66476704462018,0.20962254080509696,0.5572614736231782,99.88985364931372,1.0,68.2617663401298,68.27076665715103,0.6833703709265448,0.6834604733412789,3.0,4.247253725490908,5.679089452713043,0.042519370790169216,0.056853516600903146,2.0,0.0,0.0,0.0,0.0,3.0,0.0,0.0,0.0,0.0,2.0,0.0,0.0,0.0,0.0
5,76,6444,ok,62.0,1.0,1.0,21.07510130976566,55.595437971039686,0.21078236459347133,0.5560370839458474,99.9851261295625,1.0,68.24300255662347,68.30316818592412,0.6825315444238473,0.6831332902197439,3.0,4.251428413925014,5.665158911214822,0.042520608599482465,0.05666001664961454,2.0,0.06836112395434278,0.068374801650212,0.0006837129341194132,0.0006838497314251593,3.0,0.0,0.0,0.0,0.0,2.0,0.0,0.0,0.0,0.0
5,77,6463,ok,57.0,1.0,1.0,21.11403388401791,55.43354403457795,0.21119132300353033,0.554469296002151,99.97585877931624,1.0,68.21782318622179,68.282452370028,0.682342957781476,0.6829894056799518,3.0,4.326068622492561,5.688111339470354,0.043271132404491736,0.05689484850563898,2.0,0.030881843827363198,0.03088801772558116,0.0003088930088165671,0.0003089547627068897,2.0,19.55904498737416,20.289199032158507,0.1956376791976173,0.20294098275208905,2.0,0.0,0.0,0.0,0.0
5,78,6482,ok,54.0,2.0,2.0,11.743466309290014,19.74771599164905,0.11748187126490994,0.1975565447887915,99.95981663255657,2.0,0.0,0.0,0.0,0.0,3.0,4.321126309205729,5.714954869698482,0.043228633812823075,0.05717252254179447,2.0,0.019683398352680095,0.01968733660765262,0.00019691310984527437,0.00019695250822659595,3.0,0.0,0.0,0.0,0.0,2.0,0.0,0.0,0.0,0.0
5,79,6501,ok,76.0,2.0,2.0,24.110675243171404,24.81282977544637,0.24176786813688536,0.24880866656574105,99.72654939208174,2.0,20.878714718731178,17.776030513573737,0.2093596424021961,0.17824772462231755,3.0,4.3436584381074965,5.753912072468691,0.043555687673801954,0.057696893229974226,2.0,0.0446436484203595,0.04464364738217916,0.0004476606148763851,0.00044766060446611476,3.0,0.0,0.0,0.0,0.0,2.0,0.0,0.0,0.0,0.0
5,80,6520,ok,58.0,1.0,1.0,20.728011244198907,55.0274735437739,0.20720882362427,0.550085482185954,100.03440433494681,1.0,68.30048137300284,68.31187125994956,0.6827699112828346,0.6828837709796303,3.0,4.376695879298717,5.842502368132274,0.04375190624061853,0.05840492985363044,2.0,0.03740520735997676,0.03741268540903216,0.00037392342773124633,0.00037399818250291833,3.0,0.0,0.0,0.0,0.0,2.0,0.0,0.0,0.0,0.0
5,81,6539,ok,66.0,3.0,3.0,21.474677037309533,19.43355848984097,0.21440899769398122,0.19402991673378817,100.15753661588224,2.0,16.907908049749285,15.089803818578831,0.16881313799273448,0.1506606924294702,3.0,4.3910924828156706,5.780874533358386,0.04384185784896155,0.05771781863534469,2.0,0.08579722690306645,0.08583154579382767,0.0008566227745008394,0.0008569654236106396,3.0,0.0,0.0,0.0,0.0,2.0,0.0,0.0,0.0,0.0
5,82,6558,ok,74.0,4.0,4.0,8.712381552130301,8.790413578003795,0.08724002292141375,0.08802138398613243,99.86679577077207,3.0,3.681194629292923,0.05486467361315365,0.03686104676615944,0.000549378531570058,3.0,4.293790209484163,5.73810625216524,0.04299517348428658,0.05745759847283101,2.0,0.05534971842572856,0.05536078394143623,0.0005542354493156545,0.0005543462520666816,3.0,0.0,0.0,0.0,0.0,2.0,0.0,0.0,0.0,0.0
5,83,6577,ok,71.0,3.0,3.0,9.863087475820993,10.868842448694133,0.09878201158866065,0.1088549729842948,99.84699964293087,2.0,0.0,0.0,0.0,0.0,3.0,4.452748827047193,5.889401148623329,0.04459571988112761,0.058984257610992685,2.0,0.0,0.0,0.0,0.0,3.0,0.0,0.0,0.0,0.0,2.0,0.0,0.0,0.0,0.0
5,84,6596,ok,59.0,3.0,3.0,9.647698557588697,10.108829103602215,0.09645469161390594,0.1010649314907002,100.02311340341046,3.0,4.786914894934657,0.0656174971998788,0.04785808731656056,0.0006560233426771283,3.0,4.512283837073653,5.9761015504110135,0.04511241135711137,0.05974720589138598,2.0,0.030926342086870503,0.03093252983038528,0.0003091919560845825,0.000309253819221054,3.0,0.0,0.0,0.0,0.0,2.0,0.0,0.0,0.0,0.0
5,85,6615,ok,73.0,1.0,1.0,20.409793480106554,54.37067412511044,0.2040555134443199,0.543593732867859,100.02078912548335,1.0,68.31740226998164,68.33324542040278,0.6830320263147744,0.6831904248893073,3.0,4.617158434767874,6.127529845456901,0.046161987674135554,0.061262562503575826,2.0,0.2313317499442139,0.2313775702059126,0.002312836680922317,0.002313294788302786,3.0,0.0,0.0,0.0,0.0,2.0,0.0,0.0,0.0,0.0
5,86,6634,ok,65.0,1.0,1.0,20.554672879047548,54.253640731392174,0.2055711361314382,0.5426008299936497,99.98812705838863,1.0,68.2443318605821,68.29156250050923,0.6825243543238932,0.6829967168064863,3.0,4.505369143811926,5.97140442538056,0.0450590412717801,0.059721134909283026,2.0,0.15641884983386797,0.15651281390064845,0.0015643742355782532,0.0015653139878222932,3.0,0.0,0.0,0.0,0.0,2.0,0.0,0.0,0.0,0.0
5,87,6653,ok,62.0,2.0,2.0,21.297792252110433,25.05062839362504,0.21286651186890607,0.2503752418632377,100.05233827116352,2.0,14.505002474769263,13.2645712116405,0.14497414778510787,0.13257632396047195,3.0,4.54232337940667,6.028024070218301,0.04539947249504544,0.06024870757024238,2.0,0.1989242867954531,0.1990213480015998,0.001988202277255382,0.0019891723815810163,3.0,0.0,0.0,0.0,0.0,2.0,0.0,0.0,0.0,0.0
5,88,6672,ok,69.0,1.0,1.0,20.374714036290325,53.91826347038857,0.2041323334970765,0.5402019837292681,99.81130224321922,1.0,68.20445522259065,68.20688302692923,0.6833339881328339,0.6833583120749528,3.0,4.751576795083239,6.318795305443732,0.047605598647582445,0.06330741272211991,2.0,0.014543910559099206,0.01454682283454423,0.00014571406476251303,0.0001457432425748406,3.0,0.0,0.0,0.0,0.0,2.0,0.0,0.0,0.0,0.0
5,89,6691,ok,77.0,2.0,2.0,20.378409201982905,26.200139403185915,0.20412091716520986,0.2624344438188178,99.83498744270868,2.0,10.603399396975094,10.05960539635927,0.10620925257350247,0.10076232445195706,3.0,4.7153477262880985,6.2849915822861,0.04723141502866466,0.06295379749401787,2.0,0.0,0.0,0.0,0.0,3.0,0.0,0.0,0.0,0.0,2.0,0.0,0.0,0.0,0.0
5,90,6710,ok,66.0,1.0,1.0,20.240217870666346,53.76095095369975,0.2021356551666522,0.5369015844022923,100.13185379877268,1.0,68.34438637850853,68.36952729515619,0.6825439037197395,0.6827949818301895,3.0,4.750935726862182,6.315558081924244,0.047446796864559944,0.06307241744086889,2.0,0.14332505616947327,0.14341122346886748,0.0014313632548689518,0.0014322237932104006,1.0,20.240217870666346,53.76095095369975,0.2021356551666522,0.5369015844022923,1.0,68.34438637850853,68.36952729515619,0.6825439037197395,0.6827949818301895
5,91,6729,ok,63.0,2.0,2.0,21.48918961209433,27.007385233796246,0.21505567175733184,0.2702796838180554,99.92384500485375,2.0,11.955153071727125,11.214416555607748,0.11964264456743443,0.1122296340284245,3.0,4.9061029506164004,6.521811036597858,0.04909842040584096,0.0652678150673752,2.0,0.027222842406244754,0.027228289153424873,0.0002724358976070468,0.00027249040659016146,3.0,0.0,0.0,0.0,0.0,2.0,0.0,0.0,0.0,0.0
5,92,6748,ok,70.0,2.0,2.0,12.775516666948544,21.29677704216328,0.12786935255334284,0.21315811820742253,99.9107011323845,2.0,0.0,0.0,0.0,0.0,3.0,5.013922541038836,6.62342688610185,0.05018403918910795,0.06629346817740396,2.0,0.018798469893846446,0.01880223410307019,0.00018815271718429784,0.00018819039292054107,,,,,,,,,,
5,93,6767,ok,80.0,2.0,2.0,19.455721960359885,24.570060502106777,0.19455708055743937,0.2457004294237521,100.00007146805405,2.0,12.139143635105363,11.365893114534064,0.1213913495950183,0.11365884991557235,3.0,4.795700932900715,6.38974561093511,0.0479569750550903,0.06389741044311527,2.0,0.0443427614343044,0.044342759859012836,0.00044342729743418344,0.00044342728168127903,3.0,0.0,0.0,0.0,0.0,2.0,0.0,0.0,0.0,0.0
5,94,6786,ok,78.0,2.0,2.0,12.826466800158016,21.282050298404183,0.12831631983906377,0.21290620522928663,99.95974647843049,2.0,0.0,0.0,0.0,0.0,3.0,4.85928599138216,6.460268683624822,0.048612428128063594,0.06462870216481423,2.0,0.03450164448594759,0.03450854757608083,0.00034515538205564004,0.00034522444075553107,3.0,0.0,0.0,0.0,0.0,2.0,0.0,0.0,0.0,0.0
5,95,6805,ok,71.0,3.0,3.0,9.332486314690762,9.744642828933536,0.09312668622454438,0.09723949915381366,100.21280358015252,3.0,5.39655849467094,0.06626093506980939,0.053850988116050935,0.0006612022885559963,3.0,5.0231319368231855,6.734399862806092,0.05012465231356957,0.06720099251010139,2.0,0.013876833945490028,0.013879610422870078,0.0001384736625434395,0.00013850136835827413,3.0,0.0,0.0,0.0,0.0,2.0,0.0,0.0,0.0,0.0
5,96,6824,ok,68.0,3.0,3.0,10.940285337702235,11.58478254234974,0.1095743171949486,0.11602939025322916,99.84351824194242,3.0,4.400064872080104,0.059623528150914276,0.04406960962070463,0.0005971697432219244,3.0,4.881671413514191,6.484006624928103,0.04889322311023582,0.06494168814460198,2.0,0.0,0.0,0.0,0.0,3.0,0.0,0.0,0.0,0.0,2.0,0.0,0.0,0.0,0.0
5,97,6843,ok,67.0,2.0,2.0,22.865792545952687,24.69956429378287,0.22858580453749427,0.24691773812227985,100.03155091899889,2.0,16.37333830273069,14.677942410708596,0.16368173993412433,0.1467331284565821,3.0,4.912694277362938,6.54809426376406,0.04911144766055882,0.06546028931478245,2.0,0.0821805492479018,0.08221342146760095,0.0008215462870754445,0.0008218749055902745,3.0,0.0,0.0,0.0,0.0,2.0,0.0,0.0,0.0,0.0
5,98,6862,ok,84.0,2.0,2.0,14.66060968955103,21.71141570567947,0.14678762415528096,0.21738298719975954,99.87633340289054,2.0,0.0,0.0,0.0,0.0,3.0,4.866664086538735,6.453687833893695,0.048726899764202684,0.06461678772147354,2.0,0.022759038531542545,0.022763592160700518,0.0002278721870949647,0.0002279177797694535,3.0,0.0,0.0,0.0,0.0,2.0,0.0,0.0,0.0,0.0
5,99,6881,ok,76.0,3.0,3.0,10.163223094887751,11.27643988518026,0.1017493100268961,0.11289430205010521,99.88493378678672,2.0,0.0,0.0,0.0,0.0,3.0,5.004000726458344,6.624151441194978,0.050097652736496065,0.0663178238205055,2.0,0.038581395872632235,0.038596828430981285,0.00038625841165383016,0.0003864129150184917,3.0,0.0,0.0,0.0,0.0,2.0,0.0,0.0,0.0,0.0
5,100,6900,ok,73.0,2.0,2.0,21.731403177691703,26.53853021514562,0.21726839191523656,0.2653295664569721,100.02100621322695,2.0,27.780275955523432,21.836962486293224,0.2777444159709895,0.2183237633076867,3.0,5.127175313206022,6.796600622480094,0.05126098514021943,0.0679517321390564,2.0,0.0,0.0,0.0,0.0,3.0,0.0,0.0,0.0,0.0,2.0,0.0,0.0,0.0,0.0
20,1,5019,ok,38.0,2.0,2.0,9.232002103302834,8.71593185327774,0.09236369194082364,0.08720054823052392,99.95271853379002,2.0,9.085087231736608,8.473035376878245,0.0908938482615188,0.08477043447311391,3.0,10.500118921682631,8.792865748594352,0.10505085880313461,0.08797025111049717,3.0,10.45190132768214,8.716485369341255,0.10456845477543235,0.08720608600950218,3.0,0.0,0.0,0.0,0.0,2.0,0.0,0.0,0.0,0.0
20,2,5038,ok,38.0,3.0,3.0,3.460959830088916,0.6605932756303798,0.03466914008752907,0.006617297494932484,99.82825709986004,3.0,4.658745887276613,0.41451349529394843,0.046667607174753975,0.004152266175290459,3.0,11.207655102217867,9.482502211059014,0.11226936568677788,0.09498815752711673,3.0,12.024729219266202,9.425176333851308,0.12045416366668252,0.09441391253002776,3.0,0.0,0.0,0.0,0.0,2.0,0.0,0.0,0.0,0.0
20,3,5057,ok,38.0,3.0,3.0,4.27485171138411,0.8162039532875383,0.043224325950152825,0.008252886439254044,98.89921051201483,3.0,5.252249886428414,0.48644110378403205,0.05310709619659038,0.004918553962823965,3.0,11.670993359157794,9.454961413109473,0.11800896386063604,0.09560199079608256,3.0,11.574744823000149,9.288930784195347,0.1170357656352978,0.09392320460502439,3.0,0.0556112726337275,0.05750410762011078,0.0005623024930716867,0.000581441523369136,2.0,0.0,0.0,0.0,0.0
20,4,5076,ok,39.0,2.0,2.0,11.893758143385984,11.160924551935691,0.11878449825092066,0.1114655945526602,100.12887471445626,2.0,11.35655628703573,10.334829523323613,0.11341939395026587,0.10321527683993342,3.0,9.016030920479956,8.04914490666015,0.09004426491550546,0.08038784945515863,3.0,11.305820258765932,7.962946614654458,0.112912686685109,0.07952697598333036,3.0,0.0,0.0,0.0,0.0,2.0,0.0,0.0,0.0,0.0
20,5,5095,ok,38.0,3.0,3.0,3.0953959969357525,0.8184230698577737,0.031227247869885164,0.008256488051991074,99.12484154330106,3.0,5.573927926469292,0.3657176453495098,0.05623139305634514,0.003689465119495319,3.0,9.992017496029932,8.527498710000112,0.10080235529723479,0.08602786725540452,3.0,11.256161333866624,8.273813384946,0.1135554030515101,0.08346861650549746,3.0,0.0,0.0,0.0,0.0,2.0,0.0,0.0,0.0,0.0
20,6,5114,ok,38.0,2.0,2.0,21.86876357389434,19.577443045388105,0.2164585210991696,0.1937788734232171,101.02981145230709,2.0,24.44354033072981,19.137777379509647,0.24194383795587718,0.18942703252043555,3.0,11.396982714751864,9.02407155428415,0.11280811624727234,0.08932087890260117,3.0,11.15599964373388,8.668279264261322,0.11042284928939283,0.08579922242409942,3.0,0.0,0.0,0.0,0.0,2.0,0.0,0.0,0.0,0.0
20,7,5133,ok,38.0,3.0,3.0,5.5076674590984585,1.2890326755837918,0.05516962728261972,0.012912081710669697,99.83151473697845,3.0,5.859510023695311,0.4836817349296348,0.058693990962003284,0.004844980427312648,3.0,9.256999636935149,8.258944884638328,0.09272622639578439,0.08272883474119165,3.0,11.149132566606918,8.037245033055008,0.1116794891470998,0.08050809460549979,3.0,0.0,0.0,0.0,0.0,2.0,0.0,0.0,0.0,0.0
20,8,5152,ok,40.0,3.0,3.0,4.14960245112515,1.4073679162451331,0.04116921347733526,0.013962838818291636,100.79382384629758,3.0,4.598521118199386,0.6291507272123494,0.0456230445747525,0.006241957127966028,3.0,10.620783007398163,8.998231890605151,0.10537136703528578,0.08927364343599788,3.0,10.375886598435649,8.386558400266997,0.10294169029898137,0.08320508221868653,3.0,0.0,0.0,0.0,0.0,2.0,0.0,0.0,0.0,0.0
20,9,5171,ok,38.0,3.0,3.0,3.5322358108381886,1.1580065111281017,0.035513005694288786,0.01164256692532572,99.46316122169979,3.0,7.602084015825046,0.41074312265750157,0.07643115222208025,0.004129600523574452,3.0,10.890727252442733,9.15126243818389,0.10949508459888678,0.09200655122740425,3.0,11.480962282601512,8.750002341640979,0.11542929202713416,0.08797229279831092,3.0,0.0,0.0,0.0,0.0,2.0,0.0,0.0,0.0,0.0
20,10,5190,ok,36.0,3.0,3.0,5.219467382897867,1.3304209069373765,0.05144726793462681,0.013113698361121792,101.45276109763802,3.0,9.30450507035972,0.36313526417399966,0.09171268450155906,0.0035793531910335956,3.0,10.012932808406497,8.502549465086375,0.09869551799354245,0.08380796513663666,3.0,10.988849055278529,8.04191954391228,0.10831493333831371,0.07926762620262988,2.0,3.471574067692369,4.963605279246462,0.03421862579325298,0.04892528528099392,2.0,0.0,0.0,0.0,0.0
20,11,5209,ok,40.0,3.0,3.0,1.9651614650567768,1.0465638769091576,0.019914847230776262,0.010605825575402602,98.6782093924291,3.0,4.314135177835431,0.252256723762761,0.04371922843349066,0.002556356923336257,3.0,9.352879598928531,8.550920002103712,0.09478161041343454,0.08665459228286083,3.0,11.526702281531527,8.20757449464161,0.11681101990502771,0.08317514621694505,3.0,0.0,0.0,0.0,0.0,2.0,0.0,0.0,0.0,0.0
20,12,5228,ok,36.0,2.0,2.0,16.801316543491065,15.256785195970574,0.16837999659746344,0.15290096063221775,99.78214088967482,2.0,15.600594865628937,13.520796459910295,0.1563465638894028,0.13550317060103678,3.0,9.853777198886592,8.558594780091937,0.09875291420918222,0.08577281168535798,3.0,10.864276177014109,7.977818771756171,0.10887996669690932,0.07995237124223392,3.0,0.0,0.0,0.0,0.0,2.0,0.0,0.0,0.0,0.0
20,13,5247,ok,38.0,3.0,3.0,2.0535800838993326,1.1509302457558044,0.020410550780629748,0.011439105983807868,100.61365349573244,3.0,4.181721023715283,0.23661428641513538,0.04156216257361782,0.0023517115042957014,3.0,9.330724500985074,8.324396097427524,0.09273815408542778,0.08273624710169784,3.0,11.125041602439184,7.870239797483917,0.11057188776979515,0.07822238358353358,3.0,0.0,0.0,0.0,0.0,2.0,0.0,0.0,0.0,0.0
20,14,5266,ok,38.0,3.0,3.0,1.208969914918262,0.8963820216454721,0.012148650484159338,0.009007529258485516,99.51474993001416,3.0,2.8837896192614734,0.23657273662846484,0.02897851445428501,0.002377263036834636,3.0,8.63630480767378,7.93609507876962,0.08678416831421917,0.0797479276624907,3.0,11.268272613328065,7.538403721749882,0.11323218539214251,0.07575162201634855,3.0,0.0,0.0,0.0,0.0,2.0,0.0,0.0,0.0,0.0
20,15,5285,ok,36.0,3.0,3.0,4.726405191928951,1.8566745143199643,0.0471312404466991,0.018514572790988074,100.28179074289505,3.0,10.841402852173312,0.3794261288535994,0.10810938627899824,0.0037835994555221047,3.0,10.555305815802356,8.895873691072593,0.10525645521093965,0.08870876382612726,3.0,10.274085460828722,7.880734671504163,0.10245215392263664,0.07858589892664548,3.0,0.0,0.0,0.0,0.0,2.0,0.0,0.0,0.0,0.0
20,16,5304,ok,38.0,2.0,2.0,9.686108124179164,10.921144369411978,0.09735962158520652,0.10977355088873378,99.48793931683622,2.0,8.01854271122691,7.535081735261506,0.0805981384908426,0.07573864517652497,3.0,9.565078038895297,8.778148310468486,0.09614309135938261,0.08823329109785845,3.0,11.987032093216603,8.357788182053195,0.12048728896717688,0.08400805403594098,3.0,0.0,0.0,0.0,0.0,2.0,0.0,0.0,0.0,0.0
20,17,5323,ok,38.0,3.0,3.0,3.50978747745655,1.985151527253942,0.0350798695682219,0.01984133144713657,100.05132632066544,3.0,5.13596943302545,0.3861214301360402,0.05133334681206144,0.0038592334987995803,3.0,8.554973600112444,7.821965234505133,0.08550584899488162,0.0781795256710107,3.0,10.894379404420878,7.233297156336579,0.10888790588846659,0.07229586475599327,3.0,0.0,0.0,0.0,0.0,2.0,0.0,0.0,0.0,0.0
20,18,5342,ok,38.0,3.0,3.0,3.555581399565125,2.1439695059419375,0.03546468464673848,0.021384745243001383,100.25695801279642,3.0,5.8667015549126065,0.3142368934288246,0.05851665232216404,0.0031343150605937656,3.0,8.667868953792858,8.040865549060484,0.08645653254995553,0.08020256856421057,3.0,10.948870310580206,7.616982324398923,0.10920808418287271,0.07597460042051865,2.0,5.309220634711123,7.506829363045395,0.05295613132440617,0.07487589402111375,2.0,0.0,0.0,0.0,0.0
20,19,5361,ok,38.0,3.0,3.0,1.7767409927820685,1.4526092894897404,0.017781622879960136,0.014537712971426685,99.92006943215814,3.0,3.2997909870662676,0.1968543911483081,0.033024306386283064,0.001970118638497991,3.0,8.474696783545076,7.9181691235774485,0.08481476075533621,0.0792450322400304,3.0,11.205797475248238,7.393644326239766,0.11214761497795535,0.07399558835634881,3.0,0.0,0.0,0.0,0.0,2.0,0.0,0.0,0.0,0.0
20,20,5380,ok,37.0,2.0,2.0,10.386114521052608,12.057278339278422,0.10407230722830384,0.1208179221516405,99.79710066644864,2.0,8.654452062981683,8.096822842414284,0.08672047589746536,0.0811328464288382,3.0,9.772816766522924,8.715659663331502,0.09792686061278034,0.08733379632402156,3.0,10.296967353842756,7.637992414765542,0.10317902308863922,0.07653521358595343,3.0,0.0,0.0,0.0,0.0,2.0,0.0,0.0,0.0,0.0
20,21,5399,ok,39.0,3.0,3.0,6.498362384190724,2.676724582502139,0.0653637495679555,0.026923822484678017,99.41844565441727,3.0,16.081608381646436,0.6077541670421189,0.1617567874431148,0.006113092626238577,3.0,9.841934274117936,8.912030786123193,0.09899505277248968,0.08964162261298864,3.0,11.399079866560905,8.150478195872704,0.1146575948912397,0.08198154922079663,3.0,0.0,0.0,0.0,0.0,2.0,0.0,0.0,0.0,0.0
20,22,5418,ok,39.0,3.0,3.0,3.1356702200428828,2.4635184518049518,0.03128516750868223,0.02457898376328408,100.22865369580246,3.0,4.844312826864995,0.35337158488162174,0.04833261396055121,0.0035256543099353313,3.0,8.311590330544906,7.743653580190836,0.082926289280218,0.07725987823495166,3.0,10.39097309997822,6.935421019295199,0.10367267958637053,0.06919599100217837,3.0,0.0,0.0,0.0,0.0,2.0,0.0,0.0,0.0,0.0
20,23,5437,ok,34.0,3.0,3.0,7.189966255039266,2.961944016360191,0.07166387160765969,0.029522304857653794,100.32902344995239,3.0,18.472950877506957,0.8835774793362419,0.18412369862965833,0.008806798361562854,3.0,9.03663043971262,8.454796092232977,0.09006995312996749,0.08427069058885561,3.0,12.13856588065944,7.86484049693326,0.1209875812926115,0.07839048190134648,3.0,0.0,0.0,0.0,0.0,2.0,0.0,0.0,0.0,0.0
20,24,5456,ok,36.0,4.0,4.0,3.857694988019175,1.6586973098615156,0.038430114460758454,0.01652383811361432,100.38208426254684,3.0,6.30827094818229,0.6063474960138533,0.06284259780543273,0.006040395559310828,3.0,9.21997844522782,8.584228283804617,0.09184884447221874,0.08551554141227813,3.0,11.12721576169699,7.765732084512619,0.11084862247524203,0.07736173383490963,3.0,0.0,0.0,0.0,0.0,2.0,0.0,0.0,0.0,0.0
20,25,5475,ok,40.0,3.0,3.0,1.9829249529149655,2.4975746187197307,0.019607654804862377,0.024696638620262657,101.13014394884352,2.0,0.0,0.0,0.0,0.0,3.0,8.353504361758597,7.789638428367054,0.08260152745341884,0.07702588095105874,3.0,10.326518567535054,6.950853931632544,0.10211118232718726,0.06873177136135215,2.0,7.806093841890711,10.429352936677802,0.07718859617009353,0.10312803412950217,2.0,0.0,0.0,0.0,0.0
20,26,5494,ok,37.0,3.0,3.0,2.7499581135796545,2.63836426609881,0.027430130162121032,0.026317010021644834,100.25319228623792,3.0,4.0674613175481715,0.34289925135620414,0.04057188828396565,0.0034203324955196968,3.0,8.882873420701621,8.364770943132815,0.08860439471433172,0.08343645476395542,3.0,11.185025161619947,7.5267864183881255,0.11156777062704418,0.07507777305382975,3.0,0.0,0.0,0.0,0.0,2.0,0.0,0.0,0.0,0.0
20,27,5513,ok,42.0,3.0,3.0,1.9874636846821452,2.5602150741733967,0.019846890233594757,0.025566408052200697,100.13980332888488,2.0,0.0,0.0,0.0,0.0,3.0,9.083055272842712,8.521892591923315,0.0907037458722744,0.08509995335156818,3.0,11.129420628684933,7.684935734465547,0.11113883050212364,0.07674206937701127,2.0,7.806396685954055,10.568146457348671,0.0779549831979981,0.10553392463374588,2.0,0.0,0.0,0.0,0.0
20,28,5532,ok,39.0,3.0,3.0,2.760770191602826,2.7878940837539057,0.027720621689235683,0.02799297001991046,99.59265064660771,3.0,3.5394325671314912,0.31806287341851097,0.03553909394068377,0.0031936379979193245,3.0,9.161931630895733,8.636381902944546,0.09199405349101233,0.086717060414324,3.0,10.967304776198018,7.69047195025515,0.11012162749954464,0.07721927170654233,3.0,0.0,0.0,0.0,0.0,2.0,0.0,0.0,0.0,0.0
20,29,5551,ok,36.0,2.0,2.0,16.395936289635873,16.257104399780726,0.16499908899775684,0.1636019662628743,99.36985948970164,2.0,14.756932641553075,12.845868805487333,0.14850511731962782,0.1292732914331899,3.0,8.990067782725866,8.49209489466243,0.09047077080407431,0.08545946364694741,3.0,11.85943978563285,7.727202246353532,0.11934644817387431,0.0777620325321518,2.0,7.894978077804959,10.603334470200139,0.07945043012386636,0.10670574080160627,2.0,0.0,0.0,0.0,0.0
20,30,5570,ok,37.0,2.0,2.0,20.54853741236685,24.15174666364695,0.20443736733151072,0.24028569066925426,100.51262976325575,2.0,34.19556901570915,23.724788874865112,0.3402116639098221,0.23603788828076358,3.0,8.609618618539885,8.252127892540752,0.08565708248623788,0.0821004077992741,3.0,10.452329502300964,7.252788998744881,0.1039902102543735,0.0721579866712061,2.0,8.152944255309247,10.866610140935775,0.0811136299439427,0.10811188769541344,2.0,0.0,0.0,0.0,0.0
20,31,5589,ok,40.0,3.0,3.0,2.5245905569289144,3.2735764714465456,0.025363047927110832,0.032887660421007804,99.53813769481359,2.0,0.0,0.0,0.0,0.0,3.0,8.525539634604398,8.100460122458452,0.08565098596423328,0.08138046692509623,3.0,11.223656344459878,7.264357771004711,0.112757347127308,0.07298064781237332,3.0,0.0,0.0,0.0,0.0,2.0,0.0,0.0,0.0,0.0
20,32,5608,ok,39.0,3.0,3.0,4.646548338872196,3.4271543110771123,0.04680817736115644,0.03452430387841096,99.26787584615748,3.0,9.744564954969407,0.34735266125010705,0.09816433435194338,0.003499144695998374,3.0,9.449060060441987,9.019179223174113,0.09518749121907141,0.09085697811396488,3.0,12.139912753420065,8.206965568054303,0.12229447492393365,0.08267493887723783,3.0,0.0,0.0,0.0,0.0,2.0,0.0,0.0,0.0,0.0
20,33,5627,ok,41.0,3.0,3.0,7.870827640840346,7.782390182940132,0.0786937196621743,0.0778095086443236,100.01849797708338,2.0,6.362523040124797,6.084531897627332,0.06361346319740377,0.060834065904703374,3.0,8.785201352729189,8.416164140224538,0.087835765687484,0.08414607608037547,3.0,11.129713398645324,7.424554408075281,0.11127655007572104,0.07423181269705152,3.0,0.0,0.0,0.0,0.0,2.0,0.0,0.0,0.0,0.0
20,34,5646,ok,39.0,3.0,3.0,8.708425099845469,4.772129422927302,0.0867463385409583,0.04753612159905532,100.38954088804202,3.0,17.445921418184508,0.6842286282506009,0.17378226121823606,0.006815736203173566,3.0,8.27938978319295,7.955983017463493,0.0824726332041544,0.07925111467873219,3.0,10.606841547580178,6.90498210584026,0.10565683888732297,0.0687818874830889,3.0,0.0,0.0,0.0,0.0,2.0,0.0,0.0,0.0,0.0
20,35,5665,ok,39.0,3.0,3.0,7.3981325162799365,5.037736650629812,0.07384869161737544,0.05028705008233372,100.17960175396354,3.0,11.20925606781399,0.6539803487728487,0.11189160139948853,0.006528078943445934,3.0,8.819020365467487,8.464488033999906,0.08803209646537219,0.08449312919798081,3.0,11.466949730979536,7.523465296206612,0.114463918105223,0.07509977245351698,3.0,0.0,0.0,0.0,0.0,2.0,0.0,0.0,0.0,0.0
20,36,5684,ok,35.0,4.0,4.0,6.471636614530769,3.2882933816977338,0.06472589278058348,0.03288777438105612,99.98528156991502,3.0,14.549516599874632,0.4844135751816902,0.14551658375538842,0.004844848837505774,3.0,9.92781937427139,9.461886424472919,0.09929280808525134,0.09463279270616111,3.0,10.581795942146249,7.817290179771568,0.1058335364565323,0.07818440931533811,3.0,0.0,0.0,0.0,0.0,2.0,0.0,0.0,0.0,0.0
20,37,5703,ok,50.0,3.0,3.0,9.332971629628354,9.15323060312707,0.09321551108508186,0.09142030026550911,100.12251738994108,2.0,7.777924472874651,7.357179766893359,0.07768406823594379,0.07348176972258696,3.0,8.741826043171873,8.460413952694026,0.08731128891941076,0.08450061158314434,3.0,10.686915325258333,7.1528093198919205,0.10673838017512738,0.0714405660819964,2.0,9.679945524319168,12.487781262736846,0.09668100420027667,0.12472500280932254,2.0,0.0,0.0,0.0,0.0
20,38,5722,ok,42.0,3.0,3.0,7.18343572668466,5.315009153337806,0.07178104167818154,0.05311064344021594,100.07427530642993,3.0,7.853757394464732,0.32629731627794134,0.07847928321655422,0.0032605513782519116,3.0,8.486496564012008,8.247603104983796,0.08480197871057416,0.08241481719182507,3.0,10.834453719586335,7.1950483152719915,0.10826412368624172,0.0718970813752143,3.0,0.0,0.0,0.0,0.0,2.0,0.0,0.0,0.0,0.0
20,39,5741,ok,45.0,3.0,3.0,3.157870692583372,3.4949157281744063,0.031829548082387304,0.03522677115154929,99.21192360034672,3.0,3.1932950634887685,0.18269689421235363,0.03218660567808614,0.001841481221030525,3.0,8.595917676327026,8.437120141860749,0.08664198177382165,0.08504139256333564,3.0,10.969375883564556,7.331921953447475,0.11056509626556843,0.07390162076669837,3.0,0.0,0.0,0.0,0.0,2.0,0.0,0.0,0.0,0.0
20,40,5760,ok,41.0,3.0,3.0,5.253257001679321,5.255989371885746,0.052500494316977425,0.05252780133554674,100.06109599582459,3.0,5.746445121207923,0.5623335910616379,0.05742936417014376,0.005619902375295823,3.0,8.836315792815906,8.68930445086549,0.08830920454024042,0.08683998875275245,3.0,10.966733223586768,7.4466264579255546,0.10960037079790126,0.07442079645256226,2.0,10.479099001337449,13.38000250397452,0.10472700600615775,0.13371832849535098,2.0,0.0,0.0,0.0,0.0
20,41,5779,ok,47.0,3.0,3.0,2.774418693976033,3.973272418290029,0.02792923579800272,0.03999773448076447,99.33743672909367,2.0,0.0,0.0,0.0,0.0,3.0,8.687375562573056,8.512719536454686,0.0874531883308473,0.08569497881921392,3.0,11.027058718204488,7.242315730868154,0.11100607264788537,0.0729062070588645,3.0,0.0,0.0,0.0,0.0,2.0,0.0,0.0,0.0,0.0
20,42,5798,ok,42.0,3.0,3.0,4.312054643924213,4.403821605414889,0.04328349677672633,0.04420463421812871,99.62352778860554,3.0,4.428150376484702,0.33420738513260817,0.04444884130063071,0.003354703377316389,3.0,9.077498400127453,8.8914692139364,0.09111801801868828,0.08925069620906723,3.0,10.930286774940694,7.483916455526516,0.10971591769098993,0.07512197792680947,3.0,0.0,0.0,0.0,0.0,2.0,0.0,0.0,0.0,0.0
20,43,5817,ok,42.0,3.0,3.0,5.705478316260705,5.001249427334514,0.05729105043920385,0.05021959900957908,99.58760177237887,3.0,10.614100749561288,0.48739679938790115,0.10658054376910563,0.004894151387457983,3.0,8.70100840390168,8.579304054325064,0.08737039801188333,0.08614831466605893,3.0,11.47918438334418,7.5448639908103186,0.11526720373868858,0.0757610772479002,3.0,0.0,0.0,0.0,0.0,2.0,0.0,0.0,0.0,0.0
20,44,5836,ok,41.0,3.0,3.0,8.508193058720984,5.017650085853713,0.08505203547426371,0.050158870415150915,100.0351492034017,3.0,22.947989374959196,0.8245350592710552,0.2293992617364822,0.008242453435987047,3.0,9.227541662183036,9.072322454189994,0.09224299394426506,0.09069134725578526,3.0,11.29967598525782,7.624364923638304,0.1129570563470862,0.07621685961736975,3.0,0.0,0.0,0.0,0.0,2.0,0.0,0.0,0.0,0.0
20,45,5855,ok,51.0,3.0,3.0,3.533483321971337,3.9116490655592324,0.03553492236012994,0.03933799403563442,99.43692253387032,3.0,3.254427678468197,0.22580089709097267,0.03272856395329079,0.002270795307588689,3.0,9.062990963664836,8.897353473758706,0.09114311598468658,0.08947736159803296,3.0,11.220072169135115,7.435237983372365,0.11283607621015546,0.07477341206773334,3.0,0.0,0.0,0.0,0.0,2.0,0.0,0.0,0.0,0.0
20,46,5874,ok,42.0,3.0,3.0,8.408073137566323,7.283794718930471,0.08404094946676237,0.07280348468484975,100.04733633919331,3.0,12.91582265892391,0.3814199099418067,0.1290971167401702,0.003812394451449142,3.0,8.979885060160324,8.838571037266794,0.08975636322505945,0.08834389160847958,3.0,11.629276102711124,7.522566264568938,0.1162377383370214,0.07519007041891619,3.0,0.0,0.0,0.0,0.0,2.0,0.0,0.0,0.0,0.0
20,47,5893,ok,45.0,3.0,3.0,8.417441424568448,5.760905923317248,0.08418459459543737,0.057616026675443195,99.98790711079407,3.0,15.601303385774532,0.6613831221138087,0.1560319026228554,0.006614631121150949,3.0,9.30988995283195,9.276845728655289,0.09311015923671546,0.09277967703010176,3.0,11.653210310498523,7.660026083317074,0.11654619690745097,0.07660952513816689,2.0,11.413225537172243,14.188598561748455,0.11414605892816156,0.14190314580768681,2.0,0.0,0.0,0.0,0.0
20,48,5912,ok,46.0,2.0,2.0,19.983724417162975,20.723378047598842,0.20093754900970168,0.2083748106789161,99.45241452207681,2.0,22.364150522320177,17.697711073088875,0.22487287643836643,0.1779515475630838,3.0,9.379187102967096,9.239194679290327,0.09430828952760187,0.09290065730117972,3.0,11.750508539114465,7.6512751375385655,0.11815206896264992,0.0769340309564843,3.0,0.0,0.0,0.0,0.0,2.0,0.0,0.0,0.0,0.0
20,49,5931,ok,40.0,3.0,3.0,4.012851528348211,4.311792896668315,0.04040454068099689,0.043414517150894935,99.31684559986942,3.0,5.161115289924987,0.32824659168875475,0.05196616202167996,0.0033050444736354608,3.0,9.135043935676705,9.108948909807683,0.09197879655260331,0.09171605133842127,3.0,10.336671475215697,7.200170681618745,0.1040777263190615,0.07249697307772944,2.0,11.648353890168357,14.346756995194898,0.11728477500279844,0.1444544166555141,2.0,0.0,0.0,0.0,0.0
20,50,5950,ok,45.0,2.0,2.0,20.162889481911755,21.48517155543055,0.20184697689182282,0.21508409944697326,99.89195673075542,2.0,24.229084787888358,18.830385948953868,0.24255290997246567,0.18850752918684432,3.0,9.449138555702827,9.505370376338293,0.09459358756152547,0.09515651397197743,3.0,10.587921726512064,7.574310678453755,0.10599373636308179,0.07582503062653216,2.0,11.941866725226491,14.630002688328993,0.11954783063679587,0.14645826518107044,2.0,0.0,0.0,0.0,0.0
20,51,5969,ok,54.0,3.0,3.0,4.398601751430014,4.584238725934918,0.04371913983463017,0.04556424637200174,100.61043671188284,3.0,5.798214222903873,0.42159595097020197,0.05763034544326812,0.00419037989247102,3.0,8.632477710287741,8.718261624453792,0.08580101620081906,0.08665365054939773,3.0,10.943644227928864,7.116833244852039,0.10877245527984412,0.07073653069643707,3.0,0.0,0.0,0.0,0.0,2.0,0.0,0.0,0.0,0.0
20,52,5988,ok,49.0,2.0,2.0,10.918180606183842,15.286018882072526,0.10876740626082204,0.15228000761549076,100.38099630694757,2.0,6.668427173221243,6.369618259338739,0.06643117142243096,0.06345442358294151,3.0,9.011469449496618,9.051592263541373,0.08977266396062773,0.09017236923872705,3.0,11.490829659632562,7.5346889859563655,0.1144721618870529,0.07506091056235985,2.0,12.211662635261245,14.892689111388755,0.12165313241084111,0.14836163874932573,2.0,0.0,0.0,0.0,0.0
20,53,6007,ok,52.0,2.0,2.0,19.951043210945613,19.694113162470746,0.19880700273206492,0.19624676102896094,100.35382525148736,2.0,17.92858570271568,15.140724105048376,0.17865373500000148,0.15087341281815236,3.0,8.70277271374186,8.75455595218611,0.0867208867418123,0.0872368933645243,3.0,10.932589436433407,6.996240241049868,0.10894043559412174,0.06971573055154841,2.0,12.991181283321144,15.742405492715562,0.12945377269640848,0.15686901274829324,2.0,0.0,0.0,0.0,0.0
20,54,6026,ok,41.0,2.0,2.0,15.64293957392715,18.34679914957565,0.15676746987879478,0.18386450126338594,99.78434675268748,2.0,12.238881856326723,11.033070012145497,0.12265332444035962,0.1105691460754925,3.0,8.836336519986522,8.996076299309104,0.088554335500007,0.09015518557841151,3.0,9.870828580040886,6.773526857876267,0.0989216134721555,0.06788165757765846,2.0,12.59453393144746,15.154804793073126,0.12621753151987491,0.151875572534777,2.0,0.0,0.0,0.0,0.0
20,55,6045,ok,54.0,3.0,3.0,10.76176440650704,7.0930622437077675,0.10713899805643166,0.07061514759450223,100.44675236591874,3.0,20.55133946087633,0.9849738548016078,0.20459934220680026,0.009805930322300855,3.0,8.087786181141622,8.221117453156003,0.08051814509321838,0.08184552770016089,3.0,10.499061839021289,6.627395883856002,0.10452365648193507,0.06597919522288762,3.0,0.0,0.0,0.0,0.0,2.0,0.0,0.0,0.0,0.0
20,56,6064,ok,54.0,2.0,2.0,6.1495219302446165,13.131312948354278,0.06095605100227563,0.13016182247761918,100.88451973398081,2.0,0.0,0.0,0.0,0.0,3.0,8.692489861578155,8.8554837694568,0.08616277189502518,0.08777842024532152,3.0,10.90406147994393,7.201899790238233,0.1080845853129549,0.07138756083915247,2.0,12.844604460465662,15.454825905949498,0.1273198751833799,0.15319323466773532,2.0,0.0,0.0,0.0,0.0
20,57,6083,ok,47.0,1.0,1.0,18.802938434501243,53.461879904716106,0.18673428822208638,0.530936487708956,100.6935502500675,1.0,62.6751102361554,62.92582107896763,0.622434208353016,0.6249240484886512,3.0,9.144277653466748,9.378873852402704,0.09081294314042342,0.09314274677087787,3.0,10.650867188188911,7.550936628545335,0.10577506862890428,0.07498927796063357,3.0,0.0,0.0,0.0,0.0,2.0,0.0,0.0,0.0,0.0
20,58,6102,ok,55.0,2.0,2.0,14.736449910852183,17.85956297122668,0.1473990238548965,0.17863747132850913,99.97657735752126,2.0,11.864851145091277,10.768893641917552,0.11867630857837805,0.10771416592315866,3.0,9.22731509789908,9.328350823264069,0.09229476885272575,0.09330536281418614,3.0,11.592303979159286,7.6537328086635625,0.1159501983920156,0.07655525935133216,1.0,18.667999511154658,52.711582852350986,0.18672373074342158,0.527239321904887,1.0,62.07377929304159,62.17516140159259,0.6208832201872908,0.6218972787921223
20,59,6121,ok,53.0,2.0,2.0,19.171063865466078,24.598714103682006,0.18976068404813407,0.24348512152357266,101.02758620222517,2.0,33.197246015170975,23.281441474393297,0.32859585448988776,0.23044637954420924,3.0,9.138831079302797,9.305743242744569,0.09045876896444657,0.0921109133906993,3.0,10.731273875895685,7.337370242713327,0.10622122411610509,0.07262739335399185,1.0,18.91609563392233,53.20405382461994,0.1872369354253234,0.5266289715971468,1.0,62.770926213499614,62.909448938463015,0.6213246161088333,0.6226957537373828
20,60,6140,ok,54.0,2.0,2.0,15.589138374190064,18.201753718755484,0.15516918281828107,0.1811743011451482,100.46542806406691,2.0,12.451644377972311,11.194582743896657,0.1239395941261693,0.11142721391440108,3.0,9.554128628266746,9.81564774545477,0.09509867038215442,0.09770174610907267,3.0,10.703177558312841,7.693000071397359,0.1065359274783303,0.07657360566354751,2.0,13.387125949845306,15.797369862607638,0.1332510716154847,0.15724185092342052,2.0,0.0,0.0,0.0,0.0
20,61,6159,ok,55.0,3.0,3.0,5.347901910460815,5.55464814597859,0.05351277337142319,0.05558154064350359,99.93692297242613,3.0,7.666104346797505,0.4564063324288481,0.07670942949596998,0.004566944016825257,3.0,9.337535952580554,9.531004428749178,0.09343429510189041,0.09537020097545833,3.0,11.426339094097507,7.7041722900041485,0.1143355103823857,0.0770903492008637,3.0,0.0,0.0,0.0,0.0,2.0,0.0,0.0,0.0,0.0
20,62,6178,ok,67.0,1.0,1.0,19.23327557815766,52.65401861713116,0.1910839967925471,0.5231215184155529,100.65351311987955,1.0,62.632537558045954,62.64006996037982,0.6222588324706545,0.6223336674376655,3.0,9.158906218933234,9.321243263679534,0.0909944018349848,0.09260723222425253,3.0,11.646322456345812,7.5529190116291645,0.1157070637214113,0.07503880170216758,2.0,13.392247340819164,15.750650992920217,0.1330529548915877,0.1564838673257336,2.0,0.0,0.0,0.0,0.0
20,63,6197,ok,61.0,1.0,1.0,18.363663281802268,51.456517635263474,0.18542263718556892,0.5195697096979163,99.03679270521924,1.0,61.36054431132811,61.45277932037317,0.6195732175411452,0.6205045381799263,3.0,9.403386790067604,9.612528204443322,0.09494841798902526,0.09706017270828624,3.0,11.751092727355694,7.8567186190526925,0.11865380942143951,0.07933131116673009,2.0,13.4507627749727,15.820140017327056,0.1358158155929846,0.15974002777346943,2.0,0.0,0.0,0.0,0.0
20,64,6216,ok,60.0,2.0,2.0,12.797897854782548,17.416509671773934,0.12758704626584397,0.1736317206541649,100.3071881460167,2.0,8.050393785272066,7.612487263692837,0.0802573966439289,0.0758917422010811,3.0,8.378130254164713,8.67421993738838,0.08352472448902375,0.08647655365198113,3.0,10.75810858811757,6.889011314799106,0.10725162161316937,0.06867913897427574,2.0,13.629910066484767,15.965087016076186,0.13588168822601,0.15916194353724566,2.0,0.0,0.0,0.0,0.0
20,65,6235,ok,54.0,2.0,2.0,15.857157832698402,18.931952228609045,0.1588288212342195,0.18962664607727125,99.83803763999725,2.0,11.663182084191535,10.605943914017205,0.11682102693411729,0.10623149417520439,3.0,9.387249434641486,9.765633348270974,0.09402477909762876,0.09781475657088289,3.0,11.659856623412063,7.890938778532178,0.11678771837900062,0.07903739862141379,2.0,14.206922759542072,16.44753354206742,0.142299699547084,0.16474215570397174,2.0,0.0,0.0,0.0,0.0
20,66,6254,ok,50.0,2.0,2.0,19.894160735579568,22.298340099543843,0.1991772812453624,0.22324755571963056,99.88167631966198,2.0,23.734406482554373,18.574192816033946,0.23762523174515635,0.18596196520159491,3.0,9.289434549183962,9.596677950870356,0.09300439171098805,0.09608046545151169,3.0,11.601326882289282,7.681065229500451,0.11615070260895821,0.07690164515178859,1.0,17.993043474764715,51.634697816352,0.18014358726999793,0.5169586626790281,1.0,62.04700456962133,62.20147348980332,0.6212050784074317,0.622751597507568
20,67,6273,ok,65.0,2.0,2.0,19.81727404024854,20.903316621325654,0.1987910396918182,0.20968535004971228,99.68897024217424,2.0,17.229657081382758,14.651241082103484,0.17283413640974304,0.14696952979362962,3.0,9.138622852778251,9.526637131757825,0.09167135371724486,0.09556360255918767,3.0,11.089174482393593,7.377930284923066,0.11123772725763624,0.07400949440043239,2.0,14.385764732184473,16.545482265362303,0.14430648342777702,0.1659710419835654,2.0,0.0,0.0,0.0,0.0
20,68,6292,ok,74.0,2.0,2.0,14.476745171435734,17.75678280992053,0.14395496483625725,0.17657125374084745,100.5644035126015,2.0,9.80864473627379,9.082711166124295,0.09753595102908048,0.09031735732401734,3.0,9.596967112781087,9.918063554556882,0.09543105490183226,0.09862399823526097,3.0,11.03441260465668,7.729790237012963,0.1097248352223755,0.07686407880940059,1.0,18.494055766785092,51.72479480065594,0.1839026049059958,0.5143449669462259,1.0,62.50051363475438,62.574668544194594,0.6214973832855537,0.6222347705403881
20,69,6311,ok,61.0,1.0,1.0,17.93802218025047,50.99902587134471,0.1800751351806549,0.5119659450513558,99.61409809441318,1.0,61.8955822614347,61.91300203952034,0.6213536381443792,0.6215285107619993,3.0,9.330885555339947,9.654606936470724,0.09367033114626237,0.09692008582279378,3.0,11.494242288330462,7.769713570186786,0.11538770624049963,0.07799813197949887,2.0,14.647164360851582,16.750757598956692,0.14703907018230647,0.16815649510855887,2.0,0.0,0.0,0.0,0.0
20,70,6330,ok,61.0,2.0,2.0,21.149209397093504,22.075317484997782,0.21105496866336898,0.22029690815158418,100.20711443579576,2.0,21.84392083661509,17.579715698331334,0.21798772432081984,0.1754338082411796,3.0,9.03893699298834,9.450013934740365,0.09020254743269478,0.0943048204505992,3.0,11.408493204130915,7.435038055791761,0.11384913404966383,0.07419670846380377,3.0,0.0,0.0,0.0,0.0,2.0,0.0,0.0,0.0,0.0
20,71,6349,ok,55.0,2.0,2.0,19.631987299155067,23.90402344242437,0.19540501726160395,0.23792630069548545,100.46818436024185,2.0,28.192928729784345,20.888722282136893,0.280615489463758,0.20791380291334458,3.0,9.109411143719528,9.441678141117034,0.09066961050133583,0.09397679674654674,3.0,10.883337895644289,7.234731255297412,0.10832621257114246,0.07201017218900198,2.0,15.434615160104457,17.45532029908086,0.15362689450783365,0.17373978051093789,2.0,0.0,0.0,0.0,0.0
20,72,6368,ok,43.0,1.0,1.0,17.41170933471187,51.07779460285168,0.17347765103716395,0.5089021219873282,100.36860212605585,1.0,62.51549998903165,62.539038135783954,0.6228591279025348,0.6230936449352892,3.0,8.563990208075342,9.148334748272095,0.08532539087591932,0.09114737631577688,3.0,10.355076749955746,6.732640767670928,0.10317047892079341,0.0670791524944744,3.0,0.0,0.0,0.0,0.0,2.0,0.0,0.0,0.0,0.0
20,73,6387,ok,65.0,2.0,2.0,19.32538949904727,22.487484172621173,0.19457169404601835,0.22640826413954726,99.3227180027358,2.0,25.918649426886965,19.8866075594166,0.2609538879732736,0.20022214413090098,3.0,8.977000993071067,9.424468546375163,0.09038215197477581,0.09488734033754061,3.0,10.839837616324857,7.226646917493602,0.1091375451085247,0.07275925450705595,2.0,15.051804201893004,16.880743678766336,0.15154442512818073,0.1699585353504056,2.0,0.0,0.0,0.0,0.0
20,74,6406,ok,71.0,2.0,2.0,10.814542048488974,16.29529471879836,0.11006303645840526,0.16584240078720253,98.25771118513505,2.0,5.335162909167356,5.138653911058895,0.05429765099163523,0.05229771637339236,3.0,9.439131552564097,9.81152593667468,0.09606504607846085,0.09985502225049814,3.0,11.87650809183279,7.8702624681045625,0.12087100288195529,0.08009816606938447,3.0,0.0,0.0,0.0,0.0,2.0,0.0,0.0,0.0,0.0
20,75,6425,ok,51.0,2.0,2.0,16.032217997192163,21.2521798876281,0.16171042476521572,0.21436204506556783,99.14152424291159,2.0,12.642436768342321,12.642573356978383,0.12751908814077195,0.12752046585447066,3.0,9.679340867034211,10.170851224129661,0.09763155187445349,0.10258921578822565,3.0,11.2978829714657,7.765811820826798,0.11395712399765202,0.07833056713753357,3.0,0.0,0.0,0.0,0.0,2.0,0.0,0.0,0.0,0.0
20,76,6444,ok,64.0,1.0,1.0,17.141795991465226,50.45074484163764,0.17127959776904159,0.5041002289332241,100.08078145173907,1.0,62.233724588506604,62.378893832449734,0.6218349186103921,0.623285439298154,3.0,9.29728794838505,9.92169196462907,0.09289783526389016,0.09913683547138874,3.0,10.802933483490964,7.28079167674564,0.10794213760911081,0.07274914894880773,3.0,0.0,0.0,0.0,0.0,2.0,0.0,0.0,0.0,0.0
20,77,6463,ok,67.0,2.0,2.0,12.165146330494057,17.96442038563927,0.12247610350082835,0.18086196012034242,99.3266929855568,2.0,6.484781455249254,6.205048664900243,0.06528739919079167,0.06247110900795343,3.0,9.583031555135632,10.183453672226216,0.09647992163122868,0.10252484368634927,3.0,11.375030983812067,7.769929790306405,0.11452139039267241,0.07822599904173029,2.0,15.470688247720467,17.08704812864892,0.15575559582931123,0.17202876301472722,2.0,0.0,0.0,0.0,0.0
20,78,6482,ok,68.0,3.0,3.0,7.888741157559115,8.3073431251567,0.07919483579100486,0.08339716838419894,99.61181280023737,3.0,6.335780845215331,0.5873192462081436,0.06360471380960786,0.005896080291059054,3.0,8.828752513526883,9.384070209023935,0.08863158158994817,0.09420639927357664,3.0,10.506551202407845,7.023923844365751,0.10547495228781549,0.0705129607313904,2.0,15.520511363757496,17.045244402718556,0.15580994791132352,0.17111669714214794,2.0,0.0,0.0,0.0,0.0
20,79,6501,ok,63.0,3.0,3.0,5.5249389989859505,7.0626550989254415,0.055245715854561554,0.0706218542585935,100.00665053432853,2.0,0.0046849280788478255,0.004685865439407819,4.684616526817549e-05,4.685553825042203e-05,3.0,8.977704314836114,9.569041508129398,0.08977107289234135,0.09568405158059669,3.0,11.112000551386389,7.137361223547291,0.11111261593119806,0.07136886582455138,2.0,15.943832634544764,17.45948237177072,0.15942772354996376,0.1745832130011947,2.0,0.0,0.0,0.0,0.0
20,80,6520,ok,77.0,2.0,2.0,14.938876651249284,18.708574982830648,0.14942639976565342,0.18713287951248814,99.97481485653165,2.0,9.904988088683215,9.184632062101338,0.09907483302567069,0.09186945807583337,3.0,8.47211841047328,8.973960087475625,0.08474252663164368,0.08976220761552457,3.0,10.766108096632939,6.934744055469718,0.10768820239460096,0.06936491020684947,3.0,0.0,0.0,0.0,0.0,2.0,0.0,0.0,0.0,0.0
20,81,6539,ok,78.0,1.0,1.0,16.665211037633718,49.52697614211084,0.1672803652185256,0.4971368582439428,99.62443001522163,1.0,61.95512724781125,62.080299666712094,0.621886892987444,0.6231433359992808,3.0,8.254041982957338,8.962032307311125,0.08285158551668703,0.08995817899225937,3.0,10.19225336831167,6.315973725821173,0.10230676719309104,0.06339784051819572,2.0,16.288023198025577,17.67938950198287,0.1634942673753509,0.1774603829530732,2.0,0.0,0.0,0.0,0.0
20,82,6558,ok,74.0,2.0,2.0,21.296954643355203,21.97116054670335,0.2122843494946072,0.21900471698444174,100.32277317690922,2.0,19.691207345402585,16.25885443117944,0.196278538978175,0.16206544054068928,3.0,8.491903120940274,9.083874615553304,0.0846458172160537,0.09054648638484898,3.0,10.312079063885992,6.810983787104561,0.10278901526876323,0.06789070488605882,3.0,0.0,0.0,0.0,0.0,2.0,0.0,0.0,0.0,0.0
20,83,6577,ok,60.0,2.0,2.0,20.595498153331445,21.58972100237198,0.20468640159683701,0.21456739091986268,100.61976756959952,2.0,19.989379628241018,16.702018535750547,0.19866255022318752,0.16599142434112288,3.0,9.066025555275385,9.726641453685886,0.09010183360843425,0.09666730194897229,3.0,11.276426786005148,7.361678413229596,0.11206969622748483,0.07316334146903553,3.0,0.0,0.0,0.0,0.0,2.0,0.0,0.0,0.0,0.0
20,84,6596,ok,55.0,2.0,2.0,19.32349577928297,21.053375463822753,0.19465893965062128,0.21208521432482835,99.26847343340748,2.0,15.991643252915228,13.742037162059457,0.16109488440600372,0.13843304612997864,3.0,10.167213360800371,10.751999195756913,0.10242137316255667,0.10831232539271095,3.0,12.0079892258072,8.2333769265162,0.1209647817729619,0.08294050106491682,2.0,16.362216643528992,17.6493955352977,0.16482792650685113,0.17779456986550204,2.0,0.0,0.0,0.0,0.0
20,85,6615,ok,66.0,2.0,2.0,13.00660410742164,18.653380857701787,0.12961713024811058,0.18589000451091892,100.34633603231805,2.0,6.878140015552406,6.561079754828852,0.06854400755935122,0.06538434799169705,3.0,9.175406541483053,10.012482268874079,0.09143738480424413,0.09977925118909581,3.0,10.594595547703861,7.1756800905459475,0.10558029287976904,0.07150913899073416,2.0,17.07727862919789,18.21682431474444,0.1701833799262775,0.18153950642380642,2.0,0.0,0.0,0.0,0.0
20,86,6634,ok,72.0,2.0,2.0,15.854093829723773,19.79616862754487,0.15792114829527787,0.19718778727344705,100.39246801878681,2.0,11.171371798575429,10.195602715618225,0.11127699138231056,0.10155744665735565,3.0,9.155931086983479,9.906053658668624,0.09120137464167227,0.09867327553711368,3.0,10.85176588899149,7.352727940615371,0.10809342675947323,0.0732398364709933,2.0,16.72829842247196,17.866055905469597,0.166629018616631,0.17796211466906317,2.0,0.0,0.0,0.0,0.0
20,87,6653,ok,74.0,2.0,2.0,14.228968016663782,18.947750472114087,0.14157521396617115,0.18852609859869068,100.50465486185837,2.0,7.034119384798304,6.694801216984771,0.06998799602333404,0.06661185221905036,3.0,8.808066820295455,9.46519590744452,0.08763839677278595,0.094176691820436,3.0,10.496498270258083,6.928328257818251,0.10443793160312136,0.06893539674695763,2.0,16.77786583249238,17.94085730658474,0.1669362066419035,0.17850772515207466,2.0,0.0,0.0,0.0,0.0
20,88,6672,ok,70.0,2.0,2.0,18.28905485177103,20.851564324132877,0.1807720391520954,0.20610030605379118,101.17192314450382,2.0,12.314101769583207,11.108827976949918,0.1217146159413712,0.10980149068712654,3.0,8.770628466748423,9.515749233973345,0.08669034050307947,0.09405523724583158,3.0,10.463750304456061,6.897942422219047,0.10342543641787545,0.06818040230753268,2.0,16.553050672558502,17.59576103907538,0.16361308709053385,0.17391940858871846,2.0,0.0,0.0,0.0,0.0
20,89,6691,ok,71.0,2.0,2.0,20.2064556141734,21.506042900173462,0.2020892839529899,0.21508674719329926,99.98776391762483,2.0,19.09399250030978,15.82390111584676,0.19096329142874335,0.15825837578369412,3.0,9.033013452479604,9.651077178779776,0.09034118874706984,0.09652258237048725,3.0,11.119529837588193,7.362654010020362,0.1112089059892273,0.07363555020678433,3.0,0.0,0.0,0.0,0.0,2.0,0.0,0.0,0.0,0.0
20,90,6710,ok,70.0,2.0,2.0,21.278544740068206,21.682261716499532,0.21168236674711016,0.2156986078063987,100.52110181425253,2.0,17.125422491463517,14.584956805011002,0.17036644229296902,0.14509348327639454,3.0,9.600912240632866,10.408403544864894,0.09551141071228873,0.10354446337146221,3.0,11.190382697781033,7.522616210880724,0.11132371706847316,0.0748361893682916,3.0,0.0,0.0,0.0,0.0,2.0,0.0,0.0,0.0,0.0
20,91,6729,ok,68.0,2.0,2.0,9.498309622167412,17.925625008132887,0.09500783131310671,0.17930293122683794,99.97396520782473,2.0,0.0,0.0,0.0,0.0,3.0,9.155386830597461,10.013910980763066,0.09157771037254897,0.10016518760605586,3.0,10.841124233157274,6.960048905780845,0.10843947432334877,0.06961861411930971,2.0,17.90077827049308,18.68739927407373,0.17905439914562904,0.18692265766618918,2.0,0.0,0.0,0.0,0.0
20,92,6748,ok,80.0,2.0,2.0,10.30333061172329,17.59686055255611,0.10391886506928154,0.1774810346591596,99.14783619753906,2.0,0.0,0.0,0.0,0.0,3.0,9.045855111143117,9.845904254730875,0.09123603154707721,0.09930528625066716,3.0,10.808596046412744,7.071399267973974,0.10901494637641948,0.07132177099543693,3.0,0.0,0.0,0.0,0.0,2.0,0.0,0.0,0.0,0.0
20,93,6767,ok,74.0,1.0,1.0,16.869041104342926,48.33623795014768,0.16879076090338674,0.4836499201316267,99.94054777677381,1.0,62.19297475386018,62.27325974070301,0.6222997185564139,0.6231030460208796,3.0,9.291091192982325,10.090935415704271,0.09296618239210387,0.10096938269983552,3.0,11.128991085364362,7.4662447743257605,0.11135611453943561,0.07470686263399605,2.0,17.317174161101917,18.064794337654835,0.1732747573065277,0.1807554064843048,2.0,0.0,0.0,0.0,0.0
20,94,6786,ok,64.0,2.0,2.0,9.505691127056256,17.67080905222683,0.09519702122661729,0.17696855093978722,99.85282107123794,2.0,0.0,0.0,0.0,0.0,3.0,9.58160562803787,10.364152386650563,0.09595728518478282,0.10379428718650294,3.0,11.716667978429008,7.832645400797925,0.11733937862476607,0.07844190396193099,2.0,17.36613932074713,18.11709511689093,0.17391736291914692,0.18143798965845603,2.0,0.0,0.0,0.0,0.0
20,95,6805,ok,79.0,3.0,3.0,9.121605917856359,14.05737836320404,0.09069082705854961,0.1397643442958057,100.57914580454194,2.0,0.0,0.0,0.0,0.0,3.0,9.082693116056767,10.081498655407668,0.09030393968256004,0.10023448275251119,3.0,10.751268506823127,7.064202660102946,0.10689361518058968,0.07023526202768708,3.0,0.0,0.0,0.0,0.0,2.0,0.0,0.0,0.0,0.0
20,96,6824,ok,74.0,1.0,1.0,16.2497020438156,47.834721488025465,0.16305532818751378,0.4799907216733715,99.65759613281958,1.0,61.94260213363101,62.136235762539286,0.6215542471150562,0.6234972362741587,3.0,8.765446008626247,9.718630523338666,0.08795562354267525,0.09752021823189545,3.0,10.595481177942013,6.7166244059077975,0.10631885163897378,0.06739701404152028,3.0,0.0,0.0,0.0,0.0,2.0,0.0,0.0,0.0,0.0
20,97,6843,ok,71.0,1.0,1.0,16.44102553095725,47.86273313830064,0.16394804911610994,0.4772817674064215,100.2819223503753,1.0,62.1919720900278,62.31229532905709,0.6201713193404399,0.6213711690861289,3.0,9.11495753964941,9.994333711569661,0.09089332679326423,0.09966236662925577,3.0,11.18505245211989,7.192651126656873,0.11153607938468116,0.0717243044217526,3.0,0.0,0.0,0.0,0.0,2.0,0.0,0.0,0.0,0.0
20,98,6862,ok,78.0,1.0,1.0,16.591984280910513,47.75523430638124,0.16575050973363362,0.4770649667164116,100.10216142064579,1.0,62.19270536347485,62.2324699199076,0.6212923325614405,0.6216895723000077,3.0,9.080512621720505,10.038142401261682,0.0907124530864293,0.10027897758450742,3.0,10.510848701137524,6.973102070426871,0.10500121627713117,0.06965985520656988,3.0,0.0,0.0,0.0,0.0,2.0,0.0,0.0,0.0,0.0
20,99,6881,ok,78.0,2.0,2.0,21.49823360574079,22.802169410268455,0.21417384040623694,0.22716416063535155,100.37749505244778,2.0,20.32775711632631,16.72240936766986,0.20251309425190325,0.16659520502013236,3.0,8.919811427475457,10.004285221359133,0.08886266212177149,0.09966661567049308,3.0,10.56886561643271,6.893817760940369,0.10529118714220174,0.06867891809153348,2.0,18.499094979472318,18.794546193981763,0.18429524436534744,0.18723864531747392,2.0,0.0,0.0,0.0,0.0
20,100,6900,ok,74.0,2.0,2.0,19.393179229902767,21.512905395960445,0.1946946481799371,0.21597529202104881,99.60817829969092,2.0,14.84790218869903,13.077409724673426,0.14906308339488125,0.13128851413512904,3.0,9.249596050284095,10.111850694619065,0.09285980537114989,0.10151626972029908,3.0,11.393206445275716,7.181051407064786,0.11438023101875229,0.07209299005006568,2.0,17.918586977558345,18.204708154291364,0.17989072065595588,0.18276318737121058,2.0,0.0,0.0,0.0,0.0
