sigma,transition_length,T,threshold,q,status,n_segments,adp_k,adp3_n_clusters_scored,adp3_fidelity,adp3_coverage,adp3_fidelity_norm,adp3_coverage_norm,separation,adp2_n_clusters_scored,adp2_fidelity,adp2_coverage,adp2_fidelity_norm,adp2_coverage_norm,kmeans3_n_clusters_scored,kmeans3_fidelity,kmeans3_coverage,kmeans3_fidelity_norm,kmeans3_coverage_norm,kmeans2_n_clusters_scored,kmeans2_fidelity,kmeans2_coverage,kmeans2_fidelity_norm,kmeans2_coverage_norm,oracle3_n_clusters_scored,oracle3_fidelity,oracle3_coverage,oracle3_fidelity_norm,oracle3_coverage_norm,oracle2_n_clusters_scored,oracle2_fidelity,oracle2_coverage,oracle2_fidelity_norm,oracle2_coverage_norm
0,1,5019,resample_pointwise,0.5,ok,38.0,1.0,1.0,49.90224819584785,70.56307981146887,0.4990224819584785,0.7056307981146887,100.0,1.0,70.71067811865476,70.71067811865476,0.7071067811865476,0.7071067811865476,3.0,0.0,0.0,0.0,0.0,2.0,0.0,0.0,0.0,0.0,,,,,,,,,,
0,2,5038,resample_pointwise,0.5,ok,38.0,1.0,1.0,33.347547748836625,70.30691855726187,0.3334754774883662,0.7030691855726187,100.0,1.0,70.71067811865476,70.71067811865476,0.7071067811865476,0.7071067811865476,3.0,1.561054656046819,1.6384435850605452,0.0156105465604681,0.0163844358506054,2.0,0.0,0.0,0.0,0.0,,,,,,,,,,
0,3,5057,resample_pointwise,0.5,ok,38.0,1.0,1.0,34.955878964006565,70.13677120529748,0.3495587896400656,0.7013677120529748,100.0,1.0,70.71067811865476,70.71067811865476,0.7071067811865476,0.7071067811865476,3.0,1.232606115914026,1.2900368353195295,0.0123260611591402,0.0129003683531952,2.0,0.0,0.0,0.0,0.0,,,,,,,,,,
0,4,5076,resample_pointwise,0.5,ok,38.0,1.0,1.0,31.26045395517249,69.90200925874413,0.3126045395517249,0.6990200925874412,100.0,1.0,70.71067811865476,70.71067811865476,0.7071067811865476,0.7071067811865476,3.0,1.8600012417274885,1.9522355304886072,0.0186000124172748,0.019522355304886,2.0,0.0,0.0,0.0,0.0,,,,,,,,,,
0,5,5095,resample_pointwise,0.5,ok,38.0,1.0,1.0,31.87044639021893,69.72243743145287,0.3187044639021893,0.6972243743145288,100.0,1.0,70.71067811865476,70.71067811865476,0.7071067811865476,0.7071067811865476,3.0,1.5911657790009175,1.6698502133535271,0.0159116577900091,0.0166985021335352,2.0,0.0,0.0,0.0,0.0,,,,,,,,,,
0,6,5114,resample_pointwise,0.5,ok,38.0,1.0,1.0,30.26921115327164,69.49983933609946,0.3026921115327163,0.6949983933609946,100.0,1.0,70.71067811865476,70.71067811865476,0.7071067811865476,0.7071067811865476,3.0,1.392526181366707,1.4574439317049412,0.013925261813667,0.0145744393170494,2.0,0.0,0.0,0.0,0.0,,,,,,,,,,
0,7,5133,resample_pointwise,0.5,ok,38.0,1.0,1.0,30.489258663066536,69.31446321206191,0.3048925866306654,0.693144632120619,100.0,1.0,70.71067811865476,70.71067811865476,0.7071067811865476,0.7071067811865476,3.0,1.966527643920245,2.0962312518215613,0.0196652764392024,0.0209623125182156,2.0,0.0,0.0,0.0,0.0,,,,,,,,,,
0,8,5152,resample_pointwise,0.5,ok,38.0,1.0,1.0,29.6133830201116,69.09989198763054,0.296133830201116,0.6909989198763055,100.0,1.0,70.71067811865476,70.71067811865476,0.7071067811865476,0.7071067811865476,3.0,2.3641382514275207,2.5322503499603557,0.0236413825142752,0.0253225034996035,2.0,0.0,0.0,0.0,0.0,,,,,,,,,,
0,9,5171,resample_pointwise,0.5,adp failed: ValueError,,,,,,,,,,,,,,,,,,,,,,,,,,,,,,,,,
0,10,5190,resample_pointwise,0.5,adp failed: ValueError,,,,,,,,,,,,,,,,,,,,,,,,,,,,,,,,,
0,11,5209,resample_pointwise,0.5,adp failed: ValueError,,,,,,,,,,,,,,,,,,,,,,,,,,,,,,,,,
0,12,5228,resample_pointwise,0.5,adp failed: ValueError,,,,,,,,,,,,,,,,,,,,,,,,,,,,,,,,,
0,13,5247,resample_pointwise,0.5,adp failed: ValueError,,,,,,,,,,,,,,,,,,,,,,,,,,,,,,,,,
0,14,5266,resample_pointwise,0.5,adp failed: ValueError,,,,,,,,,,,,,,,,,,,,,,,,,,,,,,,,,
0,15,5285,resample_pointwise,0.5,adp failed: ValueError,,,,,,,,,,,,,,,,,,,,,,,,,,,,,,,,,
0,16,5304,resample_pointwise,0.5,adp failed: ValueError,,,,,,,,,,,,,,,,,,,,,,,,,,,,,,,,,
0,17,5323,resample_pointwise,0.5,adp failed: ValueError,,,,,,,,,,,,,,,,,,,,,,,,,,,,,,,,,
0,18,5342,resample_pointwise,0.5,adp failed: ValueError,,,,,,,,,,,,,,,,,,,,,,,,,,,,,,,,,
0,19,5361,resample_pointwise,0.5,adp failed: ValueError,,,,,,,,,,,,,,,,,,,,,,,,,,,,,,,,,
0,20,5380,resample_pointwise,0.5,adp failed: ValueError,,,,,,,,,,,,,,,,,,,,,,,,,,,,,,,,,
0,21,5399,resample_pointwise,0.5,adp failed: ValueError,,,,,,,,,,,,,,,,,,,,,,,,,,,,,,,,,
0,22,5418,resample_pointwise,0.5,adp failed: ValueError,,,,,,,,,,,,,,,,,,,,,,,,,,,,,,,,,
0,23,5437,resample_pointwise,0.5,adp failed: ValueError,,,,,,,,,,,,,,,,,,,,,,,,,,,,,,,,,
0,24,5456,resample_pointwise,0.5,adp failed: ValueError,,,,,,,,,,,,,,,,,,,,,,,,,,,,,,,,,
0,25,5475,resample_pointwise,0.5,adp failed: ValueError,,,,,,,,,,,,,,,,,,,,,,,,,,,,,,,,,
0,26,5494,resample_pointwise,0.5,adp failed: ValueError,,,,,,,,,,,,,,,,,,,,,,,,,,,,,,,,,
0,27,5513,resample_pointwise,0.5,adp failed: ValueError,,,,,,,,,,,,,,,,,,,,,,,,,,,,,,,,,
0,28,5532,resample_pointwise,0.5,adp failed: ValueError,,,,,,,,,,,,,,,,,,,,,,,,,,,,,,,,,
0,29,5551,resample_pointwise,0.5,adp failed: ValueError,,,,,,,,,,,,,,,,,,,,,,,,,,,,,,,,,
0,30,5570,resample_pointwise,0.5,adp failed: ValueError,,,,,,,,,,,,,,,,,,,,,,,,,,,,,,,,,
0,31,5589,resample_pointwise,0.5,adp failed: ValueError,,,,,,,,,,,,,,,,,,,,,,,,,,,,,,,,,
0,32,5608,resample_pointwise,0.5,adp failed: ValueError,,,,,,,,,,,,,,,,,,,,,,,,,,,,,,,,,
0,33,5627,resample_pointwise,0.5,adp failed: ValueError,,,,,,,,,,,,,,,,,,,,,,,,,,,,,,,,,
0,34,5646,resample_pointwise,0.5,adp failed: ValueError,,,,,,,,,,,,,,,,,,,,,,,,,,,,,,,,,
0,35,5665,resample_pointwise,0.5,adp failed: ValueError,,,,,,,,,,,,,,,,,,,,,,,,,,,,,,,,,
0,36,5684,resample_pointwise,0.5,adp failed: ValueError,,,,,,,,,,,,,,,,,,,,,,,,,,,,,,,,,
0,37,5703,resample_pointwise,0.5,adp failed: ValueError,,,,,,,,,,,,,,,,,,,,,,,,,,,,,,,,,
0,38,5722,resample_pointwise,0.5,adp failed: ValueError,,,,,,,,,,,,,,,,,,,,,,,,,,,,,,,,,
0,39,5741,resample_pointwise,0.5,adp failed: ValueError,,,,,,,,,,,,,,,,,,,,,,,,,,,,,,,,,
0,40,5760,resample_pointwise,0.5,adp failed: ValueError,,,,,,,,,,,,,,,,,,,,,,,,,,,,,,,,,
0,41,5779,resample_pointwise,0.5,adp failed: ValueError,,,,,,,,,,,,,,,,,,,,,,,,,,,,,,,,,
0,42,5798,resample_pointwise,0.5,adp failed: ValueError,,,,,,,,,,,,,,,,,,,,,,,,,,,,,,,,,
0,43,5817,resample_pointwise,0.5,adp failed: ValueError,,,,,,,,,,,,,,,,,,,,,,,,,,,,,,,,,
0,44,5836,resample_pointwise,0.5,adp failed: ValueError,,,,,,,,,,,,,,,,,,,,,,,,,,,,,,,,,
0,45,5855,resample_pointwise,0.5,adp failed: ValueError,,,,,,,,,,,,,,,,,,,,,,,,,,,,,,,,,
0,46,5874,resample_pointwise,0.5,adp failed: ValueError,,,,,,,,,,,,,,,,,,,,,,,,,,,,,,,,,
0,47,5893,resample_pointwise,0.5,adp failed: ValueError,,,,,,,,,,,,,,,,,,,,,,,,,,,,,,,,,
0,48,5912,resample_pointwise,0.5,adp failed: ValueError,,,,,,,,,,,,,,,,,,,,,,,,,,,,,,,,,
0,49,5931,resample_pointwise,0.5,adp failed: ValueError,,,,,,,,,,,,,,,,,,,,,,,,,,,,,,,,,
0,50,5950,resample_pointwise,0.5,adp failed: ValueError,,,,,,,,,,,,,,,,,,,,,,,,,,,,,,,,,
0,51,5969,resample_pointwise,0.5,adp failed: ValueError,,,,,,,,,,,,,,,,,,,,,,,,,,,,,,,,,
0,52,5988,resample_pointwise,0.5,adp failed: ValueError,,,,,,,,,,,,,,,,,,,,,,,,,,,,,,,,,
0,53,6007,resample_pointwise,0.5,adp failed: ValueError,,,,,,,,,,,,,,,,,,,,,,,,,,,,,,,,,
0,54,6026,resample_pointwise,0.5,adp failed: ValueError,,,,,,,,,,,,,,,,,,,,,,,,,,,,,,,,,
0,55,6045,resample_pointwise,0.5,adp failed: ValueError,,,,,,,,,,,,,,,,,,,,,,,,,,,,,,,,,
0,56,6064,resample_pointwise,0.5,adp failed: ValueError,,,,,,,,,,,,,,,,,,,,,,,,,,,,,,,,,
0,57,6083,resample_pointwise,0.5,adp failed: ValueError,,,,,,,,,,,,,,,,,,,,,,,,,,,,,,,,,
0,58,6102,resample_pointwise,0.5,adp failed: ValueError,,,,,,,,,,,,,,,,,,,,,,,,,,,,,,,,,
0,59,6121,resample_pointwise,0.5,adp failed: ValueError,,,,,,,,,,,,,,,,,,,,,,,,,,,,,,,,,
0,60,6140,resample_pointwise,0.5,adp failed: ValueError,,,,,,,,,,,,,,,,,,,,,,,,,,,,,,,,,
0,61,6159,resample_pointwise,0.5,adp failed: ValueError,,,,,,,,,,,,,,,,,,,,,,,,,,,,,,,,,
0,62,6178,resample_pointwise,0.5,adp failed: ValueError,,,,,,,,,,,,,,,,,,,,,,,,,,,,,,,,,
0,63,6197,resample_pointwise,0.5,adp failed: ValueError,,,,,,,,,,,,,,,,,,,,,,,,,,,,,,,,,
0,64,6216,resample_pointwise,0.5,adp failed: ValueError,,,,,,,,,,,,,,,,,,,,,,,,,,,,,,,,,
0,65,6235,resample_pointwise,0.5,adp failed: ValueError,,,,,,,,,,,,,,,,,,,,,,,,,,,,,,,,,
0,66,6254,resample_pointwise,0.5,ok,38.0,1.0,1.0,23.258880763417714,59.24536970003795,0.2325888076341771,0.5924536970003795,100.0,1.0,70.71067811865476,70.71067811865476,0.7071067811865476,0.7071067811865476,3.0,6.093252355028535,7.074408764632882,0.0609325235502853,0.0707440876463288,2.0,0.0,0.0,0.0,0.0,,,,,,,,,,
0,67,6273,resample_pointwise,0.5,ok,38.0,1.0,1.0,23.186429677550795,59.09816236468409,0.2318642967755079,0.5909816236468409,100.0,1.0,70.71067811865476,70.71067811865476,0.7071067811865476,0.7071067811865476,3.0,6.02929730590389,6.993159091307374,0.0602929730590389,0.0699315909130737,2.0,0.0,0.0,0.0,0.0,,,,,,,,,,
0,68,6292,resample_pointwise,0.5,ok,38.0,1.0,1.0,23.11356125462793,58.95121027864914,0.2311356125462793,0.5895121027864915,100.0,1.0,70.71067811865476,70.71067811865476,0.7071067811865476,0.7071067811865476,3.0,5.96659516595898,6.913228896695506,0.0596659516595897,0.069132288966955,2.0,0.0,0.0,0.0,0.0,,,,,,,,,,
0,69,6311,resample_pointwise,0.5,ok,38.0,1.0,1.0,23.04014563314612,58.80451879316735,0.2304014563314611,0.5880451879316735,100.0,1.0,70.71067811865476,70.71067811865476,0.7071067811865476,0.7071067811865476,3.0,6.108569113546424,7.08954131723059,0.0610856911354642,0.0708954131723059,2.0,0.0,0.0,0.0,0.0,,,,,,,,,,
0,70,6330,resample_pointwise,0.5,ok,38.0,1.0,1.0,22.9664053603726,58.658265938701206,0.229664053603726,0.586582659387012,100.0,1.0,70.71067811865476,70.71067811865476,0.7071067811865476,0.7071067811865476,3.0,6.24118585241172,7.253577287346786,0.0624118585241171,0.0725357728734678,2.0,0.0,0.0,0.0,0.0,,,,,,,,,,
0,71,6349,resample_pointwise,0.5,ok,38.0,1.0,1.0,22.89975855568917,58.51617568977444,0.2289975855568917,0.5851617568977443,100.0,1.0,70.71067811865476,70.71067811865476,0.7071067811865476,0.7071067811865476,3.0,6.179075859315091,7.174157807949965,0.0617907585931509,0.0717415780794996,2.0,0.0,0.0,0.0,0.0,,,,,,,,,,
0,72,6368,resample_pointwise,0.5,ok,38.0,2.0,2.0,20.75880199847371,24.920173955494334,0.2075880199847371,0.2492017395549433,100.0,2.0,25.023934043231492,20.72890493972125,0.2502393404323149,0.2072890493972125,3.0,6.118134476500009,7.096029111853263,0.061181344765,0.0709602911185326,2.0,0.0,0.0,0.0,0.0,,,,,,,,,,
0,73,6387,resample_pointwise,0.5,ok,38.0,1.0,1.0,22.791194818574407,58.235253927305735,0.227911948185744,0.5823525392730573,100.0,1.0,70.71067811865476,70.71067811865476,0.7071067811865476,0.7071067811865476,3.0,6.252982932531328,7.261809361756168,0.0625298293253132,0.0726180936175616,2.0,0.0,0.0,0.0,0.0,,,,,,,,,,
0,74,6406,resample_pointwise,0.5,ok,38.0,2.0,2.0,22.06031076815024,22.459834280791505,0.2206031076815023,0.224598342807915,100.0,2.0,10.82877994051038,10.368598250848567,0.1082877994051038,0.1036859825084857,3.0,6.3849053502719855,7.427178323579115,0.0638490535027198,0.0742717832357911,2.0,0.0,0.0,0.0,0.0,,,,,,,,,,
0,75,6425,resample_pointwise,0.5,ok,38.0,2.0,2.0,21.303632000827207,23.6795307224921,0.213036320008272,0.236795307224921,100.0,2.0,17.897570434138473,16.05961526567757,0.1789757043413847,0.1605961526567757,3.0,6.324552599981448,7.349611166097463,0.0632455259998144,0.0734961116609746,2.0,0.0,0.0,0.0,0.0,,,,,,,,,,
0,76,6444,resample_pointwise,0.5,ok,38.0,2.0,2.0,21.589897867838864,23.158214444557192,0.2158989786783886,0.2315821444455719,100.0,2.0,14.64209664532637,13.567945057414322,0.1464209664532637,0.1356794505741432,3.0,6.456863606301591,7.513822265560609,0.0645686360630159,0.075138222655606,2.0,0.0,0.0,0.0,0.0,,,,,,,,,,
0,77,6463,resample_pointwise,0.5,ok,38.0,1.0,1.0,22.502915357962166,57.67338151237879,0.2250291535796216,0.5767338151237879,100.0,1.0,70.71067811865476,70.71067811865476,0.7071067811865476,0.7071067811865476,3.0,6.5808311412065805,7.667534980545096,0.0658083114120658,0.0766753498054509,2.0,0.0,0.0,0.0,0.0,,,,,,,,,,
0,78,6482,resample_pointwise,0.5,ok,38.0,2.0,2.0,21.73280252225593,22.87870849874621,0.2173280252225593,0.2287870849874621,100.0,2.0,12.858304709408625,12.107914186080937,0.1285830470940862,0.1210791418608093,3.0,6.521453597692517,7.591294456005011,0.0652145359769251,0.0759129445600501,2.0,0.0,0.0,0.0,0.0,,,,,,,,,,
0,79,6501,resample_pointwise,0.5,ok,38.0,2.0,2.0,21.8900471103125,22.53663826729164,0.218900471103125,0.2253663826729163,100.0,2.0,10.285308089697654,9.886070535101396,0.1028530808969765,0.0988607053510139,3.0,6.463202431556575,7.516444952869243,0.0646320243155657,0.0751644495286924,2.0,0.0,0.0,0.0,0.0,,,,,,,,,,
0,80,6520,resample_pointwise,0.5,ok,38.0,2.0,2.0,21.73399536458518,22.71457646631416,0.2173399536458518,0.2271457646631415,100.0,2.0,11.349262916595068,10.825317547305485,0.1134926291659506,0.1082531754730548,3.0,6.590982022855157,7.675256637668688,0.0659098202285515,0.0767525663766868,2.0,0.0,0.0,0.0,0.0,,,,,,,,,,
0,81,6539,resample_pointwise,0.5,ok,38.0,2.0,2.0,21.195871688503647,23.53722574340864,0.2119587168850364,0.2353722574340863,100.0,2.0,16.46169170377091,14.986973510352248,0.1646169170377091,0.1498697351035224,3.0,6.533397412135717,7.601025499319652,0.0653339741213571,0.0760102549931965,2.0,0.0,0.0,0.0,0.0,,,,,,,,,,
0,82,6558,resample_pointwise,0.5,ok,38.0,2.0,2.0,21.03350993164748,23.7114152539044,0.2103350993164748,0.237114152539044,100.0,2.0,17.31875,15.625,0.1731875,0.15625,3.0,6.653483206111721,7.749755319922327,0.0665348320611172,0.0774975531992232,2.0,0.0,0.0,0.0,0.0,,,,,,,,,,
0,83,6577,resample_pointwise,0.5,ok,38.0,1.0,1.0,22.080797980445453,56.83044796967461,0.2208079798044545,0.5683044796967461,100.0,1.0,70.71067811865476,70.71067811865476,0.7071067811865476,0.7071067811865476,3.0,6.776961202617229,7.903073175017166,0.0677696120261723,0.0790307317501716,2.0,0.0,0.0,0.0,0.0,,,,,,,,,,
0,84,6596,resample_pointwise,0.5,ok,38.0,2.0,2.0,21.594905548068937,22.81559475835238,0.2159490554806893,0.2281559475835237,100.0,2.0,11.35359304361399,10.825317547305485,0.1135359304361399,0.1082531754730548,3.0,6.720790514322628,7.830110046648042,0.0672079051432262,0.0783011004664804,2.0,0.0,0.0,0.0,0.0,,,,,,,,,,
0,85,6615,resample_pointwise,0.5,ok,38.0,1.0,1.0,21.937624681225252,56.55531583745595,0.2193762468122525,0.5655531583745596,100.0,1.0,70.71067811865476,70.71067811865476,0.7071067811865476,0.7071067811865476,3.0,6.83708833078063,7.972979164734471,0.0683708833078063,0.0797297916473447,2.0,0.0,0.0,0.0,0.0,,,,,,,,,,
0,86,6634,resample_pointwise,0.5,ok,38.0,1.0,1.0,21.887677916286687,56.42463419134212,0.2188767791628668,0.5642463419134212,100.0,1.0,70.71067811865476,70.71067811865476,0.7071067811865476,0.7071067811865476,3.0,6.783434581036314,7.905655821609482,0.0678343458103631,0.0790565582160948,2.0,0.0,0.0,0.0,0.0,,,,,,,,,,
0,87,6653,resample_pointwise,0.5,ok,38.0,1.0,1.0,21.82141585241193,56.28882735833383,0.2182141585241193,0.5628882735833383,100.0,1.0,70.71067811865476,70.71067811865476,0.7071067811865476,0.7071067811865476,3.0,6.72766653786064,7.833145837925064,0.0672766653786064,0.0783314583792506,2.0,0.0,0.0,0.0,0.0,,,,,,,,,,
0,88,6672,resample_pointwise,0.5,ok,38.0,2.0,2.0,21.33543219885376,22.991436940574765,0.2133543219885375,0.2299143694057476,100.0,2.0,11.623067715753876,11.048543456039804,0.1162306771575387,0.110485434560398,3.0,6.847967170288732,7.981981733271127,0.0684796717028873,0.0798198173327112,2.0,0.0,0.0,0.0,0.0,,,,,,,,,,
0,89,6691,resample_pointwise,0.5,ok,38.0,2.0,2.0,21.33302641224855,22.880696337024627,0.2133302641224855,0.2288069633702462,100.0,2.0,10.551455949595296,10.11805641538927,0.1055145594959529,0.1011805641538927,3.0,6.961737106242003,8.122400838767668,0.06961737106242,0.0812240083876766,2.0,0.0,0.0,0.0,0.0,,,,,,,,,,
0,90,6710,resample_pointwise,0.5,ok,38.0,2.0,2.0,20.869446263799556,23.672265734632603,0.2086944626379955,0.236722657346326,100.0,2.0,16.45569691436677,14.986973510352248,0.1645569691436677,0.1498697351035224,3.0,6.90745597566791,8.052458198813225,0.0690745597566791,0.0805245819881322,2.0,0.0,0.0,0.0,0.0,,,,,,,,,,
0,91,6729,resample_pointwise,0.5,ok,38.0,1.0,1.0,21.570732623525352,55.75845170996221,0.2157073262352535,0.5575845170996221,100.0,1.0,70.71067811865476,70.71067811865476,0.7071067811865476,0.7071067811865476,3.0,7.023796736751663,8.196989898624365,0.0702379673675166,0.0819698989862436,2.0,0.0,0.0,0.0,0.0,,,,,,,,,,
0,92,6748,resample_pointwise,0.5,ok,38.0,1.0,1.0,21.510821043862443,55.62814027582085,0.2151082104386244,0.5562814027582086,100.0,1.0,70.71067811865476,70.71067811865476,0.7071067811865476,0.7071067811865476,3.0,7.134066319127053,8.333556508984815,0.0713406631912705,0.0833355650898481,2.0,0.0,0.0,0.0,0.0,,,,,,,,,,
0,93,6767,resample_pointwise,0.5,ok,38.0,2.0,2.0,20.43328924043577,24.05204488039352,0.2043328924043577,0.2405204488039352,100.0,2.0,18.96924303313129,16.821908566286407,0.1896924303313129,0.168219085662864,3.0,7.080734791772441,8.265128637829694,0.0708073479177244,0.0826512863782969,2.0,0.0,0.0,0.0,0.0,,,,,,,,,,
0,94,6786,resample_pointwise,0.5,ok,38.0,1.0,1.0,21.386893723062727,55.3666926716301,0.2138689372306272,0.553666926716301,100.0,1.0,70.71067811865476,70.71067811865476,0.7071067811865476,0.7071067811865476,3.0,7.026355136809013,8.19386571625157,0.0702635513680901,0.0819386571625157,2.0,0.0,0.0,0.0,0.0,,,,,,,,,,
0,95,6805,resample_pointwise,0.5,ok,38.0,1.0,1.0,21.32861302784221,55.23848178661447,0.213286130278422,0.5523848178661447,100.0,1.0,70.71067811865476,70.71067811865476,0.7071067811865476,0.7071067811865476,3.0,7.138987445777917,8.333705188041618,0.0713898744577791,0.0833370518804161,2.0,0.0,0.0,0.0,0.0,,,,,,,,,,
0,96,6824,resample_pointwise,0.5,ok,38.0,2.0,2.0,21.132333360597997,23.07271502650601,0.2113233336059799,0.2307271502650601,100.0,2.0,10.933454939408298,10.452449844522317,0.1093345493940829,0.1045244984452231,3.0,7.085996084090207,8.2647654152876,0.070859960840902,0.082647654152876,2.0,0.0,0.0,0.0,0.0,,,,,,,,,,
0,97,6843,resample_pointwise,0.5,ok,38.0,1.0,1.0,21.20250352211989,54.977788967006816,0.2120250352211989,0.5497778896700681,100.0,1.0,70.71067811865476,70.71067811865476,0.7071067811865476,0.7071067811865476,3.0,7.19263375410832,8.396749803705038,0.0719263375410832,0.0839674980370503,2.0,0.0,0.0,0.0,0.0,,,,,,,,,,
0,98,6862,resample_pointwise,0.5,ok,38.0,1.0,1.0,21.145009998882976,54.85136695084667,0.2114500999888297,0.5485136695084667,100.0,1.0,70.71067811865476,70.71067811865476,0.7071067811865476,0.7071067811865476,3.0,7.302141969052426,8.532764604295489,0.0730214196905242,0.0853276460429548,2.0,0.0,0.0,0.0,0.0,,,,,,,,,,
0,99,6881,resample_pointwise,0.5,ok,38.0,1.0,1.0,21.084118553015603,54.72307730789027,0.210841185530156,0.5472307730789027,100.0,1.0,70.71067811865476,70.71067811865476,0.7071067811865476,0.7071067811865476,3.0,7.25009828445164,8.465123591087897,0.0725009828445164,0.0846512359108789,2.0,0.0,0.0,0.0,0.0,,,,,,,,,,
0,100,6900,resample_pointwise,0.5,ok,38.0,2.0,2.0,21.096939447294208,23.08976294125513,0.210969394472942,0.2308976294125513,100.0,2.0,10.285308089697654,9.886070535101396,0.1028530808969765,0.0988607053510139,3.0,7.353766844767598,8.593584997764745,0.0735376684476759,0.0859358499776474,2.0,0.0,0.0,0.0,0.0,,,,,,,,,,
5,1,5019,resample_pointwise,0.5,ok,38.0,3.0,3.0,12.643666854799632,0.2795809513192253,0.126081358024547,0.0027879527691558,100.28181051427136,3.0,16.953465425462902,0.1007985818709996,0.1690582303861597,0.0010051531913322,3.0,0.0,0.0,0.0,0.0,2.0,0.0,0.0,0.0,0.0,2.0,1.5542100035016428,1.726442310902397,0.015498423847069,0.0172159068733277,2.0,0.0,0.0,0.0,0.0
5,2,5038,resample_pointwise,0.5,ok,38.0,3.0,3.0,7.489958377958292,0.38339342917815,0.0748240740339126,0.0038300691247314,100.10091637837849,3.0,13.782914075672249,0.1293849822558795,0.1376901888047982,0.0012925454325194,3.0,2.655448744310749,2.3685310452787034,0.0265277166322157,0.023661432192346,3.0,1.774511402950226,1.3171660274834156,0.0177272243566944,0.0131583813129598,3.0,0.0,0.0,0.0,0.0,2.0,0.0,0.0,0.0,0.0
5,3,5057,resample_pointwise,0.5,ok,38.0,3.0,3.0,6.375286837562955,0.4828254894804378,0.0636825791623962,0.0048229316168642,100.11037431925314,3.0,12.969224552988283,0.1270288025555119,0.1295492564200117,0.0012688874996153,3.0,0.6260863669475415,0.653554581947805,0.0062539609027026,0.0065283402084144,2.0,0.1441712385401874,0.1443734829247731,0.0014401228595991,0.0014421430736475,3.0,0.0,0.0,0.0,0.0,2.0,0.0,0.0,0.0,0.0
5,4,5076,resample_pointwise,0.5,ok,38.0,3.0,3.0,7.899511867989979,0.5983197246554375,0.079049673454389,0.0059873292990402,99.9309867174584,3.0,15.274923992716255,0.134762453303304,0.1528547299938514,0.0013485552152539,3.0,0.4070164702861337,0.4533702676071916,0.0040729755970179,0.0045368336939275,2.0,0.1010657586292574,0.1011468056712877,0.0010113555559599,0.0010121665860987,3.0,0.0,0.0,0.0,0.0,2.0,0.0,0.0,0.0,0.0
5,5,5095,resample_pointwise,0.5,ok,38.0,3.0,3.0,11.84210319968926,9.080281338853077,0.1184357264708991,0.0908140808091785,99.98759287045864,3.0,16.860117279808065,8.64322415619096,0.1686220939597136,0.0864429666527616,3.0,0.378575729382707,0.435404158817818,0.0037862270559226,0.0043545818667913,2.0,0.1157716558317505,0.1157707457898484,0.0011578602155343,0.001157851113986,3.0,0.0,0.0,0.0,0.0,2.0,0.0,0.0,0.0,0.0
5,6,5114,resample_pointwise,0.5,ok,38.0,3.0,3.0,6.175811263948743,0.7410086081726837,0.0618354159504642,0.0074193613682318,99.87498537886648,3.0,13.269109561375512,0.1429487551962331,0.1328571865221344,0.0014312768573028,3.0,0.3782180123579332,0.4540324904267401,0.0037869143201693,0.0045460080790441,2.0,0.0789760057028232,0.0790076467104745,0.0007907486084051,0.0007910654145356,3.0,0.0,0.0,0.0,0.0,2.0,0.0,0.0,0.0,0.0
5,7,5133,resample_pointwise,0.5,ok,38.0,3.0,3.0,7.080352801230176,0.9347026419045996,0.0708537000446438,0.0093536498080912,99.92918925573336,3.0,13.932901503420524,0.2210754202019659,0.1394277448580534,0.0022123207628173,3.0,0.586899226500092,0.6983198471356084,0.0058731510869975,0.0069881468301369,2.0,0.1409157024422186,0.1409610085485217,0.0014101555660738,0.0014106089481801,3.0,0.0,0.0,0.0,0.0,2.0,0.0,0.0,0.0,0.0
5,8,5152,resample_pointwise,0.5,ok,38.0,3.0,3.0,5.983388560103515,0.8881257415809141,0.05972322620707,0.0088648320315405,100.1852870331912,3.0,13.296602823790192,0.1367664402395627,0.1327201150742329,0.0013651349842841,3.0,0.6958332067640941,0.8427249437011588,0.00694546302526,0.0084116637148722,2.0,0.0893459061341016,0.0893540829151165,0.0008918066592403,0.0008918882758255,3.0,0.0,0.0,0.0,0.0,2.0,0.0,0.0,0.0,0.0
5,9,5171,resample_pointwise,0.5,ok,38.0,3.0,3.0,5.060210711368194,0.8929728546043387,0.0505978200740825,0.0089289720143084,100.00847277529569,3.0,11.344976115902938,0.0785683729028311,0.1134401496300561,0.0007856171654511,3.0,0.7369057453066219,0.898840388841027,0.0073684331422832,0.0089876423856665,2.0,0.0341044147523941,0.0341112438269574,0.0003410152540677,0.0003410835390277,3.0,0.0,0.0,0.0,0.0,2.0,0.0,0.0,0.0,0.0
5,10,5190,resample_pointwise,0.5,ok,38.0,3.0,3.0,5.042199811432475,1.0719217627431246,0.0503585808984452,0.010705735755158,100.12593130058087,3.0,11.524223873272868,0.2022411626971619,0.1150972952119348,0.0020198679809531,3.0,0.7884312127686255,0.9682797132308776,0.0078743957986441,0.0096706187962843,2.0,0.0717659318986151,0.0717659317401019,0.0007167566979544,0.0007167566963712,3.0,0.0,0.0,0.0,0.0,2.0,0.0,0.0,0.0,0.0
5,11,5209,resample_pointwise,0.5,ok,38.0,3.0,3.0,4.342298193658054,1.0204695402483566,0.0433565891332055,0.0101890926431809,100.15313197994192,3.0,10.058468689787915,0.1188332796829592,0.1004308950797701,0.0011865158615984,3.0,0.8401965874211722,1.0289299196374584,0.008389119449499,0.0102735670796947,2.0,0.083669056996233,0.0837193187445287,0.0008354112881161,0.0008359131371078,3.0,0.0,0.0,0.0,0.0,2.0,0.0,0.0,0.0,0.0
5,12,5228,resample_pointwise,0.5,ok,38.0,3.0,3.0,12.349794244743912,11.027552210629835,0.1234446537453827,0.1102279388079439,100.04316809229036,3.0,16.320110794469628,10.470299771235352,0.1631306875389455,0.1046578189284893,3.0,0.8899531467096837,1.107207176868573,0.0088956913668377,0.0110672942288989,2.0,0.1615778618055795,0.1615778549245922,0.0016150814182186,0.0016150813494384,3.0,0.0,0.0,0.0,0.0,2.0,0.0,0.0,0.0,0.0
5,13,5247,resample_pointwise,0.5,ok,38.0,3.0,3.0,5.24971459989581,1.2361812542185984,0.0524545429115098,0.0123517805419556,100.08121906146462,3.0,10.359992364686244,0.1168886929892361,0.1035158490458003,0.001167938341333,3.0,1.057697621298621,1.327174806422801,0.0105683926636528,0.0132609776226618,2.0,0.0143766777730718,0.0143795542592209,0.0001436501064624,0.0001436788479803,3.0,0.0,0.0,0.0,0.0,2.0,0.0,0.0,0.0,0.0
5,14,5266,resample_pointwise,0.5,ok,38.0,3.0,3.0,3.8293034414014535,1.1182293676741175,0.03832569269037,0.0111918305139955,99.91478751181532,3.0,9.394508481055874,0.0865315670313076,0.094025206028136,0.0008660536561825,3.0,1.127765421440465,1.4029080238407183,0.0112872723800478,0.0140410449621865,2.0,0.0500281973651654,0.0500482407006256,0.0005007086399423,0.0005009092442368,3.0,0.0,0.0,0.0,0.0,2.0,0.0,0.0,0.0,0.0
5,15,5285,resample_pointwise,0.5,ok,38.0,3.0,3.0,3.953299453503725,1.2144403109982125,0.0394713409121639,0.0121254633241609,100.15619845044166,3.0,9.88367821590778,0.1303059376456255,0.0986826414023524,0.0013010271921423,3.0,1.1442241572031626,1.4589149353606226,0.0114243968411933,0.0145663968674141,2.0,0.1296120409733447,0.129689839329724,0.0012940990470747,0.0012948758173354,3.0,0.0,0.0,0.0,0.0,2.0,0.0,0.0,0.0,0.0
5,16,5304,resample_pointwise,0.5,ok,38.0,3.0,3.0,4.132163171733423,1.2980264723731645,0.0414029874196299,0.0130058207946972,99.80350282101348,3.0,8.410098896975635,0.0891354278953739,0.0842665704034277,0.0008931092133632,3.0,1.1053208511019963,1.4145764849038325,0.0110749705156568,0.0141736156038603,2.0,0.0156323119817301,0.0156354371935414,0.0001566308951076,0.0001566622087561,3.0,0.0,0.0,0.0,0.0,2.0,0.0,0.0,0.0,0.0
5,17,5323,resample_pointwise,0.5,ok,38.0,3.0,3.0,7.418795286050129,1.6873627878903217,0.0741210884607272,0.0168584199515156,100.09020968412992,3.0,13.446716841360548,0.1623654787061846,0.1343459753336157,0.0016221914133119,3.0,1.2669270311427996,1.6178861515298857,0.0126578517033887,0.0161642797695768,2.0,0.0722981304418824,0.0723270960204544,0.0007223296930843,0.0007226190878079,3.0,0.0,0.0,0.0,0.0,2.0,0.0,0.0,0.0,0.0
5,18,5342,resample_pointwise,0.5,ok,38.0,3.0,3.0,3.2748274531736588,1.2355561180914598,0.0327068690089172,0.0123399393358636,100.12659580104724,3.0,7.981947751345869,0.0731691830621638,0.0797185571674292,0.0007307667106505,3.0,1.2742791043339514,1.647627316274236,0.0127266796013514,0.016455441265057,2.0,0.0205962677285397,0.020600385334384,0.0002057022668529,0.00020574339085,3.0,0.0,0.0,0.0,0.0,2.0,0.0,0.0,0.0,0.0
5,19,5361,resample_pointwise,0.5,ok,38.0,3.0,3.0,4.200920603654951,1.4290750871419244,0.0419848279294534,0.0142824578926154,100.05806408719124,3.0,9.739158049157128,0.1192321919979558,0.0973350637752731,0.001191630010891,3.0,1.474658194508133,1.912033023246832,0.0147380244457169,0.0191092346298112,2.0,0.0,0.0,0.0,0.0,3.0,0.0,0.0,0.0,0.0,2.0,0.0,0.0,0.0,0.0
5,20,5380,resample_pointwise,0.5,ok,38.0,3.0,3.0,4.533288535255752,1.5015432316598405,0.0452191461657836,0.0149777589356197,100.25152882444272,3.0,10.482790269531684,0.1149371626300198,0.1045648918520615,0.0011464878788162,3.0,1.489391214077875,1.9234264044772145,0.0148565436511801,0.0191860057101518,2.0,0.0170241090964818,0.0170275071141008,0.0001698139599077,0.0001698478548284,3.0,0.0,0.0,0.0,0.0,2.0,0.0,0.0,0.0,0.0
5,21,5399,resample_pointwise,0.5,ok,38.0,3.0,3.0,6.244103561328969,2.037096495943777,0.0624385093296292,0.0203701407765039,100.00404603455075,3.0,8.388463968782933,0.161896366740232,0.0838812458236416,0.0016188981662231,3.0,1.4907239400223768,1.912164497206028,0.0149066362725698,0.0191208713349996,2.0,0.1351644244172976,0.1351626740344388,0.0013515895583924,0.001351572055272,3.0,0.0,0.0,0.0,0.0,2.0,0.0,0.0,0.0,0.0
5,22,5418,resample_pointwise,0.5,ok,38.0,3.0,3.0,2.1843246233360287,1.1899867842233929,0.0219052643068055,0.0119336543440177,99.71688050608915,3.0,4.97305871376265,0.1213117158704044,0.0498717838797511,0.0012165614814133,3.0,1.6405629587333337,2.136747606194203,0.0164522089981861,0.0214281433128438,2.0,0.0,0.0,0.0,0.0,3.0,0.0,0.0,0.0,0.0,2.0,0.0,0.0,0.0,0.0
5,23,5437,resample_pointwise,0.5,ok,38.0,3.0,3.0,1.8876653495553717,1.0827397460059205,0.0188735538722497,0.0108256195573447,100.01642310359236,3.0,4.444666321118754,0.0630726175837338,0.0444393648882561,0.0006306226080331,3.0,1.715669822690678,2.183692169345039,0.0171538810272555,0.0218333359820643,2.0,0.0673626695738518,0.0673680157840902,0.0006735160834944,0.0006735695368181,3.0,0.0,0.0,0.0,0.0,2.0,0.0,0.0,0.0,0.0
5,24,5456,resample_pointwise,0.5,ok,38.0,3.0,3.0,2.3412268440152757,1.248653734772395,0.0233724809998643,0.0124653173894613,100.17023199329448,3.0,5.248298252610304,0.0679759841067784,0.0523937915304182,0.0006786046388644,3.0,1.7652006427691465,2.2714884351140414,0.0176220081319898,0.0226762820641774,2.0,0.2437704249940449,0.2439655975345527,0.0024335615496065,0.0024355099581968,3.0,0.0,0.0,0.0,0.0,2.0,0.0,0.0,0.0,0.0
5,25,5475,resample_pointwise,0.5,ok,38.0,3.0,3.0,3.829345025607229,1.7362540340462391,0.0383557755399422,0.0173907990961552,99.83750743403664,3.0,6.579792455828828,0.0985529085650855,0.065905015308762,0.0009871331035603,3.0,1.735037654431696,2.2709725770993705,0.017378615502576,0.0227466874470981,2.0,0.0,0.0,0.0,0.0,3.0,0.0,0.0,0.0,0.0,2.0,0.0,0.0,0.0,0.0
5,26,5494,resample_pointwise,0.5,ok,38.0,3.0,3.0,4.170252708575051,1.7353333883017878,0.0417189997974157,0.0173601885387296,99.96051508486497,3.0,9.646149240494584,0.1814336789806748,0.0964995951882115,0.0018150534621259,3.0,1.876244697370315,2.458057242737873,0.0187698582362987,0.0245902818793102,2.0,0.0556929060229631,0.0557152188716557,0.0005571490500592,0.000557372266683,3.0,0.0,0.0,0.0,0.0,2.0,0.0,0.0,0.0,0.0
5,27,5513,resample_pointwise,0.5,ok,38.0,3.0,3.0,3.0027085300835696,1.4528963234704282,0.03011528006296,0.0145716373219012,99.7071428127518,3.0,8.098198995888483,0.0923933768776086,0.0812198481215809,0.0009266475226466,3.0,1.8565407223675567,2.431655627002932,0.0186199370475804,0.0243879782170625,2.0,0.1773883782312232,0.1774949391312419,0.0017790939869208,0.0017801627257996,3.0,0.0,0.0,0.0,0.0,2.0,0.0,0.0,0.0,0.0
5,28,5532,resample_pointwise,0.5,ok,38.0,3.0,3.0,3.5745535010558247,1.6726102366582911,0.0357155363640313,0.0167120653565753,100.08399326898278,3.0,7.960586506617629,0.0786120744402588,0.0795390576115702,0.0007854610100236,3.0,1.9365500559057656,2.5197081369855363,0.019349248492725,0.0251759352788176,2.0,0.0121341963358195,0.0121366260896254,0.0001212401298098,0.0001212644069567,3.0,0.0,0.0,0.0,0.0,2.0,0.0,0.0,0.0,0.0
5,29,5551,resample_pointwise,0.5,ok,38.0,3.0,3.0,3.6161367007577936,1.7627875564547535,0.0361074171637754,0.0176015761955806,100.14941485168497,3.0,7.659611468640626,0.1025592520564972,0.076481839459412,0.0010240624192201,3.0,2.028633466928368,2.620668377561694,0.0202560690936901,0.0261675855165278,2.0,0.0,0.0,0.0,0.0,3.0,0.0,0.0,0.0,0.0,2.0,0.0,0.0,0.0,0.0
5,30,5570,resample_pointwise,0.5,ok,38.0,3.0,3.0,3.843839057443563,1.9351590553818443,0.0383698731193823,0.0193170958282025,100.17857097113696,3.0,5.890327315280312,0.0849011007926026,0.0587982764994462,0.0008474976231899,3.0,2.152601993894019,2.7772591784285767,0.0214876492350267,0.0277230863996727,2.0,0.1227860424875549,0.1228597436052914,0.0012256717309626,0.0012264074283979,3.0,0.0,0.0,0.0,0.0,2.0,0.0,0.0,0.0,0.0
5,31,5589,resample_pointwise,0.5,ok,38.0,3.0,3.0,3.788260603379322,1.7925778484207218,0.0379792075127647,0.0179714896137885,99.74564640681596,3.0,9.952081172578383,0.1349589181468145,0.0997745919855838,0.0013530306635778,3.0,2.2211487319617307,2.9544711019648258,0.0222681271010335,0.029620050682863,2.0,0.052744385990562,0.0527654837449583,0.0005287888533544,0.0005290003688958,3.0,0.0,0.0,0.0,0.0,2.0,0.0,0.0,0.0,0.0
5,32,5608,resample_pointwise,0.5,ok,38.0,3.0,3.0,2.2466621637770445,1.372963851840321,0.0224522006485522,0.0137208256682899,100.06422973606892,3.0,5.966312401378661,0.0811154678048281,0.05962482714468,0.0008106340099631,3.0,2.146358851090226,2.849435331955364,0.0214498113536825,0.028476063219305,2.0,0.0190038198242087,0.019007625152742,0.000189916215558,0.0001899542444175,3.0,0.0,0.0,0.0,0.0,2.0,0.0,0.0,0.0,0.0
5,33,5627,resample_pointwise,0.5,ok,38.0,3.0,3.0,1.9269766573085048,1.2368516895762578,0.0192830731202977,0.0123770578530907,99.9309936381528,3.0,5.2199126321676514,0.0629181763531349,0.0522351719134185,0.0006296162387913,3.0,2.2065656738861703,2.86113195043122,0.0220808939604471,0.0286310767687479,2.0,0.1878519450579958,0.1880401734598575,0.0018798166436551,0.0018817002274664,3.0,0.0,0.0,0.0,0.0,2.0,0.0,0.0,0.0,0.0
5,34,5646,resample_pointwise,0.5,ok,38.0,3.0,3.0,3.5334869648086875,1.8813392486432836,0.0352800590671811,0.0187842096146334,100.155358529308,3.0,6.626082505175738,0.0858980364954281,0.0661580428893056,0.0008576479357346,3.0,2.430067028835841,3.13098120925582,0.024262975686166,0.0312612450819555,2.0,0.0230196203561259,0.0230242261225037,0.0002298391288708,0.0002298851150911,3.0,0.0,0.0,0.0,0.0,2.0,0.0,0.0,0.0,0.0
5,35,5665,resample_pointwise,0.5,ok,38.0,3.0,3.0,1.8888626910133408,1.2871160084401545,0.0188679983358785,0.0128571032827711,100.10933101586942,3.0,4.078653400517928,0.070630521106212,0.0407419903732188,0.0007055338437434,3.0,2.3986713878978887,3.1731766732189333,0.0239605176016774,0.0316971119576847,2.0,0.2101929862687819,0.2102073727976463,0.0020996343111658,0.0020997780193369,3.0,0.0,0.0,0.0,0.0,2.0,0.0,0.0,0.0,0.0
5,36,5684,resample_pointwise,0.5,ok,38.0,3.0,3.0,2.330612870962164,1.4726861688496569,0.0232895775811922,0.0147164032300282,100.07106667508958,3.0,5.781739867160459,0.078459316748673,0.0577763389485253,0.0007840359791848,3.0,2.3776831920798625,3.118532365925806,0.023759946516806,0.0311631770254937,2.0,0.0,0.0,0.0,0.0,3.0,0.0,0.0,0.0,0.0,2.0,0.0,0.0,0.0,0.0
5,37,5703,resample_pointwise,0.5,ok,38.0,3.0,3.0,2.852235496068486,1.7455269905885653,0.0285539750636115,0.0174746209528731,99.88926199292304,3.0,5.784295863526388,0.1415109829446367,0.0579070837858046,0.0014166786311291,3.0,2.385893663511631,3.0972613259916297,0.0238853868364816,0.0310069497381116,2.0,0.1239222367895385,0.1239178669659606,0.0012405961793803,0.0012405524327003,3.0,0.0,0.0,0.0,0.0,2.0,0.0,0.0,0.0,0.0
5,38,5722,resample_pointwise,0.5,ok,38.0,3.0,3.0,2.510985701205932,1.6432650878374797,0.025090254608687,0.016419822471951,100.07812755860004,3.0,4.8881783337266045,0.0746869527861591,0.0488436230070788,0.0007462864724604,3.0,2.5878918872988947,3.4213908242983617,0.0258587160894229,0.0341871986193485,2.0,0.1142528548632678,0.1143215438993286,0.0011416366158166,0.0011423229699455,3.0,0.0,0.0,0.0,0.0,2.0,0.0,0.0,0.0,0.0
5,39,5741,resample_pointwise,0.5,ok,38.0,3.0,3.0,2.7706748295104737,1.6711048218014104,0.0276683166793448,0.0166878685732135,100.13890117062508,3.0,6.926307669484441,0.110428025617965,0.0691670029181048,0.0011027485255685,3.0,2.5403473139990185,3.34053671203962,0.0253682363627154,0.0333590310357783,2.0,0.0723268396051558,0.0723268414189712,0.0007222651612875,0.0007222651794005,3.0,0.0,0.0,0.0,0.0,2.0,0.0,0.0,0.0,0.0
5,40,5760,resample_pointwise,0.5,ok,38.0,3.0,3.0,1.3087564799914586,1.000271316170848,0.0130667837504645,0.0099868303844289,100.15903721869824,3.0,3.715931679383722,0.0573980264497908,0.0371003134871389,0.0005730688717031,3.0,2.587996422237716,3.43272185012307,0.0258388708009123,0.0342727121330817,2.0,0.0734625410775398,0.0734625390573221,0.0007334589380799,0.0007334589179098,3.0,0.0,0.0,0.0,0.0,2.0,0.0,0.0,0.0,0.0
5,41,5779,resample_pointwise,0.5,ok,38.0,3.0,3.0,2.7705623371348724,1.7096668438066742,0.0277125814523779,0.0171009621513944,99.97489197806698,3.0,7.131025672740506,0.0890317644292261,0.0713281658189233,0.0008905412415825,3.0,2.6812018418702195,3.5350494428373542,0.0268187520768558,0.035359372467368,2.0,0.0820844083215072,0.0820912954994723,0.0008210502326875,0.0008211191217639,2.0,14.086273631714194,16.426060127787373,0.1408981130462688,0.1643018542234685,2.0,0.0,0.0,0.0,0.0
5,42,5798,resample_pointwise,0.5,ok,38.0,3.0,3.0,2.6094044291582144,1.675319143947231,0.0260886079002089,0.016749701106414,100.020838181148,3.0,6.2505539400851085,0.1306336307044558,0.0624925170969344,0.0013060641470316,3.0,2.5539013865447524,3.359210349848664,0.0255336931082238,0.0335851049734735,2.0,0.0498289086177607,0.0498309680987824,0.0004981852734278,0.0004982058639474,3.0,0.0,0.0,0.0,0.0,2.0,0.0,0.0,0.0,0.0
5,43,5817,resample_pointwise,0.5,ok,38.0,3.0,3.0,3.64356848084353,2.067619985598416,0.036390034316221,0.0206502945187986,100.12544778556008,3.0,7.695669762137832,0.1303658692375094,0.0768602781045208,0.0013020253304306,3.0,2.7778324409308843,3.655521782897114,0.0277435207768578,0.0365094175731047,2.0,0.0966385294847484,0.0966496280788693,0.0009651745048044,0.0009652853516906,3.0,0.0,0.0,0.0,0.0,2.0,0.0,0.0,0.0,0.0
5,44,5836,resample_pointwise,0.5,ok,38.0,3.0,3.0,1.3543279042979064,1.0517337992719435,0.013560757117464,0.0105309109846246,99.87111284175684,3.0,3.778761128549378,0.0598097306321333,0.0378363775172579,0.0005988691717784,3.0,2.8349025521355573,3.7605124066598,0.0283856109286314,0.0376536547922343,2.0,0.0856442044955295,0.0856613264848923,0.000857547313318,0.0008577187541769,3.0,0.0,0.0,0.0,0.0,2.0,0.0,0.0,0.0,0.0
5,45,5855,resample_pointwise,0.5,ok,38.0,3.0,3.0,2.3446249586527745,1.6237680387240152,0.0234145356926276,0.0162157169567527,100.13544532471786,3.0,4.763138802634271,0.0822130028897468,0.0475669608018262,0.0008210179984035,3.0,2.8333141165113225,3.747241497866358,0.028294817158135,0.0374217289963094,2.0,0.0144249727846796,0.0144278566252387,0.0001440546126089,0.0001440834120071,3.0,0.0,0.0,0.0,0.0,2.0,0.0,0.0,0.0,0.0
5,46,5874,resample_pointwise,0.5,ok,38.0,3.0,3.0,1.9916005080865025,1.414921119393084,0.0198866522020388,0.0141283576100933,100.14760090601476,3.0,5.388607145583211,0.0977797184331654,0.053806652349468,0.0009763560739206,3.0,2.892220411310645,3.8133568993967577,0.0288795775949231,0.0380773664560918,2.0,0.0472467483790825,0.0472562015100107,0.000471771145306,0.0004718655372918,,,,,,,,,,
5,47,5893,resample_pointwise,0.5,ok,38.0,3.0,3.0,3.266981306373729,2.152644144199099,0.0325841536111498,0.0214699996378558,100.26288684251136,3.0,4.620937544782805,0.0790499213416051,0.0460882155930855,0.0007884265437696,3.0,3.0247848161763984,3.962034289314941,0.0301685390420445,0.0395164593209682,2.0,0.0344349303881962,0.0344418201301707,0.0003434464284105,0.0003435151451829,3.0,0.0,0.0,0.0,0.0,2.0,0.0,0.0,0.0,0.0
5,48,5912,resample_pointwise,0.5,ok,38.0,3.0,3.0,1.607324891318063,1.224694986824849,0.0160498661013403,0.0122291334251676,100.14568851660576,3.0,4.4738367152899805,0.0796587288488001,0.0446732833091276,0.0007954284405922,3.0,2.9138842418152096,3.8434042325266216,0.0290964522285154,0.0383781297972635,2.0,0.0822576711783061,0.082290600590307,0.0008213800553647,0.0008217088704389,3.0,0.0,0.0,0.0,0.0,2.0,0.0,0.0,0.0,0.0
5,49,5931,resample_pointwise,0.5,ok,38.0,3.0,3.0,2.1640859493671365,1.4938991943595197,0.0216971306411475,0.0149778367140189,99.74065166308436,3.0,6.10883460783064,0.0794720192822207,0.061247189646061,0.0007967866457366,3.0,3.015364472003266,3.999654518347679,0.0302320510416246,0.0401005452807565,2.0,0.0754894534944554,0.0755045695171287,0.0007568574321075,0.0007570089853851,3.0,0.0,0.0,0.0,0.0,2.0,0.0,0.0,0.0,0.0
5,50,5950,resample_pointwise,0.5,ok,38.0,3.0,3.0,3.4026761147212348,2.303857436917992,0.033993381706464,0.0230159740774638,100.09819393973962,3.0,4.714310224530738,0.1298045230870572,0.0470968559869203,0.0012967718794726,3.0,3.037445474987783,4.084960021327851,0.0303446581345549,0.040809527730211,2.0,0.2784711424214888,0.2785721903656166,0.0027819796887557,0.0027829891769408,,,,,,,,,,
5,51,5969,resample_pointwise,0.5,ok,38.0,3.0,3.0,4.512430789194863,2.5897909758178472,0.0451070378236743,0.0258879980566902,100.03828685967324,3.0,8.161104791358053,0.1094979631079257,0.0815798135648392,0.0010945605582142,3.0,3.07552427105283,4.064573165804684,0.0307434720005447,0.0406301756397146,2.0,0.0232618822913627,0.0232665328068704,0.0002325297945574,0.000232576281914,3.0,0.0,0.0,0.0,0.0,2.0,0.0,0.0,0.0,0.0
5,52,5988,resample_pointwise,0.5,ok,38.0,3.0,3.0,1.3944503831445032,1.177522401125727,0.0139429603555857,0.0117739206465611,100.01106992934004,3.0,3.965372716365205,0.0795445825445964,0.0396493380099505,0.0007953577799017,3.0,3.1699440609547507,4.238694526356444,0.0316959318922833,0.0423822535780406,2.0,0.0965583056920429,0.0965700290234143,0.0009654761793895,0.000965593399727,3.0,0.0,0.0,0.0,0.0,2.0,0.0,0.0,0.0,0.0
5,53,6007,resample_pointwise,0.5,ok,38.0,3.0,3.0,4.3121875011977,2.7956865516993687,0.0431271406855988,0.0279602793696905,99.98779034840209,3.0,5.095375635299965,0.114085216242866,0.0509599783888153,0.0011409914735123,3.0,3.271616857672728,4.3286620453050855,0.0327201635947044,0.0432919062439733,2.0,0.0184819706651795,0.0184856655807548,0.0001848422752496,0.0001848792289172,3.0,0.0,0.0,0.0,0.0,2.0,0.0,0.0,0.0,0.0
5,54,6026,resample_pointwise,0.5,ok,38.0,3.0,3.0,1.9553195793700573,1.4901488300224088,0.0194980540468914,0.0148594647812249,100.28280641071404,3.0,4.836714413755955,0.0842307629655173,0.0482307445001779,0.0008399322474138,3.0,3.342702276894676,4.3942769618994575,0.0333327555992444,0.0438188471102657,2.0,0.0,0.0,0.0,0.0,3.0,0.0,0.0,0.0,0.0,2.0,0.0,0.0,0.0,0.0
5,55,6045,resample_pointwise,0.5,ok,38.0,3.0,3.0,2.336326873416953,1.666879977014954,0.0233663982635934,0.0166710325698461,99.98660671024864,3.0,6.536455872474117,0.1118877610212601,0.0653733143621537,0.001119027484806,3.0,3.4962103373842925,4.625922906035155,0.0349667865768859,0.0462654255228465,2.0,0.0,0.0,0.0,0.0,3.0,0.0,0.0,0.0,0.0,2.0,0.0,0.0,0.0,0.0
5,56,6064,resample_pointwise,0.5,ok,38.0,3.0,3.0,1.2989970279494545,1.0727175969952083,0.0129991695903186,0.0107347728022687,99.92923155006048,3.0,4.243787868989969,0.0634675373021047,0.0424679325875132,0.0006351248410262,3.0,3.3544280117485106,4.460032223355714,0.0335680356960223,0.0446319075427035,2.0,0.0,0.0,0.0,0.0,3.0,0.0,0.0,0.0,0.0,2.0,0.0,0.0,0.0,0.0
5,57,6083,resample_pointwise,0.5,ok,38.0,3.0,3.0,3.604404594969391,2.410493362710952,0.0360546036140129,0.024111994205104,99.97071756929566,3.0,5.509900863653517,0.0863541676044375,0.0551151476914655,0.0008637946161042,3.0,3.346385422969786,4.482833014532064,0.0334736561298582,0.0448414608150106,2.0,0.0,0.0,0.0,0.0,,,,,,,,,,
5,58,6102,resample_pointwise,0.5,ok,38.0,3.0,3.0,2.3365306279062685,1.705842435469065,0.0233378222878431,0.0170383589817148,100.11776587755494,3.0,5.744627175733973,0.0838802612143519,0.0573786992286634,0.0008378159508367,3.0,3.505322580356584,4.66770601335493,0.0350119936220273,0.0466221551434096,2.0,0.0,0.0,0.0,0.0,3.0,0.0,0.0,0.0,0.0,2.0,0.0,0.0,0.0,0.0
5,59,6121,resample_pointwise,0.5,ok,38.0,3.0,3.0,1.7607546060418184,1.38921549458209,0.0176154630075778,0.0138984013276996,99.95505683185117,3.0,5.405538686621656,0.1049776500763205,0.0540796919931234,0.0010502485157196,3.0,3.4786981726753194,4.596257751412234,0.0348026231281859,0.0459832438407219,2.0,0.143755647286783,0.143755647286783,0.0014382028467915,0.0014382028467915,3.0,0.0,0.0,0.0,0.0,2.0,0.0,0.0,0.0,0.0
5,60,6140,resample_pointwise,0.5,ok,38.0,3.0,3.0,1.5833948411348977,1.3193446141461795,0.0157995259744512,0.0131647640619532,100.21787006112334,3.0,3.925795243076846,0.1020037784786245,0.0391726070478497,0.0010178202591654,3.0,3.7437435569039024,4.954035538839016,0.0373560479245924,0.049432656429612,2.0,0.0,0.0,0.0,0.0,3.0,0.0,0.0,0.0,0.0,2.0,0.0,0.0,0.0,0.0
5,61,6159,resample_pointwise,0.5,ok,38.0,3.0,3.0,3.5517692502233404,2.245523930813933,0.0355230839303046,0.0224586479137953,99.9848227477045,3.0,11.21638105167064,0.0851369381995151,0.1121808364852869,0.0008514986160884,3.0,3.652950575848634,4.848077355714688,0.0365350507753187,0.0484881327233836,2.0,0.0506619624107203,0.0506822434204924,0.0005066965267174,0.0005068993676008,3.0,0.0,0.0,0.0,0.0,2.0,0.0,0.0,0.0,0.0
5,62,6178,resample_pointwise,0.5,ok,38.0,3.0,3.0,1.075716288707736,0.9267892737170446,0.0107493758097388,0.0092611837379419,100.0724421350261,3.0,3.5087319157948453,0.0593876178799583,0.0350619195548417,0.0005934462736487,3.0,3.5970580309928195,4.716727375812029,0.0359445413167729,0.0471331295127966,2.0,0.1165404737987084,0.1165870899882279,0.0011645611050588,0.0011650269295009,3.0,0.0,0.0,0.0,0.0,2.0,0.0,0.0,0.0,0.0
5,63,6197,resample_pointwise,0.5,ok,38.0,3.0,3.0,2.3117021437970298,2.109023584210158,0.0231238142044178,0.021096433052533,99.97062436850808,3.0,4.830989982196604,0.0831335969530034,0.048324095330132,0.0008315802514802,3.0,3.6458262617851496,4.836462082545796,0.0364689756097354,0.0483788324129876,2.0,0.2576388468119504,0.2576434808234729,0.0025771455208907,0.0025771918746226,2.0,17.609091772699806,19.163029302782437,0.1761426607459188,0.1916866021776994,2.0,0.0,0.0,0.0,0.0
5,64,6216,resample_pointwise,0.5,ok,38.0,3.0,3.0,1.2844211955011735,1.0847624456361908,0.0128288435508093,0.0108346450164503,100.1197957098904,3.0,4.487759515699434,0.0745398856170695,0.0448238980501246,0.0007445069687622,3.0,3.706030440824142,4.92742889518534,0.0370159608751382,0.0492153310965913,2.0,0.0800908499692611,0.0801229119588405,0.0007999501936793,0.0008002704299458,3.0,0.0,0.0,0.0,0.0,2.0,0.0,0.0,0.0,0.0
5,65,6235,resample_pointwise,0.5,ok,38.0,3.0,3.0,1.3489355518113797,1.16210795257762,0.0134390231391622,0.0115777181822537,100.37452408877007,3.0,4.546608402838934,0.0552039946237007,0.045296437956886,0.0005499801381362,3.0,3.7724389850397984,4.989185908102326,0.0375836301022308,0.0497056992637887,2.0,0.1476669116917568,0.1476904509901561,0.0014711592710632,0.0014713937857333,3.0,0.0,0.0,0.0,0.0,2.0,0.0,0.0,0.0,0.0
5,66,6254,resample_pointwise,0.5,ok,38.0,3.0,3.0,2.164497320902904,1.7737769431629786,0.0216768926694625,0.0177639270075289,99.85274891138596,3.0,4.775451194896778,0.0802123683262996,0.0478249346859217,0.0008033065609188,3.0,3.808292544647293,5.049925025809885,0.0381390856653025,0.050573720612253,2.0,0.2199821759471494,0.2199821601828419,0.0022030657978416,0.0022030656399661,3.0,0.0,0.0,0.0,0.0,2.0,0.0,0.0,0.0,0.0
5,67,6273,resample_pointwise,0.5,ok,38.0,3.0,3.0,2.1770729623144107,1.7294422254335196,0.021767818492832,0.0172921096852239,100.01337355102014,3.0,5.3908327546425925,0.1132030382389258,0.0539011190527689,0.0011318790099723,3.0,3.772672869452349,5.013960377131346,0.0377216839658726,0.050132899222458,2.0,0.058939443346508,0.058963037999569,0.0005893156210398,0.0005895515360202,3.0,0.0,0.0,0.0,0.0,2.0,0.0,0.0,0.0,0.0
5,68,6292,resample_pointwise,0.5,ok,38.0,3.0,3.0,3.443559648935745,2.5202174195942177,0.0344671883868846,0.0252252951691742,99.90834211026262,3.0,4.896952327327529,0.1116664862227263,0.0490144488827876,0.001117689312665,3.0,3.777227984413355,5.043015252440147,0.0378069328809866,0.0504764181440873,2.0,0.0596451850550205,0.0596690431290425,0.0005969990472786,0.0005972378468976,3.0,0.0,0.0,0.0,0.0,2.0,0.0,0.0,0.0,0.0
5,69,6311,resample_pointwise,0.5,ok,38.0,3.0,3.0,2.311865810019945,1.794037295763899,0.0231565274051034,0.0179697600202738,99.8364638002861,3.0,5.736601881999773,0.0756766955056105,0.0574599866986007,0.0007580065701945,3.0,3.830442740307694,5.0918644549697465,0.0383671716174778,0.051002051366278,2.0,0.2869187963244755,0.2869526920505693,0.0028738878101535,0.0028742273226402,3.0,0.0,0.0,0.0,0.0,2.0,0.0,0.0,0.0,0.0
5,70,6330,resample_pointwise,0.5,ok,38.0,3.0,3.0,3.4287766926924577,2.3705123538629054,0.0342581413527634,0.0236846416595703,100.08647747073032,3.0,9.88227674030361,0.0965505692518163,0.0987373818125792,0.0009646714690308,3.0,3.867775204347789,5.149507582610817,0.0386443334013717,0.0514505826635447,2.0,0.0181532422084591,0.0181568801269217,0.0001813755730764,0.0001814119208284,3.0,0.0,0.0,0.0,0.0,2.0,0.0,0.0,0.0,0.0
5,71,6349,resample_pointwise,0.5,ok,38.0,3.0,3.0,1.877334416630244,1.5877256770106487,0.0187556625101533,0.0158623027910864,100.09427369542124,3.0,3.946021256059235,0.060693714066879,0.0394230469973403,0.0006063654975065,3.0,4.034826501288854,5.328289519415451,0.0403102630382883,0.053232710750557,2.0,0.0809234388928392,0.08097201239335,0.0008084722122974,0.0008089574898134,3.0,0.0,0.0,0.0,0.0,2.0,0.0,0.0,0.0,0.0
5,72,6368,resample_pointwise,0.5,ok,38.0,3.0,3.0,2.2511883588810955,1.760017104151891,0.0224826365473163,0.0175773052102021,100.13008724058264,3.0,6.128516938968417,0.1078106588564041,0.0612055487801925,0.0010767059315285,3.0,3.987629284956351,5.272631377925581,0.039824486274293,0.0526578126837843,2.0,0.1087751082735211,0.1088404517506578,0.0010863378957432,0.0010869904815836,2.0,19.002288125590983,20.013404945056983,0.1897760068852649,0.1998740388288163,2.0,0.0,0.0,0.0,0.0
5,73,6387,resample_pointwise,0.5,ok,38.0,3.0,3.0,2.797141437814689,2.078116811043958,0.0280141735176812,0.0208129357162855,99.84736605023406,3.0,8.572530961359565,0.0974810510253965,0.0858563555602122,0.0009763006765381,3.0,4.200451990680794,5.611227373292195,0.0420687310726605,0.0561980510379125,2.0,0.1670443653559883,0.1671446320979478,0.001672997215289,0.001674001415459,2.0,18.97696802083228,19.947308616947744,0.1900597759512735,0.1997780152449097,2.0,0.0,0.0,0.0,0.0
5,74,6406,resample_pointwise,0.5,ok,38.0,3.0,3.0,2.2895249794057566,2.081115737868399,0.0228496028253369,0.020769665529569,100.19977138801728,3.0,3.7857170454729903,0.0575980485984913,0.0377816934413257,0.0005748321358483,3.0,4.124075204252,5.4077966233850265,0.0411585290776939,0.0539701493174438,2.0,0.026448499008315,0.0264537908248432,0.0002639576781657,0.0002640104908263,3.0,0.0,0.0,0.0,0.0,2.0,0.0,0.0,0.0,0.0
5,75,6425,resample_pointwise,0.5,ok,38.0,4.0,4.0,3.5367112991968748,0.91779278878072,0.0354061115317408,0.0091880481875851,99.88985364931372,3.0,5.200381533977009,0.0809222156399751,0.0520611588063202,0.0008101144679225,3.0,4.247253725490908,5.679089452713043,0.0425193707901692,0.0568535166009031,2.0,0.0,0.0,0.0,0.0,3.0,0.0,0.0,0.0,0.0,2.0,0.0,0.0,0.0,0.0
5,76,6444,resample_pointwise,0.5,ok,38.0,3.0,3.0,2.1106523896187817,1.9214439841726103,0.0211096637202193,0.0192172981977616,99.9851261295625,3.0,5.614737518183461,0.0750199603284936,0.0561557277120177,0.0007503112036012,3.0,4.251428413925014,5.665158911214822,0.0425206085994824,0.0566600166496145,2.0,0.0683611239543427,0.068374801650212,0.0006837129341194,0.0006838497314251,3.0,0.0,0.0,0.0,0.0,2.0,0.0,0.0,0.0,0.0
5,77,6463,resample_pointwise,0.5,ok,38.0,3.0,3.0,1.946206394783879,1.7338256546179986,0.0194667634621661,0.0173424432236705,99.97585877931624,3.0,3.8546958584486455,0.0705851750502947,0.0385562665378787,0.0007060221928786,3.0,4.326068622492561,5.688111339470354,0.0432711324044917,0.0568948485056389,2.0,0.0308818438273631,0.0308880177255811,0.0003088930088165,0.0003089547627068,2.0,19.55904498737416,20.289199032158507,0.1956376791976173,0.202940982752089,2.0,0.0,0.0,0.0,0.0
5,78,6482,resample_pointwise,0.5,ok,38.0,3.0,3.0,7.411314446637475,5.477410349974432,0.074142937595422,0.0547961224269639,99.95981663255655,3.0,10.808543729701013,0.1111679532125635,0.108128887125036,0.0011121264219722,3.0,4.321126309205729,5.714954869698482,0.043228633812823,0.0571725225417944,2.0,0.01968339835268,0.0196873366076526,0.0001969131098452,0.0001969525082265,3.0,0.0,0.0,0.0,0.0,2.0,0.0,0.0,0.0,0.0
5,79,6501,resample_pointwise,0.5,ok,38.0,3.0,3.0,0.8592092421214308,0.8291088576989994,0.008615651973913,0.0083138227759119,99.72654939208174,3.0,3.148511097655516,0.0846626478972194,0.0315714432801332,0.0008489479322538,3.0,4.3436584381074965,5.753912072468691,0.0435556876738019,0.0576968932299742,2.0,0.0446436484203595,0.0446436473821791,0.0004476606148763,0.0004476606044661,3.0,0.0,0.0,0.0,0.0,2.0,0.0,0.0,0.0,0.0
5,80,6520,resample_pointwise,0.5,ok,38.0,3.0,3.0,1.0057491927088844,0.9682704840828168,0.0100540329039329,0.00967937471633,100.0344043349468,3.0,3.679286603192885,0.0673752296054666,0.0367802120445828,0.0006735205757798,3.0,4.376695879298717,5.842502368132274,0.0437519062406185,0.0584049298536304,2.0,0.0374052073599767,0.0374126854090321,0.0003739234277312,0.0003739981825029,3.0,0.0,0.0,0.0,0.0,2.0,0.0,0.0,0.0,0.0
5,81,6539,resample_pointwise,0.5,ok,38.0,3.0,3.0,0.9110627795696548,0.8703938923953242,0.0090962977959781,0.0086902486003964,100.15753661588224,3.0,3.1426296325859355,0.0476986777854168,0.0313768662725636,0.0004762365309397,3.0,4.391092482815671,5.780874533358386,0.0438418578489615,0.0577178186353446,2.0,0.0857972269030664,0.0858315457938276,0.0008566227745008,0.0008569654236106,3.0,0.0,0.0,0.0,0.0,2.0,0.0,0.0,0.0,0.0
5,82,6558,resample_pointwise,0.5,ok,38.0,3.0,3.0,1.2771152071089182,1.23706707896224,0.0127881864763171,0.0123871710253098,99.86679577077209,3.0,3.681194629292923,0.0548646736131536,0.0368610467661594,0.00054937853157,3.0,4.293790209484163,5.73810625216524,0.0429951734842865,0.057457598472831,2.0,0.0553497184257285,0.0553607839414362,0.0005542354493156,0.0005543462520666,3.0,0.0,0.0,0.0,0.0,2.0,0.0,0.0,0.0,0.0
5,83,6577,resample_pointwise,0.5,ok,38.0,3.0,3.0,3.833033872479424,3.8258685134975705,0.0383890741453121,0.0383173107572535,99.84699964293088,3.0,4.536843290703605,0.0773321750387063,0.0454379531375814,0.0007745067484777,3.0,4.452748827047193,5.889401148623329,0.0445957198811276,0.0589842576109926,2.0,0.0,0.0,0.0,0.0,3.0,0.0,0.0,0.0,0.0,2.0,0.0,0.0,0.0,0.0
5,84,6596,resample_pointwise,0.5,ok,38.0,3.0,3.0,2.2700097523601963,2.134562772729539,0.0226948519709125,0.0213406951663309,100.02311340341046,3.0,4.786914894934657,0.0656174971998788,0.0478580873165605,0.0006560233426771,3.0,4.512283837073653,5.9761015504110135,0.0451124113571113,0.0597472058913859,2.0,0.0309263420868705,0.0309325298303852,0.0003091919560845,0.000309253819221,3.0,0.0,0.0,0.0,0.0,2.0,0.0,0.0,0.0,0.0
5,85,6615,resample_pointwise,0.5,ok,38.0,3.0,3.0,1.884825764882489,1.698590635299842,0.0188443400753201,0.0169823758655696,100.02078912548336,3.0,5.7438300218757306,0.124772631837808,0.0574263617803462,0.001247466980902,3.0,4.617158434767874,6.127529845456901,0.0461619876741355,0.0612625625035758,2.0,0.2313317499442139,0.2313775702059126,0.0023128366809223,0.0023132947883027,3.0,0.0,0.0,0.0,0.0,2.0,0.0,0.0,0.0,0.0
5,86,6634,resample_pointwise,0.5,ok,38.0,3.0,3.0,1.9352601777449812,1.8295173318150688,0.0193548997733988,0.0182973457513281,99.98812705838864,3.0,4.42432760560216,0.1041593690431618,0.0442485296581118,0.001041717372927,3.0,4.505369143811926,5.97140442538056,0.0450590412717801,0.059721134909283,2.0,0.1564188498338679,0.1565128139006484,0.0015643742355782,0.0015653139878222,3.0,0.0,0.0,0.0,0.0,2.0,0.0,0.0,0.0,0.0
5,87,6653,resample_pointwise,0.5,ok,38.0,3.0,3.0,2.4681115790156074,2.369848816552994,0.0246682048781957,0.0236860912748504,100.05233827116352,3.0,6.153860822881832,0.0806463944983375,0.0615064168335929,0.0008060420764956,3.0,4.54232337940667,6.028024070218301,0.0453994724950454,0.0602487075702423,2.0,0.1989242867954531,0.1990213480015998,0.0019882022772553,0.001989172381581,3.0,0.0,0.0,0.0,0.0,2.0,0.0,0.0,0.0,0.0
5,88,6672,resample_pointwise,0.5,ok,38.0,3.0,3.0,1.8445202998022496,1.8319588061458651,0.0184800744840252,0.0183542220667732,99.81130224321922,3.0,3.0686246326852804,0.0660488173592997,0.0307442600559171,0.0006617368561964,3.0,4.751576795083239,6.318795305443732,0.0476055986475824,0.0633074127221199,2.0,0.0145439105590992,0.0145468228345442,0.0001457140647625,0.0001457432425748,3.0,0.0,0.0,0.0,0.0,2.0,0.0,0.0,0.0,0.0
5,89,6691,resample_pointwise,0.5,ok,39.0,3.0,3.0,2.362156327997925,2.247867260526871,0.0236606062514253,0.0225158265464482,99.83498744270868,3.0,6.874228810733184,0.0554827374790612,0.0688559090036249,0.0005557444228748,3.0,4.7153477262880985,6.2849915822861,0.0472314150286646,0.0629537974940178,2.0,0.0,0.0,0.0,0.0,3.0,0.0,0.0,0.0,0.0,2.0,0.0,0.0,0.0,0.0
5,90,6710,resample_pointwise,0.5,ok,38.0,3.0,3.0,3.122002064915554,2.733390649210317,0.0311789100718099,0.0272979131566205,100.13185379877268,3.0,7.334526438444049,0.111336467162734,0.0732486832130731,0.0011118985910964,3.0,4.750935726862182,6.315558081924244,0.0474467968645599,0.0630724174408688,2.0,0.1433250561694732,0.1434112234688674,0.0014313632548689,0.0014322237932104,1.0,20.240217870666346,53.76095095369975,0.2021356551666522,0.5369015844022923,1.0,68.34438637850853,68.36952729515619,0.6825439037197395,0.6827949818301895
5,91,6729,resample_pointwise,0.5,ok,38.0,3.0,3.0,1.917470645309069,1.8055188925580847,0.0191893200788653,0.0180689493330684,99.92384500485376,3.0,4.475826868141642,0.0587974101859485,0.0447923803164723,0.0005884222147685,3.0,4.9061029506164,6.521811036597858,0.0490984204058409,0.0652678150673752,2.0,0.0272228424062447,0.0272282891534248,0.000272435897607,0.0002724904065901,3.0,0.0,0.0,0.0,0.0,2.0,0.0,0.0,0.0,0.0
5,92,6748,resample_pointwise,0.5,ok,38.0,3.0,3.0,8.206047402543241,7.754498395034817,0.0821338185953674,0.0776142926347788,99.9107011323845,3.0,10.65088859686985,0.1856242653781943,0.1066040822069411,0.0018579017389962,3.0,5.013922541038836,6.62342688610185,0.0501840391891079,0.0662934681774039,2.0,0.0187984698938464,0.0188022341030701,0.0001881527171842,0.0001881903929205,,,,,,,,,,
5,93,6767,resample_pointwise,0.5,ok,38.0,3.0,3.0,1.8779099601454072,1.866979485251004,0.0187790861804066,0.0186697815095805,100.00007146805405,3.0,4.214045331821607,0.0992167059278931,0.0421404232012756,0.0009921663501969,3.0,4.795700932900715,6.38974561093511,0.0479569750550903,0.0638974104431152,2.0,0.0443427614343044,0.0443427598590128,0.0004434272974341,0.0004434272816812,3.0,0.0,0.0,0.0,0.0,2.0,0.0,0.0,0.0,0.0
5,94,6786,resample_pointwise,0.5,ok,38.0,3.0,3.0,3.3410618354509336,2.888270788669667,0.0334240727208314,0.0288943388756283,99.95974647843047,3.0,5.084535167083444,0.0866312997112722,0.0508658269574602,0.000866661859031,3.0,4.85928599138216,6.460268683624822,0.0486124281280635,0.0646287021648142,2.0,0.0345016444859475,0.0345085475760808,0.0003451553820556,0.0003452244407555,3.0,0.0,0.0,0.0,0.0,2.0,0.0,0.0,0.0,0.0
5,95,6805,resample_pointwise,0.5,ok,38.0,3.0,3.0,5.342551413790191,5.319890211317375,0.0533120641567231,0.0530859333464551,100.21280358015252,3.0,5.956042428496099,0.0789070899631517,0.059433946718518,0.0007873952942553,3.0,5.0231319368231855,6.734399862806092,0.0501246523135695,0.0672009925101013,2.0,0.01387683394549,0.01387961042287,0.0001384736625434,0.0001385013683582,3.0,0.0,0.0,0.0,0.0,2.0,0.0,0.0,0.0,0.0
5,96,6824,resample_pointwise,0.5,ok,38.0,3.0,3.0,4.110726146448217,4.101596285275669,0.0411716876451312,0.0410802459438239,99.84351824194242,3.0,4.400064872080104,0.0596235281509142,0.0440696096207046,0.0005971697432219,3.0,4.881671413514191,6.484006624928103,0.0488932231102358,0.0649416881446019,2.0,0.0,0.0,0.0,0.0,3.0,0.0,0.0,0.0,0.0,2.0,0.0,0.0,0.0,0.0
5,97,6843,resample_pointwise,0.5,ok,38.0,3.0,3.0,5.130114503351666,4.965396768888855,0.0512849641560171,0.0496383063470605,100.03155091899887,3.0,7.07694080883564,0.1090287363353689,0.0707470867323274,0.0010899434761703,3.0,4.912694277362938,6.54809426376406,0.0491114476605588,0.0654602893147824,2.0,0.0821805492479018,0.0822134214676009,0.0008215462870754,0.0008218749055902,3.0,0.0,0.0,0.0,0.0,2.0,0.0,0.0,0.0,0.0
5,98,6862,resample_pointwise,0.5,ok,38.0,3.0,3.0,2.1609591482366506,2.162394134532919,0.021636348418194,0.0216507160491169,99.87633340289054,3.0,4.859701523399779,0.1220933289096757,0.0486571879225507,0.0012224450452857,3.0,4.866664086538735,6.453687833893695,0.0487268997642026,0.0646167877214735,2.0,0.0227590385315425,0.0227635921607005,0.0002278721870949,0.0002279177797694,3.0,0.0,0.0,0.0,0.0,2.0,0.0,0.0,0.0,0.0
5,99,6881,resample_pointwise,0.5,ok,38.0,3.0,3.0,3.51194582875171,3.450540584282781,0.0351599154708183,0.0345451556452774,99.88493378678672,3.0,4.784672313625,0.1142129279741712,0.0479018419718664,0.0011434449986017,3.0,5.004000726458344,6.624151441194978,0.050097652736496,0.0663178238205055,2.0,0.0385813958726322,0.0385968284309812,0.0003862584116538,0.0003864129150184,3.0,0.0,0.0,0.0,0.0,2.0,0.0,0.0,0.0,0.0
5,100,6900,resample_pointwise,0.5,ok,38.0,3.0,3.0,4.747333611262612,4.708427482777881,0.0474633658567895,0.0470743862818211,100.02100621322695,3.0,4.046204413925266,0.0603363381409464,0.0404535463810419,0.0006032366642295,3.0,5.127175313206022,6.796600622480094,0.0512609851402194,0.0679517321390564,2.0,0.0,0.0,0.0,0.0,3.0,0.0,0.0,0.0,0.0,2.0,0.0,0.0,0.0,0.0
20,1,5019,resample_pointwise,0.5,ok,47.0,3.0,3.0,6.4086626212395705,0.7883157921670944,0.0641169416424932,0.0078868869574627,99.95271853379002,3.0,9.01985300094186,0.5861591760983025,0.0902411973706608,0.0058643645185112,3.0,10.500118921682631,8.792865748594352,0.1050508588031346,0.0879702511104971,3.0,10.45190132768214,8.716485369341255,0.1045684547754323,0.0872060860095021,3.0,0.0,0.0,0.0,0.0,2.0,0.0,0.0,0.0,0.0
20,2,5038,resample_pointwise,0.5,ok,57.0,3.0,3.0,6.881712150357789,0.9868406957982448,0.0689355133534374,0.0098853844038475,99.82825709986004,3.0,11.68071957972382,0.7564115429675768,0.1170081489857063,0.007577128610098,3.0,11.207655102217869,9.482502211059014,0.1122693656867778,0.0949881575271167,3.0,12.024729219266202,9.425176333851308,0.1204541636666825,0.0944139125300277,3.0,0.0,0.0,0.0,0.0,2.0,0.0,0.0,0.0,0.0
20,3,5057,resample_pointwise,0.5,ok,64.0,3.0,3.0,3.582172113242728,0.7555655267894746,0.0362204318386095,0.0076397528643333,98.89921051201485,3.0,7.890054416510145,0.4645170646595267,0.0797787401503232,0.0046968733345257,3.0,11.670993359157794,9.454961413109473,0.118008963860636,0.0956019907960825,3.0,11.574744823000149,9.288930784195347,0.1170357656352978,0.0939232046050243,3.0,0.0556112726337275,0.0575041076201107,0.0005623024930716,0.0005814415233691,2.0,0.0,0.0,0.0,0.0
20,4,5076,resample_pointwise,0.5,ok,49.0,3.0,3.0,6.746534234934446,1.0733759221910868,0.0673785084889244,0.0107199439247879,100.12887471445626,3.0,13.807434990343982,0.6685310537388252,0.1378966360075403,0.0066767059516579,3.0,9.016030920479956,8.04914490666015,0.0900442649155054,0.0803878494551586,3.0,11.305820258765932,7.962946614654458,0.112912686685109,0.0795269759833303,3.0,0.0,0.0,0.0,0.0,2.0,0.0,0.0,0.0,0.0
20,5,5095,resample_pointwise,0.5,ok,64.0,3.0,3.0,3.437839230534509,1.3452272166760957,0.0346819140087376,0.0135710402733754,99.12484154330106,3.0,6.922284681696653,0.894508951103502,0.069834005017529,0.0090240643735379,3.0,9.992017496029932,8.527498710000112,0.1008023552972347,0.0860278672554045,3.0,11.256161333866624,8.273813384946,0.1135554030515101,0.0834686165054974,3.0,0.0,0.0,0.0,0.0,2.0,0.0,0.0,0.0,0.0
20,6,5114,resample_pointwise,0.5,ok,45.0,3.0,3.0,3.4846965685063,0.8791123109227357,0.0344917655334961,0.008701513922331,101.02981145230709,3.0,7.46087829301468,0.3607683044033338,0.0738482848355776,0.0035709094099778,3.0,11.396982714751864,9.02407155428415,0.1128081162472723,0.0893208789026011,3.0,11.15599964373388,8.668279264261322,0.1104228492893928,0.0857992224240994,3.0,0.0,0.0,0.0,0.0,2.0,0.0,0.0,0.0,0.0
20,7,5133,resample_pointwise,0.5,ok,61.0,3.0,3.0,7.1777162808619,1.2297291963200987,0.071898300849914,0.0123180460554967,99.83151473697843,3.0,11.171392434066082,0.5390781776725078,0.1119024635006174,0.0053998797783725,3.0,9.256999636935149,8.258944884638328,0.0927262263957843,0.0827288347411916,3.0,11.149132566606918,8.037245033055008,0.1116794891470998,0.0805080946054997,3.0,0.0,0.0,0.0,0.0,2.0,0.0,0.0,0.0,0.0
20,8,5152,resample_pointwise,0.5,ok,62.0,3.0,3.0,7.720908674374041,6.142746429284457,0.0766010096625345,0.0609436788374221,100.79382384629758,3.0,11.595903668728594,5.614390700818294,0.1150457758841594,0.0557017333659231,3.0,10.620783007398163,8.998231890605151,0.1053713670352857,0.0892736434359978,3.0,10.375886598435647,8.386558400266997,0.1029416902989813,0.0832050822186865,3.0,0.0,0.0,0.0,0.0,2.0,0.0,0.0,0.0,0.0
20,9,5171,resample_pointwise,0.5,ok,65.0,2.0,2.0,12.025533474750327,11.641019464612732,0.1209043964322212,0.1170385027142393,99.4631612216998,2.0,10.7854939617599,9.8509810258203,0.1084370718694474,0.0990415034553629,3.0,10.890727252442732,9.15126243818389,0.1094950845988867,0.0920065512274042,3.0,11.480962282601512,8.750002341640979,0.1154292920271341,0.0879722927983109,3.0,0.0,0.0,0.0,0.0,2.0,0.0,0.0,0.0,0.0
20,10,5190,resample_pointwise,0.5,ok,52.0,4.0,3.0,2.798657916209534,1.0937842177449764,0.0275858230562705,0.0107812168531551,101.45276109763802,3.0,6.1169805430426365,0.3905471709557665,0.0602938794061569,0.0038495469884738,3.0,10.012932808406497,8.502549465086375,0.0986955179935424,0.0838079651366366,3.0,10.988849055278529,8.04191954391228,0.1083149333383137,0.0792676262026298,2.0,3.471574067692369,4.963605279246462,0.0342186257932529,0.0489252852809939,2.0,0.0,0.0,0.0,0.0
20,11,5209,resample_pointwise,0.5,ok,58.0,3.0,3.0,3.830025041325907,1.5368081996530485,0.0388132807122031,0.0155739368307888,98.6782093924291,3.0,8.404636748363169,0.3037120403152842,0.0851721651630212,0.0030778025076181,3.0,9.352879598928531,8.550920002103712,0.0947816104134345,0.0866545922828608,3.0,11.526702281531527,8.20757449464161,0.1168110199050277,0.083175146216945,3.0,0.0,0.0,0.0,0.0,2.0,0.0,0.0,0.0,0.0
20,12,5228,resample_pointwise,0.5,ok,53.0,3.0,3.0,3.606082876684249,1.1797620533197652,0.0361395620952987,0.0118233788411513,99.78214088967482,3.0,8.775126711998622,0.3116747561519523,0.0879428586494344,0.0031235525052179,3.0,9.853777198886592,8.558594780091937,0.0987529142091822,0.0857728116853579,3.0,10.864276177014109,7.977818771756171,0.1088799666969093,0.0799523712422339,3.0,0.0,0.0,0.0,0.0,2.0,0.0,0.0,0.0,0.0
20,13,5247,resample_pointwise,0.5,ok,51.0,3.0,3.0,3.646860404263329,1.3291512089819877,0.0362461781036309,0.0132104457278093,100.61365349573244,3.0,8.258173677565406,0.4828465418879664,0.0820780618796998,0.0047990160888894,3.0,9.330724500985074,8.324396097427524,0.0927381540854277,0.0827362471016978,3.0,11.125041602439184,7.870239797483917,0.1105718877697951,0.0782223835835335,3.0,0.0,0.0,0.0,0.0,2.0,0.0,0.0,0.0,0.0
20,14,5266,resample_pointwise,0.5,ok,59.0,3.0,3.0,3.2687449640464044,1.8449012463839567,0.0328468389494544,0.0185389728425326,99.51474993001416,3.0,6.690546146138594,0.5282850176800775,0.0672317033489393,0.0053086102115676,3.0,8.63630480767378,7.93609507876962,0.0867841683142191,0.0797479276624907,3.0,11.268272613328064,7.538403721749882,0.1132321853921425,0.0757516220163485,3.0,0.0,0.0,0.0,0.0,2.0,0.0,0.0,0.0,0.0
20,15,5285,resample_pointwise,0.5,ok,48.0,3.0,3.0,1.728195325551707,0.958137080437387,0.0172333911545566,0.0095544472564703,100.28179074289504,3.0,3.960767221715365,0.2638271455223518,0.0394963750883754,0.0026308579410868,3.0,10.555305815802356,8.895873691072593,0.1052564552109396,0.0887087638261272,3.0,10.274085460828722,7.880734671504163,0.1024521539226366,0.0785858989266454,3.0,0.0,0.0,0.0,0.0,2.0,0.0,0.0,0.0,0.0
20,16,5304,resample_pointwise,0.5,ok,64.0,3.0,3.0,3.6085400815257858,1.4933751202702896,0.0362711310165323,0.0150106146586711,99.48793931683622,3.0,7.36262181013787,0.5011687522091535,0.0740051694777831,0.0050374824893407,3.0,9.565078038895296,8.778148310468486,0.0961430913593826,0.0882332910978584,3.0,11.987032093216603,8.357788182053195,0.1204872889671768,0.0840080540359409,3.0,0.0,0.0,0.0,0.0,2.0,0.0,0.0,0.0,0.0
20,17,5323,resample_pointwise,0.5,ok,56.0,3.0,3.0,3.7217896088607327,1.4982489981276326,0.0371988033115359,0.014974803965374,100.05132632066544,3.0,7.749196353368013,0.4761837451342953,0.0774522101639289,0.0047593946291938,3.0,8.554973600112444,7.821965234505133,0.0855058489948816,0.0781795256710107,3.0,10.894379404420878,7.233297156336579,0.1088879058884665,0.0722958647559932,3.0,0.0,0.0,0.0,0.0,2.0,0.0,0.0,0.0,0.0
20,18,5342,resample_pointwise,0.5,ok,60.0,4.0,4.0,4.275203209694575,1.6550029937745552,0.042642458881995,0.0165076123052059,100.25695801279642,4.0,8.961278464739221,0.4740534258130154,0.0893831075903523,0.0047283842958062,3.0,8.667868953792858,8.040865549060484,0.0864565325499555,0.0802025685642105,3.0,10.948870310580206,7.616982324398923,0.1092080841828727,0.0759746004205186,2.0,5.309220634711123,7.506829363045395,0.0529561313244061,0.0748758940211137,2.0,0.0,0.0,0.0,0.0
20,19,5361,resample_pointwise,0.5,ok,55.0,4.0,4.0,2.64889219579653,1.2832242369145035,0.0265101116407352,0.0128425074582815,99.92006943215814,4.0,6.360385027780862,0.3409608971943659,0.0636547298648478,0.0034123364718622,3.0,8.474696783545076,7.918169123577448,0.0848147607553362,0.0792450322400304,3.0,11.205797475248238,7.393644326239766,0.1121476149779553,0.0739955883563488,3.0,0.0,0.0,0.0,0.0,2.0,0.0,0.0,0.0,0.0
20,20,5380,resample_pointwise,0.5,ok,48.0,3.0,3.0,3.3467019924094603,1.4602928795479115,0.0335350623420927,0.0146326182804512,99.79710066644864,3.0,7.215970796401285,0.3733231760062636,0.0723064172026318,0.0037408218626913,3.0,9.772816766522924,8.715659663331502,0.0979268606127803,0.0873337963240215,3.0,10.296967353842756,7.637992414765542,0.1031790230886392,0.0765352135859534,3.0,0.0,0.0,0.0,0.0,2.0,0.0,0.0,0.0,0.0
20,21,5399,resample_pointwise,0.5,ok,52.0,4.0,3.0,1.2293926799331676,0.920287922857666,0.0123658408843625,0.0092567120397016,99.41844565441728,3.0,2.481374110109034,0.2632950061511929,0.0249588906140656,0.0026483516657101,3.0,9.841934274117936,8.912030786123193,0.0989950527724896,0.0896416226129886,3.0,11.399079866560903,8.150478195872704,0.1146575948912397,0.0819815492207966,3.0,0.0,0.0,0.0,0.0,2.0,0.0,0.0,0.0,0.0
20,22,5418,resample_pointwise,0.5,ok,44.0,3.0,3.0,2.401608718857061,1.3861252594260924,0.0239612987933174,0.0138296306327034,100.22865369580246,3.0,4.83280025319082,0.3138999805863784,0.0482177508625282,0.0031318387408362,3.0,8.311590330544906,7.743653580190836,0.082926289280218,0.0772598782349516,3.0,10.39097309997822,6.935421019295199,0.1036726795863705,0.0691959910021783,3.0,0.0,0.0,0.0,0.0,2.0,0.0,0.0,0.0,0.0
20,23,5437,resample_pointwise,0.5,ok,65.0,4.0,4.0,2.308683008525473,1.4218564028354694,0.0230111181105747,0.0141719350387651,100.3290234499524,4.0,4.92760776512623,0.4436087066591038,0.0491144794963971,0.0044215391658864,3.0,9.03663043971262,8.454796092232977,0.0900699531299674,0.0842706905888556,3.0,12.13856588065944,7.86484049693326,0.1209875812926115,0.0783904819013464,3.0,0.0,0.0,0.0,0.0,2.0,0.0,0.0,0.0,0.0
20,24,5456,resample_pointwise,0.5,ok,67.0,4.0,3.0,0.8370504360371239,0.7178990901319375,0.0083386437150262,0.0071516655128846,100.38208426254684,3.0,1.456704948979086,0.2326990740447397,0.0145116029387187,0.0023181335170937,3.0,9.21997844522782,8.584228283804617,0.0918488444722187,0.0855155414122781,3.0,11.12721576169699,7.765732084512619,0.110848622475242,0.0773617338349096,3.0,0.0,0.0,0.0,0.0,2.0,0.0,0.0,0.0,0.0
20,25,5475,resample_pointwise,0.5,ok,58.0,4.0,4.0,3.3091112056782186,1.7987084918537748,0.0327213141054375,0.0177860766495462,101.13014394884352,4.0,6.91740857822668,0.5007602924120099,0.0684010553937887,0.0049516422389877,3.0,8.353504361758597,7.789638428367054,0.0826015274534188,0.0770258809510587,3.0,10.326518567535054,6.950853931632544,0.1021111823271872,0.0687317713613521,2.0,7.806093841890711,10.429352936677802,0.0771885961700935,0.1031280341295021,2.0,0.0,0.0,0.0,0.0
20,26,5494,resample_pointwise,0.5,ok,55.0,3.0,3.0,0.8162680736610117,0.711718781869039,0.0081420656544326,0.0070992131585892,100.25319228623792,3.0,2.095273204213988,0.3282044808731313,0.0208998153219068,0.0032737559112936,3.0,8.882873420701621,8.364770943132815,0.0886043947143317,0.0834364547639554,3.0,11.185025161619947,7.526786418388125,0.1115677706270441,0.0750777730538297,3.0,0.0,0.0,0.0,0.0,2.0,0.0,0.0,0.0,0.0
20,27,5513,resample_pointwise,0.5,ok,64.0,2.0,2.0,16.66365496595411,16.045093723276,0.1664039114519366,0.160226934644357,100.13980332888488,2.0,13.13163143737072,11.672353084479308,0.1311329860938818,0.1165605752803837,3.0,9.083055272842712,8.521892591923315,0.0907037458722744,0.0850999533515681,3.0,11.129420628684931,7.684935734465547,0.1111388305021236,0.0767420693770112,2.0,7.806396685954055,10.568146457348671,0.0779549831979981,0.1055339246337458,2.0,0.0,0.0,0.0,0.0
20,28,5532,resample_pointwise,0.5,ok,76.0,2.0,2.0,14.48114846814083,14.73524794286292,0.1454037860637468,0.1479551738727101,99.59265064660772,2.0,10.859178904712344,9.943619516840624,0.1090359462692162,0.0998429045946807,3.0,9.161931630895731,8.636381902944546,0.0919940534910123,0.086717060414324,3.0,10.967304776198018,7.69047195025515,0.1101216274995446,0.0772192717065423,3.0,0.0,0.0,0.0,0.0,2.0,0.0,0.0,0.0,0.0
20,29,5551,resample_pointwise,0.5,ok,56.0,3.0,3.0,2.363109024408358,1.4928548854699766,0.0237809436034601,0.01502321622609,99.36985948970164,3.0,5.361172266196437,0.3718625401133244,0.0539516941427501,0.0037422065606509,3.0,8.990067782725866,8.49209489466243,0.0904707708040743,0.0854594636469474,3.0,11.85943978563285,7.727202246353532,0.1193464481738743,0.0777620325321518,2.0,7.894978077804959,10.60333447020014,0.0794504301238663,0.1067057408016062,2.0,0.0,0.0,0.0,0.0
20,30,5570,resample_pointwise,0.5,ok,48.0,2.0,2.0,8.08521933294073,10.875399117980956,0.0804398347947357,0.1081993292146123,100.51262976325576,2.0,2.530845756114539,2.4975236058895973,0.0251793805621802,0.0248478585404857,3.0,8.609618618539885,8.252127892540752,0.0856570824862378,0.0821004077992741,3.0,10.452329502300964,7.252788998744881,0.1039902102543735,0.0721579866712061,2.0,8.152944255309247,10.866610140935776,0.0811136299439427,0.1081118876954134,2.0,0.0,0.0,0.0,0.0
20,31,5589,resample_pointwise,0.5,ok,55.0,3.0,3.0,1.9285229596562288,1.4003509936484897,0.0193747140977172,0.0140684869747312,99.5381376948136,3.0,5.077789400178348,0.3967629639549861,0.0510135061572778,0.0039860396541823,3.0,8.525539634604398,8.100460122458452,0.0856509859642332,0.0813804669250962,3.0,11.223656344459878,7.264357771004711,0.112757347127308,0.0729806478123733,3.0,0.0,0.0,0.0,0.0,2.0,0.0,0.0,0.0,0.0
20,32,5608,resample_pointwise,0.5,ok,68.0,2.0,2.0,9.590103847949276,11.920828973238091,0.0966083314083575,0.1200874791731481,99.26787584615748,2.0,4.02306139229275,3.935947095089555,0.0405273242526875,0.0396497563943986,3.0,9.449060060441989,9.019179223174111,0.0951874912190714,0.0908569781139648,3.0,12.139912753420065,8.206965568054303,0.1222944749239336,0.0826749388772378,3.0,0.0,0.0,0.0,0.0,2.0,0.0,0.0,0.0,0.0
20,33,5627,resample_pointwise,0.5,ok,57.0,3.0,3.0,0.8511991621838146,0.8849882983299859,0.0085104173667839,0.0088482462367387,100.01849797708338,3.0,0.6989869796596644,0.1047704659423173,0.0069885770512152,0.0010475108910985,3.0,8.785201352729189,8.416164140224538,0.087835765687484,0.0841460760803754,3.0,11.129713398645324,7.424554408075281,0.111276550075721,0.0742318126970515,3.0,0.0,0.0,0.0,0.0,2.0,0.0,0.0,0.0,0.0
20,34,5646,resample_pointwise,0.5,ok,56.0,1.0,1.0,20.71860089502653,56.73718016641423,0.2063820664159889,0.5651702325214292,100.38954088804202,1.0,62.59194149750338,62.66811143553184,0.6234906639059953,0.6242494076690872,3.0,8.27938978319295,7.955983017463493,0.0824726332041544,0.0792511146787321,3.0,10.606841547580178,6.90498210584026,0.1056568388873229,0.0687818874830889,3.0,0.0,0.0,0.0,0.0,2.0,0.0,0.0,0.0,0.0
20,35,5665,resample_pointwise,0.5,ok,79.0,3.0,3.0,0.4738957205038356,0.4683377746882348,0.0047304612137279,0.0046749813982935,100.17960175396354,3.0,0.9773273953537316,0.1252020777895902,0.0097557524510229,0.0012497761579955,3.0,8.819020365467487,8.464488033999906,0.0880320964653721,0.0844931291979808,3.0,11.466949730979536,7.523465296206612,0.114463918105223,0.0750997724535169,3.0,0.0,0.0,0.0,0.0,2.0,0.0,0.0,0.0,0.0
20,36,5684,resample_pointwise,0.5,ok,77.0,3.0,3.0,1.782172117314819,1.442371312821767,0.0178243446368516,0.0144258363848601,99.98528156991502,3.0,3.507623197981974,0.3117889315834622,0.035081395410476,0.0031183482877471,3.0,9.92781937427139,9.46188642447292,0.0992928080852513,0.0946327927061611,3.0,10.581795942146249,7.817290179771568,0.1058335364565323,0.0781844093153381,3.0,0.0,0.0,0.0,0.0,2.0,0.0,0.0,0.0,0.0
20,37,5703,resample_pointwise,0.5,ok,72.0,3.0,3.0,0.6405125764281858,0.6525480200178464,0.006397287974029,0.0065174951352492,100.12251738994108,3.0,0.6954063226586066,0.0997224531301311,0.0069455537154569,0.0009960042528869,3.0,8.741826043171873,8.460413952694026,0.0873112889194107,0.0845006115831443,3.0,10.686915325258331,7.1528093198919205,0.1067383801751273,0.0714405660819964,2.0,9.679945524319168,12.487781262736846,0.0966810042002766,0.1247250028093225,2.0,0.0,0.0,0.0,0.0
20,38,5722,resample_pointwise,0.5,ok,54.0,4.0,4.0,7.429401476031248,6.443356971679938,0.0742388736094489,0.0643857470059135,100.07427530642993,4.0,7.901214449567314,6.740959420093032,0.0789535015404668,0.0673595626793403,3.0,8.486496564012008,8.247603104983796,0.0848019787105741,0.082414817191825,3.0,10.834453719586335,7.195048315271992,0.1082641236862417,0.0718970813752143,3.0,0.0,0.0,0.0,0.0,2.0,0.0,0.0,0.0,0.0
20,39,5741,resample_pointwise,0.5,ok,69.0,2.0,2.0,8.439389263221255,12.056928583094686,0.0850642640215047,0.1215270115280029,99.21192360034672,2.0,1.5180022293479645,1.509371720346206,0.0153006027326201,0.0152136120898771,3.0,8.595917676327026,8.437120141860749,0.0866419817738216,0.0850413925633356,3.0,10.969375883564556,7.331921953447475,0.1105650962655684,0.0739016207666983,3.0,0.0,0.0,0.0,0.0,2.0,0.0,0.0,0.0,0.0
20,40,5760,resample_pointwise,0.5,ok,78.0,3.0,3.0,1.4875198709968522,1.58675467252131,0.0148661161082917,0.0158578582088239,100.0610959958246,3.0,0.6584414052967937,0.3297585955591895,0.0065803936959102,0.0032955724927593,3.0,8.836315792815906,8.68930445086549,0.0883092045402404,0.0868399887527524,3.0,10.966733223586768,7.446626457925554,0.1096003707979012,0.0744207964525622,2.0,10.479099001337447,13.38000250397452,0.1047270060061577,0.1337183284953509,2.0,0.0,0.0,0.0,0.0
20,41,5779,resample_pointwise,0.5,ok,57.0,2.0,2.0,9.518233327703095,12.967594979037187,0.0958171827370639,0.1305408656194898,99.33743672909368,2.0,2.0158100490987967,1.998071026300096,0.0202925514838497,0.020113978094171,3.0,8.687375562573056,8.512719536454686,0.0874531883308473,0.0856949788192139,3.0,11.027058718204488,7.242315730868154,0.1110060726478853,0.0729062070588645,3.0,0.0,0.0,0.0,0.0,2.0,0.0,0.0,0.0,0.0
20,42,5798,resample_pointwise,0.5,ok,76.0,4.0,3.0,10.383975767598862,13.54465217040824,0.1042321628042821,0.135958367175564,99.62352778860554,3.0,2.375857055356952,2.329096726130188,0.0238483529753971,0.0233789826342264,3.0,9.077498400127451,8.8914692139364,0.0911180180186882,0.0892506962090672,3.0,10.930286774940694,7.483916455526516,0.1097159176909899,0.0751219779268094,3.0,0.0,0.0,0.0,0.0,2.0,0.0,0.0,0.0,0.0
20,43,5817,resample_pointwise,0.5,ok,71.0,3.0,3.0,0.5364007591777566,0.5378888846983313,0.0053862202687014,0.0054011631480769,99.58760177237887,3.0,1.373392901352655,0.2221094694110578,0.0137908020367006,0.0022302923803579,3.0,8.70100840390168,8.579304054325064,0.0873703980118833,0.0861483146660589,3.0,11.47918438334418,7.5448639908103186,0.1152672037386885,0.0757610772479002,3.0,0.0,0.0,0.0,0.0,2.0,0.0,0.0,0.0,0.0
20,44,5836,resample_pointwise,0.5,ok,82.0,3.0,3.0,13.659683739834485,15.553536049001629,0.1365488415682793,0.1554807102589169,100.0351492034017,3.0,8.418398130400952,7.844536790924819,0.0841544017021837,0.0784178046755796,3.0,9.227541662183036,9.072322454189994,0.092242993944265,0.0906913472557852,3.0,11.29967598525782,7.624364923638304,0.1129570563470862,0.0762168596173697,3.0,0.0,0.0,0.0,0.0,2.0,0.0,0.0,0.0,0.0
20,45,5855,resample_pointwise,0.5,ok,65.0,3.0,3.0,3.907584436428729,3.852392932814343,0.0392971175782086,0.038742077234964,99.43692253387032,3.0,2.841802323316554,2.5989970447873683,0.0285789448315697,0.0261371428093231,3.0,9.062990963664836,8.897353473758706,0.0911431159846865,0.0894773615980329,3.0,11.220072169135117,7.435237983372365,0.1128360762101554,0.0747734120677333,3.0,0.0,0.0,0.0,0.0,2.0,0.0,0.0,0.0,0.0
20,46,5874,resample_pointwise,0.5,ok,61.0,2.0,2.0,17.9050415087276,18.29642928070729,0.1789656992768266,0.1828777251867694,100.04733633919332,2.0,14.223294664890414,12.50008520026439,0.1421656506343035,0.1249417091713966,3.0,8.979885060160324,8.838571037266794,0.0897563632250594,0.0883438916084795,3.0,11.629276102711124,7.522566264568938,0.1162377383370214,0.0751900704189161,3.0,0.0,0.0,0.0,0.0,2.0,0.0,0.0,0.0,0.0
20,47,5893,resample_pointwise,0.5,ok,70.0,3.0,2.0,8.939562831496543,13.23136176673218,0.0894064401367141,0.1323296201416721,99.98790711079408,2.0,0.8075370650043395,0.8060446593770776,0.0080763473137759,0.0080614214525354,3.0,9.30988995283195,9.276845728655289,0.0931101592367154,0.0927796770301017,3.0,11.653210310498524,7.660026083317074,0.1165461969074509,0.0766095251381668,2.0,11.413225537172243,14.188598561748456,0.1141460589281615,0.1419031458076868,2.0,0.0,0.0,0.0,0.0
20,48,5912,resample_pointwise,0.5,ok,72.0,4.0,3.0,2.5848068269464437,2.5829452570685243,0.0259903878590364,0.0259716696621292,99.4524145220768,3.0,4.110827482206069,0.1976869475257275,0.0413346171831105,0.0019877541282001,3.0,9.379187102967096,9.239194679290328,0.0943082895276018,0.0929006573011797,3.0,11.750508539114463,7.651275137538565,0.1181520689626499,0.0769340309564843,3.0,0.0,0.0,0.0,0.0,2.0,0.0,0.0,0.0,0.0
20,49,5931,resample_pointwise,0.5,ok,59.0,2.0,2.0,13.091733426978356,15.281613329523127,0.1318178537377506,0.1538672844191018,99.31684559986942,2.0,6.356408932869488,6.080798619998712,0.0640013171428981,0.061226256062312,3.0,9.135043935676704,9.108948909807683,0.0919787965526033,0.0917160513384212,3.0,10.336671475215695,7.200170681618745,0.1040777263190615,0.0724969730777294,2.0,11.648353890168355,14.346756995194898,0.1172847750027984,0.1444544166555141,2.0,0.0,0.0,0.0,0.0
20,50,5950,resample_pointwise,0.5,ok,59.0,3.0,2.0,9.958488798203703,13.990798331337013,0.0996925991253269,0.1400593079685806,99.89195673075542,2.0,2.317577565126002,2.304079446788205,0.0232008426000974,0.0230657154208974,3.0,9.449138555702827,9.505370376338291,0.0945935875615254,0.0951565139719774,3.0,10.587921726512064,7.574310678453755,0.1059937363630817,0.0758250306265321,2.0,11.941866725226491,14.630002688328991,0.1195478306367958,0.1464582651810704,2.0,0.0,0.0,0.0,0.0
20,51,5969,resample_pointwise,0.5,ok,72.0,4.0,4.0,1.8730713086818165,1.8457046583152097,0.0186170676710778,0.0183450615923747,100.61043671188284,4.0,2.1036094841994872,0.2190052064283831,0.0209084619145782,0.0021767642958905,3.0,8.632477710287741,8.718261624453792,0.085801016200819,0.0866536505493977,3.0,10.943644227928864,7.116833244852039,0.1087724552798441,0.070736530696437,3.0,0.0,0.0,0.0,0.0,2.0,0.0,0.0,0.0,0.0
20,52,5988,resample_pointwise,0.5,ok,59.0,3.0,3.0,6.778254080945651,6.284635293694931,0.0675252720168161,0.0626078194569579,100.38099630694757,3.0,6.868042749648628,6.305970070037244,0.0684197507728191,0.0628203574584445,3.0,9.011469449496618,9.051592263541371,0.0897726639606277,0.090172369238727,3.0,11.490829659632562,7.534688985956365,0.1144721618870529,0.0750609105623598,2.0,12.211662635261243,14.892689111388757,0.1216531324108411,0.1483616387493257,2.0,0.0,0.0,0.0,0.0
20,53,6007,resample_pointwise,0.5,ok,67.0,4.0,3.0,10.486020891422806,11.454622264765584,0.1044904951569585,0.1141423581618361,100.35382525148736,3.0,3.13948893589183,3.078185725452797,0.0312841979667865,0.03067332727715,3.0,8.70277271374186,8.75455595218611,0.0867208867418123,0.0872368933645243,3.0,10.932589436433409,6.996240241049868,0.1089404355941217,0.0697157305515484,2.0,12.991181283321144,15.742405492715562,0.1294537726964084,0.1568690127482932,2.0,0.0,0.0,0.0,0.0
20,54,6026,resample_pointwise,0.5,ok,59.0,3.0,3.0,2.522396347045502,2.680322721507806,0.0252784773276833,0.0268611541663033,99.78434675268748,3.0,0.0903382452828781,0.0362385255032639,0.0009053348368033,0.0003631684395657,3.0,8.836336519986522,8.996076299309104,0.088554335500007,0.0901551855784115,3.0,9.870828580040886,6.773526857876267,0.0989216134721555,0.0678816575776584,2.0,12.59453393144746,15.154804793073126,0.1262175315198749,0.151875572534777,2.0,0.0,0.0,0.0,0.0
20,55,6045,resample_pointwise,0.5,ok,58.0,2.0,2.0,19.13561686469752,20.95320256966568,0.1905050826828939,0.2086000998154225,100.44675236591874,2.0,23.113397255708044,18.38265542075981,0.2301059686978027,0.1830089573607457,3.0,8.087786181141622,8.221117453156003,0.0805181450932183,0.0818455277001608,3.0,10.499061839021287,6.627395883856002,0.104523656481935,0.0659791952228876,3.0,0.0,0.0,0.0,0.0,2.0,0.0,0.0,0.0,0.0
20,56,6064,resample_pointwise,0.5,ok,66.0,3.0,3.0,4.381805701623664,4.227842152512728,0.043433875813434,0.0419077393009451,100.8845197339808,3.0,3.2150568155654007,2.840778578059588,0.0318686833623541,0.028158716377402,3.0,8.692489861578155,8.8554837694568,0.0861627718950251,0.0877784202453215,3.0,10.90406147994393,7.201899790238233,0.1080845853129549,0.0713875608391524,2.0,12.844604460465662,15.454825905949498,0.1273198751833799,0.1531932346677353,2.0,0.0,0.0,0.0,0.0
20,57,6083,resample_pointwise,0.5,ok,67.0,4.0,4.0,2.0599785602785623,2.0388853210599933,0.0204578997876498,0.0202484202413811,100.6935502500675,4.0,0.5292676937890352,0.1375877463268775,0.0052562223943303,0.0013664007871922,3.0,9.144277653466748,9.378873852402704,0.0908129431404234,0.0931427467708778,3.0,10.650867188188911,7.550936628545335,0.1057750686289042,0.0749892779606335,3.0,0.0,0.0,0.0,0.0,2.0,0.0,0.0,0.0,0.0
20,58,6102,resample_pointwise,0.5,ok,87.0,2.0,2.0,9.715920407302642,14.535245505161436,0.0971819666576304,0.1453865084136924,99.97657735752126,2.0,0.4011506392998799,0.4004274429636746,0.0040124462139301,0.0040052125562543,3.0,9.22731509789908,9.328350823264069,0.0922947688527257,0.0933053628141861,3.0,11.592303979159286,7.653732808663562,0.1159501983920156,0.0765552593513321,1.0,18.667999511154655,52.711582852350986,0.1867237307434215,0.527239321904887,1.0,62.07377929304159,62.17516140159259,0.6208832201872908,0.6218972787921223
20,59,6121,resample_pointwise,0.5,ok,72.0,2.0,2.0,17.543965769710553,18.778021504110928,0.1736552008140935,0.1858702381201436,101.02758620222517,2.0,12.975474763867595,11.627497918362227,0.1284349676324525,0.1150923065219797,3.0,9.138831079302795,9.305743242744567,0.0904587689644465,0.0921109133906993,3.0,10.731273875895685,7.337370242713327,0.106221224116105,0.0726273933539918,1.0,18.91609563392233,53.20405382461994,0.1872369354253234,0.5266289715971468,1.0,62.770926213499614,62.909448938463015,0.6213246161088333,0.6226957537373828
20,60,6140,resample_pointwise,0.5,ok,87.0,3.0,3.0,9.642232756644864,14.981251582128488,0.095975630049533,0.1491184765825605,100.46542806406693,3.0,0.3517692318844774,0.3209956483262673,0.0035013958399714,0.0031950856579396,3.0,9.554128628266746,9.81564774545477,0.0950986703821544,0.0977017461090726,3.0,10.70317755831284,7.693000071397359,0.1065359274783303,0.0765736056635475,2.0,13.387125949845306,15.797369862607638,0.1332510716154847,0.1572418509234205,2.0,0.0,0.0,0.0,0.0
20,61,6159,resample_pointwise,0.5,ok,73.0,2.0,2.0,9.56472531263428,15.157935803246616,0.0957076226498719,0.1516750301330458,99.93692297242612,2.0,0.6890586725141585,0.687038789212971,0.0068949358457261,0.0068747242638492,3.0,9.337535952580554,9.531004428749178,0.0934342951018904,0.0953702009754583,3.0,11.426339094097507,7.704172290004148,0.1143355103823857,0.0770903492008637,3.0,0.0,0.0,0.0,0.0,2.0,0.0,0.0,0.0,0.0
20,62,6178,resample_pointwise,0.5,ok,66.0,3.0,3.0,3.847635207914292,4.056744248215077,0.0382265366468799,0.0403040502260804,100.65351311987956,3.0,0.4166392996786959,0.2031547426796221,0.0041393418546898,0.0020183571977031,3.0,9.158906218933234,9.321243263679534,0.0909944018349848,0.0926072322242525,3.0,11.646322456345812,7.5529190116291645,0.1157070637214113,0.0750388017021675,2.0,13.392247340819164,15.750650992920216,0.1330529548915877,0.1564838673257336,2.0,0.0,0.0,0.0,0.0
20,63,6197,resample_pointwise,0.5,ok,94.0,2.0,2.0,10.93354741398762,15.467924338970706,0.1103988438572629,0.1561836153661663,99.03679270521924,2.0,1.4326191748975294,1.4223744057740637,0.0144655247384846,0.0143620806664017,3.0,9.403386790067604,9.612528204443322,0.0949484179890252,0.0970601727082862,3.0,11.751092727355694,7.856718619052692,0.1186538094214395,0.07933131116673,2.0,13.4507627749727,15.820140017327056,0.1358158155929846,0.1597400277734694,2.0,0.0,0.0,0.0,0.0
20,64,6216,resample_pointwise,0.5,ok,59.0,2.0,2.0,11.817181032451469,16.589187082140675,0.1178099122392829,0.1653838312962364,100.3071881460167,2.0,0.8946472382096019,0.8919765383111378,0.0089190740438987,0.0088924488344014,3.0,8.378130254164713,8.67421993738838,0.0835247244890237,0.0864765536519811,3.0,10.75810858811757,6.889011314799106,0.1072516216131693,0.0686791389742757,2.0,13.629910066484769,15.965087016076186,0.13588168822601,0.1591619435372456,2.0,0.0,0.0,0.0,0.0
20,65,6235,resample_pointwise,0.5,ok,73.0,2.0,2.0,9.37800051374964,15.306796142374209,0.0939321398479952,0.153316276082754,99.83803763999724,2.0,0.1531333654977913,0.1530759643370218,0.0015338178625863,0.0015332429197876,3.0,9.387249434641486,9.765633348270974,0.0940247790976287,0.0978147565708828,3.0,11.659856623412065,7.890938778532178,0.1167877183790006,0.0790373986214137,2.0,14.206922759542072,16.44753354206742,0.142299699547084,0.1647421557039717,2.0,0.0,0.0,0.0,0.0
20,66,6254,resample_pointwise,0.5,ok,99.0,3.0,3.0,3.1848362612063923,3.400499289338092,0.0318860914089349,0.0340452765175377,99.88167631966198,2.0,0.0241326897769502,0.0241568708288309,0.0002416127829064,0.0002418548798832,3.0,9.289434549183962,9.596677950870356,0.093004391710988,0.0960804654515116,3.0,11.601326882289282,7.681065229500451,0.1161507026089582,0.0769016451517885,1.0,17.993043474764715,51.634697816352,0.1801435872699979,0.5169586626790281,1.0,62.04700456962133,62.20147348980332,0.6212050784074317,0.622751597507568
20,67,6273,resample_pointwise,0.5,ok,86.0,2.0,2.0,19.41674741367622,19.763327420395303,0.1947732769884887,0.1982498903578228,99.68897024217424,2.0,18.118184152943225,15.148024153337118,0.1817471291851922,0.1519528601462935,3.0,9.138622852778251,9.526637131757823,0.0916713537172448,0.0955636025591876,3.0,11.089174482393592,7.377930284923066,0.1112377272576362,0.0740094944004323,2.0,14.385764732184471,16.545482265362303,0.144306483427777,0.1659710419835654,2.0,0.0,0.0,0.0,0.0
20,68,6292,resample_pointwise,0.5,ok,76.0,2.0,2.0,8.596341348869625,15.615058052173143,0.0854809559705928,0.1552742074407715,100.5644035126015,2.0,0.4497987041981436,0.4494541741275927,0.0044727427249322,0.0044693167604904,3.0,9.596967112781089,9.918063554556882,0.0954310549018322,0.0986239982352609,3.0,11.03441260465668,7.729790237012963,0.1097248352223755,0.0768640788094005,1.0,18.49405576678509,51.72479480065594,0.1839026049059958,0.5143449669462259,1.0,62.50051363475438,62.574668544194594,0.6214973832855537,0.6222347705403881
20,69,6311,resample_pointwise,0.5,ok,114.0,4.0,4.0,3.8046941227679945,4.249597315551711,0.0381943338899876,0.042660601228593,99.61409809441318,4.0,0.2831915264812083,0.1141735620742918,0.0028428860161219,0.0011461586688872,3.0,9.330885555339949,9.654606936470724,0.0936703311462623,0.0969200858227937,3.0,11.494242288330462,7.769713570186786,0.1153877062404996,0.0779981319794988,2.0,14.647164360851582,16.750757598956692,0.1470390701823064,0.1681564951085588,2.0,0.0,0.0,0.0,0.0
20,70,6330,resample_pointwise,0.5,ok,85.0,2.0,2.0,9.518448745744696,16.052789262765906,0.0949877541064543,0.1601961033719933,100.20711443579576,2.0,0.3476946539528004,0.3473745830288905,0.003469760165338,0.0034665660715283,3.0,9.03893699298834,9.450013934740364,0.0902025474326947,0.0943048204505992,3.0,11.408493204130917,7.435038055791761,0.1138491340496638,0.0741967084638037,3.0,0.0,0.0,0.0,0.0,2.0,0.0,0.0,0.0,0.0
20,71,6349,resample_pointwise,0.5,ok,66.0,3.0,2.0,11.44772643139019,16.469136968148472,0.1139437972755919,0.1639239036021216,100.46818436024184,2.0,0.3475413866642446,0.3470536446671087,0.0034592183473535,0.0034543636562864,3.0,9.109411143719528,9.441678141117034,0.0906696105013358,0.0939767967465467,3.0,10.883337895644289,7.234731255297412,0.1083262125711424,0.0720101721890019,2.0,15.434615160104457,17.45532029908086,0.1536268945078336,0.1737397805109378,2.0,0.0,0.0,0.0,0.0
20,72,6368,resample_pointwise,0.5,ok,79.0,2.0,2.0,10.134644855726082,16.58379000936618,0.1009742553054359,0.165228862991816,100.36860212605583,2.0,0.2418366633602451,0.2416766429093071,0.002409485219855,0.0024078908920717,3.0,8.563990208075342,9.148334748272095,0.0853253908759193,0.0911473763157768,3.0,10.355076749955746,6.732640767670928,0.1031704789207934,0.0670791524944744,3.0,0.0,0.0,0.0,0.0,2.0,0.0,0.0,0.0,0.0
20,73,6387,resample_pointwise,0.5,ok,89.0,3.0,3.0,10.690565287610056,14.08398473069147,0.1076346429355224,0.141800234769084,99.3227180027358,3.0,0.6770667448012309,0.6424778947066397,0.0068168366554626,0.0064685895394943,3.0,8.977000993071067,9.424468546375165,0.0903821519747758,0.0948873403375406,3.0,10.839837616324855,7.226646917493602,0.1091375451085247,0.0727592545070559,2.0,15.051804201893004,16.880743678766336,0.1515444251281807,0.1699585353504056,2.0,0.0,0.0,0.0,0.0
20,74,6406,resample_pointwise,0.5,ok,74.0,3.0,2.0,13.563131770905786,19.125969092302316,0.138036308879111,0.1946510748277616,98.25771118513504,2.0,6.712560074128753,6.480958629025359,0.0683158603346773,0.0659587787142128,3.0,9.439131552564096,9.81152593667468,0.0960650460784608,0.0998550222504981,3.0,11.87650809183279,7.870262468104562,0.1208710028819552,0.0800981660693844,3.0,0.0,0.0,0.0,0.0,2.0,0.0,0.0,0.0,0.0
20,75,6425,resample_pointwise,0.5,ok,79.0,3.0,3.0,4.868964639025903,5.330930702834682,0.0491112546050453,0.0537709173178849,99.1415242429116,3.0,0.2684694442353004,0.2159853943796019,0.0027079414633318,0.002178556321672,3.0,9.679340867034211,10.17085122412966,0.0976315518744534,0.1025892157882256,3.0,11.2978829714657,7.765811820826798,0.113957123997652,0.0783305671375335,3.0,0.0,0.0,0.0,0.0,2.0,0.0,0.0,0.0,0.0
20,76,6444,resample_pointwise,0.5,ok,72.0,2.0,2.0,14.716666674371393,18.48630738068745,0.147047879332038,0.184713859269793,100.08078145173909,2.0,8.91132921593206,8.32310295889004,0.0890413632534362,0.0831638486246593,3.0,9.29728794838505,9.92169196462907,0.0928978352638901,0.0991368354713887,3.0,10.802933483490964,7.28079167674564,0.1079421376091108,0.0727491489488077,3.0,0.0,0.0,0.0,0.0,2.0,0.0,0.0,0.0,0.0
20,77,6463,resample_pointwise,0.5,ok,92.0,2.0,2.0,9.110873337696296,16.637188109618624,0.0917263332125747,0.1674996681107449,99.3266929855568,2.0,0.2221733824531677,0.2220078581100308,0.0022367943175705,0.0022351278537211,3.0,9.583031555135632,10.183453672226216,0.0964799216312286,0.1025248436863492,3.0,11.375030983812067,7.769929790306405,0.1145213903926724,0.0782259990417302,2.0,15.470688247720467,17.08704812864892,0.1557555958293112,0.1720287630147272,2.0,0.0,0.0,0.0,0.0
20,78,6482,resample_pointwise,0.5,ok,81.0,2.0,2.0,9.772092153436118,17.011364352637177,0.0981017399315197,0.1707765763359005,99.61181280023736,2.0,0.0624723258325432,0.0624688351747408,0.0006271578046453,0.0006271227620364,3.0,8.828752513526883,9.384070209023935,0.0886315815899481,0.0942063992735766,3.0,10.506551202407843,7.023923844365751,0.1054749522878154,0.0705129607313904,2.0,15.520511363757496,17.045244402718556,0.1558099479113235,0.1711166971421479,2.0,0.0,0.0,0.0,0.0
20,79,6501,resample_pointwise,0.5,ok,86.0,2.0,2.0,9.563806170937214,16.716968913622445,0.0956317016902222,0.1671585721979973,100.00665053432851,2.0,0.0,0.0,0.0,0.0,3.0,8.977704314836114,9.569041508129398,0.0897710728923413,0.0956840515805966,3.0,11.112000551386387,7.137361223547291,0.111112615931198,0.0713688658245513,2.0,15.943832634544764,17.45948237177072,0.1594277235499637,0.1745832130011947,2.0,0.0,0.0,0.0,0.0
20,80,6520,resample_pointwise,0.5,ok,90.0,2.0,2.0,10.195281440795569,16.965868447341464,0.1019784978389432,0.169701424020522,99.97481485653164,2.0,0.1390852316023936,0.138986082376203,0.0013912026924179,0.0013902109503843,3.0,8.47211841047328,8.973960087475625,0.0847425266316436,0.0897622076155245,3.0,10.76610809663294,6.934744055469718,0.1076882023946009,0.0693649102068494,3.0,0.0,0.0,0.0,0.0,2.0,0.0,0.0,0.0,0.0
20,81,6539,resample_pointwise,0.5,ok,92.0,2.0,2.0,8.632776868547014,16.751008528991115,0.0866532121411185,0.1681415745759521,99.62443001522163,2.0,0.0,0.0,0.0,0.0,3.0,8.254041982957338,8.962032307311125,0.082851585516687,0.0899581789922593,3.0,10.19225336831167,6.315973725821173,0.102306767193091,0.0633978405181957,2.0,16.288023198025577,17.67938950198287,0.1634942673753509,0.1774603829530732,2.0,0.0,0.0,0.0,0.0
20,82,6558,resample_pointwise,0.5,ok,103.0,3.0,3.0,12.007336020402004,17.42642585444451,0.1196870425344828,0.1737035899487621,100.32277317690922,3.0,0.7814839725256483,0.7327916417991356,0.0077896966738307,0.0073043399678249,3.0,8.491903120940274,9.083874615553304,0.0846458172160537,0.0905464863848489,3.0,10.312079063885992,6.810983787104561,0.1027890152687632,0.0678907048860588,3.0,0.0,0.0,0.0,0.0,2.0,0.0,0.0,0.0,0.0
20,83,6577,resample_pointwise,0.5,ok,88.0,4.0,3.0,13.062224781558411,18.404288772708718,0.1298176799357359,0.1829092753566372,100.61976756959952,3.0,6.589339777339967,6.251130841356045,0.0654875273169565,0.0621262699402688,3.0,9.066025555275385,9.726641453685886,0.0901018336084342,0.0966673019489722,3.0,11.276426786005148,7.361678413229596,0.1120696962274848,0.0731633414690355,3.0,0.0,0.0,0.0,0.0,2.0,0.0,0.0,0.0,0.0
20,84,6596,resample_pointwise,0.5,ok,103.0,2.0,2.0,11.218439508051176,16.889338932892095,0.1130111013097916,0.1701379939545661,99.26847343340748,2.0,0.6010242116984726,0.5996574053250909,0.0060545326316683,0.0060407638456066,3.0,10.167213360800371,10.751999195756913,0.1024213731625566,0.1083123253927109,3.0,12.0079892258072,8.2333769265162,0.1209647817729619,0.0829405010649168,2.0,16.362216643528992,17.6493955352977,0.1648279265068511,0.177794569865502,2.0,0.0,0.0,0.0,0.0
20,85,6615,resample_pointwise,0.5,ok,80.0,2.0,2.0,16.259949883120825,19.754353288651657,0.1620383018058981,0.1968617297824354,100.34633603231804,2.0,7.890281685294775,7.476268897534244,0.0786304911297766,0.0745046525179195,3.0,9.175406541483053,10.01248226887408,0.0914373848042441,0.0997792511890958,3.0,10.59459554770386,7.175680090545948,0.105580292879769,0.0715091389907341,2.0,17.07727862919789,18.21682431474444,0.1701833799262775,0.1815395064238064,2.0,0.0,0.0,0.0,0.0
20,86,6634,resample_pointwise,0.5,ok,102.0,2.0,2.0,12.523943893052842,17.883542721489214,0.1247498357218311,0.1781362992106399,100.3924680187868,2.0,0.9990937881629484,0.995272787955594,0.0099518799356141,0.0099138193093265,3.0,9.15593108698348,9.906053658668624,0.0912013746416722,0.0986732755371136,3.0,10.85176588899149,7.352727940615371,0.1080934267594732,0.0732398364709933,2.0,16.72829842247196,17.866055905469597,0.166629018616631,0.1779621146690631,2.0,0.0,0.0,0.0,0.0
20,87,6653,resample_pointwise,0.5,ok,107.0,3.0,3.0,14.91781051474012,12.769293975909166,0.1484290507264997,0.1270517668406533,100.50465486185836,3.0,5.884798377479559,4.438415032016984,0.0585524957582123,0.0441612882320475,3.0,8.808066820295455,9.46519590744452,0.0876383967727859,0.094176691820436,3.0,10.496498270258083,6.928328257818251,0.1044379316031213,0.0689353967469576,2.0,16.77786583249238,17.94085730658474,0.1669362066419035,0.1785077251520746,2.0,0.0,0.0,0.0,0.0
20,88,6672,resample_pointwise,0.5,ok,102.0,5.0,5.0,6.398823978268677,4.849306090738158,0.0632470331628394,0.0479313424121818,101.17192314450382,4.0,0.6478230563147284,0.4279187929886673,0.0064031900964207,0.0042296200337861,3.0,8.770628466748423,9.515749233973343,0.0866903405030794,0.0940552372458315,3.0,10.46375030445606,6.897942422219047,0.1034254364178754,0.0681804023075326,2.0,16.553050672558502,17.59576103907538,0.1636130870905338,0.1739194085887184,2.0,0.0,0.0,0.0,0.0
20,89,6691,resample_pointwise,0.5,ok,121.0,2.0,2.0,12.836449373232828,17.57860794629741,0.1283802024396522,0.1758075914246826,99.98776391762485,2.0,1.3558129972842812,1.349130881425378,0.0135597891598143,0.0134929598239326,3.0,9.033013452479604,9.651077178779776,0.0903411887470698,0.0965225823704872,3.0,11.119529837588193,7.362654010020362,0.1112089059892273,0.0736355502067843,3.0,0.0,0.0,0.0,0.0,2.0,0.0,0.0,0.0,0.0
20,90,6710,resample_pointwise,0.5,ok,93.0,2.0,2.0,10.93677239458452,18.72373502354313,0.1088007612052839,0.1862667110249318,100.52110181425252,2.0,0.0,0.0,0.0,0.0,3.0,9.600912240632866,10.408403544864894,0.0955114107122887,0.1035444633714622,3.0,11.190382697781033,7.522616210880724,0.1113237170684731,0.0748361893682916,3.0,0.0,0.0,0.0,0.0,2.0,0.0,0.0,0.0,0.0
20,91,6729,resample_pointwise,0.5,ok,107.0,2.0,2.0,16.949455773448257,18.274948675074437,0.1695386967818463,0.1827970775899973,99.97396520782472,2.0,8.762559523826965,8.187922645213472,0.0876484143207829,0.0819005490898806,3.0,9.15538683059746,10.013910980763066,0.0915777103725489,0.1001651876060558,3.0,10.841124233157274,6.960048905780845,0.1084394743233487,0.0696186141193097,2.0,17.90077827049308,18.68739927407373,0.179054399145629,0.1869226576661891,2.0,0.0,0.0,0.0,0.0
20,92,6748,resample_pointwise,0.5,ok,87.0,2.0,2.0,11.497266741465666,17.50440156943009,0.1159608437501235,0.1765484980888021,99.14783619753906,2.0,1.5256765854264478,1.5142614093090236,0.015387895933369,0.0152727630514503,3.0,9.045855111143116,9.845904254730875,0.0912360315470772,0.0993052862506671,3.0,10.808596046412744,7.071399267973974,0.1090149463764194,0.0713217709954369,3.0,0.0,0.0,0.0,0.0,2.0,0.0,0.0,0.0,0.0
20,93,6767,resample_pointwise,0.5,ok,107.0,3.0,2.0,11.631005871499257,18.064189508709013,0.1163792487657577,0.1807493545968649,99.9405477767738,2.0,0.6976539881012253,0.6954825724759999,0.0069806900564473,0.0069589629829668,3.0,9.291091192982323,10.090935415704273,0.0929661823921038,0.1009693826998355,3.0,11.128991085364362,7.46624477432576,0.1113561145394356,0.074706862633996,2.0,17.317174161101917,18.064794337654835,0.1732747573065277,0.1807554064843048,2.0,0.0,0.0,0.0,0.0
20,94,6786,resample_pointwise,0.5,ok,133.0,2.0,2.0,9.992022921720672,17.89817091955971,0.1000675075027882,0.1792455208330131,99.85282107123794,2.0,0.0,0.0,0.0,0.0,3.0,9.58160562803787,10.364152386650565,0.0959572851847828,0.1037942871865029,3.0,11.716667978429008,7.832645400797925,0.117339378624766,0.0784419039619309,2.0,17.36613932074713,18.11709511689093,0.1739173629191469,0.181437989658456,2.0,0.0,0.0,0.0,0.0
20,95,6805,resample_pointwise,0.5,ok,109.0,3.0,2.0,10.153464870781908,18.89001300208678,0.1009500010122714,0.187812422256958,100.57914580454194,2.0,0.1586508108631666,0.158442865557591,0.0015773728201219,0.001575305340786,3.0,9.082693116056769,10.081498655407668,0.09030393968256,0.1002344827525111,3.0,10.751268506823129,7.064202660102946,0.1068936151805896,0.070235262027687,3.0,0.0,0.0,0.0,0.0,2.0,0.0,0.0,0.0,0.0
20,96,6824,resample_pointwise,0.5,ok,120.0,2.0,2.0,9.36672867727142,18.139092256333104,0.0939891091170594,0.1820141460381812,99.65759613281958,2.0,0.0571027330089912,0.0570899411928267,0.0005729892675003,0.0005728609098371,3.0,8.765446008626247,9.718630523338666,0.0879556235426752,0.0975202182318954,3.0,10.595481177942013,6.7166244059077975,0.1063188516389737,0.0673970140415202,3.0,0.0,0.0,0.0,0.0,2.0,0.0,0.0,0.0,0.0
20,97,6843,resample_pointwise,0.5,ok,111.0,2.0,2.0,14.55971212169219,19.060988419858408,0.1451878043464501,0.1900740230453617,100.2819223503753,2.0,3.2238278434262457,3.166467575413681,0.032147647032159,0.0315756569200015,3.0,9.11495753964941,9.99433371156966,0.0908933267932642,0.0996623666292557,3.0,11.18505245211989,7.192651126656873,0.1115360793846811,0.0717243044217526,3.0,0.0,0.0,0.0,0.0,2.0,0.0,0.0,0.0,0.0
20,98,6862,resample_pointwise,0.5,ok,103.0,2.0,2.0,9.613457411309792,18.068308854848084,0.0960364618992836,0.1804986885240376,100.1021614206458,2.0,0.0875627322122883,0.0875627322122883,0.0008747336817667,0.0008747336817667,3.0,9.080512621720503,10.038142401261682,0.0907124530864293,0.1002789775845074,3.0,10.510848701137524,6.973102070426871,0.1050012162771311,0.0696598552065698,3.0,0.0,0.0,0.0,0.0,2.0,0.0,0.0,0.0,0.0
20,99,6881,resample_pointwise,0.5,ok,128.0,2.0,2.0,10.033429741783277,18.549092471250045,0.0999569648210562,0.1847933390005204,100.37749505244778,2.0,0.0,0.0,0.0,0.0,3.0,8.919811427475457,10.004285221359131,0.0888626621217714,0.099666615670493,3.0,10.56886561643271,6.893817760940369,0.1052911871422017,0.0686789180915334,2.0,18.49909497947232,18.794546193981763,0.1842952443653474,0.1872386453174739,2.0,0.0,0.0,0.0,0.0
20,100,6900,resample_pointwise,0.5,ok,137.0,4.0,3.0,9.55428460082198,18.30322107100883,0.0959186761962057,0.1837521916718521,99.60817829969092,3.0,0.1080786834465018,0.0607598987388815,0.0010850382497843,0.0006099890568831,3.0,9.249596050284095,10.111850694619063,0.0928598053711498,0.101516269720299,3.0,11.393206445275716,7.181051407064786,0.1143802310187522,0.0720929900500656,2.0,17.918586977558345,18.204708154291364,0.1798907206559558,0.1827631873712105,2.0,0.0,0.0,0.0,0.0
