-0.5000000000
-0.5953088007
-0.3640297140
-0.2013871587
-0.2269324204
-0.1451267128
-0.0822663858
-0.2238820169
-0.2667448231
-0.2863099981
-0.2736185033
-0.1355274491
-0.1569860213
-0.2098855877
-0.2636714470
-0.2091074808
-0.1892736488
-0.3531093840
-0.3883763714
-0.2622044038
-0.2762728296
-0.3158772564
-0.2621044771
-0.1434189467
-0.2053982639
-0.2045806405
-0.2749034896
-0.2022654615
-0.2324668485
-0.2651483037
-0.1779915054
-0.2596234764
-0.2300134965
-0.2713359305
-0.3005481854
-0.3446895325
-0.2763517469
-0.2853197147
-0.2162166673
-0.2132735373
-0.2440164083
-0.3247285226
-0.2076588186
-0.0412664137
0.0839938747
0.1856803644
0.2297893179
0.2138079394
0.2007684496
0.2581427792
0.3611411115
0.3771456841
0.1820575430
0.2301906109
0.2211057304
0.2472752001
0.3073904019
0.3559514617
0.3161159985
0.2203116501
0.1959484675
0.1937101573
0.2519088336
0.2637274511
0.2397732531
0.1881637569
0.1472212921
0.2169557360
0.2259282203
0.1281202615
0.1724743851
0.2534548759
0.3315055103
0.4180183111
0.4122661816
0.4319942147
0.5303434043
0.5393573972
0.5347275336
0.4410316404
0.4092109989
0.4502534396
0.4916707641
0.3701062224
0.3675596317
0.4551478202
0.5732027756
0.6741103405
0.7073642043
0.6675449597
0.8663554446
0.8682910734
0.7710329180
0.8572883557
0.8324656881
0.7296720271
0.8144782941
0.6261856006
0.5958921985
0.6296472694
0.6501522130
0.5799343504
0.5610813749
0.4989659585
0.3287872683
0.3449457049
0.3379486485
0.3712234859
0.3461794364
0.3324373698
0.3350124379
0.2813798060
0.0579827361
0.1176493980
0.1662503775
0.2788115289
0.2562382830
0.2777029119
0.2661314213
0.2000065028
0.2121220161
0.1108262301
0.1962246350
0.2534499726
0.3048216728
0.2164359485
0.2242156458
0.2097327263
0.1830762368
0.2790114529
0.3174943404
0.1803620005
-0.0339572821
-0.0947937355
-0.1690468039
-0.2291987098
-0.2211374314
-0.2012455154
-0.1996603944
-0.1234624315
-0.2097344004
-0.2564253939
-0.1847960193
-0.1457041650
-0.2330504951
-0.2045373345
-0.1471323480
-0.2736482895
-0.2264178110
-0.4391534416
-0.1978986395
-0.2865063861
-0.2934685762
-0.2593616343
-0.3516508245
-0.2923191513
-0.1705365857
-0.2363537546
-0.3015784188
-0.2853255307
-0.1280683154
-0.1799427894
-0.2016841731
-0.2303139529
-0.1109242495
-0.1367147034
-0.1563132283
-0.2794129668
-0.2661660588
-0.2801058506
-0.1564986713
-0.3219705878
-0.3548459183
-0.3503075370
-0.3311399854
-0.3748425058
-0.4404824801
-0.2802894512
-0.2226471689
-0.2403761185
-0.2319190404
-0.0845788533
-0.1560048803
-0.0564250530
-0.1176876399
-0.2182449667
-0.1387380788
-0.1585018130
-0.0962514718
-0.2283599345
-0.3342940032
-0.3385033505
-0.2390856234
-0.2901956451
-0.3524573905
-0.3586498129
-0.3112390388
-0.3329481478
-0.2358485363
-0.2306601953
-0.1191040747
-0.1369676871
-0.1924374191
-0.2936207495
-0.2704229398
-0.2930903491
-0.2503805921
-0.2436107119
-0.2889828201
-0.3169146119
-0.2060978188
-0.1488222220
-0.2903102336
-0.2606376621
-0.2280338224
-0.2814710384
-0.2973847346
-0.2677724512
-0.3448403327
-0.1127240959
-0.1654031608
-0.2403633085
-0.2148854491
-0.2698250110
-0.2491327365
-0.2656460050
-0.1803035405
-0.2275350685
-0.1926951508
-0.2144908376
-0.1960738657
-0.2056311361
-0.1690400633
-0.3373652761
-0.3940742253
-0.4149540514
-0.4621898262
-0.3558434114
-0.5306561568
-0.6145834054
-0.7140492335
-0.7073781805
-0.6074530127
-0.5577626434
-0.6510341901
-0.4958122026
-0.4605670749
-0.3090574661
-0.1702177193
-0.1716231738
-0.2104657920
-0.3261700023
-0.2028417706
-0.2258497450
-0.1505187731
-0.1115778174
-0.2739276705
-0.2628392087
-0.2105928493
-0.3491273161
-0.2842685602
-0.1464510078
-0.1202866027
-0.0345883275
-0.0738218389
0.0686067248
0.2717066702
0.5029786032
0.5267142260
0.4854035132
0.4291784990
0.6540370235
0.8642414191
0.7270228525
0.8189728074
0.8086341904
0.8082368169
0.8043154468
1.0146508397
0.9431566288
0.7435265314
0.4905951924
0.5165760847
0.5721233714
0.7406968148
0.8356695988
0.6210462958
0.6840441517
0.6124372538
0.5585149821
0.4925062332
0.3790460830
0.3079983739
0.3119235331
0.3008057771
0.4516659508
0.3118541188
0.3547585449
0.3028920279
0.4308237143
0.3714246204
0.4398770406
0.3168125003
0.2459044814
0.1833109118
0.1484177845
0.2358730167
0.1959485659
0.1891414664
0.2153270061
0.2192916961
0.1816940828
0.1597583454
0.0997186012
0.1335692757
0.1644774547
0.1242827363
0.2224617147
0.2383272289
0.1281062814
0.1471639623
0.2344757611
0.3888404826
0.2881809007
0.1229409621
0.1680285273
0.1836979551
0.1897558880
0.1479793438
0.1650831406
0.2035821293
0.3400144074
0.3450366797
0.4538732728
0.4658534731
0.5059558641
0.4793162685
0.5143241790
0.8591594624
0.6188145589
0.6227435349
0.7325016028
0.6839241496
0.6617032428
0.7258986340
0.8464976903
0.8145666089
0.9105394234
0.7250747015
0.7684139212
0.7880269416
0.7614730971
0.7244870304
0.7488140367
0.7676517443
0.7812378632
0.8461675870
0.7676298015
0.7184142992
0.6834358076
0.7411834444
0.8253755602
0.7449641833
0.8682724277
0.8491705080
0.6684362961
0.4500193425
0.3866943039
0.3221134374
0.3599930601
0.3255364673
0.4454160652
0.6973883738
0.6442185757
0.3321760823
0.4219813241
0.5536172291
0.6228109869
0.6654583476
0.7338434243
0.8160326010
0.9131610799
0.9138580873
0.7599124146
0.6749072471
0.6720631600
0.5832396416
0.6219774276
0.7771313771
0.6988775786
0.5032253265
0.4722934384
0.5427730615
0.5195574842
0.4586664651
0.5615483630
0.7479730527
0.7460790548
0.8145016056
0.6978270427
0.7535818461
0.7488476934
0.8267744846
0.9388232597
0.7697236947
0.7340788313
0.7968889195
0.7507636676
0.6351200029
0.5948604444
0.5529857532
0.6140751466
0.6592142632
0.7122464051
0.4984240619
0.5722842526
0.5948477030
0.6126128765
0.5573197593
0.5698838723
0.4739755332
0.3661535503
0.2856853280
0.1416918785
0.3556353511
0.4083763998
0.2375649577
0.2608438899
0.2848879994
0.2049738153
0.2619148209
0.2609979773
0.2306005345
0.2362192355
0.2273870278
0.2692984073
0.3306011457
0.3107779044
0.3352540807
0.2986885027
0.3659111691
0.3333630750
0.3163872522
0.3632918159
0.2951557118
0.1743913863
0.1542615370
0.1063188259
0.0699631301
0.0835846571
0.1908719762
0.3600361861
0.4221171130
0.4731393465
0.3632213015
0.3587282794
0.1944290308
0.2480323389
0.3906169881
0.4778639493
0.4175317662
0.3665029245
0.2489816479
0.2660217497
0.4071617756
0.4589328589
0.4411668460
0.6048794226
0.5264754839
0.6016220147
0.6482661955
0.5093531900
0.6879071424
0.8222048366
0.6489185160
0.6656211463
0.6309290199
0.6151442239
0.6453881329
0.6604343967
0.5870243695
0.6359746767
0.8523612963
0.7661568874
0.7323589624
0.7511670063
0.7426425532
0.7652800748
0.8503866425
0.7651973457
0.7616639396
0.7699254692
0.7568933378
0.7814550138
0.7696066581
0.6294351795
0.6684077507
0.6384532048
0.6420629012
0.5698681610
0.5583479556
0.6252796507
0.6864404955
0.7920208955
0.5462579229
0.5290126312
0.3690528874
0.5043306039
0.5167775041
0.6186450719
0.5627231237
0.5332705719
0.5576834310
0.4990441071
0.3153819402
0.2993541946
0.2469943723
0.3583016537
0.3825807258
0.3659295471
0.2981012984
0.3858266337
0.5217308613
0.6604571993
0.6550596603
0.4436542833
0.4977082013
0.5094865787
0.5205602332
0.5972899163
0.3889368522
0.2340524212
0.2174157345
0.2523235794
0.3109252133
0.2730623176
0.3385739482
0.2650511421
0.2828288041
0.2313443581
0.2889510751
0.2615246257
0.3454123689
0.2709384926
0.2836263615
0.1620094834
0.2295483591
0.2647732280
0.3351855787
0.4240695448
0.4605779200
0.3630814521
0.3766404816
0.4259130887
0.2335801731
0.1698598201
0.2134841085
0.1896718601
0.1196064146
0.2354124103
0.3003868304
0.1774778114
0.2917048914
0.2106897735
0.3667865430
0.5164815064
0.6154837313
0.3928732600
0.3106615431
0.3836805717
0.3071072352
0.3109962520
0.2872848998
0.2041709325
0.1811923977
0.1293772387
0.1922431184
0.1729299677
0.2686111075
0.2337861828
0.1988009810
0.3438167590
0.3345170560
0.3743913582
0.2064922413
0.5504260642
0.5957011115
0.5233974057
0.5930722614
0.6206311729
0.4348815255
0.4028159672
0.3181893575
0.4805046414
0.4156267960
0.3080341771
0.2626104200
0.2557632720
0.4295521409
0.3749311438
0.2274744078
0.2069238766
0.2230682426
0.3127858643
0.4378935443
0.3950121484
0.3511066825
0.1808605354
0.3835213388
0.3272119411
0.3255643850
0.3768316044
0.2580040684
0.3930984656
0.3220959473
0.2736264441
0.2507251524
0.0216261490
0.1575325255
0.0818361191
0.2271107804
0.2572759394
0.2306973514
0.2256400279
0.1677964198
0.1567587773
0.1476415346
0.1546800904
0.1754733195
0.2530093090
0.2041119136
0.3279371770
0.1563981622
0.2096966250
0.1776103177
0.2564128956
0.1749878481
0.1976132274
0.1989803800
0.2318980202
0.2739313967
0.4761282642
0.3942053318
0.2827151681
0.3431818390
0.4518552960
0.4292176943
0.4082288776
0.6154920672
0.5489611307
0.6558012066
0.8089662121
0.6643836504
0.7444197875
0.8105339609
0.7275457544
0.7903099919
0.8583726096
0.8600162308
0.8394277936
0.6933021639
0.8099447576
0.8258445230
0.7370517492
0.7931499895
0.7084356042
0.7858391163
0.8485302910
0.8256430309
0.8397123911
0.7761639921
0.7128712587
0.8139389703
0.8445840707
0.7773549697
0.7054256600
0.6270791200
0.7745685960
0.6586146935
0.6510185345
0.5898453866
0.5295709125
0.5808505717
0.6100454910
0.8573609824
0.8397295000
0.7772510271
0.6697653905
0.5259265680
0.5640410249
0.4948405109
0.5846095691
0.6245996416
0.5722425724
0.6393636898
0.6036750881
0.6162830349
0.6612249369
0.4218266590
0.4565291918
0.5235467535
0.7335464339
0.7508065357
0.7524330656
0.7456258513
0.9271858046
0.9234921903
0.6993921505
0.6526872553
0.6093910625
0.5307652732
0.5115740432
0.6358964153
0.4638158489
0.4849648308
0.5766943064
0.5631416602
0.5915106809
0.5158258991
0.6395804017
0.5701019978
0.5482351198
0.2609660515
0.4067442893
0.4100939978
0.4760543073
0.4510916094
0.5097381481
0.5637380881
0.7481347722
0.4862914521
0.4850724956
0.5971069349
0.7185012249
0.6438728700
0.6072652405
0.6888622121
0.6592751349
0.6899514972
0.5622096818
0.6534218036
0.5641647366
0.8236089708
0.8512066936
0.6894361204
0.5940603123
0.4438566996
0.4481573574
0.3775233368
0.4615167556
0.3325048510
0.1754874387
0.2963931611
0.2905909326
0.3043328272
0.3739342016
0.3751607941
0.2558044212
0.2994836245
0.2665862766
0.1407140474
0.1137810977
0.1973022762
0.2015903194
0.2933358837
0.4354429592
0.3910466521
0.4712694059
0.4195945854
0.1913704510
0.3268503226
0.5748337245
0.4978488920
0.5665128574
0.5457845087
0.6498876628
0.6847394349
0.7053550693
0.7219638866
0.6844813532
0.6050490417
0.6660179584
0.6818798246
0.5110855834
0.4202001885
0.4356424200
0.4388865964
0.2106088262
0.2538285797
0.1992576817
0.2899632893
0.3272948142
0.4256361672
0.1926949032
0.2343289124
0.1730236774
0.2625308512
0.3235634813
0.2921157206
0.4691755509
0.3450536790
0.3193774939
0.4284747511
0.4893414914
0.4100762116
0.3600735060
0.4311683879
0.3598994395
0.3641590842
0.3916334511
0.4453443186
0.4003867940
0.6365013613
0.3901220856
0.3596749306
0.4073038585
0.4030677120
0.2005066154
0.2863918612
0.3371348045
0.2556156170
0.3670628101
0.4173561202
0.6071236650
0.6424381521
0.4777083678
0.4386764962
0.3311469233
0.3122139387
0.2997156625
0.1731344466
0.1270577587
0.2432424632
0.3060641229
0.3107370697
0.3369596184
0.3414706554
0.3842754642
0.3653805344
0.2820407899
0.2147072232
0.2795874119
0.2464663904
0.2642280664
0.2962113864
0.1768264780
0.1948465807
0.1379570609
0.1522438883
0.1643535536
0.1778322651
0.2254335641
0.2435464013
0.3034424063
0.1243396567
0.0984795413
0.1154287870
0.2240842462
0.2062962521
0.1485832655
0.2328483551
0.2382167996
0.2480948454
0.2996768430
0.3016643737
0.2433841016
0.2027435293
0.1167223300
0.1647521138
0.1742603568
0.1303601909
0.2505653626
0.2044419330
0.3176103298
0.3631969310
0.3835764736
0.2753497303
0.3838847739
0.4659069426
0.3953054313
0.2816071147
0.2305579897
0.2226027703
0.1622161758
0.1181760016
0.0248111159
-0.0651324475
-0.1375467577
-0.2443523232
-0.1208365690
-0.0688228168
-0.2144656195
-0.1772701015
-0.2511861088
-0.1956035233
-0.4648150675
-0.4779587419
-0.5618962352
-0.5615086998
-0.6394123656
-0.5865493110
-0.7475219109
-0.7484872005
-0.8033386612
-0.8181277812
-0.8274263085
-0.6732589397
-0.6861463835
-0.7518259106
-0.8115823338
-0.8492573042
-0.8645891938
-0.7920290877
-0.6454991300
-0.7179320810
-0.6696095290
-0.6965365705
-0.8060320337
-0.7989499667
-0.7820189780
-0.6941042917
-0.7913631910
-0.7139567768
-0.6577052469
-0.6159911878
-0.6364625396
-0.6619500299
-0.6401950015
-0.6823053885
-0.7342572847
-0.8059406330
-0.8083514644
-0.8009855727
-0.8387796135
-0.8572265380
-0.8842491212
-0.8627076559
-0.8515440158
-0.8992804680
-0.8877796731
-0.6601900852
-0.6481275304
-0.6397787829
-0.6876263244
-0.7002376938
-0.5798751086
-0.3686187737
-0.1400049719
-0.3005516414
-0.2425045649
-0.2750388378
-0.1438869958
-0.1934931731
-0.1089188465
-0.2248973530
-0.2851059287
-0.2059350453
-0.2530998225
-0.1831114320
-0.4636498399
-0.3390573757
-0.7259968642
-0.7064126483
-0.7862821281
-0.7823555391
-0.6108279224
-0.7274408516
-0.6392588892
-0.5858640736
-0.5478546051
-0.3501067462
-0.4767550253
-0.4574999330
-0.4622934983
-0.4167002798
-0.4046510554
-0.3132631618
-0.2513988429
-0.4231884016
-0.4403341241
-0.4047941413
-0.3424028779
-0.3795480806
-0.3176448740
-0.3601979547
-0.2377307045
-0.1957300616
-0.2114052758
-0.2226788295
-0.2266854265
-0.2036807407
-0.2938839188
-0.1626709060
-0.2159109618
-0.2412195612
-0.2230126910
-0.1871783982
-0.1688395165
-0.1335813802
-0.0373512275
-0.1368800237
-0.3066905170
-0.2000751825
-0.2862276830
-0.1855004168
-0.1694311647
-0.1860562305
-0.2395750643
-0.2129232196
-0.0565903360
-0.0740544467
-0.1798125461
-0.0948842200
-0.1750346160
-0.2463979822
-0.3401298196
-0.3770900757
-0.3849624339
-0.2561569715
-0.4045130795
-0.4025358457
-0.5001094786
-0.7362090907
-0.7053974335
-0.9212708353
-0.8968934783
-0.8900065857
-0.8103796698
-0.8107377991
-0.9781438694
-0.9565758141
-0.8655212833
-0.8547212386
-0.8463376030
-0.7972996681
-0.7031580283
-0.7169477525
-0.6618344638
-0.6953108357
-0.7301198115
-0.6998501299
-0.7215047042
-0.7325492456
-0.6132358024
-0.5791927537
-0.6089760441
-0.6704513870
-0.7104009839
-0.7924609874
-0.7967048316
-0.9092743421
-0.9007861243
-0.7927089042
-0.5177664080
-0.4710476856
-0.4205472619
-0.2686676036
-0.0957085597
-0.1764591311
-0.1984547293
-0.2015931733
-0.0859230555
-0.2087305016
-0.2198223776
-0.3370266143
-0.2823622103
-0.1806384768
-0.1584102450
-0.2290417531
-0.2762520549
-0.3686141230
-0.3069060004
-0.3073179380
-0.2580884673
-0.2252242922
-0.3715859490
-0.4375960287
-0.4097015138
-0.5226440676
-0.6729948375
-0.7007808924
-0.7947380989
-0.9029225069
-0.8256444003
-0.8760261007
-0.8238987714
-0.7383016567
-0.6097666939
-0.6241403256
-0.7627302544
-0.5919033988
-0.6909943434
-0.7331903051
-0.6996930670
-0.6867069144
-0.5858972988
-0.5898354064
-0.3190401232
-0.2786981494
-0.2451266389
-0.2558394258
-0.2806990485
-0.2694933418
-0.2581807950
-0.2249989047
-0.1699198658
-0.1174513998
-0.1340088399
-0.2753823716
-0.2549290695
-0.2203291613
-0.1389717834
0.0079683428
0.1230609595
0.2044510014
0.3516442802
0.2106546258
0.2467815902
0.3026909162
0.4900236565
0.4754842170
0.5445110727
0.6059644884
0.6892638121
0.7635582733
0.7770289278
0.6492882059
0.6429431974
0.5557644796
0.6633436706
0.5763604048
0.5423653838
0.4789742994
0.3196183065
0.3808000313
0.3756562221
0.5701676160
0.6735375881
0.5958061243
0.7515340847
0.7440367914
0.4964719408
0.5806916168
0.5847566941
0.6695956669
0.7203861830
0.6449542935
0.5218121582
0.4917407926
0.6910106445
0.6349616109
0.5782607740
0.6688705651
0.6720224235
0.7564464402
0.6380023791
0.4303845782
0.4281841518
0.5866640828
0.6932088052
0.6384935461
0.7319675102
0.7677775503
0.7054507448
0.7143066704
0.9205988821
0.9081951092
0.9147978501
0.7761070934
0.7763820282
0.8072509593
0.8473527686
0.7714022058
0.7383724846
0.6860297760
0.6697154309
0.5044554581
0.4852885073
0.4444296601
0.5499367267
0.5612088335
0.5672329130
0.4920509617
0.5320689869
0.6519324938
0.6047490298
0.5851171599
0.6906380995
0.6257065936
0.7165267849
0.7537115209
0.7591597274
0.7887784509
0.7251918346
0.6863513832
0.6507127334
0.5050074836
0.4945459284
0.4964161903
0.5519844607
0.4626478259
0.4650143476
0.2823100916
0.3914295378
0.3796047002
0.3780401446
0.4251707121
0.3055168974
0.1631198149
0.2724745298
0.3319897427
0.3154232294
0.1858613148
0.2867106048
0.1857226104
0.0986460664
0.1264486341
0.2210278786
0.2579971026
0.2499740302
0.0853017671
0.1517543164
0.0799765658
0.1673189922
0.1108648710
0.1542021774
0.2771319406
0.2395342012
0.1317570780
0.2789640261
0.3330773791
0.3503246873
0.3460443886
0.2321360803
0.2510925011
0.2727273518
0.3344189345
0.4380965842
0.3455882804
0.3295778648
0.2710135351
0.2798670724
0.1908372606
0.1327694769
0.2834678003
0.2830044582
0.2096461052
0.3693289615
0.2729956894
0.1746639474
0.1100739183
0.2355045661
0.2574407088
0.2033352868
0.2268455426
0.3623499468
0.2386446645
0.2026197228
0.2618569985
0.3684877706
0.4411009564
0.3130681512
0.3479891633
0.4178956208
0.5933622058
0.6547399422
0.6909716259
0.7014865996
0.6204545490
0.4365810221
0.3662264667
0.4091054983
0.2568256823
0.2910713333
0.3384186769
0.2786575672
0.4334601596
0.3707395980
0.3461381703
0.3586237147
0.3325828573
0.3557765221
0.3325184249
0.2680596886
0.2562156028
0.1678692465
0.2277635753
0.2473388831
0.3042232944
0.3560904248
0.3623204361
0.4198338449
0.4595386091
0.2793023495
0.1284446702
0.1240060258
0.0216363936
0.1547332186
0.1509354254
0.2443814455
0.2887599325
0.3913562420
0.2927478175
0.2802146114
0.2984878774
0.4663533494
0.3232605003
0.3321604844
0.3250094795
0.2686158222
0.3815085602
0.4824178967
0.7126084772
0.5397452335
0.5575499471
0.5880728499
0.4329168385
0.3531224752
0.3330326969
0.3480863150
0.2268471579
0.1938869525
0.1105890553
0.1487112909
0.1858460573
0.1699718033
0.2915501221
0.2196951601
0.1825432070
0.2534782306
0.2523887947
0.1954404274
0.2793285631
0.1932014223
0.2319469665
0.3728331993
0.3803116732
0.5597128384
0.5297664691
0.5451547237
0.7335714001
0.6863176232
0.8312080361
0.7225148046
0.7116116128
0.8584399077
0.8473767154
0.8503437857
0.8104724407
0.8434146966
0.7033069199
0.7250079166
0.8371454311
0.8049770446
0.7123598844
0.7453645153
0.6915454827
0.6648218429
0.7806067319
0.7892274154
0.7356297145
0.6056303607
0.6593200770
0.6267273522
0.6560589083
0.5561918565
0.5803784767
0.5490700498
0.6335911917
0.5926702356
0.6745406333
0.7196265789
0.7735717962
0.7683995815
0.8100264005
0.7177347733
0.7967610613
0.8906919454
0.8600889054
0.8612678604
0.7972083623
0.6598925699
0.5491153707
0.4602724213
0.3733466920
0.4584131303
0.5212508687
0.4461971361
0.4810606160
0.4066581387
0.5411307034
0.5926742351
0.7356351274
0.7631685749
0.7831699451
0.7357889215
0.6942803984
0.5962217956
0.6871241487
0.7228486373
0.7765315967
0.6590366582
0.6110384569
0.5179992997
0.5789369625
0.6651946277
0.7077082352
0.7789434221
0.6530217151
0.7908707029
0.8177670101
0.6588730045
0.5657008827
0.6327942057
0.7453328996
0.7539234115
0.8031032422
0.6789303290
0.6856161257
0.7470998547
0.7093686015
0.8624666173
0.7747948524
0.9030740491
0.8677689773
0.7833183101
0.9063558396
0.8717640914
0.6940619599
0.8675802761
0.7008725934
0.6781102711
0.7278588951
0.7022820579
0.8779920886
0.8890575237
0.6572136907
0.6365654116
0.3352224451
0.3808820708
0.4697788862
0.5416604899
0.4235851967
0.4388554450
0.3873513858
0.4126714151
0.4165025525
0.2430888957
0.3497641557
0.4198045679
0.4865028282
0.5819588800
0.6540631961
0.5230760347
0.5423043943
0.5489290135
0.5565269296
0.7081964298
0.5510526589
0.4330090995
0.4105823393
0.3214809651
0.3714390217
0.5133533008
0.4764822172
0.3489384308
0.2530883004
0.2261032081
0.1140330172
0.2278315554
0.1974279245
0.3538983955
0.3451838998
0.2453807410
0.2009827827
0.2233208796
0.3603681705
0.5491295893
0.4969218037
0.4048986919
0.2776942961
0.2922259109
0.2792126114
0.2887269510
0.2116016964
0.1317511347
0.2346168194
0.3541161254
0.1989946147
0.2403040009
0.0924217411
0.0973890278
-0.1050567131
-0.0926274534
-0.1458723851
-0.1868093316
-0.2484121686
-0.1527633724
-0.2516497868
-0.4145965814
-0.4788757920
-0.5094338037
-0.5178469683
-0.7119187123
-0.7462447334
-0.8607637988
-0.6682290425
-0.7396186927
-0.7471196557
-0.7926933781
-0.7914833713
-0.8004538522
-0.7059193383
-0.7593433760
-0.6749496362
-0.7094258237
-0.6928659956
-0.6378192693
-0.6713196961
-0.6703473846
-0.7071486938
-0.4735839266
-0.4801144343
-0.6482267010
-0.5372087252
-0.3620682906
-0.2577278497
-0.3648831308
-0.2701188694
-0.2739432725
-0.2626186858
-0.3112681702
-0.2340332562
-0.0763661031
-0.3157813115
-0.4198280981
-0.4349317926
-0.4682382302
-0.3947346847
-0.5811213306
-0.5926201763
-0.6616035968
-0.6871788341
-0.7405046972
-0.7557063913
-0.7352280087
-0.7895123941
-0.8447023453
-0.8812384417
-0.7559220949
-0.6907763201
-0.7346002923
-0.7227163940
-0.6220921293
-0.7201075040
-0.6678977663
-0.7239940162
-0.7429378686
-0.8076710955
-0.8141432395
-0.8827363265
-0.7509918682
-0.6952122746
-0.6462669040
-0.7105277064
-0.8148730971
-0.8566176356
-0.8165019567
-0.7978110967
-0.6786932376
-0.6427307768
-0.6755758164
-0.7880172549
-0.6945432689
-0.7632790286
-0.6367244954
-0.7733807860
-0.7632207260
-0.8646421428
-0.8182652233
-0.8561625124
-0.8301198399
-0.7770178318
-0.8566595043
-0.9010625983
-0.8349055001
-0.9850897191
-0.8172773934
-1.0087301910
-0.9477882845
-0.8445982243
-0.7262608495
-0.6785522005
-0.7412571321
-0.7496318089
-0.6907099688
-0.7065726622
-0.7585478209
-0.7445103520
-0.7620701837
-0.6997015806
-0.7526211412
-0.7296788153
-0.7289386616
-0.7668652356
-0.7745433593
-0.7314849166
-0.7822330902
-0.7628772826
-0.6967034348
-0.6220104161
-0.6874129703
-0.8219759631
-0.7638062376
-0.7860330362
-0.7505105331
-0.7533024792
-0.8384018402
-0.8566119706
-0.8543199563
-0.9465377620
-0.8482181211
-0.7564431905
-0.7882659687
-0.7606149928
-0.7970513497
-0.7850906273
-0.8731850048
-0.8172524365
-0.8500625215
-0.7678346898
-0.7198533300
-0.5072862468
-0.3398630712
-0.3059345876
-0.3766897272
-0.3081649749
-0.2939447428
-0.3199962985
-0.2274933716
-0.3316222171
-0.3835587580
-0.4054306175
-0.3057019661
-0.4086334650
-0.2928599727
-0.1347843735
-0.0823678676
-0.1369763620
-0.1686633418
-0.2008542465
-0.1208443219
-0.2341805811
-0.1609432597
-0.2392774437
-0.2355768521
-0.1029227572
-0.2139455637
-0.2307391732
-0.0911052791
-0.0849636434
-0.1730802476
-0.1514359742
-0.1991219276
-0.1746243019
-0.1608032646
-0.1625848313
-0.1471198204
-0.2802691962
-0.1580457091
-0.1290830886
-0.1749491752
-0.2269068985
-0.2320828434
-0.2177803482
-0.2047604783
-0.4409181531
-0.3862383628
-0.4859855283
-0.5172817594
-0.3803078245
-0.3564004919
-0.2680302983
-0.4000441346
-0.3729785336
-0.4656321420
-0.4485373563
-0.5370179762
-0.7140143051
-0.6420678240
-0.7444682880
-0.7152175910
-0.6915166454
-0.7111860701
-0.6202659630
-0.5819157334
-0.7679576180
-0.8487342256
-0.7280040461
-0.9166453246
-0.8311004429
-0.8842100222
-0.8278037209
-0.8584102188
-0.7403308813
-0.8423290481
-0.7574557876
-0.8733139237
-0.8037752086
-0.7686108474
-0.8071207683
-0.6049174702
-0.6056977244
-0.5649267707
-0.6342314632
-0.6352221160
-0.8173121696
-0.8356527127
-0.9072599292
-0.9129298530
-1.0204967252
-0.9224789366
-0.8253774965
-0.6825376004
-0.5326430215
-0.5936787291
-0.7213400090
-0.8117877044
-0.7225178559
-0.6992379599
-0.7411725657
-0.8162363756
-0.7220781040
-0.7820286060
-0.7767511669
-0.7513441556
-0.6727242746
-0.7395762999
-0.7310994837
-0.7470180513
-0.5644980116
-0.6207049463
-0.6703081420
-0.6556686491
-0.6918537864
-0.6370795778
-0.7774666522
-0.6954757846
-0.7125648456
-0.6753586955
-0.7337552951
-0.6933305621
-0.7197327214
-0.6711513625
-0.7555500367
-0.8213454304
-0.8585990740
-0.6936104443
-0.6785818494
-0.8531059755
-0.7346763406
-0.6543540494
-0.6086066218
-0.7122240241
-0.8556659934
-0.8130273196
-0.8057468682
-0.6677841085
-0.6458735763
-0.7337043436
-0.7648211313
-0.7006640100
-0.6825036474
-0.5559135473
-0.5479824215
-0.4420504074
-0.2645655980
-0.1826500689
-0.1234355910
-0.3348407392
-0.1784440349
-0.1406053081
0.0362216255
0.2458664912
0.2532684248
0.2818687876
0.0612875552
0.1721532599
0.1894133674
0.3423109704
0.1930353686
0.2876066522
0.3264350864
0.3667369641
0.2546055971
0.3491297937
0.3998911532
0.4005101268
0.4488485440
0.4414464680
0.4358359620
0.3062560642
0.2585879649
0.3599173768
0.3579889569
0.2936917277
0.2777707124
0.3097415228
0.5009943604
0.4872613873
0.4115566482
0.5875555832
0.5824018098
0.7208634377
0.7533737765
0.7397748230
0.7308265500
0.4118656965
0.6210263737
0.6033096797
0.5659082602
0.5921407552
0.5354398670
0.4061664645
0.4927048743
0.4799705322
0.3176580076
0.3297632291
0.2800439584
0.4194860276
0.4226834943
0.1736190910
0.2419266547
0.2622897521
0.2656550328
0.3296262534
0.3185894110
0.2847309888
0.2931922688
0.3069530927
0.3215094864
0.3551049651
0.2968977604
0.2683966421
0.2387590832
0.3327860477
0.3060823464
0.3177994310
0.4837891494
0.5218117987
0.3432915700
0.4879421231
0.4414413084
0.4773723767
0.6372544362
0.6957915143
0.7144996258
0.4795901076
0.5534428599
0.2751803337
0.2477846966
0.2997775127
0.3417902276
0.6164059880
0.6630212989
0.8156870079
0.8238605807
0.9063485448
0.8847040897
0.8086456463
0.8116512090
0.7910081366
0.7432063225
0.6520388319
0.6602876764
0.6586682132
0.7783201856
0.7542021839
0.6914539085
0.5487978953
0.5437175303
0.5096488554
0.5253406570
0.4717596051
0.3371565592
0.1179203977
0.2566457381
0.2828852011
0.2982326455
0.5147123747
0.6556308677
0.6883437728
0.6016175631
0.5979119763
0.6829975404
0.8855594604
0.8523276958
0.8389482843
0.8120678310
0.6199378329
0.4252516823
0.5572494107
0.5900064536
0.7955677100
0.8332039523
0.8062849139
0.8165946319
0.7965854010
0.7478734661
0.7693683333
0.7924401558
0.7727655698
0.8855425889
0.8252686888
0.7195492483
0.7560543779
0.8467376415
0.7520131029
0.7296619781
0.7917791722
0.8078918037
0.9311479675
0.9467746496
0.9056259249
0.8111865203
0.9318446511
0.6911132468
0.8211397204
0.7869798471
0.6890352482
0.6321362420
0.4829723373
0.6385553565
0.7590852355
0.9448374655
0.8074357697
0.8158739011
0.7283038617
0.5676626159
0.7210197671
0.6447847016
0.6250792167
0.5180140232
0.5551707760
0.4626920480
0.4717205915
0.4857192488
0.6217177666
0.6481428932
0.6682978816
0.4940897014
0.3302253560
0.4135972570
0.4006436809
0.4429971619
0.3556908776
0.4052544838
0.3097069308
0.1337923065
0.2362342408
0.2191050239
0.1907568620
0.2373342831
0.3154499580
0.3960084056
0.4382062810
0.4478414487
0.6471245645
0.8187494854
0.6243616951
0.5636639360
0.4866340706
0.3506490547
0.2435826990
0.1491859135
0.1660006535
0.3004224470
0.4058496651
0.3279059917
0.3949584959
0.3373491870
0.4471006637
0.3864237988
0.4605414052
0.3905416468
0.3728231593
0.3262207243
0.4785216550
0.4773126269
0.6218974599
0.6842491635
0.6986181569
0.6171258027
0.5721679596
0.5925379375
0.5994396867
0.5490383409
0.4248762045
0.4180580882
0.5898184104
0.4511933861
0.3883669743
0.3190616373
0.4045817944
0.4279382809
0.2692074947
0.3283030941
0.4091461762
0.1920807815
0.1744620837
0.1342794541
0.2741710474
0.2267813509
0.2414568282
0.3088584288
0.2232713251
0.1617969231
0.2731762105
0.3330097651
0.3586299122
0.2830533378
0.3024163851
0.3048153538
0.3578079966
0.2434458294
0.2113738756
0.2106435843
0.2595091209
0.1307116879
0.1589030857
0.2422212944
0.2099797658
0.2335473601
0.4706680986
0.5469631672
0.6493759383
0.5879858807
0.6865965880
0.7433471611
0.6766904766
0.7765695225
0.6954451300
0.5628963952
0.6006304260
0.6527012859
0.6117993347
0.5910054301
0.5943070463
0.5317631647
0.6893170202
0.5121232553
0.5897848388
0.6217035053
0.6377355379
0.6013342132
0.5460810034
0.5898233446
0.6717807212
0.7819890172
0.7188150096
0.6425239653
0.6231927607
0.6280469183
0.6352689640
0.6598606595
0.6585057288
0.6615372341
0.6737270023
0.6983540144
0.7690160466
0.8806374758
0.8091324813
0.7140217464
0.8023063878
0.9034030827
0.8886905517
0.8700486103
0.7454673905
0.8189122978
0.9184307167
0.8971889104
0.7856152762
0.7998395837
0.7048959452
0.7192181091
0.6816067498
0.6781614865
0.5869879021
0.6140299853
0.6196417629
0.7664734294
0.7714930947
0.8443619625
0.8107380526
0.8124340512
0.8220651825
0.7645784228
0.6398154792
0.6454088332
0.6782269732
0.7966448872
0.7460875702
0.7724046212
0.6327474519
0.6691407696
0.5413351639
0.3760450744
0.3983594295
0.3645825656
0.4918080497
0.5215240864
0.4597470891
0.4559756565
0.3348027875
0.2932460906
0.4333447994
0.3306238572
0.4026350207
0.1545867728
0.2303979913
0.2296895332
0.1266851910
0.2036287867
0.2794869608
0.1106071942
0.1839528346
0.2139742397
0.1319266770
0.3206732723
0.2886915057
0.2730555022
0.1985523133
0.3012107359
0.4786576071
0.5354554983
0.6261171545
0.7759792592
0.7428698765
0.7685620513
0.6305164000
0.7130230074
0.7002718345
0.6757433103
0.7013246860
0.6037652237
0.6081167887
0.4185774508
0.5765130889
0.6455651378
0.7112053349
0.7164609197
0.6607544118
0.7373777637
0.8347998369
0.8691339546
0.7632998554
0.7284922483
0.5592358864
0.4617529863
0.3230220515
0.2975212302
0.3040008164
0.2867677596
0.3965996406
0.5260854027
0.5648313330
0.4993098115
0.4509808890
0.2758793814
0.3280026266
0.3205785884
0.3564690751
0.2077201556
0.2781588665
0.2976314073
0.2064147950
0.2620105720
0.2947915973
0.2548124921
0.3520682679
0.4003243859
0.4011997025
0.4129675851
0.4667769822
0.4028723942
0.3237810401
0.2343486438
0.2762399183
0.2014971676
0.2594783934
0.2425959112
0.1634212329
0.0784507473
0.1560370125
0.1239934937
0.0478998324
0.2503362661
0.1188352006
0.1616082474
0.2193543021
0.3095284550
0.4507632688
0.2987508991
0.3974226932
0.3359864465
0.1535887202
0.1639627640
0.1105455030
0.2299878222
0.2981695139
0.3873200137
0.5082563982
0.6244627282
0.6341322646
0.6902955051
0.6602362759
0.6311588436
0.6140628111
0.7403785858
0.7283425531
0.7002407637
0.4995105648
0.6607130470
0.6064124967
0.7583511914
0.7997999976
0.7851337779
0.7906239052
0.8138978075
0.6896193706
0.7561246083
0.8424656496
0.6888683348
0.6238189950
0.6906645496
0.6491834848
0.7125681550
0.7369014277
0.6683315595
0.6708396276
0.5545605412
0.4769932667
0.5118546192
0.4801962387
0.6169274019
0.5865385521
0.6831006565
0.7988929299
0.8583571479
0.6956368825
0.6967244018
0.7792631107
0.7547486204
0.6956197324
0.7414332162
0.6377926197
0.5772050463
0.6122994174
0.6225740755
0.6030359177
0.6256492387
0.6844472628
0.5241475575
0.5423704634
0.5869193711
0.6224780307
0.5198284730
0.3633459653
0.3653804562
0.2948715461
0.2894763554
0.2267764531
0.1354312929
0.1284539793
0.1249005619
0.1504118762
0.1425228471
0.2231350002
0.2352168858
0.2456977588
0.2574508684
0.3393373105
0.4074682686
0.3578040561
0.5032855073
0.5014345193
0.6611736660
0.5491623921
0.5758508194
0.6212377181
0.7627277065
0.6697345241
0.6960839466
0.5842555590
0.5874719212
0.6477906715
0.6637921472
0.7066161581
0.5673332330
0.4543945416
0.4284193621
0.2725687557
0.2127899021
0.2159076249
0.1392925092
0.2534902200
0.2168636892
0.3767986444
0.3036240418
0.2522862358
0.1365071119
0.1042570399
0.2395594110
0.2881387398
0.2919864943
0.1984795971
0.1938165484
0.3389431827
0.2630882068
0.1492865908
0.1835655712
0.1831404898
0.3766511227
0.2269201083
0.3199239580
0.3617155628
0.6312588268
0.6778106559
0.8012062630
0.7477210685
0.6215039300
0.6786515321
0.7511683574
0.9680513184
0.8256116357
0.7496390499
0.7962191543
0.7999059636
0.7177423589
0.6997170639
0.6317439337
0.6522491598
0.7041617259
0.6695265523
0.7912591208
0.7558536588
0.6668102440
0.6991703345
0.6262462259
0.7258539618
0.7631313482
0.7080650961
0.6831306142
0.6698853028
0.6613433693
0.5984479341
0.7532631909
0.6140010960
0.7078577650
0.7042399617
0.7400455263
0.6749486278
0.7020432958
0.7695750161
0.7391537383
0.6327105294
0.6982312295
0.7541336076
0.8153069075
0.7625040903
0.8572212067
0.8962120307
0.9125965307
0.8778331100
0.8257833760
0.7344454810
0.5448862534
0.3728193845
0.3095719068
0.3981246474
0.4380504125
0.2373815884
0.1679709632
-0.0142362708
-0.0894464369
-0.2274640631
-0.3070919343
-0.2926354747
-0.2331212937
-0.2993991046
-0.3209298662
-0.2609398168
-0.1671818217
-0.2561132349
-0.3184024636
-0.3187305447
-0.1681117210
-0.1578749595
-0.2630813661
-0.1553073972
-0.2628885389
-0.3405660649
-0.3241154449
-0.2610496129
-0.4042780437
-0.4217421461
-0.5346394595
-0.4861536082
-0.4127996306
-0.3172383443
-0.2223696018
-0.2205750935
-0.3186265511
-0.1771477465
-0.1647026079
-0.1848556845
-0.3981277820
-0.5227419718
-0.4823974795
-0.5173307783
-0.4678558284
-0.5767792003
-0.6052404726
-0.7552283026
-0.8190445951
-0.7446141347
-0.6101493637
-0.5472167331
-0.5678063664
-0.4530275792
-0.2865669961
-0.3228766990
-0.3278625922
-0.4003287519
-0.3209450492
-0.1411249295
-0.1945585112
-0.1863885401
-0.2826686862
-0.2861194599
-0.2476493165
-0.2112333034
-0.2129011188
-0.1283428805
-0.1481813988
-0.1760412132
-0.3811870731
-0.3170698143
-0.2939765599
-0.1504174691
-0.3899076306
-0.3356166474
-0.3189488836
-0.2124553661
-0.2416476480
-0.3207135455
-0.2457588211
-0.2634665350
-0.3638318423
-0.2426667736
-0.1183866833
-0.1723746053
-0.1080703181
-0.3084381888
-0.2961206106
-0.4550983060
-0.3527664670
-0.1917210273
-0.1783782982
-0.1342285462
-0.2684327935
-0.3804563182
-0.2792758106
-0.2273066049
-0.1607334427
-0.1982610645
-0.0792630749
-0.1633562866
-0.3053724910
-0.2006582155
-0.2530967497
-0.2191307489
-0.1853029145
-0.1734618576
-0.2534005105
-0.1887962992
-0.2255264669
-0.2957233576
-0.2475570587
-0.2580173288
-0.2946691878
-0.2520119445
-0.1668382225
-0.2078817747
-0.1908829739
-0.2112281119
-0.2635378816
-0.3971483175
-0.4340297453
-0.5374649139
-0.3136730243
-0.2788468224
-0.1850168831
-0.2322127836
-0.3855017532
-0.3008074491
-0.2923720420
-0.5415977764
-0.5032905152
-0.3408744019
-0.0952775066
-0.2055947019
-0.3475275217
-0.4070760589
-0.5931131331
-0.6265311617
-0.5728422602
-0.6106812790
-0.7600640864
-0.8336641150
-0.8471876887
-0.8301978587
-0.7954965175
-0.7745025828
-0.8255930306
-0.5549842509
-0.7696926680
-0.8796552219
-0.7935222310
-0.6115021065
-0.6298601169
-0.6765000249
-0.7971231859
-0.7562324052
-0.7116218015
-0.7974846836
-0.6838741761
-0.8215377363
-0.7482452879
-0.9170998252
-0.9312265840
-0.9382731727
-0.7151401918
-0.6210809155
-0.6581227443
-0.5771043603
-0.6709594148
-0.7271072209
-0.6612304268
-0.7188232494
-0.8066181532
-0.8347275393
-1.0142923181
-0.8902468151
-0.8186052464
-0.7018984255
-0.6159046235
-0.6534505467
-0.6025832074
-0.3552131688
-0.4405943113
-0.5127799486
-0.3835024975
-0.5945851118
-0.5802695416
-0.6760665876
-0.6161203220
-0.6964644222
-0.7608762998
-0.7884755025
-0.8810067287
-0.7858438329
-0.7754994150
-0.6625418222
-0.7082738902
-0.7024691556
-0.6898027061
-0.7373496117
-0.6704075265
-0.7184441785
-0.6185282504
-0.6129314049
-0.5380064307
-0.5809828333
-0.6883670349
-0.9065856359
-0.7428361245
-0.7308181003
-0.7485539384
-0.6907802762
-0.7901029103
-0.6361334075
-0.4782212416
-0.2381434378
-0.1512668146
-0.2437453404
-0.0920282401
-0.1117510141
-0.1302157166
-0.1458084835
-0.1912500965
-0.1288697605
-0.2060782715
-0.2164742923
-0.2424093077
-0.1238457826
-0.0726541362
0.0932548417
0.1686972163
0.2198786006
0.1665303990
0.3030895319
0.3866398857
0.3305302102
0.2671371142
0.3124061367
0.3364775433
0.4111940756
0.3417763977
0.2688507770
0.2385884486
0.2109867030
0.2492040147
0.2460336317
0.3458326070
0.4600459208
0.6577916922
0.6765224657
0.6969906428
0.6077654474
0.6247587932
0.6347451799
0.6513434526
0.7198889590
0.6941457299
0.6411400941
0.5765466456
0.5585381417
0.7500442522
0.6889548375
0.7223707321
0.6453241419
0.7928812593
0.7799118586
0.7908091652
0.6438663749
0.6660258885
0.7775575953
0.6932736749
0.6085885190
0.6424078806
0.6760625377
0.5958394690
0.5171430563
0.3067883215
0.2931016658
0.3173860667
0.3362025439
0.3780913855
0.2955838461
0.4610205005
0.5100724220
0.5200290144
0.4572271886
0.3322865306
0.3419943147
0.2297276470
0.2459220344
0.3643725944
0.2635166520
0.3159371859
0.4362542397
0.2669061521
0.3235799948
0.2775914787
0.1924708665
0.2452992304
0.2417497648
0.0840820324
0.1273124518
0.2714505819
0.3181606544
0.3420302662
0.2730094486
0.2290986997
0.1878143722
0.1797212649
0.0732260594
-0.0181900956
-0.1396334396
0.1819947484
0.2853953070
0.3619334891
0.3461487164
0.3429389324
0.2260652354
0.2166998256
0.1753415880
0.0768952547
0.1412973747
-0.0708972415
-0.1223288624
-0.1750601073
-0.1661759025
-0.2048650852
-0.3095399751
-0.2858652089
-0.3764116850
-0.5517079517
-0.2776245947
-0.3023749906
-0.4095649406
-0.2768315872
-0.3903710505
-0.3454014174
-0.2615448350
-0.3482893643
-0.3157236294
-0.2806163160
-0.2019211394
-0.2971007739
-0.2008161381
-0.0946168380
-0.2006215855
-0.3340758909
-0.2396487746
-0.1831788999
-0.2826073697
-0.1518792685
-0.1385802534
-0.2512367609
-0.3793175282
-0.3309800724
-0.3583867984
-0.2454815917
-0.3035254781
-0.1965544867
-0.1994371413
-0.1344612678
-0.1543803506
-0.2491531335
-0.2967291663
-0.1723795017
-0.1835253048
-0.1533975978
-0.1983500993
-0.1411398660
-0.2889921804
-0.1309620783
-0.2170710060
-0.2004219122
-0.2446393003
-0.2904617044
-0.3414177261
-0.3141419286
-0.1097030327
-0.1998430248
-0.3046283502
-0.1351846881
-0.1461942437
-0.2506725137
-0.3099226731
-0.2312020370
-0.3689385918
-0.2192910063
-0.2158179229
-0.1413783829
-0.1132272466
-0.1308135033
-0.1018753210
-0.3296898869
-0.3002228019
-0.2091767268
-0.1719447143
-0.1489111581
-0.1943314622
-0.1537485911
-0.1570926962
-0.2235675421
-0.3012627705
-0.2806510752
-0.3159042857
-0.3839121561
-0.4153205565
-0.3766737270
-0.3933651492
-0.3775549690
-0.2705810892
-0.1644853732
-0.2253741100
-0.2680867001
-0.1978668583
-0.2397748798
-0.1341020452
-0.1363922574
-0.1930495791
-0.2347466701
-0.2673110129
-0.1822782357
-0.1773021508
-0.2195867210
-0.3585860719
-0.2931206111
-0.2671277528
-0.1937672177
-0.2866434332
-0.2157884961
-0.2705261560
-0.2045251659
-0.1454099692
-0.2865384178
-0.2429923316
-0.2184664579
-0.2342515694
-0.3493346244
-0.2197314161
-0.2344294740
-0.3355312136
-0.2990654609
-0.2421807084
-0.2487192099
-0.3676025880
-0.5472861043
-0.2786242710
-0.1678086535
-0.2500095296
-0.1511479967
-0.1647334648
-0.1721165585
-0.1940014151
-0.1638391577
-0.1522665904
-0.1648146231
-0.3978317651
-0.2778216031
-0.2544564380
-0.4190960049
-0.4612234724
-0.4933076507
-0.5477201466
-0.6128539026
-0.6182858694
-0.8177627594
-0.9049223403
-0.9798294965
-0.8660651744
-0.7483120509
-0.7349884027
-0.6822622082
-0.6404689841
-0.7536990538
-0.7391127235
-0.7341298172
-0.8034053576
-0.7160141221
-0.7297909165
-0.7400163646
-0.8464337491
-0.6902447203
-0.6483133498
-0.7302683932
-0.7205930515
-0.6715233002
-0.8256764976
-0.7722684265
-0.6805832673
-0.8517575026
-0.7389628204
-0.7884471328
-0.7889614771
-0.7965607974
-0.6764774546
-0.6469602850
-0.6306862359
-0.7082665285
-0.6701121797
-0.7127167804
-0.7497794152
-0.6792182465
-0.7384371025
-0.8219922120
-0.8604606057
-0.8372273662
-0.8536953982
-0.8055521073
-0.6907274772
-0.7446160164
-0.6289677128
-0.6847440467
-0.8697752819
-0.8535693946
-0.7284134524
-0.5966428302
-0.5678389216
-0.6271408289
-0.7771453755
-0.8386206688
-0.9030890498
-0.7712978839
-0.6867319776
-0.6495166686
-0.8034230394
-0.8629577860
-0.8048925923
-0.7752771410
-0.7106342268
-0.7829842868
-0.6479172269
-0.7513857121
-0.7071933110
-0.7231722656
-0.7748187550
-0.6389930590
-0.6415534791
-0.6633896401
-0.5512908832
-0.4405833800
-0.6672564418
-0.4654124922
-0.2796557450
-0.3543656758
-0.2959871674
-0.3042757924
-0.2012706693
-0.2207054150
-0.2627437123
-0.3333332956
-0.3152895641
-0.3547546573
-0.3092702573
-0.3604133750
-0.3430687520
-0.2624374431
-0.2444644505
-0.1768815048
-0.2130193507
-0.1217957812
-0.1746085907
-0.2141994166
-0.2656740755
-0.2487673133
-0.3908919653
-0.4349239542
-0.3928331394
-0.2873730144
-0.3119641174
-0.3199603756
-0.2166253081
-0.0538901251
-0.0745947712
-0.0320477918
-0.1807873340
-0.1470824954
-0.2685767643
-0.2689599516
-0.3038440587
-0.3888213098
-0.3607092202
-0.1632897430
-0.1419390116
-0.2030419500
-0.2786233123
-0.0989025289
-0.1827792610
-0.3170429950
-0.3422391882
-0.3297565653
-0.3119149046
-0.3262467956
-0.2358092723
-0.1895196488
-0.1099960727
-0.0733179530
-0.1419201531
-0.1828212693
-0.1554107841
-0.2255014497
-0.3393177016
-0.2598717248
-0.0986490851
-0.2229807880
-0.3319960049
-0.1893508558
-0.3010298804
-0.3061726073
-0.2976500323
-0.3247126020
-0.3033094954
-0.4114069083
-0.6120263354
-0.7216546265
-0.6222854313
-0.6047379187
-0.5527192104
-0.5239073903
-0.7135566795
-0.7502458837
-0.7004052340
-0.7168396462
-0.8911056321
-0.7648936747
-0.7315424572
-0.7564425148
-0.6167742986
-0.7444939446
-0.7586897487
-0.8350733810
-0.9059864634
-0.7839048027
-0.9283012834
-0.8633355219
-0.8472255623
-0.7668206059
-0.7485135591
-0.7668591321
-0.9229062436
-0.8964154949
-0.8109950789
-0.6578904393
-0.5584343637
-0.2669775747
-0.2216021252
-0.1134803469
-0.1478094652
-0.2917382811
-0.2157947100
-0.2112162423
-0.2341733474
-0.3087040961
-0.2799819290
-0.1950229162
-0.1887154031
-0.2033689794
-0.3030956773
-0.2969373786
-0.2727498502
-0.2745006962
-0.2189331621
-0.1925687548
-0.2364258049
-0.1210021928
-0.2368966662
-0.2485649132
-0.2916847010
-0.3318713097
-0.2624683041
-0.4301877177
-0.3350028599
-0.3665684571
-0.4790521342
-0.4207801385
-0.4446386618
-0.3537396699
-0.4024975970
-0.2612135369
-0.2915540546
-0.2357855370
-0.2555046943
-0.2883397175
-0.3308656852
-0.4204900929
-0.2302335668
-0.1505081883
-0.1153846223
-0.1804284383
-0.0727636976
-0.1567504804
-0.1245972773
-0.1863759381
-0.1833762278
-0.2676355145
-0.2301965469
-0.2811573893
-0.2348338698
-0.2962770421
-0.4479657633
-0.3791002478
-0.3880596913
-0.4340254985
-0.3613976676
-0.4958308317
-0.5776339635
-0.3024349312
-0.1874902052
-0.2504424900
-0.2128391808
-0.2824058540
-0.3932573419
-0.3992222934
-0.3289909367
-0.2635316195
-0.2238252039
-0.0540395363
-0.1898715642
-0.0952927625
-0.0709722450
-0.0917009563
-0.1892288968
-0.2967998483
-0.5663652219
-0.3706070382
-0.5311141545
-0.5398189040
-0.5333556017
-0.5939725279
-0.5879012044
-0.6149572732
-0.7121826190
-0.5889679277
-0.7866997662
-0.7561208582
-0.7601938428
-0.6753436000
-0.7698748811
-0.6497473845
-0.8173386769
-0.8017876001
-0.7059357249
-0.7240507727
-0.7466941872
-0.7802912929
-0.8336966452
-0.8886762507
-0.9458277654
-0.9354011289
-0.8702963091
-0.7410946425
-0.8564885851
-0.8464321224
-0.7976566598
-0.7110420571
-0.6609068266
-0.6576914237
-0.6612717954
-0.5792077497
-0.4928362046
-0.3719206916
-0.3969547171
-0.1952384657
-0.1191732970
-0.1377349209
-0.2305581152
-0.3892621070
-0.2409471391
-0.2195533812
-0.0765503395
-0.1255282645
-0.1881325700
-0.1807274987
-0.2030669726
-0.2813051291
-0.3820878130
-0.2475387177
-0.0151000455
-0.0176040083
-0.1855284602
-0.1910399930
-0.2132565829
-0.2773062084
-0.2184277042
-0.4017018888
-0.4297340076
-0.4347799292
-0.3914809066
-0.3425516925
-0.2658241362
-0.2417474483
-0.2743828431
-0.3778731188
-0.3236069523
-0.3092672685
-0.3758281824
-0.2469004030
-0.3776577246
-0.3210513817
-0.2834928647
-0.1775064616
-0.3023529332
-0.1768316648
-0.2077152123
-0.2720137568
-0.3250533572
-0.3400981888
-0.3410170465
-0.1587179695
-0.1621207095
-0.1599644923
-0.2108896376
-0.2621783100
-0.3211835434
-0.2505798563
-0.3285290331
-0.2246076879
-0.0683557376
0.0067920440
0.1381255111
0.1562740674
0.2848685857
0.2464310664
0.2176887100
0.2431974710
0.2104878447
0.1178714677
0.3577956774
0.3287932322
0.2822961938
0.2769289091
0.2085727215
0.3917609501
0.2758197025
0.4552462062
0.2886532479
0.2553207698
0.3621862411
0.3826516782
0.4074358632
0.1343070475
0.1273811504
0.1714721860
0.1781982204
0.0791228627
0.0995709788
0.1383807276
0.3450494292
0.3628014427
0.4464190861
0.5119906020
0.5326467372
0.4154059109
0.4092023342
0.5116117329
0.4195486065
0.3607355207
0.3353497938
0.2613724715
0.1647199503
0.3015356345
0.3271888281
0.2339432725
0.2641292544
0.3472049053
0.2666399404
0.3827283779
0.5181151941
0.7192638959
0.7648677434
0.6269535706
0.6606528991
0.6655226755
0.6971549221
0.5760239156
0.5621522604
0.6881415153
0.4672907954
0.6726146796
0.6298879667
0.6281486899
0.7674462189
0.7779754647
0.5942329877
0.5328744960
0.5564302107
0.3962435956
0.5481580734
0.6196627836
0.3288091201
0.2755521015
0.5016625239
0.4909339530
0.4872989749
0.5237712807
0.4673551015
0.3115788823
0.3609853025
0.3365305736
0.3601339801
0.3218330761
0.3284002614
0.3543226580
0.2766879070
0.3497170544
0.3129423109
0.3014014363
0.2069219740
0.2187831041
0.1812733258
0.0877962860
0.1284390231
0.1335542632
0.0960818340
0.2576791815
0.1441407148
0.2813183265
0.2148318584
0.2971942428
0.3625620870
0.3509640431
0.3078746195
0.2472749959
0.4515768897
0.3753809561
0.3178474941
0.2450111030
0.3004545443
0.2641922349
0.2756628620
0.4052331053
0.4412113276
0.4878114640
0.4713151482
0.4262955578
0.4023311250
0.2959744474
0.2814947324
0.3473165027
0.2297202524
0.3680867685
0.4723734802
0.4940378946
0.4223466253
0.3218873251
0.3840031042
0.4125227156
0.3362227857
0.2965372374
0.1485622599
0.2098800864
0.1310026663
0.2518651124
0.1525800902
0.1866242192
0.1989673504
0.2137417639
0.3099582104
0.5822227855
0.5467391111
0.4474310366
0.6004628357
0.6526506884
0.5820680212
0.5316224278
0.6701658498
0.7578318714
0.6961765504
0.6409337441
0.5103511767
0.5908171468
0.5471169331
0.7066430573
0.6460739917
0.4978204847
0.5796517757
0.4567348490
0.6098778877
0.4537369655
0.5340214292
0.4585982711
0.4639505882
0.6125525667
0.6031755764
0.6485826807
0.6504100676
0.6840695336
0.7809289286
0.7363398968
0.7510652498
0.9082232894
0.8786561152
0.7763060804
0.7113516136
0.7784294456
0.7041701701
0.7397577302
0.6830556670
0.6386344383
0.6250026851
0.6653045615
0.5586774384
0.6241596976
0.6726540544
0.5905578301
0.6920753066
0.7147594117
0.6372964413
0.6951962335
0.5413947509
0.6881780421
0.7269934042
0.8002375671
0.9647030465
0.9426344813
0.8758284957
0.9013199092
0.8011998334
0.8275635305
0.8672967765
0.8986371306
0.8556230822
0.8394742915
0.9283714871
0.8318103283
0.8511032094
0.7845214196
0.8031241635
0.7916803839
0.6366212805
0.8518726485
0.7595248302
0.5153931735
0.6416180894
0.6219745870
0.7797722873
0.7732442249
0.7870718886
0.6328221047
0.6082099977
0.6189911828
0.6188922428
0.7631043029
0.7526218254
0.6934469164
0.8986647395
0.8865128890
0.7744044068
0.8868048504
0.8737602168
0.7802870065
0.6683122876
0.6156695495
0.7195793743
0.7547987026
0.5869157469
0.6507758232
0.6258771992
0.6904000504
0.5752959941
0.5707107207
0.5781369682
0.6135676969
0.5365051675
0.4840002498
0.4595613896
0.4664249534
0.4850542889
0.3394138604
0.3023882307
0.2968078560
0.2640708191
0.2980982920
0.2473987254
0.2614778555
0.1457542104
0.1372411111
0.3791419178
0.3202814354
0.2794921963
0.3738951041
0.3799617977
0.4412704050
0.4548700256
0.3530967317
0.1755568971
0.2779358617
0.2030070923
0.2489379792
0.3829821528
0.2866323216
0.2248501734
0.3541007603
0.4119989499
0.4870713226
0.4667723010
0.4344929884
0.1929150710
0.1651248901
0.2851250775
0.4786589532
0.2386735677
0.1289295475
0.2949126541
0.3434381135
0.4381146368
0.4285059508
0.4959345220
0.4294142719
0.4532526212
0.5529098189
0.5970239896
0.5407206841
0.4145282187
0.3884919846
0.2331947905
0.3088199596
0.1608226953
0.2219281320
0.2418005510
0.1662592968
0.3427044759
0.3725922171
0.3071213147
0.2911212981
0.3076274242
0.4124498238
0.3343761218
0.1948129978
0.1880367637
0.2776720356
0.2023491203
0.1384985466
0.2485974410
0.2496678949
0.2137225282
0.2995375547
0.3917012599
0.4414737719
0.4842613346
0.4691223042
0.2539474977
0.4797369431
0.5859114071
0.7397570497
0.6814897554
0.6246093274
0.6883621616
0.6239052906
0.7086699240
0.6512032526
0.5899007774
0.7251399708
0.6737083816
0.5721780328
0.4175116187
0.2722700855
0.3008973231
0.4201764018
0.4908874168
0.3718766725
0.4558676660
0.3461587401
0.1714377979
0.1582204485
0.1242137296
0.1838946588
0.1478236962
0.1963951154
0.1365586263
0.1703896658
0.2217949919
0.1788965217
0.2965140461
0.3893619317
0.3683257185
0.4040131230
0.2493279162
0.1635459579
0.3390709320
0.3108458492
0.1979385323
0.3237349992
0.2215114550
0.1753286898
0.3184780433
0.1405470196
0.2783046188
0.3483923517
0.2866350535
0.0963636564
0.1073374959
0.0940823079
0.2360282065
0.2079903574
0.3010508054
0.3698023329
0.4144953558
0.4528644213
0.5925256114
0.4964570857
0.6527167786
0.4635436869
0.5016316445
0.4166415524
0.4678456429
0.4318231261
0.3214693671
0.2637495775
0.1678499232
0.1128673326
0.1449569020
0.1706305796
0.0936619457
0.1597823318
0.2723327528
0.1297602238
0.0363866860
0.1709130548
0.2340624271
0.1110477089
0.1461087344
0.1175009759
0.2852985899
0.1569865280
0.1822324268
0.1981488963
0.1240363120
0.1711153920
0.0994178316
0.2330240642
0.2453710099
0.0991969425
0.2405321668
0.1830543955
0.3012393848
0.1590950578
0.2922261057
0.3424558966
0.3373740535
0.2211136768
0.2942882917
0.2789704598
0.4344867469
0.3479433193
0.2680849284
0.1992770248
0.1765587462
0.1219839237
0.1481125203
0.1015739718
0.0976201096
0.1682566151
0.2209682390
0.3041233957
0.3176137768
0.3279210908
0.4672702968
0.6355286523
0.6876583071
0.8492424720
0.7924104475
0.8337280406
0.7658822330
0.7015467859
0.6333765218
0.5453117487
0.6126699068
0.8105953971
0.7383535574
0.5643512419
0.6882886229
0.6160683450
0.7654339736
0.6474208427
0.6826919858
0.5830511186
0.4326227906
0.2834070306
0.2838878375
0.3448070535
0.4099959383
0.3795469222
0.2430535895
0.1985084737
0.2070682190
0.1676106077
0.0956934936
0.2825124573
0.3030143649
0.3047388419
0.1256703358
0.1870413566
0.0257008787
0.1562637245
0.2228120423
0.1526415617
0.3017788624
0.2048945821
0.1685370539
0.2108916084
0.2410847807
0.2541357997
0.2585128653
0.2083136086
0.1574693721
0.1986981935
0.1742124879
0.0672620183
0.3203837088
0.2371875365
0.3605646826
0.2759303675
0.2925518660
0.2189438614
0.3800764369
0.3704098298
0.2618600127
0.2264500547
0.2366964238
0.4308028534
0.3222819414
0.4975169618
0.4740305036
0.4700273080
0.2331565799
0.2946142616
0.2313919463
0.2378137276
0.2651867214
0.2108105545
0.2213383810
0.1805714736
0.1905999274
0.2872362595
0.2892497794
0.2352937476
0.1982625962
0.1396314906
0.1859951684
0.1611124545
0.0735650787
0.0955916619
0.0153920782
0.0330743554
0.1443576126
0.2971969426
0.2831200747
0.2290489443
0.2002098764
0.2352229898
0.1146444113
0.1417812302
0.2282576227
0.2837806172
0.1832726381
0.2758753132
0.2160872062
0.3342469818
0.2245283513
0.2790663088
0.2285339010
0.2839598656
0.2073207256
0.2917469348
0.1265765050
0.2599861049
0.2751360502
0.1592663167
0.2768928074
0.1184689953
0.2736458442
0.2857829154
0.3146223347
0.3007294092
0.1576677132
0.1287463920
0.2590726435
0.3441771347
0.3125659078
0.3670266661
0.0068186405
-0.1018128069
-0.1501784788
-0.2174151119
-0.1047360548
-0.2967059742
-0.2277324899
-0.0912615309
-0.3199475213
-0.3450572251
-0.3048204744
-0.2910203910
-0.2286070454
-0.1621758074
-0.2290651296
-0.3040036856
-0.3297719367
-0.3482825967
-0.3899212030
-0.4037574001
-0.2776896538
-0.3188516360
-0.2010758843
-0.2162913365
-0.2748975269
-0.2994008612
-0.4962681454
-0.4171924042
-0.3162299073
-0.2032643078
-0.2345779193
-0.2691271350
-0.2480515766
-0.2987104703
-0.3720195824
-0.3864049288
-0.2959390450
-0.2350378879
-0.0581661580
-0.1917268140
-0.2572708808
-0.2711193220
-0.3151343245
-0.2454697020
-0.3039305789
-0.2244631569
-0.2216344475
-0.2305287580
-0.2559077563
-0.1726249808
-0.0974862750
-0.1551674463
-0.1751118325
-0.2074490711
-0.2108608922
-0.2480347978
-0.1620028654
-0.2029511687
-0.2937381971
-0.4525495639
-0.3461142853
-0.3242542772
-0.3068778799
-0.2723899265
-0.2840483243
-0.2461251977
-0.2723877689
-0.2833128753
-0.1701762482
-0.1274471256
-0.1641399902
-0.1692592525
-0.1881177550
-0.3172892708
-0.3080593357
-0.3713333602
-0.3871238476
-0.4298200401
-0.5522256372
-0.6785469731
-0.7407259807
-0.7808382503
-0.7117642347
-0.5378860426
-0.5589531426
-0.5096855741
-0.5570979412
-0.6155822841
-0.6915905580
-0.7284643301
-0.7329784604
-0.8307077633
-0.8307266081
-0.8559531629
-0.8509051715
-0.8503391427
-0.8764396999
-0.8350833321
-0.7254008265
-0.6483487350
-0.7612432446
-0.7475742819
-0.8109492538
-0.7963139914
-0.7321515696
-0.7547704397
-0.7034719319
-0.7172262835
-0.7278464955
-0.5909007615
-0.6889411257
-0.5981625086
-0.5212723881
-0.7013794787
-0.6021415963
-0.6952707267
-0.7812129343
-0.7240327565
-0.6755461294
-0.8015345058
-0.7537313287
-0.7353284576
-0.8023575716
-0.8016266079
-0.8573676047
-0.8025861017
-0.7741415182
-0.6806729431
-0.5664249480
-0.6928945106
-0.6958374813
-0.6372502927
-0.4820964262
-0.3663489037
-0.3147054982
-0.2899586374
-0.1536003471
-0.2025240923
-0.1836918384
-0.1875714571
-0.1725589978
-0.3064785266
-0.4162912473
-0.2843751934
-0.2673417101
-0.3868264951
-0.3117745771
-0.3151157660
-0.3000343250
-0.2184045856
-0.1646991174
-0.2140677945
-0.2982342517
-0.5359315831
-0.6541007233
-0.6770378103
-0.7783774059
-0.6500925267
-0.5932047187
-0.6606536837
-0.7321213093
-0.7898200633
-0.8114094774
-0.8332745030
-0.8925445522
-0.7968818562
-0.8561447555
-0.6817678882
-0.8068375540
-0.7914553835
-0.7082178493
-0.7070114875
-0.7443905683
-0.7224651824
-0.8166694051
-0.7653764619
-0.8564965277
-0.8576474863
-0.8950630286
-0.9414035043
-0.9135086616
-0.8900658005
-0.8751941742
-0.6479935187
-0.7363153282
-0.7558741202
-0.7901229576
-0.7765491213
-0.7372542798
-0.7554880453
-0.7132255104
-0.8550810305
-0.9727270588
-0.8996361379
-0.9828985646
-0.7914171482
-0.9415333402
-0.8023144466
-0.7717650960
-0.6728197880
-0.5587274537
-0.6878921363
-0.7015360549
-0.7712751406
-0.8325826462
-0.8408655629
-0.7721114214
-0.6030749348
-0.5424895094
-0.6794305282
-0.6730275806
-0.6585730090
-0.6781069477
-0.6522927996
-0.7417753128
-0.8720273816
-0.9474788623
-0.7929904706
-0.7297582142
-0.7849865849
-0.6799151043
-0.7675910782
-0.7551982327
-0.9327411652
-0.8807034008
-0.8759918567
-0.5749717213
-0.6137738789
-0.7801604928
-0.7590733619
-0.7139243408
-0.6572318231
-0.7656444478
-0.8390367111
-0.6511248837
-0.6842768495
-0.7434231999
-0.6613196264
-0.6042701904
-0.7444161446
-0.8250387588
-0.9062855580
-0.7753664518
-0.6515962995
-0.8057413285
-0.7709130000
-0.7804597549
-0.7266167337
-0.7884768702
-0.7184489396
-0.6335808715
-0.7333250893
-0.7985516263
-0.7631904671
-0.7317265801
-0.7405420997
-0.6846488108
-0.7094682327
-0.8087570101
-0.8495162082
-0.8753689974
-0.6447012685
-0.7384672416
-0.6748626648
-0.6840016850
-0.7572033209
-0.6992625720
-0.7131087314
-0.8013232939
-0.7831821197
-0.8275858467
-0.7539733074
-0.5565063188
-0.5898853148
-0.7283332997
-0.7035577517
-0.5012821371
-0.6558271257
-0.7197281516
-0.6559037090
-0.6833279708
-0.8181046444
-0.6554427290
-0.5938803786
-0.6335503646
-0.7648464402
-0.7214389884
-0.7284813492
-0.5407539118
-0.4238789149
-0.3390407440
-0.2543181750
-0.2377011128
-0.1681589735
-0.2688003781
-0.2371641365
-0.2217173840
-0.3222629362
-0.3663716558
-0.2709105192
-0.2363473111
-0.1919187027
-0.1779532724
0.1318210932
0.3166366093
0.1107265036
0.0066410067
-0.1540652196
-0.2241755730
-0.3032018203
-0.1939011127
-0.3181360395
-0.2790259211
-0.2807895239
-0.2987948238
-0.2189854396
-0.2210134619
-0.2492053539
-0.4139890740
-0.3248338549
-0.2065220296
-0.2159248394
-0.3144384812
-0.3487853411
-0.5863712867
-0.6505553907
-0.6667053855
-0.4841572577
-0.4760684260
-0.6029895968
-0.6072698837
-0.4445543617
-0.4843151991
-0.4683683998
-0.3171993887
-0.2522777337
-0.2344808234
-0.2075093198
-0.1753601959
-0.1267160125
-0.1634040441
-0.1421927553
0.0019126876
-0.1802734578
-0.3391995473
-0.3849562701
-0.2977947498
-0.4618659151
-0.4804791749
-0.4511377663
-0.3399019583
-0.3274429682
-0.2051801143
-0.1397086856
-0.1118646095
0.1035164052
-0.1997104237
-0.2386065519
-0.2136580574
-0.2280157681
-0.2575223145
-0.1409317656
-0.2345156293
-0.1550533107
-0.2592069748
-0.1339826911
-0.1354229234
-0.2069805589
-0.1998251644
-0.1783639066
-0.1412541070
-0.1228686459
-0.1206830375
-0.2241632918
-0.1357853416
-0.2299660725
-0.2419341363
-0.0837126623
-0.2040526879
-0.2563940001
-0.1685405622
-0.2430235063
-0.1288378371
-0.0866802416
-0.1211124145
-0.1923398874
-0.1860175656
-0.3448742598
-0.5262940240
-0.6273778686
-0.7847050394
-0.7755353503
-0.6248002204
-0.6501035800
-0.8362353979
-0.7935151228
-0.9361303340
-0.7950717078
-0.8228018627
-0.7099758673
-0.7297809891
-0.9272126300
-0.7792012277
-0.7406983382
-0.5933959958
-0.7480904442
-0.7816832995
-0.7154375741
-0.7547257741
-1.0068149247
-0.8604052918
-0.7491001469
-0.7359869368
-0.6951241606
-0.7083611030
-0.6984917619
-0.5771548200
-0.5281454962
-0.4975854377
-0.3810158409
-0.4031159592
-0.3818586039
-0.2416919257
-0.3162045324
-0.3191004162
-0.3387760716
-0.2172236075
-0.3675527188
-0.2192298026
-0.2420981784
-0.2382273393
-0.1880599908
-0.1745915915
-0.1754035638
-0.0886669726
-0.2099838453
-0.1507164223
-0.1147344572
-0.2028121119
-0.1719179397
-0.1764050820
-0.1682497594
-0.3197540962
-0.2258407446
-0.3138389876
-0.3139234459
-0.2801110243
-0.1014448012
-0.0168166662
-0.3505476916
-0.2156537156
-0.1581041049
-0.2134146064
-0.2800712393
-0.4365292677
-0.3436222441
-0.3557097541
-0.4622056178
-0.5919288653
-0.5221262595
-0.6180608241
-0.6213089341
-0.6548093907
-0.6638594657
-0.6730315388
-0.6818081702
-0.5223120366
-0.6243790436
-0.7364768114
-0.8089270883
-0.7448837132
-0.7085891181
-0.7829774254
-0.7356127842
-0.8758891071
-0.9083012498
-0.8046253418
-0.6666785955
-0.6245101031
-0.7585112897
-0.5789856949
-0.6886218339
-0.5790944550
-0.5827469115
-0.4950354633
-0.4007990784
-0.4119752234
-0.3238870933
-0.3425457882
-0.3052244500
-0.4061943736
-0.3073243854
-0.1873783521
-0.0935597389
-0.1550671242
-0.2698357918
-0.2789220751
-0.2826016930
-0.5767113545
-0.4444779732
-0.4092361329
-0.2717914288
-0.1977402024
-0.3950988699
-0.1745164420
-0.2732447642
-0.2794626556
-0.4633149171
-0.4624459139
-0.3774181082
-0.3281379276
-0.3109381088
-0.2779632879
-0.2096914398
-0.1941145670
-0.2184628020
-0.3303738904
-0.2559585094
-0.1691620777
-0.2142566213
-0.1429565151
-0.1930545782
-0.1890853249
-0.2341662210
-0.2497243330
-0.1289430598
-0.1718229189
-0.1690260471
-0.0867422861
-0.1784969060
-0.2342183008
-0.3540590086
-0.3938958067
-0.3976334350
-0.4937175024
-0.6130041745
-0.4604851306
-0.2965509675
-0.3000458498
-0.1300042451
-0.1251944625
-0.2251275582
-0.2390138028
-0.2977132870
-0.3295852231
-0.4050472115
-0.4072837898
-0.2798940893
-0.2559648256
-0.2095110162
-0.2421411480
-0.1720563732
-0.3020884682
-0.2230482973
-0.2627540558
-0.2076636035
-0.3033770722
-0.2188312118
-0.3083746844
-0.2629881014
-0.1135665894
0.1099576502
0.1977493565
0.2458425023
0.2256675052
0.3107988653
0.2565381959
0.2507460899
0.1779156691
0.1232720540
0.2806755692
0.4339013513
0.2979152271
0.1545463932
0.2151260129
0.1278504592
0.1234224399
0.2449833222
0.1867797930
0.3331831510
0.3377719135
0.1909127214
0.3047255351
0.2811398598
0.2180649946
0.1545502140
0.3006778683
0.3261676933
0.4725247711
0.4734807442
0.5516633384
0.5918478278
0.6533327208
0.7806861248
0.7199894745
0.8576714176
0.8013372009
0.8495892321
0.8317928216
0.8863725625
0.7851599294
0.8351353038
0.7217969729
0.5835647488
0.6454881410
0.5530898897
0.5950866060
0.6357802153
0.5555418364
0.3780645391
0.4174176764
0.4896149922
0.5625444633
0.5659166870
0.7176342552
0.7165677686
0.6841473181
0.6458239065
0.6911959572
0.7780904266
0.6901784690
0.8758012884
0.7969472493
0.7241102680
0.7479149568
0.7435368458
0.8250324359
0.7729251605
0.7413010187
0.6773917658
0.5590685951
0.5952764088
0.5645813672
0.7464418536
0.7682742466
0.7272091359
0.8160703170
0.7981625432
0.8512237025
0.8944752836
0.8520576652
0.7498084062
0.6602189630
0.6368014000
0.6889833126
0.7681228799
0.6487052210
0.6179857302
0.5109047291
0.5473794367
0.4631854824
0.4221259767
0.4237070258
0.5115830732
0.5658121313
0.4444440517
0.2880411377
0.4708264359
0.2000771349
0.2165579358
0.2086787445
0.0840292412
0.1788227353
0.2101690469
0.2522916601
0.3060559715
0.0928123472
0.3720612264
0.4021543172
0.5135786427
0.5384662149
0.6517861828
0.6717780194
0.5756470990
0.5048589733
0.7242735345
0.7339031477
0.9076296023
0.8719688507
0.7590096707
0.6124417126
0.4528005602
0.4651780365
0.3627134999
0.3710869959
0.3830673023
0.4259971565
0.4102706398
0.4358764116
0.4609110912
0.2407614767
0.3278498486
0.4329159569
0.4095478094
0.3757077674
0.2673950670
0.1914769343
0.1655332917
0.2553006395
0.2138351479
0.2089140604
0.2020131619
0.2807762966
0.1665277800
0.1980069800
0.1886816299
0.3208812692
0.2330834773
0.2654600420
0.4005594436
0.5231378249
0.4910066425
0.7225533906
0.5938994967
0.4707735434
0.4545617018
0.6019893749
0.7219466464
0.6443447139
0.7029097059
0.6738872237
0.7663924580
0.8316575805
1.0081973987
0.8403257008
0.7842871083
0.7340312318
0.7533516294
0.5979474741
0.7379215325
0.7221571038
0.6762602432
0.6673258072
0.6695662986
0.8556901456
0.9147341442
0.8564472542
0.8461300846
0.9067298652
0.8997200645
0.9660324478
0.8736218266
0.9614092325
0.9753526379
0.9113720214
0.8927569130
0.6354276884
0.6919418469
0.5524871102
0.6311819756
0.8147234484
0.8820156271
0.7701314215
0.8230818565
0.8577049990
0.7461952098
0.7836978529
0.6757254243
0.8014725355
0.7530137318
0.6631527697
0.6512053915
0.5254778642
0.5221721773
0.6237825179
0.5250678773
0.4095297314
0.3117479811
0.2489097103
0.1705670858
0.2427192138
0.2210235496
0.2854419036
0.1751525864
0.2635127278
0.1351096431
0.1912564809
0.4144383086
0.3355186133
0.3383615906
0.5995114728
0.6380088538
0.6446366555
0.6337088785
0.6407582808
0.7155162481
0.5199663019
0.4535381771
0.4439690811
0.2181645359
0.0910839841
0.0963166959
0.1470908567
0.1986628181
0.1710197736
0.1796077097
0.1990490013
0.2532454456
0.3085826390
0.3083012152
0.3487658933
0.3462691260
0.3623310237
0.3473028674
0.2183142977
0.2439529509
0.2928573853
0.2467224188
0.2339606055
0.1757703656
0.2606468834
0.3160617460
0.3047911819
0.1082738471
0.0332857420
-0.0858117657
-0.2313212175
-0.1620750727
-0.2621730413
-0.2419316321
-0.2691948904
-0.1826667438
-0.2415276891
-0.1988970904
-0.2687032145
-0.3245517970
-0.3150464936
-0.2953240511
-0.3546248009
-0.2640179157
-0.2700614322
-0.2862016522
-0.3843871834
-0.2608338158
-0.2675550919
-0.2811225953
-0.2904106025
-0.2725585865
-0.2620049329
-0.2089793704
-0.2820081840
-0.2986023649
-0.1781091066
-0.2453652731
-0.3638934570
-0.2960730470
-0.3000429968
-0.3115638332
-0.1499903420
-0.1821281848
-0.2026293589
-0.1324257148
-0.2795424943
-0.2352774957
-0.2285451255
-0.1526963563
-0.2483756350
-0.3077084257
-0.2658517072
-0.0680959548
-0.3368859628
-0.1546865505
-0.2772460287
-0.3331884396
-0.3067816630
-0.3302215097
-0.2564981047
-0.2745206899
-0.2381186218
-0.2227969017
-0.3540953730
-0.4239590958
-0.4578586292
-0.4815136270
-0.5985293060
-0.5827189961
-0.5680552054
-0.5002472191
-0.2920183123
-0.2318213344
-0.1704240872
-0.2520715056
-0.1310782911
-0.2280373618
-0.3112976779
-0.3929790962
-0.3003709065
-0.3508782716
-0.3129802653
-0.3892200431
-0.3126153149
-0.2822412635
-0.3782187273
-0.2172259873
-0.3956532369
-0.3474805181
-0.3660585756
-0.1948946854
-0.2017051402
-0.2386261421
-0.1011987524
-0.1911609024
-0.1636665850
-0.1947816895
-0.2955247455
-0.3453050801
-0.2369536879
-0.1904799351
-0.2868097496
-0.2087029576
-0.0518063885
-0.1510260597
-0.2647318715
-0.2928519994
-0.2984355520
-0.3489718072
-0.2523634965
-0.1055195933
-0.0925393307
-0.2153298493
-0.3131867453
-0.3216676020
-0.1944168735
-0.1647423440
-0.2333608628
-0.1029534893
-0.1766685253
-0.2425667675
-0.2453375408
-0.3303822787
-0.2148766307
-0.2255955562
-0.2564233007
-0.1687282046
-0.1688080549
-0.1950985053
-0.1991103631
-0.2349822970
-0.2274155932
-0.2285592223
-0.2021860129
-0.2021450771
-0.2420745730
-0.2335400161
-0.2983716772
-0.2727202022
-0.3321178144
-0.2964372883
-0.2827645382
-0.1345482583
-0.1041009962
-0.3620010052
-0.3119436784
-0.3119531390
-0.1725792953
-0.1482498435
-0.1943542837
-0.3055893015
-0.4016848120
-0.3655042336
-0.4364640630
-0.4981984676
-0.5647498124
-0.6251903754
-0.9207688339
-0.9481932188
-1.0002244842
-0.9165392720
-0.8783862639
-0.8976227643
-0.7656762552
-0.7419515335
-0.7954159638
-0.6859124916
-0.6592405834
-0.6691708722
-0.7681888576
-0.7988059649
-0.6135556353
-0.4868917439
-0.5134169498
-0.6804490034
-0.6293165927
-0.6706556936
-0.9734796397
-0.9612520956
-1.0710723945
-0.9906902166
-0.7436782595
-0.7589576900
-0.8052086136
-0.8004196333
-0.8340137952
-0.9530943802
-0.7705495000
-0.8502600863
-0.8031565019
-0.8681707110
-0.7900964925
-0.7901394506
-0.6404394571
-0.7806557242
-0.7341809575
-0.6397558177
-0.5808419810
-0.6221161490
-0.7674124707
-0.7846544934
-0.7731929005
-0.6994210240
-0.6268264596
-0.4649382503
-0.4835708814
-0.5312748549
-0.6643904538
-0.7164830898
-0.6592461384
-0.6283185959
-0.8260581681
-0.8287487277
-0.7907454911
-0.7596920340
-0.7615061123
-0.7233001174
-0.7260473936
-0.7286600470
-0.6357405444
-0.6969425002
-0.7555769350
-0.8993247275
-0.8831378716
-0.8994379472
-0.7747198036
-0.7251771167
-0.7765551686
-0.9310450874
-0.7916265377
-0.7704029179
-0.5912691055
-0.7416797645
-0.7346589154
-0.8080549924
-0.6654123388
-0.7180295172
-0.7423484843
-0.6807828272
-0.6322095330
-0.7308915427
-0.6213762641
-0.5755473338
-0.5046669412
-0.4852434941
-0.7583429099
-0.8490941053
-0.6509566849
-0.5820015270
-0.4753752239
-0.5038478568
-0.6014796048
-0.6082880659
-0.6903176715
-0.6127253732
-0.7690148615
-0.5213068785
-0.6955103859
-0.6217191723
-0.7241658367
-0.6451726339
-0.6710915594
-0.7387977582
-0.6170703406
-0.6508675670
-0.7203754024
-0.6925157848
-0.6003499445
-0.5169704425
-0.6709462945
-0.6870735154
-0.7471919756
-0.6408808562
-0.6287059086
-0.6813565093
-0.6747423990
-0.7384709144
-0.7393153344
-0.8022919292
-0.7422625929
-0.6937059617
-0.5126185121
-0.3593447438
-0.3702161368
-0.3063118164
-0.4505051726
-0.3459249349
-0.1875375273
-0.2438193244
-0.0819975157
-0.1714383909
-0.1671052947
-0.3277014735
-0.1898969337
-0.2444581492
-0.3308899625
-0.3109454896
-0.2020328301
-0.3645453025
-0.2236489963
-0.3412682091
-0.3518008951
-0.2397420651
-0.2671503440
-0.2475539257
-0.1514186328
-0.1616242423
-0.1244339726
-0.0311058868
0.2521328976
0.2734117866
0.4599606587
0.3711311264
0.1858657565
0.3154307393
0.2255370391
0.1440101845
0.2435952874
0.2087210231
0.3339216460
0.2928630898
0.3172730442
0.4672517329
0.4441491898
0.4497216625
0.4402677600
0.5114076906
0.5884552654
0.6066726829
0.5291912155
0.5560168397
0.5228130641
0.6685976683
0.6319985898
0.6601965734
0.6868399935
0.6857876645
0.8182839912
0.6674110370
0.6989523864
0.6236266352
0.6179285901
0.5663862657
0.5461546984
0.4920189246
0.3771156978
0.2697430495
0.2160611423
0.2209486354
0.0278281570
0.2712012622
0.2701733667
0.3499385880
0.2448848981
0.1462125373
0.1979600325
0.0681374444
0.1228546649
0.1530691378
0.3285774495
0.4056716945
0.4113771730
0.4589592223
0.4611706158
0.2739412650
0.2811763450
0.2003946717
0.3018507619
0.2787738698
0.3383392947
0.1690532032
0.2598954288
0.3261944105
0.3447178465
0.3585329430
0.2012363855
0.2715817456
0.2824792808
0.2453339875
0.4191608905
0.3505448521
0.3466863544
0.4114145262
0.3328566554
0.4428018758
0.5623888319
0.4624030193
0.4224802077
0.3038496940
0.2365963323
0.3352914588
0.3623779951
0.4619812852
0.3396130060
0.3673372400
0.3096587673
0.3015703159
0.2623160833
0.4138614285
0.4375554252
0.5350158840
0.6308849914
0.5218064150
0.6109600979
0.5755709520
0.5450866018
0.5758482016
0.6048969557
0.5340372159
0.4607769678
0.4019705960
0.3064448941
0.2494219082
0.2241998270
0.2773089077
0.4154165025
0.5506592072
0.6893474664
0.7892548696
0.8187649056
0.7936645311
0.6316751171
0.4821151324
0.4973900692
0.5685403752
0.7176847294
0.7693467220
0.6361721972
0.5600416464
0.4981135544
0.4830666283
0.3640900199
0.2749910031
0.2056958913
0.3550598992
0.3441245394
0.2528252134
0.4290310170
0.3243843340
0.4265504386
0.3872728175
0.5225790817
0.3347114268
0.4509952387
0.3153092256
0.2952127151
0.2022742497
0.1852977446
0.3998495543
0.3025391371
0.1183504005
0.3086211013
0.4003199130
0.3495533012
0.2226740557
0.3054123686
0.3400217976
0.1598530008
0.1590381410
0.1353674785
0.2326958794
0.3461677755
0.3545575587
0.2971242887
0.3702415182
0.3287067206
0.3575424998
0.4367033377
0.3472010112
0.2809463125
0.2347821538
0.3541440841
0.3926625185
0.3045651248
0.2918128141
0.3068035302
0.3219171826
0.2619944050
0.3524197388
0.3355069769
0.2660421200
0.2046218569
0.3111294413
0.3285437444
0.2129888338
0.3346286780
0.3460032520
0.4004532484
0.4519697293
0.4388350345
0.4256081982
0.3515089818
0.4445477709
0.5313776456
0.4156736508
0.4530103753
0.3521118519
0.5024557277
0.6130193408
0.7720285786
0.7764565961
0.6489579962
0.8636843760
0.9858609400
0.9975282929
0.8165567327
0.9841505525
0.9511677535
0.8786195996
0.7122503799
0.7700149530
0.6276174506
0.7973893766
0.7735298943
0.6683891421
0.7277183249
0.9030994097
0.7174924148
0.6633505554
0.6891975480
0.6001803961
0.7105788769
0.7065317177
0.7524832375
0.9529675496
0.9398324405
0.7821959940
0.8240721222
0.8295367485
0.8469687228
0.8076828898
0.6909453218
0.6088622219
0.5190071450
0.5522400767
0.7046144483
0.6479138778
0.6750276919
0.9085833611
0.8291972978
0.7926762414
0.6047514700
0.5859570920
0.4420643313
0.3617652937
0.4652822313
0.4550693133
0.4193278756
0.3424916365
0.3261950774
0.2209960821
0.2698805380
0.1677426402
0.2010002830
0.2090209354
0.3700493250
0.4886505805
0.5758457600
0.5273127148
0.5012056443
0.6023388754
0.5558476060
0.6424541193
0.6037076305
0.5844145559
0.4599698548
0.5155387504
0.5938637858
0.6843441513
0.8426141931
0.6798558234
0.6698783166
0.4587143917
0.4177783116
0.2824082299
0.2557401905
0.1858869899
0.2625759326
0.5386521960
0.7376380528
0.6142506575
0.5709319018
0.6082765873
0.5760661139
0.2622754612
0.2224095548
0.1971628886
0.2595934348
0.2057698646
0.1297450651
0.2011561603
0.2981091735
0.1493055156
0.0915149525
0.0658925074
0.1313967769
0.3347695796
0.2349660289
0.2758076876
0.2707372346
0.2493175195
0.2852582769
0.4595811279
0.3832890843
0.2383148838
0.1769124758
0.1864291353
0.1771137902
0.1670309320
0.1437006170
0.1776125129
0.1853896704
0.2668495319
0.3278868035
0.3084687088
0.2939410206
0.3366995181
0.3034292383
0.1535086669
-0.0144039328
0.1506162738
0.1724064612
0.1385463814
0.1347958482
0.1861648408
0.3124039062
0.3414898284
0.1151721267
0.1958671515
0.1908021108
0.1888682793
0.2514171696
0.2044601781
0.1698077137
0.1322823322
0.2140557395
0.3289024547
0.2329711603
0.3934353950
0.4976348320
0.3266364970
0.4189758722
0.4673898099
0.4342258267
0.5113477026
0.3551280790
0.5597034236
0.5941986288
0.5375745017
0.5783031431
0.5720056769
0.5296540029
0.4341180086
0.5171598172
0.5167265027
0.5691590602
0.6531319420
0.7244724433
0.5758402617
0.4252174701
0.3819441253
0.4019975315
0.3600291104
0.4570209675
0.5053963804
0.4261740583
0.6462635633
0.7337079739
0.7327404638
0.7240717283
0.7656115926
0.6720432639
0.7309004557
0.5393609210
0.4632796480
0.3794827846
0.3469522007
0.3515613686
0.3358285565
0.3939424815
0.3361474545
0.1852627848
0.2245129771
0.1555985053
0.2341850165
0.2906549884
0.2804372502
0.2280925777
0.2408478359
0.2020706554
0.4593395099
0.4370320556
0.5232746652
0.4671388889
0.5700066827
0.6217313783
0.5985033111
0.5746304727
0.7212032926
0.7705686344
0.8864369111
0.7930029373
0.8053638464
0.6933254852
0.9089762963
0.7398299103
0.9332337291
0.9007142107
0.8145234715
0.7896012623
0.8042475096
0.8198448190
0.7863800206
0.7197977482
0.8246773912
0.8047646409
0.8268602997
0.8429621094
0.9044362952
0.7337138493
0.6885408492
0.8432674275
0.7678199998
0.6294897451
0.6717316515
0.7941201696
0.7665470418
0.6089329272
0.6168759832
0.7405741847
0.6586118906
0.8226101566
0.7355727627
0.7633710827
0.7781148169
0.7761649414
0.8239596612
0.8164636488
0.8347177476
0.8893336894
0.6637976491
0.7485117862
0.7656132926
0.7683443654
0.6952073320
0.7610548517
0.6796279135
0.6638326278
0.5071575616
0.5607673176
0.6712707645
0.5742074826
0.4976750275
0.4322639178
0.5044830598
0.4468325103
0.3875827762
0.2241107713
0.2981560957
0.2195201415
0.2680010317
0.3087463645
0.2975306283
0.3743741477
0.3367828832
0.3719773856
0.6959403169
0.6532946138
0.6012171191
0.5923055417
0.4137355692
0.3870865180
0.3203751566
0.2818375381
0.3072533818
0.2252679441
0.4142319381
0.4921570006
0.4521912734
0.3000956600
0.4304452340
0.5912717698
0.6612615777
0.6754947802
0.6540012360
0.5855853188
0.7854217109
0.8388706971
0.6425953251
0.6104303012
0.5940719048
0.5531797624
0.3866383006
0.2606850667
0.4272353993
0.2607274162
0.1867732220
0.4160576944
0.4625321740
0.4403449825
0.5499071791
0.6217385387
0.7503760429
0.7231501069
0.6021509584
0.5629352159
0.5225821190
0.5494007103
0.6626441312
0.7110165420
0.6425324701
0.7266873882
0.6666919127
0.6540266437
0.7675273879
0.6615077412
0.4448271032
0.3337169153
0.4768180685
0.6648187989
0.5760821166
0.5566437736
0.5325670600
0.4085671699
0.4249514438
0.3703104846
0.4287029826
0.4061658497
0.2837657944
0.3545298679
0.4028886817
0.6371664776
0.7004795530
0.7405415841
0.6443017724
0.5449511283
0.5658105367
0.6420057461
0.4034413806
0.3847446174
0.3392306506
0.2737375457
0.2596124008
0.4139245361
0.3984481499
0.3523184082
0.4207347335
0.4282148263
0.2677336885
0.3250129387
0.4145394972
0.3918352208
0.4131246950
0.5111628021
0.5199471707
0.5954044939
0.4710129660
0.3806534110
0.2538538399
0.2940572214
0.2988938170
0.2882365825
0.2203208780
0.4101789448
0.4136377960
0.4558750540
0.4930896781
0.4845547136
0.4076623604
0.2591879263
0.1595534175
0.2988190860
0.4809690273
0.5077663633
0.3378550592
0.1615142161
0.1652720266
0.2382333747
0.3629210868
0.3877671750
0.4446679195
0.4478456860
0.4196679883
0.4088689792
0.5201542917
0.5117462778
0.3934114727
0.3340111900
0.2205926494
0.3447100640
0.1792980836
0.1544363798
0.2868266382
0.4232540631
0.4630414013
0.3622962641
0.1800032694
0.0770070634
0.3094181580
0.2981422014
0.3202245663
0.3373188159
0.3394585765
0.4065786536
0.3219277003
0.3341541431
0.2125284668
0.2449296432
0.2561228367
0.1806699239
0.1387637069
0.1590631177
0.1442629645
0.1053675033
0.1980573265
0.1868407720
0.1895059061
0.2707695854
0.2213182325
0.2097082507
0.2791574256
0.2335708321
0.2126554609
0.2912666121
0.2375444670
0.2923676664
0.1812769365
0.1929686625
0.2021499255
0.0793236481
0.1270283226
0.2254856805
0.0896646517
0.1884445214
0.2408221651
0.2463845015
0.2148724976
0.2793410964
0.3040995282
0.2646163045
0.2766261509
0.3032876626
0.3540248615
0.3534170912
0.3544765263
0.3760639472
0.4332153126
0.4439046409
0.3154098372
0.3020818491
0.3169707514
0.2052241244
0.2370424719
0.2515117618
0.2368992785
0.3786079866
0.3129540589
0.5173873149
0.6323858073
0.5847961379
0.4809831375
0.3435934688
0.3026371645
0.1708829956
0.3186831055
0.4025876086
0.4309244792
0.3487607806
0.3326549115
0.3152097998
0.2864048399
0.2209248464
0.3592069524
0.3156735108
0.4363592522
0.3788596557
0.2721731087
0.3554222877
0.5227971164
0.5743964124
0.6629777451
0.5749007014
0.5818789193
0.5016070360
0.3181611074
0.3862034824
0.2300033371
0.1823266717
0.0928544840
0.1523967336
0.1699196697
0.3611065042
0.3834727687
0.3224607820
0.3310136623
0.6105725035
0.5599794831
0.6565306483
0.3575273990
0.5513481156
0.4684475526
0.5765100486
0.6400140810
0.6756471264
0.7238272627
0.7981746983
0.7860851890
0.8758980517
0.8125848672
0.8063699461
0.5417938030
0.4718634488
0.4710325085
0.5311706043
0.4928768429
0.6086250373
0.7710500267
0.7125400644
0.6478730191
0.6361579380
0.6311465025
0.7520122024
0.7561097198
0.9269120009
0.7264748405
0.7356656182
0.7235025444
0.5972061239
0.6605556623
0.5069744122
0.4413789314
0.5433212281
0.3693686128
0.2609443915
0.2842546640
0.3831209937
0.4961934832
0.6019862664
0.3814466476
0.2336905389
0.3631908642
0.4709379512
0.3473265306
0.2513217250
0.1400782062
0.1089169914
-0.2021734116
-0.3679581441
-0.4224692815
-0.5506208886
-0.2654136850
-0.2440048501
-0.2281265283
-0.2028982621
-0.2634137153
-0.1027090648
-0.1853484024
-0.2259479197
-0.3490186554
-0.2690744048
-0.3819553984
-0.2918665149
-0.2201729226
-0.3203056879
-0.3790343033
-0.3000298137
-0.2452211691
-0.3157934015
-0.3532729669
-0.5463199062
-0.4970749985
-0.2910609963
-0.2335175522
-0.2362021330
-0.2182301962
-0.2843551328
-0.2204908546
-0.1924859413
-0.3914907747
-0.5187380783
-0.4849057191
-0.6211758562
-0.7238554413
-0.6651671547
-0.7007332214
-0.7173059156
-0.7400167442
-0.6557855473
-0.6090260986
-0.6834098301
-0.7367228439
-0.6743106165
-0.7265901004
-0.7325358985
-0.7293227253
-0.7381755181
-0.8419939207
-0.6814925390
-0.7235995598
-0.6143989519
-0.4392838167
-0.3843443400
-0.4063593497
-0.3649852872
-0.1874168146
-0.1318223619
-0.1399727167
-0.1495541676
-0.2333263748
-0.2601239784
-0.1614872889
-0.3339834972
-0.3804398577
-0.4496787675
-0.3452338745
-0.4337519100
-0.5142708418
-0.3515781608
-0.1493219195
-0.2022810017
-0.1771796254
-0.1688771387
-0.2000116509
-0.2563807660
-0.2431068385
-0.3605270863
-0.2837220840
-0.1655682870
-0.1623226110
-0.2713116852
-0.1456188245
-0.1447993634
-0.2428354958
-0.2671725290
-0.1289652111
-0.1427555182
-0.1984990095
-0.1932373242
-0.2262417939
-0.2209875016
-0.1811159764
-0.2044831086
-0.1925534175
-0.2336057134
-0.1495846449
-0.2789433801
-0.2599252751
-0.1735137248
-0.1734625857
-0.2801386852
-0.4054973908
-0.4917835052
-0.2685381091
-0.2445927848
-0.2680201245
-0.1801471494
-0.3582241069
-0.2809220324
-0.1190166735
-0.1327491987
-0.1318487567
-0.1874313904
-0.2385194210
-0.1542820434
-0.1267787639
-0.2870788295
-0.1975699679
-0.0901109351
-0.0837027617
0.1867462217
0.2635929061
0.3084293105
0.4251048161
0.3212236307
0.3717459299
0.3925640007
0.2912287818
0.3849797293
0.4812193812
0.5806723053
0.5932299729
0.5644303278
0.4497305734
0.4162880000
0.3753880420
0.2547985046
0.4520397605
0.3150248420
0.3038879088
0.1789019238
0.2798897463
0.2706618293
0.4685159587
0.4064575139
0.2135240459
0.2289070458
0.1519560413
0.2057562053
0.3120402063
0.4467406550
0.4585562305
0.5654951863
0.5981853529
0.3981806343
0.3662785881
0.4488005237
0.4046734465
0.3926229601
0.3601286956
0.4450537712
0.6186930469
0.5583210608
0.6382684085
0.6749718778
0.5582994672
0.6212845883
0.8437841889
0.7344174102
0.6881644268
0.8015012967
0.7830143557
0.8662601790
0.8109127284
0.8589388772
0.7119757718
0.7501647238
0.7337343358
0.8842143651
0.8000670240
0.7662999895
0.7039114213
0.8733309570
0.8704412846
0.6992478266
0.7203728191
0.8507641781
0.7601983550
0.7551667669
0.7177316146
0.8241711566
0.8177360988
0.7492563687
0.8978973911
0.9478284068
0.9949953663
0.8486902345
0.8246821911
0.7610772609
0.6909943029
0.6598834627
0.6578625398
0.4069775196
0.3156322243
0.2272576236
0.1944735798
0.2929531943
0.2389229599
0.3209649484
0.4070168335
0.3868115891
0.4729915115
0.5514044994
0.7005139954
0.5239903047
0.6550301901
0.5821479370
0.5707917776
0.5184320344
0.5900410462
0.4618255710
0.5201512005
0.5241404309
0.5470749807
0.7648587769
0.7244840406
0.7949201482
0.8977962763
0.8483374985
0.8308343307
0.8311263647
0.9081265706
0.8342571166
0.6373038982
0.6738545695
0.7338901334
0.7103085622
0.8946160326
0.9740969062
0.8563097002
0.8293235768
0.9567416102
0.8971551236
0.8292555969
0.6719895346
0.7472349614
0.8030062895
0.8113581159
0.6757111890
0.5514658056
0.6439939726
0.5458974835
0.4370433689
0.5457536142
0.8093085600
0.5238910284
0.6131178723
0.7112179305
0.7512386331
0.7214357704
0.7918740563
0.7444031873
0.7433094603
0.8368332366
0.7621287852
0.7054047413
0.6434686496
0.7733648631
0.8102436106
0.8504356896
0.7849735798
0.8054686014
0.7482690333
0.7189999639
0.7056396393
0.6380836223
0.6319705772
0.4780254245
0.3415630765
0.4081832597
0.3780737250
0.3358582305
0.1460054775
0.3263914638
0.3851269711
0.5142066909
0.6313210833
0.6427083594
0.8677558187
0.7934036936
0.7750828443
0.6745624808
0.6412667374
0.4842285481
0.6782670182
0.6795499837
0.6320267132
0.6464471812
0.5287188463
0.5705143448
0.5468131106
0.6783464765
0.6753785592
0.6119566427
0.5599855333
0.4115008106
0.5377027164
0.4901170148
0.4273945575
0.3303378323
0.4368610623
0.5363122849
0.5372285987
0.5702706424
0.3768710197
0.3749411477
0.2819195622
0.3304335235
0.4176380929
0.3932058207
0.3062392125
0.1613571633
0.1246276806
0.2411703353
0.2186033904
0.3044091195
0.2306476924
0.3054625428
0.2547825871
0.2816716363
0.2350306783
0.3862753983
0.3915700546
0.4959762900
0.4577070429
0.2919206417
0.2082009326
0.1998571198
0.2834744135
0.2477025021
0.1987679575
0.2067680347
0.4520985848
0.3589569750
0.3613067094
0.2577354780
0.3690214623
0.1974495090
0.1781281133
0.1124887708
0.2321486108
0.3441372423
0.3726288511
0.4605742028
0.4758555596
0.4246795587
0.4296129176
0.5017756913
0.5764037973
0.3805017466
0.4562232173
0.3618750292
0.2680253274
0.5270702043
0.4990481408
0.4620664381
0.5581732234
0.5177958766
0.5300774849
0.6984352648
0.5997675246
0.5932630445
0.5154028266
0.5241017829
0.5109399803
0.4570593069
0.5953728175
0.5730222217
0.5624855093
0.6301582713
0.5755627023
0.5527772659
0.5607781212
0.6555859458
0.5360430955
0.3787325664
0.2567863106
0.1909601905
0.2706030151
0.1626489407
0.0899315109
0.1605618967
0.1437234170
0.1883484688
0.2568572213
0.3116345195
0.3236532196
0.1702788731
0.2219119638
0.2295267042
0.2524003195
0.2587460028
0.4629167428
0.3892763149
0.5343282951
0.5990262790
0.5297071435
0.6171835740
0.7096679209
0.8636791756
0.8076603789
0.8182706920
0.8315328468
0.6541843475
0.5160502733
0.4223580443
0.3220575619
0.3414065609
0.3010175204
0.2922327957
0.2634201252
0.3361386150
0.2369460111
0.3055543130
0.4168589554
0.4740409676
0.5558282161
0.5964725405
0.6025846350
0.6484778367
0.6464780909
0.8751596262
0.7991468058
0.7898203719
0.7564458834
0.7331214675
0.7365254131
0.6516565601
0.8319938294
0.8142395727
0.7553218849
0.7962238086
0.7484922007
0.7974767653
0.7195393497
0.6116915699
0.5588569880
0.5082018044
0.5132793863
0.4451850467
0.6257924396
0.7003679172
0.7251386340
0.7058377658
0.7199755965
0.6148114756
0.7701717993
0.7242623169
0.8265963417
0.7820550350
0.7065309396
0.7306069198
0.6787311619
0.4935598270
0.5269490477
0.6776573107
0.5166346900
0.3801435154
0.3492708805
0.2750695756
0.3537432570
0.3238741217
0.3237203009
0.3365947208
0.4309597368
0.4480895026
0.6584339931
0.6102974717
0.6302030403
0.5338121081
0.4972429213
0.3435106290
0.2583922235
0.1432412238
-0.1037471282
-0.1233550255
-0.1413926240
-0.2381726604
-0.2219716551
-0.1429441625
-0.2139814502
-0.2770062185
-0.1943257287
-0.2937109750
-0.1353690088
-0.2325524836
-0.1952462775
-0.2979930841
-0.2878068032
-0.2613133727
-0.2035804966
-0.2597518638
-0.2067177623
-0.2538172143
-0.3101208943
-0.3178635013
-0.2781857615
-0.2238775033
-0.2272697559
-0.2453934771
-0.3290170568
-0.3056576825
-0.4254009826
-0.2516196647
-0.1796875117
-0.2129870213
-0.1555657941
-0.1653681012
-0.1721904354
-0.2019634829
-0.1296689359
-0.2228013388
-0.1769558492
-0.1973410048
-0.2406388995
-0.3265808689
-0.3188115088
-0.1957118287
-0.2731426409
-0.2106908555
-0.2654853109
-0.1590318910
-0.2264657698
-0.1873998516
-0.2404837887
-0.1604902182
-0.1780196493
-0.3020625904
-0.1882453403
-0.2351705987
-0.2606552338
-0.2108114588
-0.2364052963
-0.2047708725
-0.3742118518
-0.2661760130
-0.2056577728
-0.1675204793
-0.1853472562
-0.1718002697
-0.3547839778
-0.3570609288
-0.3072233601
-0.2929700663
-0.3095789065
-0.2318513832
-0.1960539945
-0.2121586324
-0.1992320663
-0.2003106907
-0.1704582204
-0.2766737114
-0.2333460016
-0.2691227026
-0.3424228756
-0.2762461057
-0.2088031433
-0.2546406385
-0.1409335013
-0.2212533300
-0.1364228055
-0.1120139543
-0.1049093191
-0.2332714961
-0.2014016099
-0.2506120273
-0.1204167309
-0.2180316133
-0.1520915877
-0.1214653636
-0.2669786785
-0.1542671589
-0.1849976326
-0.2244867328
-0.4778228298
-0.6288630724
-0.6200725739
-0.5460172265
-0.3331937278
-0.4101423141
-0.4599546831
-0.3795429154
-0.3346322825
-0.2412305221
-0.2980091856
-0.2976615743
-0.2300216696
-0.1208628714
-0.1780809296
-0.0908262810
-0.2717260022
-0.2990885889
-0.3591155155
-0.3079706418
-0.2577529594
-0.2058608251
-0.3018171693
-0.3583377507
-0.3272176234
-0.3431277671
-0.3057475260
-0.1745497710
-0.2016391092
-0.1970553061
-0.3810407042
-0.4040635457
-0.4259608615
-0.5005124066
-0.4761714431
-0.3805979135
-0.3487172506
-0.3772108502
-0.5161657462
-0.6443005171
-0.7491099417
-0.8468480296
-0.8023170772
-0.6668687527
-0.7875891549
-0.7846209678
-0.8323251488
-0.7824818774
-0.8699710981
-0.6700669550
-0.6147134841
-0.6608333189
-0.5861707880
-0.5192941606
-0.5358543920
-0.7727631358
-0.7576281526
-0.8208613852
-0.7796919670
-0.8494277882
-0.8770841599
-0.8229596934
-0.8890939642
-0.8769040716
-0.8798073909
-0.8303792386
-0.7331636787
-0.7019327651
-0.8321663909
-0.9351635954
-0.9630276304
-0.8494074996
-0.7458566177
-0.7704387442
-0.7204522371
-0.7124626135
-0.7949911129
-0.7695194914
-0.7934544052
-0.9603367864
-0.7222794520
-0.6556746924
-0.7018786535
-0.8480070852
-0.6987559251
-0.8307582654
-0.8119676719
-0.8300555078
-0.7588779997
-0.7827997276
-0.6559611616
-0.7395487025
-0.7147488952
-0.8262019915
-0.9219294810
-0.8149967583
-0.7829320115
-0.7751542182
-0.7969608160
-0.9096895877
-0.6848846617
-0.6976217810
-0.5792568840
-0.6876176480
-0.6914723358
-0.5853814183
-0.5446153182
-0.5892207553
-0.7398305266
-0.7952131113
-0.7432011184
-0.7869125719
-0.6898718347
-0.7072368693
-0.5458325469
-0.6104851222
-0.6720014439
-0.6453368510
-0.5681539189
-0.3396237415
-0.3964741790
-0.4312340914
-0.4071329232
-0.4431086617
-0.4202860779
-0.3167506927
-0.3517907790
-0.2547605325
-0.1804973816
-0.3665818693
-0.4600704703
-0.2825781318
-0.2906007502
-0.3472028104
-0.2124320056
-0.2706356092
-0.1989399643
-0.1988347204
-0.2093632695
-0.2805819290
-0.2444315793
-0.0794417085
-0.0995687180
-0.1846258141
-0.2766860924
-0.2492198964
-0.1654108320
-0.1999415445
-0.1162364825
-0.2530840435
-0.2910676939
-0.3406945926
-0.2427476706
-0.2784476494
-0.2000483555
-0.2062748791
-0.0421245224
-0.1921773776
-0.2194845756
-0.4105284133
-0.4327951311
-0.3327300586
-0.3105986263
-0.3437485313
-0.2288639363
-0.3540630976
-0.3119540792
-0.2854789707
-0.2360191963
-0.0742855238
-0.1580055373
-0.1945555762
-0.1925350190
-0.2345305716
-0.1945213377
-0.0414065134
-0.2218059937
-0.2068684572
-0.2041529654
-0.2563412520
-0.2755357339
-0.3445659991
-0.2325902893
-0.2661795500
-0.2144789618
-0.4218415409
-0.2717144974
-0.1816066939
-0.1503612002
-0.1971265854
-0.2266449950
-0.2578768724
-0.2751719281
-0.3062889203
-0.1308091145
-0.2433765300
-0.4189350384
-0.3623909487
-0.3410150351
-0.3552701309
-0.5743285503
-0.5944984602
-0.7473984838
-0.6658592646
-0.7108251364
-0.4876003355
-0.2721257324
-0.1852980071
-0.1698002535
-0.1766425330
-0.2497862260
-0.1309254318
-0.2131618522
-0.1294912955
-0.1219776791
-0.1801710381
-0.1531652690
-0.3443516440
-0.4150064395
-0.3551513282
-0.4052600903
-0.3563410762
-0.3575341228
-0.3683346934
-0.4193837457
-0.3408533229
-0.3866964052
-0.1765265043
-0.0938662735
-0.1800666739
-0.2629414611
-0.2243434147
-0.2129433250
-0.0566882919
-0.1120552874
-0.1492742804
-0.1630182224
-0.2015946339
-0.1363307556
-0.1667176792
-0.0754328422
-0.1607407347
-0.3467268564
-0.2492115324
-0.1461535107
-0.1900105812
-0.1489899917
-0.1143871603
-0.1732845712
-0.2593035932
-0.2441642801
-0.3060529823
-0.2885943877
-0.1939603628
-0.1828944945
-0.1964712169
-0.2575807178
-0.2518127663
-0.2004215952
-0.3076633078
-0.2753066520
-0.1721593650
-0.1795607010
-0.0908657977
-0.2715806265
-0.2569426928
-0.3620196860
-0.2078195316
-0.2454355076
-0.2094712116
-0.1916094779
-0.1167215485
-0.0484457934
-0.1180516116
0.0693033929
0.1451540243
0.1983568450
0.2491791324
0.5044460644
0.6070864920
0.6937521372
0.6425589818
0.6391098066
0.7985679658
0.7305594897
0.6629853004
0.6445371996
0.3705039759
0.4339603723
0.4688708340
0.4593355760
0.3647136863
0.1923772637
0.2981476035
0.1838652035
0.3204782986
0.2781631374
0.3136361374
0.2034897865
0.2908584948
0.2694568735
0.3024492090
0.4056426589
0.3961163567
0.4136243486
0.4229857338
0.4496079016
0.5492927436
0.7078253356
0.7696597059
0.6777375295
0.5362215402
0.6563495689
0.7368766477
0.6897812977
0.7326962620
0.7787041798
0.7844772269
0.7662936968
0.8319580561
0.7337782656
0.6316922487
0.5607811570
0.5704662616
0.6259416961
0.7112127331
0.7344675687
0.6215748893
0.5330357131
0.3959629151
0.3476627554
0.4139087970
0.3144333580
0.2619498632
0.3331052846
0.2745074655
0.3298614006
0.3001590956
0.2377378407
0.3271874378
0.2413456954
0.2122765367
0.1998244620
0.2456172254
0.2004231494
0.2129662132
0.2067560776
0.1397908304
0.1576437963
0.0078435288
-0.0976414638
-0.1576730945
-0.2322490712
-0.1990354216
-0.1568854079
-0.1657334559
-0.1317345975
-0.1175640693
-0.1768971158
-0.0961395125
-0.2997740032
-0.4205637045
-0.5045740847
-0.3880289135
-0.3418116123
-0.3038645114
-0.2779900508
-0.3643503406
-0.3155378887
-0.2208823093
-0.1123060635
-0.1183416101
-0.1345153083
-0.1804414370
-0.1509973718
-0.1934143723
-0.3929898786
-0.6153860626
-0.6851641047
-0.7693667358
-0.8355961109
-0.6619703205
-0.7552654069
-0.7544723837
-0.8512031148
-0.8497679236
-0.9386478141
-0.8990033423
-0.6372296339
-0.6545927952
-0.5252210622
-0.6915872334
-0.6510887137
-0.7401277927
-0.8206922635
-0.8900014225
-0.9882323532
-0.9149481605
-0.7739716242
-0.6930121346
-0.8550185093
-0.8605534991
-0.7709967391
-0.9193717754
-0.8551996154
-0.8750062540
-0.8146505419
-0.8816987102
-0.7454318074
-0.7999272016
-0.8953657913
-0.9138936366
-0.8882943956
-0.7823540677
-0.7084215619
-0.7902000132
-0.7508264508
-0.7513069606
-0.6064577034
-0.5534462246
-0.5433180970
-0.5190076503
-0.5466054676
-0.6213069110
-0.5995997430
-0.7217672137
-0.6415194268
-0.7298941224
-0.5673702128
-0.6461514347
-0.6357012870
-0.6238428347
-0.7646162174
-0.8600634801
-0.7995271464
-0.6573508684
-0.8155708319
-0.7866540923
-0.7843697727
-0.7789891487
-0.8117842589
-0.7807873800
-0.7045803897
-0.8186319440
-0.8843095719
-0.8601349696
-0.8742130004
-0.8323003512
-0.7000539895
-0.6806776375
-0.7874868894
-0.7005325267
-0.7478882842
-0.7187544604
-0.6909025901
-0.7278885609
-0.7190444138
-0.7262681605
-0.7990342728
-0.7053709582
-0.8309493353
-0.8701770590
-0.8323226309
-0.7005237904
-0.4593829060
-0.3266595253
-0.1681069284
-0.1647148239
-0.2411882002
-0.3120906834
-0.3007439315
-0.3140621934
-0.2142863613
-0.2387622397
-0.2780723252
-0.2062767509
-0.1967910620
-0.3169255945
-0.2702642385
-0.3810688848
-0.2722628730
-0.3745011456
-0.4146659980
-0.3050579387
-0.1411479405
-0.1922629457
-0.3183847143
-0.3323847304
-0.4020267495
-0.4314560996
-0.4247969345
-0.4259212297
-0.5676696993
-0.4986518451
-0.5116222750
-0.5456516723
-0.6626267882
-0.6664483325
-0.5021670583
-0.5582963309
-0.4837908927
-0.4440224190
-0.4490465761
-0.3214060715
-0.4304757152
-0.4125151255
-0.3800513204
-0.3089089715
-0.2156044098
-0.1015410973
-0.1628521955
-0.2076115829
-0.2131449688
-0.2477629832
-0.1549686041
-0.1304592198
-0.1834720559
-0.1639568594
-0.3248205432
-0.2844456793
-0.2048888728
-0.2217778034
-0.2407268915
-0.2975179731
-0.3699173739
-0.2482844681
-0.1052715493
-0.0555869717
-0.1643717203
-0.3431696452
-0.4759597884
-0.2917540422
-0.2705576002
-0.1779578681
-0.1778267514
-0.1401598628
-0.1587935378
-0.2133256078
-0.1586898087
-0.1964127496
-0.1413245593
-0.4421101921
-0.3483592167
-0.3608238970
-0.1835200104
-0.1536376115
-0.1087613883
-0.1834961471
-0.2161146873
-0.2855020425
-0.2817128684
-0.2561383506
-0.2053549599
-0.1708423541
-0.1294241110
-0.2768153546
-0.3591615885
-0.2768198100
-0.3161644684
-0.4693886229
-0.5473338652
-0.2922805388
-0.2450607912
-0.1513551201
-0.1643975563
-0.1708953008
-0.2493670189
-0.1616238492
-0.2104244065
-0.1576988219
-0.1280252863
-0.2045842215
-0.1951976153
-0.2347861164
-0.1474150482
-0.1235183722
-0.1566394042
-0.1602024107
-0.1382779282
-0.1247393897
-0.0814222937
-0.1692489064
-0.1144974772
-0.2235715305
-0.0325888912
-0.0130072264
-0.0414917321
-0.1037355592
-0.2187357372
-0.2058181618
-0.1539693806
-0.2050651452
-0.0920908021
-0.2063241849
-0.1964024560
-0.1019251655
-0.2693142387
-0.2623874487
-0.1135834240
-0.2236946881
-0.2504418126
-0.2557598719
-0.1934374686
-0.2266303922
-0.2083213443
-0.1580747621
-0.3200892763
-0.1519977164
-0.1711656693
-0.1845340173
-0.2798930520
-0.2553861832
-0.3197409959
-0.3954644525
-0.3000855670
-0.2949837476
-0.2861026685
-0.3200374836
-0.4057695755
-0.3390148253
-0.4026966677
-0.5482547224
-0.7036907846
-0.6657463196
-0.5015599310
-0.6988654480
-0.6977242096
-0.7529416917
-0.5983173727
-0.7729596704
-0.7924702300
-0.8415137516
-0.6455387128
-0.5887805038
-0.3842162416
-0.3586709354
-0.2984999762
-0.2369069300
-0.1333868422
-0.0527907555
-0.1313241009
0.0731110539
0.0250361450
0.1236502473
0.2934837197
0.2369033011
0.3499612264
0.3938659705
0.3118301431
0.1485709301
0.1860705135
0.2795944985
0.2000434777
0.3202715744
0.2647068782
0.2097562974
0.1788908771
0.2040255329
0.1350546561
0.2532160084
0.2922959167
0.4126563890
0.2961384550
0.2040411579
0.1589943849
0.2609257728
0.3130171397
0.2841890083
0.0965860998
-0.1192650133
-0.1489190323
-0.1296593411
-0.1711844109
-0.2007534527
-0.2801707957
-0.2409883185
-0.4936650442
-0.5700997437
-0.4542537187
-0.3440590250
-0.2978767984
-0.2067250584
-0.1981121675
-0.1337933769
-0.1527019748
-0.2138868586
-0.3123195204
-0.4381439025
-0.3812889641
-0.2812250396
-0.3001762984
-0.1008991058
-0.1838764716
-0.1332246106
-0.2132057321
-0.3103034938
-0.3465501482
-0.2040997212
-0.0628313383
0.0238680784
-0.1953423315
-0.1979504691
-0.1808906177
-0.2994278048
-0.3640548957
-0.2532624494
-0.1430570346
-0.1765371055
-0.3098750997
-0.2892984388
-0.3448433261
-0.4455415327
-0.3758241091
-0.1935574806
-0.1838270531
-0.2294106727
-0.2783902178
-0.1804969504
-0.1338593815
-0.3315227354
-0.3369349294
-0.3531622635
-0.3804274804
-0.4935222034
-0.2579647551
-0.1656001735
-0.2160494382
-0.1992916654
-0.3533513132
-0.1597275287
-0.1720922364
-0.0561240836
-0.2072797684
-0.2905990864
-0.2064493162
-0.1707921757
-0.1704374791
-0.1362577276
-0.3280051332
-0.2977473411
-0.3326158222
-0.3737342110
-0.3408469153
-0.3203373945
-0.2890523660
-0.2664360830
-0.2240573505
-0.2511116021
-0.4967014212
-0.5646642301
-0.5371984641
-0.3227941326
-0.1919744927
-0.2085188080
-0.1117468768
-0.3271223100
-0.1770316970
-0.2065636052
-0.2767071236
-0.2291954453
-0.2409462211
-0.2460796409
-0.2037928910
-0.1988373893
-0.2547454513
-0.4309672736
-0.3331431282
-0.3470053615
-0.3701867910
-0.4393053107
-0.2180631878
-0.1938326570
-0.1478627156
-0.2136197863
-0.2861350884
-0.2600544861
-0.3072761658
-0.3436319638
-0.3668730244
-0.3318012486
-0.3078134498
-0.1866303620
-0.1423168270
0.1860547723
0.2368705109
0.2884943196
0.1481511633
0.1879814908
0.1841949908
0.1433726530
0.2033469241
0.1988132179
0.3026861811
0.3204329152
0.3651586368
0.3117039714
0.2716519595
0.3956062555
0.3293503622
0.3469549189
0.4281664113
0.4135155284
0.2196772390
0.3328898853
0.3561318152
0.2461233299
0.1847702533
0.1649483888
0.1564878013
0.1709123202
0.2654943907
0.1898325177
0.2172539545
0.2027038657
0.1769772088
0.2305650542
0.1914895866
0.2126322762
0.2223290947
0.1439692250
0.1424822275
0.1560997371
0.1669267688
0.2809325641
0.1113460442
0.1599241040
0.2532044206
0.2018059253
0.2118077171
0.2225655880
0.2076643494
0.1493021891
0.1287021825
0.2934190231
0.2601284677
0.1822093003
0.1682215955
0.2895484377
0.2742109384
0.2636907814
0.2843619979
0.3464633928
0.2783734184
0.2984382376
0.2611823713
0.3397509297
0.4666649296
0.3670022274
0.3600949311
0.2645043155
0.2454948810
0.3188050197
0.2232211930
0.1835100909
0.3144479556
0.3994491475
0.4122542887
0.2502141790
0.1982230745
0.1105102576
0.2649047637
0.3542913897
0.3988760641
0.3459589119
0.2823381465
0.1533834685
0.1714711574
0.1769282686
0.1795433468
0.2372868787
0.3600362236
0.2340421076
0.2507279120
0.2439324733
0.1393696065
0.1224857935
0.2620949262
0.2783860463
0.3686064081
0.4032447705
0.3192101860
0.2305922537
0.3655314347
0.3137380272
0.2395636529
0.2880752273
0.2420538084
0.2816234366
0.2971117275
0.3341774988
0.1514151140
0.2301912332
0.3900734139
0.4215491766
0.3259858306
0.4511740563
0.3271066101
0.3571495686
0.4141564396
0.3895234830
0.3000694238
0.3469402197
0.2998029940
0.4044361788
0.4375308546
0.4661273689
0.5349705464
0.6583360204
0.5766890284
0.5298637110
0.3870004169
0.2981278081
0.3150753319
0.2099963240
0.2138164345
0.3130610848
0.4650631015
0.3254202643
0.4412409238
0.3830724336
0.2085444492
0.2335992961
0.2615078552
0.4023528016
0.3613766752
0.3898786414
0.2776631288
0.1812883972
0.1340686068
0.1968276595
0.2170522709
0.2371932983
0.2766087657
0.2433467366
0.2182576152
0.2715658770
0.3575864402
0.3730775060
0.3753752587
0.3627819699
0.3460968435
0.4408769587
0.3728887062
0.3955119974
0.3522569834
0.3085695042
0.3400467258
0.4730700190
0.3778064303
0.3770732702
0.3773591158
0.5377696605
0.4558479667
0.3678229845
0.2303879392
0.1979923847
0.2142813588
0.2884044069
0.4326197368
0.4109787750
0.3523549906
0.3272895020
0.4146388050
0.4724595873
0.5178493431
0.5537567582
0.6865516028
0.6537401641
0.6674136529
0.7921030482
0.6489890554
0.6797848357
0.5564673031
0.6442918802
0.6175071764
0.6850921179
0.7451871430
0.6999894309
0.7044076558
0.8440611480
0.9170725171
0.7663522446
0.5907651346
0.7630649765
0.7508296286
0.6361213020
0.7173905064
0.6783357416
0.6255326850
0.6617512715
0.8903077014
0.7892471317
0.6681876349
0.5914553087
0.5398792875
0.5954321177
0.5962890151
0.7200127694
0.7580237535
0.7654912750
0.8153004198
0.8827908562
0.9053844752
0.8580347376
0.8038937630
0.7923318592
0.8842662574
0.8173979077
0.7582619707
0.7047823836
0.7565494318
0.6415977543
0.8139984301
0.6846253621
0.4742529365
0.3539238426
0.3379822046
0.3477080259
0.3300668611
0.2724051655
0.2512826430
0.2886784746
0.2593394268
0.3414734757
0.1381909836
0.1798441058
0.2829054032
0.4532178276
0.3490236991
0.2603296523
0.3449577815
0.2269478845
0.3207982003
0.3700848586
0.2318931303
0.1789942073
0.1139984037
0.3157973334
0.2716064910
0.3327361116
0.3226940660
0.3267444221
0.3110941303
0.4899052136
0.5453951599
0.3771202820
0.4394474699
0.4698661003
0.5492067443
0.5583653330
0.5950376827
0.6346255981
0.7459410043
0.6046954640
0.6094884416
0.6631993024
0.7591453405
0.7519389775
0.6700229714
0.7377922938
0.6761249339
0.7385586749
0.6723821767
0.8558836999
0.6691797994
0.6835063536
0.5595189740
0.6809361828
0.7075417858
0.7039223144
0.6955643502
0.7547455984
0.6605961245
0.5072709294
0.4504974994
0.6584114864
0.6525916194
0.7991548531
0.8157210587
0.7106944792
0.7726529214
0.7254402018
0.6725102796
0.6016868982
0.5731678769
0.5324340170
0.5584656069
0.7055546117
0.7988979343
0.7928975443
0.7832162455
0.8386732898
0.8426864412
0.7521443564
0.7491645115
0.6418195437
0.6239669232
0.5438496853
0.7017296349
0.4822292701
0.6116773274
0.5250777447
0.5592241473
0.5251317904
0.5597892595
0.4002901296
0.3926596087
0.3360216899
0.3022577487
0.3793290760
0.2941114865
0.2795185564
0.3162131281
0.2645741861
0.2889049298
0.1371781885
0.2148912219
0.1460828208
0.1693832637
0.0659214937
-0.0653893675
-0.1168632307
-0.2293303378
-0.2362679156
-0.2247476599
-0.2939348681
-0.2870288325
-0.2676360263
-0.2101251642
-0.0908160548
-0.1492977362
-0.2590420272
-0.1734364273
-0.2050651506
-0.3761207642
-0.2160578684
-0.3326226847
-0.3863401312
-0.3483131266
-0.3150046497
-0.1791431069
-0.2656377531
-0.3718124993
-0.3610304362
-0.3069614505
-0.3730771356
-0.2739103856
-0.2088717219
-0.2995284132
-0.3369029978
-0.3487285169
-0.2299093612
-0.3496890031
-0.3063505400
-0.4085351774
-0.3535663601
-0.4440386668
-0.5523024608
-0.3428403006
-0.1284483371
-0.1384515070
-0.1220546020
-0.1482075313
-0.1725297630
-0.1840829369
-0.3628902919
-0.2970579320
-0.2796123712
-0.2579265208
-0.2160185824
-0.3088032517
-0.3609981726
-0.3023477258
-0.3653841224
-0.3607011269
-0.2562049167
-0.2299408018
-0.3039220389
-0.1800759965
-0.2421113372
-0.1524934879
-0.0061300393
0.1490684832
0.1740759635
0.1923885533
0.1440701744
0.1025291545
-0.0426348551
-0.2062148196
-0.1287589188
-0.2821468146
-0.2455348552
-0.2101045583
-0.2027387256
-0.1506858880
-0.0534730393
-0.2705410999
-0.2970724912
-0.2325737561
-0.3083769628
-0.2385164294
-0.2611839309
-0.1420808778
-0.1615178902
-0.3574956629
-0.1583460302
-0.2074932248
-0.1874915830
-0.2578340249
-0.3197217491
-0.2978967387
-0.3840776722
-0.4174773224
-0.4326180719
-0.2815625300
-0.1496754921
-0.2380816796
-0.2523355342
-0.2572719945
-0.2819088190
-0.3028690303
-0.3087547930
-0.2644228156
-0.2326229224
-0.3694406784
-0.2626695648
-0.1494426268
-0.1192673572
-0.2334193688
-0.2479968051
-0.3230915283
-0.3522059762
-0.3704828545
-0.3320706392
-0.3370782212
-0.2767344444
-0.4257268085
-0.3663324865
-0.2729765090
-0.3997584822
-0.4165564890
-0.4451863466
-0.4536604590
-0.6767659210
-0.5479009091
-0.3380497517
-0.2882914294
-0.1812984746
-0.2990169179
-0.2616685766
-0.3061275492
-0.2699578051
-0.2268621806
-0.2413654856
-0.2869032661
-0.3680200533
-0.2117078834
-0.2496702768
-0.2615281829
-0.1232539582
-0.1258130525
-0.2395889167
-0.2157415227
-0.2680341429
-0.2578951289
-0.1187892992
-0.2389255847
-0.2231979130
-0.1739810124
-0.0813998265
-0.2182228670
-0.4672670357
-0.5526749733
-0.5857308666
-0.6157061837
-0.7124842214
-0.7104855828
-0.7943720655
-0.7061882049
-0.7278417648
-0.6430251544
-0.6360806107
-0.7012407583
-0.7929136087
-0.7003477669
-0.6513979931
-0.4356537229
-0.4531558818
-0.5098817143
-0.3971012743
-0.3207026086
-0.3883987127
-0.3857945014
-0.4605607577
-0.3857418002
-0.2495386784
-0.1303195583
-0.0594119301
-0.1720564672
-0.1047285370
-0.1764439598
-0.1835794401
-0.2981632028
-0.3436302392
-0.2097954711
-0.1602988205
-0.1702299874
-0.2217330280
-0.2136318784
-0.2809342751
-0.5370358596
-0.5307896192
-0.6110399882
-0.5566156319
-0.3746686098
-0.3412876932
-0.2634549179
-0.2324178131
-0.3276655574
-0.2097425347
-0.2258174055
-0.2022727759
-0.1181193968
-0.1274636080
-0.1537525255
-0.2068427887
-0.2904568957
-0.1123731665
-0.2471544502
-0.2554764106
-0.2340409973
-0.2395032230
-0.1689205440
-0.1254596087
-0.0959636611
-0.1701194231
-0.1431075175
-0.3436663130
-0.2017083459
-0.3290908782
-0.1446573658
-0.1631816510
-0.1566954242
-0.1237863004
-0.2380958354
-0.2819908343
-0.1746854633
-0.2854219551
-0.3856011190
-0.3655030321
-0.3073309557
-0.3736240566
-0.2780629575
-0.3321963975
-0.3916589428
-0.2777803462
-0.3252795149
-0.1311767220
-0.4193022596
-0.3998779263
-0.3705322867
-0.4778859389
-0.4430696609
-0.2696763430
-0.2501448258
-0.2608740433
-0.1583228974
-0.1759738451
-0.2126155858
-0.1791252328
-0.2270681638
-0.4330213948
-0.3650654721
-0.4453409005
-0.2346375330
-0.2305580855
-0.2197490521
-0.1427922193
-0.1577102987
-0.2293779092
-0.2971613120
-0.2634459601
-0.3344334003
-0.2329130135
-0.2479155172
-0.2436688137
-0.1915080995
-0.1700532745
-0.1962334777
-0.2024191713
-0.1670943428
-0.2492171852
-0.2592862332
-0.1655064913
-0.2582472849
-0.1990698398
-0.1264785532
-0.2573918983
-0.3701134033
-0.2656953985
-0.2201773866
-0.1964390464
-0.3358204617
-0.2702789315
-0.2729147392
-0.2136409559
-0.2486292975
-0.3183001960
-0.0837098815
-0.2110303955
-0.2393614626
-0.2361365281
-0.3933019476
-0.4383750258
-0.4238951289
-0.3622334896
-0.3828626728
-0.2783707264
-0.3720476303
-0.3846292354
-0.3791694285
-0.2177961844
-0.2106046634
-0.3338764380
-0.4437969847
-0.3921329691
-0.3602086085
-0.3260164594
-0.2810693269
-0.3100975026
-0.2466421715
-0.1908834293
-0.2340862664
-0.3658450690
-0.3120923485
-0.4183523568
-0.2539980671
-0.3135716002
-0.4269927677
-0.4745823470
-0.4270770358
-0.4171074921
-0.3480536734
-0.3357251866
-0.3944401848
-0.4461499000
-0.3397458980
-0.2917116180
-0.2430254809
-0.1466679181
-0.1887029072
-0.3025056541
-0.1765220672
-0.2160629982
-0.1607650746
-0.1836304767
-0.2783151491
-0.2777534263
-0.3347474505
-0.4705183017
-0.4463893140
-0.4463805678
-0.2432861142
-0.1980497570
-0.1862645887
-0.2850934053
-0.0814922887
-0.2997909972
-0.3623511228
-0.2435008685
-0.3063109427
-0.3018295464
-0.3499579827
-0.1076141129
-0.2124517792
-0.2477232183
-0.3720796554
-0.3768139533
-0.2502777725
-0.2778270035
-0.2548979764
-0.3144294773
-0.3069387096
-0.3064535336
-0.2709996346
-0.3434786371
-0.2938543594
-0.3789228001
-0.3755623995
-0.4221732596
-0.2809600936
-0.2937460918
-0.3875945130
-0.3923581454
-0.4034329571
-0.3771684852
-0.4699197326
-0.3807107602
-0.2123002864
-0.3478229512
-0.3490803351
-0.3326813218
-0.2907083424
-0.2595639384
-0.1821806686
-0.2116695027
-0.2320034414
-0.3646002200
-0.2603195306
-0.2311747179
-0.2947910822
-0.1855969777
-0.2793247871
-0.3062761759
-0.3646723104
-0.4217467940
-0.5068813170
-0.4226107833
-0.2303867633
-0.1970326309
-0.1825994061
-0.3337834935
-0.2520069757
-0.2724784757
-0.2141057855
-0.2162932346
-0.2337321787
-0.3033377033
-0.3348160147
-0.3184630279
-0.2577046502
-0.2115898640
-0.3658136898
-0.2548240596
-0.1370933797
-0.1153274822
-0.1910345092
-0.2605856579
-0.2787112347
-0.3710295669
-0.3314027823
-0.3311950271
-0.1976677948
-0.1565486306
-0.1892963531
-0.0971550707
-0.1588673488
-0.3823264273
-0.3777839059
-0.2306139915
-0.2826949085
-0.1839419640
-0.3517920312
-0.3787547250
-0.2454315030
-0.2829943415
-0.4440961832
-0.2484930111
-0.0623269576
-0.1236184752
-0.1224954368
-0.1419527394
-0.1257981847
-0.1978955327
-0.1976951808
-0.1995561988
-0.0733476786
0.0523764690
0.1229695523
0.0877986971
0.1205987001
0.1480342248
0.1923740376
0.1954315266
0.2610794131
0.5361869931
0.6496428327
0.6874147389
0.8374094090
0.8079356565
0.9319977748
0.8095119947
0.5695051208
0.4992416127
0.4659490602
0.4348282026
0.4083435001
0.6303444833
0.6904479379
0.6306317234
0.5937354776
0.4727521982
0.4868874435
0.4204502609
0.4655720511
0.5751248461
0.7570177023
0.7106697778
0.6550322910
0.6157576242
0.5359845503
0.4728392770
0.6043435682
0.4967400406
0.3382351234
0.3887710050
0.3292289130
0.3251021242
0.3780557726
0.4075068642
0.4076971142
0.3703199492
0.5287802996
0.5055508399
0.4055022251
0.3122055376
0.2049690765
0.2382267228
0.2998518286
0.2431981332
0.2851006365
0.3237944512
0.4123442770
0.3110860770
0.2107336555
0.3271269476
0.5211188455
0.6808399884
0.6244886464
0.7030121031
0.7211780310
0.8250164026
0.8001059179
0.7983639676
0.7750182017
0.8269115493
0.8009976679
0.7546429675
0.8845370449
0.9080311281
0.8428973331
0.8304906453
0.8199705380
0.9228168014
0.7255002794
0.6816304732
0.6206620558
0.6248604171
0.4768439215
0.5241091869
0.6749293009
0.5174333563
0.6628936164
0.6735498888
0.5083201312
0.4445307761
0.4621283858
0.4589838912
0.5447008241
0.5610477493
0.5552137023
0.4680581982
0.3295275468
0.3901978814
0.3692020191
0.2972564355
0.1494815074
0.3419309655
0.2098093405
0.0821948695
0.0677682249
0.0495584182
0.1155227988
0.3280763228
0.1683258586
0.2430157939
0.2158994640
0.3352869309
0.3338519701
0.4009356205
0.2753559418
0.3622437613
0.4301974750
0.3701460921
0.3474535822
0.3595921481
0.3588874704
0.3497175661
0.3277567061
0.3572147098
0.3032884646
0.2735173376
0.4191041038
0.4822530343
0.3837339154
0.4232838166
0.6390354882
0.5856653257
0.5914759793
0.6075201505
0.6367635813
0.6265099488
0.5702364669
0.6507338442
0.7124635707
0.6416483862
0.7283770890
0.4528748699
0.3099397340
0.3642608715
0.3319830328
0.4142187420
0.4742481774
0.4933126833
0.5377308209
0.8090639978
0.6271159130
0.7550660897
0.8533390001
0.8217227636
0.8849093499
0.6907279598
0.7173412013
0.7204341285
0.5137007955
0.4947223500
0.5142502962
0.5783434140
0.6304537262
0.5962124622
0.5167497168
0.2944246685
0.2303983779
0.2789577733
0.2981704710
0.3701388865
0.2950025314
0.2774581793
0.3539761038
0.2699249824
0.0956824719
0.2201645051
0.2583692606
0.3376479023
0.3123006926
0.4241875743
0.5494379476
0.6131210967
0.7930919487
0.7794270300
0.8263696897
0.8393213090
0.7451287335
0.6293610429
0.6816130953
0.5726625809
0.6461262142
0.5992160129
0.4524575375
0.5379927877
0.5542830532
0.3763823851
0.1487701083
0.1831376849
0.1386281023
0.2281136175
0.2345678923
0.2106250404
0.3316008981
0.3061618489
0.2284147775
0.2535240443
0.1493041134
0.2267334967
0.1820036275
0.2685294244
0.1667714412
0.1302873820
-0.1229579643
-0.1982021715
-0.2089144843
-0.1440709718
-0.1579862675
-0.1553671297
-0.0778352460
-0.1028468043
-0.2070630829
-0.2116733145
-0.2228838587
-0.2153703413
-0.1688325898
-0.1533545113
-0.2014986120
-0.1337923577
-0.1591021942
-0.1930128696
-0.2095878647
-0.2566332551
-0.2044971690
-0.1543551244
-0.1632026261
-0.2939792436
-0.2377723962
-0.1394858948
-0.1742220676
-0.2478534682
-0.1506208043
-0.1889051333
-0.1544804492
-0.2739147011
-0.2868068601
-0.1930209357
-0.2309535842
-0.1771316737
-0.1349754209
-0.2602891261
-0.3617278569
-0.2017135925
-0.3379639029
-0.2989122250
-0.2588207270
-0.2568165256
-0.0563541116
-0.2113892263
-0.2109795193
-0.2317534923
-0.1840085683
-0.1152903037
-0.1824921711
-0.2954464921
-0.2006807895
-0.2773348189
-0.3556296015
-0.3490900873
-0.3387938306
-0.4394623816
-0.5940095672
-0.5986213330
-0.7454027939
-0.7876332141
-0.6534339404
-0.7529163019
-0.6772410457
-0.6742037814
-0.6920160598
-0.7153336626
-0.7419461102
-0.6979077112
-0.7736529141
-0.7706117468
-0.6374380247
-0.6739475171
-0.7217424012
-0.5316145810
-0.5171083125
-0.5641729419
-0.5743048235
-0.5479576613
-0.6175143809
-0.6884188831
-0.7080132256
-0.6761882898
-0.7079512861
-0.7663516707
-0.7833143149
-0.8128368430
-0.7563449996
-0.6438459219
-0.6053212239
-0.6060580291
-0.7070420924
-0.6741206540
-0.6850914398
-0.7189291632
-0.7381192239
-0.8018317315
-0.8117728571
-0.7858846433
-0.7682923951
-0.5522737086
-0.6928404852
-0.6228876308
-0.8145538212
-0.9011412159
-0.7597365573
-0.6891184666
-0.7510832940
-0.6856761911
-0.7759534271
-0.8207886305
-0.6853808194
-0.8080739703
-0.8248743324
-0.7260512558
-0.7409973137
-0.8126203958
-0.7447029158
-0.7674719897
-0.5881129819
-0.5985293825
-0.6963137733
-0.8631330629
-0.7867549210
-0.5449381802
-0.6333218216
-0.5136101662
-0.4308954607
-0.2847537649
-0.3467780015
-0.3041183615
-0.2371387143
-0.1599101916
-0.0715791037
-0.1570614245
-0.1418767374
-0.2064689377
-0.3610988394
-0.1572062985
-0.1504030430
-0.3596614523
-0.2049231538
-0.1941789748
-0.2957441912
-0.3752369880
-0.4089117602
-0.6031898042
-0.5943138140
-0.4775082131
-0.3881265937
-0.2418660104
-0.1797198304
-0.2554624431
-0.1569087737
-0.1562653418
-0.0690690254
-0.2382402498
-0.2051764789
-0.1207749643
0.2129597689
0.2168913607
-0.0056605446
-0.1501834598
-0.1859162653
-0.2396685076
-0.2667429828
-0.4326191424
-0.3871418578
-0.2973860730
-0.2234478320
-0.2686594636
-0.2200922351
-0.2416685337
-0.3782811941
-0.3261738190
-0.1969314110
-0.2745731715
-0.3863989049
-0.3854541711
-0.2929618581
-0.2042439596
-0.1377404343
-0.1611663563
-0.2995306612
-0.2922214108
-0.2787833609
-0.1958429640
-0.3096408748
-0.3893767307
-0.3037570626
-0.1978144610
-0.0188092863
0.2223617922
0.1474504758
0.0896875605
0.1504795942
0.2090157252
0.1656320498
0.2126959367
0.1329329279
0.1639115872
0.2054373701
0.2644467552
0.3225877004
0.2273776083
0.1026260765
0.1124816978
0.1785659605
0.2750106113
0.3176037036
0.3463921653
0.1848732985
0.1126185559
0.1584129824
0.1164685075
0.0372306698
-0.0499421201
0.1846765097
0.1134673844
0.1299642107
0.2141412684
0.2865509254
0.4397578334
0.4690546040
0.3768484470
0.4222506964
0.4766890738
0.7148157141
0.8086162201
0.7998576928
0.9137496349
0.9671487095
0.9815949473
0.8831757569
0.8765435977
0.8501194874
0.8311906266
0.6902411459
0.8812127445
0.7231354482
0.7619416236
0.6878371133
0.6045174137
0.6680511797
0.6317505029
0.3709459596
0.4363998425
0.4466891731
0.4614406137
0.5639942506
0.5254422868
0.4348835888
0.3888490331
0.3867624266
0.3260384579
0.2123519736
0.2924475073
0.2527492727
0.3285541092
0.1746786967
0.1566698616
0.1139486713
0.1400053209
0.2286329366
0.1720250987
0.1041384420
0.3090453111
0.2238325088
0.0620404618
0.1898617070
0.1112544960
0.1087553625
0.1426875285
0.2685295328
0.2452333967
0.2189202616
0.2758016496
0.3855838931
0.4284097190
0.4855652211
0.5808067287
0.4981817694
0.2923039249
0.1498909825
0.3135578672
0.3087141466
0.2797762503
0.1880945459
0.0922420359
0.2220946822
0.2670045003
0.2620132745
0.2651477660
0.1861644845
0.2162744743
0.3073918072
0.2558227711
0.3492582705
0.1878682837
0.2245692524
0.2451204791
0.2544048491
0.4176105702
0.5188521742
0.5173937333
0.5193120722
0.5973502027
0.7088494802
0.6075035016
0.6821702999
0.6561283917
0.7029788000
0.4886932504
0.5849671155
0.6358251385
0.6695892173
0.7355627891
0.6719650355
0.9708360736
1.0034324926
0.8661818094
0.7936961524
0.7132963825
0.7170154795
0.7509232124
0.8090000544
0.8546230621
0.8723749144
0.7495592112
0.8832785596
0.7964706836
0.7608948220
0.7580402334
0.6633683515
0.7225689941
0.6964835859
0.6763322460
0.9029329595
0.8438519453
0.7428069184
0.6802071384
0.5898824499
0.5493932056
0.6617972610
0.7009808834
0.7084732730
0.7046731523
0.7363138704
0.6952918974
0.7569939815
0.6368791248
0.6543460568
0.5296747861
0.6230461385
0.6440863832
0.7255631181
0.7086485128
0.5704141467
0.6219078831
0.5514849283
0.3941743241
0.4293873299
0.4711879638
0.5547922701
0.4879601340
0.6444187761
0.6409479562
0.5999325849
0.6643642005
0.6381771841
0.6254304271
0.7598811570
0.7947397023
0.9308471629
0.7737388120
0.7599797974
0.7742698417
0.7686439217
0.8126361685
0.6476156453
0.7645718842
0.8794038544
0.9545739921
0.8312306964
0.8063514281
0.7078576870
0.8214693064
0.8236781431
0.6497800852
0.5650859510
0.5520296310
0.5850387442
0.6225698243
0.7682172858
0.7747736780
0.8250269619
0.8322839590
0.8435482960
0.8046905615
0.7458322639
0.7367760192
0.6613833615
0.5763598659
0.5112112089
0.5463407930
0.7172661656
0.8426945991
0.7786907816
0.8315790155
0.7263028462
0.6385530027
0.6792578747
0.7323601236
0.7842773574
0.8954716152
0.7995823665
0.8039230653
0.8829274262
0.7373924161
0.7912255697
0.8397477911
0.8512955372
0.7357960480
0.6440076295
0.6195533660
0.5238090182
0.6075909537
0.5337129485
0.3658304973
0.3035222210
0.3900200823
0.4023291900
0.2581133783
0.2290043963
0.2211046675
0.3639905211
0.2164551938
0.3515447061
0.3495237916
0.2396767614
0.1603762863
0.2475586797
0.3688185604
0.2595131765
0.2792786272
0.4578640562
0.5208072333
0.6013160854
0.6685374303
0.4983805705
0.4413075246
0.4458649065
0.3539435843
0.3918400467
0.3009870710
0.4321161170
0.5051748853
0.3345964507
0.1324061953
0.2275992024
0.1595882722
0.2252298083
0.3501325434
0.2988004662
0.2261878945
0.3111104866
0.2547131953
0.2781524780
0.2664236798
0.3200974510
0.3892162252
0.3846558255
0.4407076965
0.5375764019
0.4301249596
0.5853431769
0.6647524981
0.7166910112
0.7469582098
0.8877187526
0.6936957765
0.6563354620
0.6695021254
0.7818798960
0.8421721189
0.8234906583
0.7610872476
0.7144120539
0.7665308050
0.7351629817
0.5713209360
0.5178165168
0.6355261268
0.7723871426
0.6936460883
0.6768377449
0.7745705955
0.7892553162
0.8443717297
0.8664972168
0.7909805003
0.6942203667
0.6847407025
0.8093758231
0.7085742185
0.8152815465
0.8373278965
0.5759075780
0.5609085805
0.6846694112
0.6857051125
0.6570258494
0.6166784371
0.8187130595
0.8114362911
0.7607024929
0.7548572505
0.8275161867
0.7500907742
0.5717903905
0.6131561021
0.5371536148
0.7041459957
0.6036151232
0.5317039176
0.5933436242
0.6041078682
0.6229409314
0.6370648287
0.8014646295
0.8177255474
0.6909186958
0.8774971377
0.8366326349
0.8340176635
0.7087187677
0.7114101222
0.8101117510
0.8603196236
0.8197774287
0.7025461947
0.5481473777
0.6705844165
0.6730032377
0.6420404177
0.5532306070
0.7419596634
0.6851685359
0.7640635092
0.7376906369
0.8217669404
0.8705932185
0.8554851548
0.7245256061
0.7826762693
0.7696119789
0.8365187296
0.7770000974
0.6281783032
0.6677464500
0.5322814297
0.6812341340
0.7550715263
0.6797900949
0.6993547223
0.5814233267
0.6093148947
0.7278521480
0.7500466747
0.9074042263
0.8500825882
0.9373819698
0.7052615253
0.7051207828
0.7553905492
0.8377664324
0.8518919543
0.7399780475
0.7232923155
0.6946846839
0.5103034487
0.6220951595
0.5995562080
0.6330984783
0.6483918215
0.5632991742
0.5048141044
0.4623669470
0.5320092197
0.5131175639
0.5457687185
0.4519419220
0.2785094846
0.3182709313
0.4701115265
0.5970492341
0.7529968475
0.8354324381
0.7451315247
0.7455363288
0.6302407870
0.7796007710
0.8048952530
0.8716191893
0.8117354025
0.7848986656
0.7424700258
0.8007650584
0.7015253015
0.6799262420
0.7530577774
0.7949532138
0.8306900304
0.6220827830
0.6875195344
0.6798960313
0.6605916599
0.6017645493
0.6437392894
0.5290872950
0.6395971536
0.5896001075
0.7140715686
0.6855131113
0.6946909300
0.6278809720
0.7427893191
0.5344796540
0.4598758838
0.3129580752
0.3785213067
0.3939746225
0.2246740531
0.3687865597
0.3827014603
0.5109575721
0.4435813668
0.6267634355
0.6367269601
0.6429324256
0.6812958691
0.6613134630
0.5543356954
0.5921134126
0.6304124808
0.6370753128
0.4502979371
0.5111083856
0.6705082937
0.7974375225
0.6520101682
0.5486750570
0.5991430512
0.6024332698
0.7296275715
0.7997854562
0.6745669815
0.7111150107
0.6988836642
0.5530747265
0.5089585341
0.5212273282
0.4809723485
0.4332768120
0.4787343687
0.5366988274
0.4835749897
0.5138131938
0.5739458187
0.7491938670
0.7876879276
0.8106545592
0.8128710843
0.8315406125
0.8790361218
0.9678895202
0.8331899687
0.7177491294
0.5834705677
0.7303570900
0.7700234907
0.7324234974
0.7139187250
0.7533035661
0.6447046893
0.3855112541
0.2685015237
0.2434559737
0.1840026566
0.2132866615
0.2507573109
0.2020837608
0.0918620593
0.2088461580
0.0563883683
0.0271017768
-0.3671616946
-0.4432901652
-0.5381611330
-0.5926208437
-0.5726667999
-0.4844919127
-0.5852366810
-0.3635343832
-0.4070807312
-0.2373957793
-0.1768976565
-0.2194298193
-0.1997623676
-0.1840004936
-0.1223323069
-0.1561737068
-0.1643548877
-0.1904505626
-0.2690630775
-0.2416697955
-0.2561601491
-0.1411100960
-0.1868675447
-0.1383303304
-0.2825001547
-0.3187104452
-0.3848459742
-0.3758996092
-0.5349449472
-0.6138826102
-0.6190829821
-0.6824658499
-0.4547066399
-0.6993400920
-0.6099367991
-0.6517437583
-0.5796204647
-0.6815319430
-0.7172599938
-0.5850731211
-0.5454352387
-0.5038817259
-0.5264077102
-0.4950030449
-0.7613104576
-0.8357154139
-0.6533638639
-0.6408694280
-0.7216140577
-0.8090110702
-0.8016539601
-0.8639605093
-0.8688233096
-0.9031057891
-0.7607666554
-0.5736356775
-0.7370728574
-0.6668984818
-0.5559285152
-0.4393559615
-0.3683849988
-0.3144134986
-0.2324656705
-0.2651009017
-0.1661834051
-0.1614275936
-0.2624205616
-0.3118650833
-0.2734328468
-0.3047701284
-0.3079177443
-0.2198532400
-0.3906927135
-0.3581972948
-0.3042967055
-0.1763393219
-0.0923361549
0.0144253378
-0.0774270811
-0.2070387708
-0.1857120096
-0.2003826449
-0.1560735834
-0.2382985685
-0.0597321706
-0.2007546772
-0.2177625269
-0.0693130032
-0.1683059985
-0.1189744762
-0.1189036791
-0.1185230176
-0.1746279446
-0.1796265548
-0.2310733003
-0.3263404741
-0.2044637330
-0.2159389682
-0.2446099837
-0.2819120215
-0.2261056888
-0.3092282273
-0.2380424423
-0.1877331229
-0.3903911434
-0.5053824540
-0.3750464412
-0.3155910311
-0.3235582361
-0.3194010000
-0.2363533823
-0.3389111509
-0.2619374602
-0.2837357808
-0.2206309961
-0.2091871582
-0.1493748906
-0.2528769556
-0.2602894528
-0.3537673415
-0.3743109100
-0.3878382335
-0.2277659568
-0.1768709677
-0.1568873558
-0.1645036826
-0.1243959063
-0.1753259476
-0.2176000420
-0.3147965452
-0.2685859257
-0.1957994971
-0.1983902625
-0.1665665670
-0.1873520115
-0.2886524836
-0.3282907139
-0.2428158001
-0.1870411085
-0.2497117592
-0.2228566938
-0.2620641378
-0.4224084508
-0.3203336711
-0.2845580890
-0.2551907170
-0.0880356648
0.1486877738
0.0537123565
0.1753031325
0.1950235662
0.2272188405
0.1648602497
0.5033978531
0.4628269838
0.4163776330
0.3601733890
0.2928922433
0.1949195841
0.1971190585
0.2995332310
0.3858730463
0.2086647722
0.2572495143
0.2821012044
0.2186461456
0.2810904798
0.2993904918
0.5097661357
0.8148643492
0.8028657361
0.7556999060
0.7207725918
0.7949703550
0.6527094503
0.3863583548
0.4141890180
0.2584852793
0.3710953965
0.4271546478
0.4574578596
0.4032828807
0.3856382045
0.3122644798
0.1898751655
0.2635995681
0.1832996530
0.3070025457
0.4204462825
0.4725290511
0.5325648134
0.2755886733
0.2280180134
0.1524792801
0.3377341808
0.3929428127
0.4293607174
0.3681552548
0.5050212851
0.3910179737
0.4521446978
0.4344493026
0.4807805892
0.4452153781
0.2779936530
0.3554982024
0.4882204730
0.5341131391
0.5483379510
0.6947424074
0.6687674645
0.6603125298
0.7634782476
0.6981137499
0.7754434190
0.6955626232
0.5330714866
0.5441880027
0.4217702647
0.4655490713
0.6358176321
0.5058042636
0.5415961386
0.7164609581
0.7946298347
0.7702755841
0.8378624469
0.7506418040
0.7835809200
0.9428260428
0.8565566329
0.8819184920
0.8528954232
0.7176849659
0.9346856546
0.8348151695
0.7410569141
0.8183366325
0.9106817369
0.9065495771
0.8101875077
0.7935001606
0.5592712475
0.4742826062
0.3923441747
0.3674778765
0.3118543256
0.2427067660
0.2480018553
0.2306392739
0.0970598657
0.2972506097
0.2894942783
0.3729360090
0.3645064187
0.2685355331
0.3812397750
0.2175259018
0.2657773425
0.4101698334
0.5361362577
0.5458108894
0.6134844075
0.5283890627
0.6347782682
0.7333716232
0.8753853228
0.8267464225
0.7751403871
0.8891048323
0.7672198841
0.8425887748
0.6136096524
0.5766588802
0.6461976189
0.7706805736
0.8793758676
0.8103992156
0.6805845637
0.6397758153
0.6685404652
0.6016105098
0.4866871368
0.5773771843
0.8077344674
0.7752248374
0.8769636898
0.8895311034
0.9147377726
0.8125118534
0.9138895066
0.9490714781
0.9220831798
0.7316625259
0.6505344123
0.6016621406
0.6760745462
0.5823194813
0.4505508448
0.6798032184
0.7883687188
0.8140931666
0.9141750269
0.8245785348
0.9040993005
0.8052358131
0.9109588697
0.7831647072
0.8775547997
0.7382960123
0.7102586089
0.4960630819
0.5151372585
0.5004801717
0.5786179211
0.4331643566
0.3210663850
0.1858596157
0.2467586457
0.2515692740
0.2622501296
0.2679199975
0.3235271893
0.3592839105
0.2081903787
0.2096924383
0.3324954306
0.2803627098
0.2766912943
0.1456356497
0.2595188849
0.3288161185
0.4072922061
0.4569453416
0.4715128797
0.4467750470
0.4997214096
0.4166778286
0.4692890610
0.3483569635
0.2972391636
0.2297192446
0.2193409938
0.2492819114
0.2857890122
0.2442356219
0.2269218375
0.1531587372
0.1362138820
0.0882380116
0.2431653050
0.1591604834
0.1268208648
0.1375227518
0.2942830102
0.3844567170
0.4147527468
0.4656859270
0.2906588669
0.1793944727
0.3940291345
0.3501083925
0.3285275526
0.3224888710
0.2795879491
0.2994365027
0.2189549845
0.3587259774
0.4065472467
0.2304532106
0.3326841547
0.3918747717
0.3867141740
0.3317196067
0.2786421311
0.4290946962
0.3175295095
0.3429057908
0.3334922228
0.3634535958
0.1729389704
0.2133905321
0.3397330586
0.2369005713
0.3163443404
0.3640605224
0.4195868632
0.3588671405
0.2505196212
0.2694986868
0.2634794191
0.2297246595
0.1741640407
0.3525314826
0.2639322720
0.1532300661
0.1193465046
0.1504835167
0.2345349881
0.2379246047
0.3374455444
0.3898655486
0.1759743030
0.2130521625
0.1728721555
0.2161612720
0.2688215227
0.3621683160
0.3630507843
0.5224495850
0.5173819449
0.4409713065
0.5854896347
0.6165133145
0.5043912118
0.4957739418
0.3249657513
0.4619245472
0.3591430911
0.3034057204
0.3860179914
0.3584444965
0.5338660522
0.6390975997
0.5464065949
0.4232801574
0.3699754189
0.2125902784
0.3010228257
0.1530811468
0.1434323796
0.1220028075
0.0657322653
0.0727166078
0.1627004746
0.0414255569
0.0773391010
0.0946641362
0.2297793299
0.2456387741
0.2321821459
0.1610796501
0.2334689962
0.2780460279
0.2154211484
0.0780654123
0.1723478413
0.1251174367
0.2492892151
0.2138790103
0.1560237290
0.2106363769
0.2945770172
0.2175040382
0.0500708712
0.1453711499
0.1537030685
0.1867807021
0.2836189811
0.3067315126
0.3955330893
0.3916406364
0.3781379181
0.3647334037
0.3972020342
0.2692782025
0.3740884460
0.1754798106
0.0857845558
-0.0668577657
-0.0339525987
-0.0873239722
-0.1002989189
-0.0942795786
-0.1567149171
-0.1506594487
-0.2980231509
-0.1581310641
-0.0700876262
-0.2394998835
-0.3443928884
-0.3887945716
-0.3576945752
-0.4244855755
-0.3739086749
-0.3782060475
-0.4028974457
-0.3376730231
-0.2372103819
-0.2791831577
-0.1181219874
-0.1995683193
-0.1700260823
-0.2136649213
-0.1881204941
-0.2770853166
-0.2628255768
-0.2193799116
-0.2921208252
-0.2726761349
-0.1675991673
-0.3134452022
-0.3665608197
-0.2919514544
-0.2545035487
-0.1928711668
-0.3100380395
-0.2917347579
-0.1394365659
0.0059760936
0.2493261196
0.1979244723
0.3135986787
0.3113689621
0.3344796613
0.3530481431
0.2158712509
0.1157520003
0.1551143626
0.1620268062
0.2890942736
0.3240793094
0.3975557290
0.2743692669
0.2556298807
0.2930791527
0.1699301664
0.2048561472
0.1456704928
0.1305433954
0.1866992055
0.0284512061
0.1055637427
0.1104861966
0.1431581604
0.1630003620
0.2930386563
0.3074394174
0.2401189665
0.3165095198
0.4426351361
0.5304248295
0.6124170832
0.6231232744
0.6716206581
0.4218396206
0.3751308721
0.1908739798
0.1576823707
0.0972588343
0.1810819901
0.1854165445
0.1970501627
0.1845952501
0.1387446081
0.2019822304
0.2294194771
0.2745483966
0.1339279901
0.1872445895
0.1556120827
0.3774694741
0.3260730268
0.2306381419
0.1265501562
0.0939358749
0.2908234430
0.1576205398
0.2349942646
0.2733388535
0.1986093354
0.2621408236
0.2800079452
0.3530505667
0.1812994365
0.2748307121
0.3728014354
0.5865908496
0.7397254243
0.7265393890
0.8020320760
0.7574459210
0.7999953925
0.8625000660
0.8454914616
0.7900505842
0.8203713217
0.4882158647
0.6487714978
0.6350721806
0.7033404328
0.7440282041
0.5868890571
0.7159919073
0.5908155102
0.5981113667
0.5755980286
0.5735191856
0.6351239029
0.5800088773
0.6950657419
0.8200074850
0.6245867787
0.3700156559
0.2745332657
0.4140576135
0.6590400599
0.6763797301
0.6314585790
0.7008989572
0.6622569830
0.6440059654
0.6094113121
0.6744547161
0.5938596920
0.4462633548
0.3124588830
0.3036288187
0.3075691952
0.5723158221
0.5004272329
0.5256895005
0.5649815391
0.5490838893
0.7504508289
0.8323095906
0.9210550109
0.9670752106
0.8797462783
0.8255030516
0.9288277237
0.9356157552
0.7667980253
0.8259109316
0.8024506490
0.7527092844
0.6773395317
0.7108514806
0.8362109123
0.8198483536
0.8335315518
0.8315715621
0.7800102443
0.9246813603
0.9168401213
0.8437853290
0.7741014476
0.6879567022
0.6845928992
0.8322477769
0.8187539722
0.8067892587
0.7489888191
0.9189603730
0.8588723299
0.9209132234
0.8142151729
0.9219459748
0.7746460403
0.7327080027
0.4082389197
0.2594338881
0.4798682893
0.6596436276
0.6580477760
0.6225972510
0.6352138578
0.6300938453
0.6509258603
0.7318047674
0.6740570618
0.6899988066
0.7336717857
0.8237916190
0.7669713194
0.7776782363
0.6735808311
0.4602111709
0.3636660110
0.3898136788
0.4787763713
0.4882702618
0.6017699243
0.5704268958
0.4018862737
0.4267147191
0.3066770887
0.3201498562
0.3487555174
0.4239877016
0.3758443472
0.4044198942
0.3652925302
0.4239130459
0.2455265124
0.1806777884
0.2507106718
0.2101273330
0.2378562941
0.3992688192
0.3507413448
0.3743779965
0.6209438951
0.8189189045
0.7583599071
0.7097835225
0.6160552299
0.6766301068
0.7139389518
0.7729871654
0.6190469401
0.6773119378
0.7046817555
0.7717608251
0.8641156417
0.8338256001
0.8591698513
0.8481356028
0.8425902196
0.8208151693
0.9572919418
0.8171196456
0.5933893777
0.6260864580
0.6514719984
0.7031570198
0.8393745485
0.7867297391
0.7588675588
0.6286893247
0.6457453310
0.6582723972
0.7385151117
0.8012519093
0.8638617051
0.7353217932
0.7397529484
0.6057416990
0.5965740639
0.5716666935
0.4904849285
0.5126580107
0.5604148718
0.5646704456
0.4464427026
0.3571524075
0.2245171070
0.2848216783
0.2910109329
0.1972495768
0.1117193719
0.2266897874
0.3119752983
0.1268373886
0.2152992218
0.2653973508
0.2133564435
0.2884384868
0.2590568155
0.2870812983
0.3366631938
0.4247292036
0.3724996897
0.3243736264
0.1874906638
0.2115864374
0.1642206422
0.1900820451
0.2140628263
0.2883691255
0.1733164289
0.1882814472
0.3854162136
0.3922928342
0.4054168340
0.1756060191
0.3349733676
0.4955091137
0.5530846835
0.6463702755
0.5594604014
0.6384196676
0.4747527763
0.4543270207
0.2585756408
0.3650967539
0.1966459241
0.3566696478
0.2769039856
0.2164955625
0.3627701933
0.3627836474
0.2992191587
0.3152569866
0.4135145115
0.3631478051
0.5760602501
0.5245044577
0.4419070260
0.3347852604
0.3135794092
0.3658038557
0.3286683058
0.1636474813
0.1806331688
0.2758494069
0.2527114093
0.3246165483
0.3932490327
0.3407070735
0.3222374269
0.3315637788
0.3696903481
0.2434648721
0.3907447030
0.2882616463
0.2284155246
0.2377130074
0.2419364408
0.2931185086
0.3524645676
0.2412392534
0.2412665616
0.2624592541
0.1904863022
0.1570876057
0.2009846404
0.1886246240
0.3904658124
0.6208319632
0.7389833216
0.6358450862
0.7115133912
0.8732073776
0.6804570097
0.5477231353
0.5541918245
0.5020627996
0.6333679663
0.6085970634
0.5914284579
0.6308370605
0.7560749423
0.8606582216
0.9338581212
0.8484715796
0.7335663863
0.6855847675
0.6063874688
0.6602380069
0.6428793834
0.6806569170
0.7020063601
0.6477177395
0.6515743332
0.6012129902
0.7888680731
0.7446125298
0.8606322632
0.6681646621
0.6206483967
0.5913839563
0.5594803431
0.5565704496
0.6119001315
0.5230260476
0.6924982565
0.6024774258
0.5863014041
0.6531357370
0.7174477787
0.6413379751
0.5913967321
0.6197764861
0.3712759171
0.4454422652
0.3859530826
0.2349848407
0.2514073120
0.2232245973
0.3783473518
0.5770162070
0.4391871778
0.3974009390
0.3101154594
0.1568593569
0.1269524341
0.1882409912
0.1727463499
0.2002382942
0.2096287049
0.2861226797
0.2328574910
0.1799223884
0.1694528258
0.1900209868
0.1975690077
0.2844871273
0.1722522664
0.3778044741
0.4590311370
0.6124521637
0.5125558378
0.7232657332
0.6818761749
0.6980749092
0.7139797082
0.6831898456
0.5387448892
0.4079519994
0.3364568252
0.3696074264
0.3723629428
0.4019073485
0.5081478821
0.2721270068
0.3011533028
0.3284483934
0.2987465710
0.3246854579
0.3029480188
0.2114252472
0.3481845037
0.3821251403
0.1700024526
0.1423158571
0.2212978081
0.3720476489
0.3476237378
0.5724775048
0.4947282070
0.6176234079
0.7296931377
0.6850871474
0.5840055764
0.5587874955
0.5994496442
0.6946547820
0.8185211185
0.7977401216
0.6793270085
0.6253126880
0.5249336278
0.4048372389
0.2199948255
0.2296329559
0.2079847464
0.3268724402
0.4020320674
0.4704133878
0.5470621607
0.6194915194
0.5111639310
0.4569443426
0.6190483572
0.8262373168
0.8654943021
0.8581570537
0.8904782647
0.8488914862
0.7879818233
0.8133097514
0.8768036686
0.8885053478
0.7784262387
0.7244523988
0.7407358792
0.8060534769
0.8951485681
0.8465565635
0.8464655027
0.8561144320
0.8498661217
0.9046455894
0.7781421525
0.7653991461
0.5420131202
0.5577736168
0.6874789202
0.6728341828
0.6039767326
0.6563260434
0.4689725424
0.3291012866
0.3621463829
0.2532729978
0.4100417244
0.2630424483
0.3275590037
0.3984709460
0.4506799675
0.3613273933
0.3366746218
0.4643272540
0.3165492340
0.2010234589
0.2584374749
0.2338976405
0.3708621155
0.3338915869
0.2563319814
0.2679824617
0.2383743389
0.2190556335
0.2196044125
0.3887821258
0.4382418217
0.5621379073
0.6649545470
0.7210043215
0.6458797885
0.8015324270
0.7804836671
0.6098106392
0.4591802419
0.4741025489
0.5086080774
0.5450779434
0.4643139096
0.5636835778
0.4296194915
0.4530762578
0.2738115757
0.4243911464
0.4869374059
0.5327496823
0.3979820863
0.3406523173
0.3411321823
0.3028022920
0.2996885754
0.3323854292
0.4222239442
0.2821050675
0.1056970206
0.2206636972
0.1865590445
0.1583008608
0.3317880657
0.4686076455
0.3764124386
0.4839519698
0.4004964919
0.5094015530
0.6726474162
0.6955211238
0.6838680307
0.6615070439
0.8340991671
0.8677179207
0.7514813602
0.6177042885
0.6124244711
0.6641485622
0.5907156558
0.7445253735
0.7078797541
0.5829252831
0.4914930880
0.6603310597
0.6175227715
0.6993494491
0.8572273340
0.8287474097
0.6934716816
0.6377078615
0.7489034299
0.8849079043
0.8498030176
0.7783250096
0.8088131410
0.7268938556
0.7275768729
0.7324599187
0.6135149385
0.6607535993
0.8293205825
0.7689193097
0.7882456303
0.6448971491
0.7300572987
0.6793797837
0.5790385927
0.6511592332
0.6281387518
0.6416196033
0.7438018184
0.8067870243
0.7751043913
0.7886967266
0.7898390690
0.6516197100
0.6722419571
0.7083510360
0.6546125962
0.8218847987
0.8458026561
0.8188649064
0.8681197310
0.6535291661
0.8335433096
0.8230734546
0.8360767264
0.8598607775
0.8297925321
0.6986027188
0.8286361799
0.8284302702
0.8081404727
0.7760424373
0.6431777357
0.7020207899
0.7492706548
0.6810436408
0.5228009129
0.4706827946
0.4031635731
0.3477818205
0.2951790380
0.3603352987
0.3492646030
0.2513596770
0.3190074549
0.4011648767
0.2880790190
0.2383980707
0.1503924465
0.2467674936
0.1910179623
0.1805809361
0.2404231029
0.3351292276
0.3285490125
0.3375955159
0.4851919322
0.4499673614
0.2239752221
0.2475924329
0.3490206840
0.3395779188
0.1912972562
0.1876341265
0.2078176654
0.1026898484
0.1698897393
0.1912944151
0.1877015070
0.2414171023
0.2440888240
0.2668608508
0.3339413160
0.2832070194
0.1924974708
0.0795175874
0.2791737523
0.4340987483
0.3555171198
0.3391525689
0.4154154363
0.4034033643
0.3643059541
0.2860986308
0.3257431243
0.4100111856
0.5366841097
0.6671800984
0.6077705955
0.6939319720
0.7103184658
0.7938983591
0.7828909607
0.7277703865
0.7882593355
0.7999631085
0.8457531522
0.8209991761
0.6684460146
0.6178388639
0.6165212190
0.7159186607
0.7862165830
0.6159427032
0.7507503902
0.6313994574
0.7214628157
0.7498888563
0.7813884155
0.8174059935
0.7378709845
0.5735735258
0.4096379404
0.3724363916
0.3451700450
0.4311513118
0.2698740949
0.4840809264
0.5638127171
0.4371684556
0.3427546621
0.3764269793
0.3733418357
0.3550617509
0.3143329464
0.3211861519
0.3101559965
0.1707782781
0.2125053325
0.1707074897
0.2312323220
0.1349993212
0.0574920942
0.2189338963
0.2062050274
0.2051257676
0.3349742166
0.2890619690
0.2109958139
0.2196680314
0.2026913414
0.2635175444
0.2035491753
0.1549447887
0.1609295234
0.2790382364
0.2529476315
0.3563478704
0.3034965547
0.6076039802
0.5091866755
0.3595423827
0.3054961311
0.2869024941
0.2710037644
0.3120623168
0.3315339783
0.3156896643
0.2855513073
0.3114969085
0.3013083570
0.4045279710
0.4252406681
0.5680690783
0.5307293447
0.5492852991
0.6038001906
0.5507221555
0.7237089034
0.6373929875
0.5542355910
0.6065563679
0.7498767919
0.8596349997
0.8986645089
0.8086488584
0.7244523964
0.8151701657
0.7147961255
0.7028122551
0.8059063400
0.8133181838
0.9246582958
0.9033658087
0.8565188227
0.6927354260
0.6070361909
0.5879770758
0.5245108227
0.7038778693
0.5815176766
0.6190985659
0.6369909244
0.7754913464
0.8552854252
0.8630231839
0.8006174989
0.7246588063
0.6685623286
0.6817632343
0.7122189878
0.7404261561
0.7266377174
0.7920485870
0.7511260846
0.8514991250
0.8202395609
0.6780796953
0.6981408749
0.5369318739
0.5597948621
0.5139381407
0.4537173393
0.3278193119
0.2391038230
0.1983361426
0.2538622188
0.2572997149
0.1251967455
0.2827511543
0.2409482179
0.2616127885
0.2048019388
0.1580610843
0.0655060872
0.1031900803
0.0987533909
0.1962424231
0.2102364915
0.2379230621
0.4022107727
0.4114662458
0.2847660153
0.3436631938
0.3082218169
0.3162706546
0.2620855774
0.3505727680
0.4558018997
0.4514322061
0.4565384313
0.3255491670
0.2785057471
0.3239305973
0.2867590234
0.2979588603
0.2722027960
0.3403409056
0.3701515188
0.3361627566
