sigma,transition_length,w,method,q,q_star,cutoff,n_predicted_cps,median_signed_error,median_abs_error,f1_tau5,precision_tau5,recall_tau5,f1_tau10,precision_tau10,recall_tau10,f1_tau25,precision_tau25,recall_tau25
0,1,10,baseline,0.5,0.9962143853357244,0.0,36,-8.5,8.5,0.0,0.0,0.0,0.972972972972973,1.0,0.9473684210526316,0.972972972972973,1.0,0.9473684210526316
0,1,10,baseline,0.6,0.9962143853357244,0.0,36,-8.5,8.5,0.0,0.0,0.0,0.972972972972973,1.0,0.9473684210526316,0.972972972972973,1.0,0.9473684210526316
0,1,10,baseline,0.7,0.9962143853357244,0.0,36,-8.5,8.5,0.0,0.0,0.0,0.972972972972973,1.0,0.9473684210526316,0.972972972972973,1.0,0.9473684210526316
0,1,10,baseline,0.75,0.9962143853357244,0.0,36,-8.5,8.5,0.0,0.0,0.0,0.972972972972973,1.0,0.9473684210526316,0.972972972972973,1.0,0.9473684210526316
0,1,10,baseline,0.8,0.9962143853357244,0.0,36,-8.5,8.5,0.0,0.0,0.0,0.972972972972973,1.0,0.9473684210526316,0.972972972972973,1.0,0.9473684210526316
0,1,10,baseline,0.85,0.9962143853357244,0.0,36,-8.5,8.5,0.0,0.0,0.0,0.972972972972973,1.0,0.9473684210526316,0.972972972972973,1.0,0.9473684210526316
0,1,10,baseline,0.9,0.9962143853357244,0.0,36,-8.5,8.5,0.0,0.0,0.0,0.972972972972973,1.0,0.9473684210526316,0.972972972972973,1.0,0.9473684210526316
0,1,10,baseline,0.925,0.9962143853357244,15.811388300841896,36,-7.5,7.5,0.0,0.0,0.0,0.972972972972973,1.0,0.9473684210526316,0.972972972972973,1.0,0.9473684210526316
0,1,10,baseline,0.95,0.9962143853357244,57.0087712549569,36,-4.5,4.5,0.972972972972973,1.0,0.9473684210526316,0.972972972972973,1.0,0.9473684210526316,0.972972972972973,1.0,0.9473684210526316
0,1,10,baseline,0.975,0.9962143853357244,79.05694150420949,36,-1.5,1.5,0.972972972972973,1.0,0.9473684210526316,0.972972972972973,1.0,0.9473684210526316,0.972972972972973,1.0,0.9473684210526316
0,1,10,baseline,0.99,0.9962143853357244,90.82951062292474,18,0.0,0.0,0.6428571428571429,1.0,0.4736842105263157,0.6428571428571429,1.0,0.4736842105263157,0.6428571428571429,1.0,0.4736842105263157
0,1,10,resample_pointwise,0.5,0.9962143853357244,35.35533905932738,36,-6.5,6.5,0.0,0.0,0.0,0.972972972972973,1.0,0.9473684210526316,0.972972972972973,1.0,0.9473684210526316
0,1,10,resample_pointwise,0.6,0.9962143853357244,44.7213595499958,36,-6.5,6.5,0.0,0.0,0.0,0.972972972972973,1.0,0.9473684210526316,0.972972972972973,1.0,0.9473684210526316
0,1,10,resample_pointwise,0.7,0.9962143853357244,44.7213595499958,36,-6.5,6.5,0.0,0.0,0.0,0.972972972972973,1.0,0.9473684210526316,0.972972972972973,1.0,0.9473684210526316
0,1,10,resample_pointwise,0.75,0.9962143853357244,54.77225575051661,36,-5.5,5.5,0.4864864864864865,0.5,0.4736842105263157,0.972972972972973,1.0,0.9473684210526316,0.972972972972973,1.0,0.9473684210526316
0,1,10,resample_pointwise,0.8,0.9962143853357244,54.77225575051661,36,-5.5,5.5,0.4864864864864865,0.5,0.4736842105263157,0.972972972972973,1.0,0.9473684210526316,0.972972972972973,1.0,0.9473684210526316
0,1,10,resample_pointwise,0.85,0.9962143853357244,54.77225575051661,36,-5.5,5.5,0.4864864864864865,0.5,0.4736842105263157,0.972972972972973,1.0,0.9473684210526316,0.972972972972973,1.0,0.9473684210526316
0,1,10,resample_pointwise,0.9,0.9962143853357244,63.24555320336759,36,-4.5,4.5,0.972972972972973,1.0,0.9473684210526316,0.972972972972973,1.0,0.9473684210526316,0.972972972972973,1.0,0.9473684210526316
0,1,10,resample_pointwise,0.925,0.9962143853357244,63.24555320336759,36,-4.5,4.5,0.972972972972973,1.0,0.9473684210526316,0.972972972972973,1.0,0.9473684210526316,0.972972972972973,1.0,0.9473684210526316
0,1,10,resample_pointwise,0.95,0.9962143853357244,63.24555320336759,36,-4.5,4.5,0.972972972972973,1.0,0.9473684210526316,0.972972972972973,1.0,0.9473684210526316,0.972972972972973,1.0,0.9473684210526316
0,1,10,resample_pointwise,0.975,0.9962143853357244,70.71067811865476,36,-3.5,3.5,0.972972972972973,1.0,0.9473684210526316,0.972972972972973,1.0,0.9473684210526316,0.972972972972973,1.0,0.9473684210526316
0,1,10,resample_pointwise,0.99,0.9962143853357244,77.45966692414834,36,-2.5,2.5,0.972972972972973,1.0,0.9473684210526316,0.972972972972973,1.0,0.9473684210526316,0.972972972972973,1.0,0.9473684210526316
0,1,25,baseline,0.5,0.9962143853357244,0.0,36,-23.5,23.5,0.0,0.0,0.0,0.0,0.0,0.0,0.972972972972973,1.0,0.9473684210526316
0,1,25,baseline,0.6,0.9962143853357244,0.0,36,-23.5,23.5,0.0,0.0,0.0,0.0,0.0,0.0,0.972972972972973,1.0,0.9473684210526316
0,1,25,baseline,0.7,0.9962143853357244,0.0,36,-23.5,23.5,0.0,0.0,0.0,0.0,0.0,0.0,0.972972972972973,1.0,0.9473684210526316
0,1,25,baseline,0.75,0.9962143853357244,0.0,36,-23.5,23.5,0.0,0.0,0.0,0.0,0.0,0.0,0.972972972972973,1.0,0.9473684210526316
0,1,25,baseline,0.8,0.9962143853357244,0.0,36,-23.5,23.5,0.0,0.0,0.0,0.0,0.0,0.0,0.972972972972973,1.0,0.9473684210526316
0,1,25,baseline,0.85,0.9962143853357244,45.8257569495584,36,-17.5,17.5,0.0,0.0,0.0,0.0,0.0,0.0,0.972972972972973,1.0,0.9473684210526316
0,1,25,baseline,0.9,0.9962143853357244,67.08203932499369,36,-11.5,11.5,0.0,0.0,0.0,0.0,0.0,0.0,0.972972972972973,1.0,0.9473684210526316
0,1,25,baseline,0.925,0.9962143853357244,78.10249675906654,36,-7.5,7.5,0.0,0.0,0.0,0.972972972972973,1.0,0.9473684210526316,0.972972972972973,1.0,0.9473684210526316
0,1,25,baseline,0.95,0.9962143853357244,85.44003745317531,36,-4.5,4.5,0.972972972972973,1.0,0.9473684210526316,0.972972972972973,1.0,0.9473684210526316,0.972972972972973,1.0,0.9473684210526316
0,1,25,baseline,0.975,0.9962143853357244,92.19544457292888,36,-1.5,1.5,0.972972972972973,1.0,0.9473684210526316,0.972972972972973,1.0,0.9473684210526316,0.972972972972973,1.0,0.9473684210526316
0,1,25,baseline,0.99,0.9962143853357244,96.43650760992956,18,0.0,0.0,0.6428571428571429,1.0,0.4736842105263157,0.6428571428571429,1.0,0.4736842105263157,0.6428571428571429,1.0,0.4736842105263157
0,1,25,resample_pointwise,0.5,0.9962143853357244,28.284271247461906,36,-21.5,21.5,0.0,0.0,0.0,0.0,0.0,0.0,0.972972972972973,1.0,0.9473684210526316
0,1,25,resample_pointwise,0.6,0.9962143853357244,34.64101615137755,36,-20.5,20.5,0.0,0.0,0.0,0.0,0.0,0.0,0.972972972972973,1.0,0.9473684210526316
0,1,25,resample_pointwise,0.7,0.9962143853357244,40.0,36,-19.5,19.5,0.0,0.0,0.0,0.0,0.0,0.0,0.972972972972973,1.0,0.9473684210526316
0,1,25,resample_pointwise,0.75,0.9962143853357244,40.0,36,-19.5,19.5,0.0,0.0,0.0,0.0,0.0,0.0,0.972972972972973,1.0,0.9473684210526316
0,1,25,resample_pointwise,0.8,0.9962143853357244,41.23105625617661,36,-18.5,18.5,0.0,0.0,0.0,0.0,0.0,0.0,0.972972972972973,1.0,0.9473684210526316
0,1,25,resample_pointwise,0.85,0.9962143853357244,44.7213595499958,36,-18.5,18.5,0.0,0.0,0.0,0.0,0.0,0.0,0.972972972972973,1.0,0.9473684210526316
0,1,25,resample_pointwise,0.9,0.9962143853357244,48.98979485566356,36,-17.5,17.5,0.0,0.0,0.0,0.0,0.0,0.0,0.972972972972973,1.0,0.9473684210526316
0,1,25,resample_pointwise,0.925,0.9962143853357244,48.98979485566356,36,-17.5,17.5,0.0,0.0,0.0,0.0,0.0,0.0,0.972972972972973,1.0,0.9473684210526316
0,1,25,resample_pointwise,0.95,0.9962143853357244,52.91502622129181,36,-16.5,16.5,0.0,0.0,0.0,0.0,0.0,0.0,0.972972972972973,1.0,0.9473684210526316
0,1,25,resample_pointwise,0.975,0.9962143853357244,56.56854249492381,36,-15.5,15.5,0.0,0.0,0.0,0.0,0.0,0.0,0.972972972972973,1.0,0.9473684210526316
0,1,25,resample_pointwise,0.99,0.9962143853357244,60.0,36,-14.5,14.5,0.0,0.0,0.0,0.0,0.0,0.0,0.972972972972973,1.0,0.9473684210526316
0,1,50,baseline,0.5,0.9962143853357244,0.0,36,-48.5,48.5,0.0,0.0,0.0,0.0,0.0,0.0,0.0,0.0,0.0
0,1,50,baseline,0.6,0.9962143853357244,0.0,36,-48.5,48.5,0.0,0.0,0.0,0.0,0.0,0.0,0.0,0.0,0.0
0,1,50,baseline,0.7,0.9962143853357244,45.27692569068709,36,-37.5,37.5,0.0,0.0,0.0,0.0,0.0,0.0,0.0,0.0,0.0
0,1,50,baseline,0.75,0.9962143853357244,57.0087712549569,36,-31.5,31.5,0.0,0.0,0.0,0.0,0.0,0.0,0.0,0.0,0.0
0,1,50,baseline,0.8,0.9962143853357244,68.19090848492928,36,-24.5,24.5,0.0,0.0,0.0,0.0,0.0,0.0,0.972972972972973,1.0,0.9473684210526316
0,1,50,baseline,0.85,0.9962143853357244,77.78174593052023,36,-17.5,17.5,0.0,0.0,0.0,0.0,0.0,0.0,0.972972972972973,1.0,0.9473684210526316
0,1,50,baseline,0.9,0.9962143853357244,85.14693182963201,36,-11.5,11.5,0.0,0.0,0.0,0.0,0.0,0.0,0.972972972972973,1.0,0.9473684210526316
0,1,50,baseline,0.925,0.9962143853357244,89.7217922246318,36,-7.5,7.5,0.0,0.0,0.0,0.972972972972973,1.0,0.9473684210526316,0.972972972972973,1.0,0.9473684210526316
0,1,50,baseline,0.95,0.9962143853357244,93.00537618869136,36,-4.5,4.5,0.972972972972973,1.0,0.9473684210526316,0.972972972972973,1.0,0.9473684210526316,0.972972972972973,1.0,0.9473684210526316
0,1,50,baseline,0.975,0.9962143853357244,96.17692030835671,36,-1.5,1.5,0.972972972972973,1.0,0.9473684210526316,0.972972972972973,1.0,0.9473684210526316,0.972972972972973,1.0,0.9473684210526316
0,1,50,baseline,0.99,0.9962143853357244,98.2344135219425,18,0.0,0.0,0.6428571428571429,1.0,0.4736842105263157,0.6428571428571429,1.0,0.4736842105263157,0.6428571428571429,1.0,0.4736842105263157
0,1,50,resample_pointwise,0.5,0.9962143853357244,25.495097567963924,36,-44.5,44.5,0.0,0.0,0.0,0.0,0.0,0.0,0.0,0.0,0.0
0,1,50,resample_pointwise,0.6,0.9962143853357244,28.284271247461906,36,-44.5,44.5,0.0,0.0,0.0,0.0,0.0,0.0,0.0,0.0,0.0
0,1,50,resample_pointwise,0.7,0.9962143853357244,31.622776601683796,36,-43.5,43.5,0.0,0.0,0.0,0.0,0.0,0.0,0.0,0.0,0.0
0,1,50,resample_pointwise,0.75,0.9962143853357244,34.64101615137755,36,-42.5,42.5,0.0,0.0,0.0,0.0,0.0,0.0,0.0,0.0,0.0
0,1,50,resample_pointwise,0.8,0.9962143853357244,35.35533905932738,36,-41.5,41.5,0.0,0.0,0.0,0.0,0.0,0.0,0.0,0.0,0.0
0,1,50,resample_pointwise,0.85,0.9962143853357244,37.416573867739416,36,-41.5,41.5,0.0,0.0,0.0,0.0,0.0,0.0,0.0,0.0,0.0
0,1,50,resample_pointwise,0.9,0.9962143853357244,40.0,36,-40.5,40.5,0.0,0.0,0.0,0.0,0.0,0.0,0.0,0.0,0.0
0,1,50,resample_pointwise,0.925,0.9962143853357244,42.42640687119285,36,-39.5,39.5,0.0,0.0,0.0,0.0,0.0,0.0,0.0,0.0,0.0
0,1,50,resample_pointwise,0.95,0.9962143853357244,44.7213595499958,36,-38.5,38.5,0.0,0.0,0.0,0.0,0.0,0.0,0.0,0.0,0.0
0,1,50,resample_pointwise,0.975,0.9962143853357244,46.9041575982343,36,-37.5,37.5,0.0,0.0,0.0,0.0,0.0,0.0,0.0,0.0,0.0
0,1,50,resample_pointwise,0.99,0.9962143853357244,50.99019513592785,36,-35.5,35.5,0.0,0.0,0.0,0.0,0.0,0.0,0.0,0.0,0.0
0,1,100,baseline,0.5,0.9962143853357244,50.49752469181039,36,-72.0,72.0,0.0,0.0,0.0,0.0,0.0,0.0,0.0,0.0,0.0
0,1,100,baseline,0.6,0.9962143853357244,65.0,36,-55.0,55.0,0.0,0.0,0.0,0.0,0.0,0.0,0.0,0.0,0.0
0,1,100,baseline,0.7,0.9962143853357244,76.32168761236873,36,-39.0,39.0,0.0,0.0,0.0,0.0,0.0,0.0,0.0,0.0,0.0
0,1,100,baseline,0.75,0.9962143853357244,80.77747210701756,36,-32.0,32.0,0.0,0.0,0.0,0.0,0.0,0.0,0.054054054054054,0.0555555555555555,0.0526315789473684
0,1,100,baseline,0.8,0.9962143853357244,85.58621384311844,36,-24.0,24.0,0.0,0.0,0.0,0.0,0.0,0.0,0.972972972972973,1.0,0.9473684210526316
0,1,100,baseline,0.85,0.9962143853357244,89.58236433584459,36,-17.0,17.0,0.0,0.0,0.0,0.0,0.0,0.0,0.972972972972973,1.0,0.9473684210526316
0,1,100,baseline,0.9,0.9962143853357244,92.87087810503355,36,-11.5,11.5,0.0,0.0,0.0,0.0,0.0,0.0,0.972972972972973,1.0,0.9473684210526316
0,1,100,baseline,0.925,0.9962143853357244,95.0,36,-7.5,7.5,0.0,0.0,0.0,0.972972972972973,1.0,0.9473684210526316,0.972972972972973,1.0,0.9473684210526316
0,1,100,baseline,0.95,0.9962143853357244,96.56603957913984,36,-4.5,4.5,0.972972972972973,1.0,0.9473684210526316,0.972972972972973,1.0,0.9473684210526316,0.972972972972973,1.0,0.9473684210526316
0,1,100,baseline,0.975,0.9962143853357244,98.10708435174293,36,-1.5,1.5,0.972972972972973,1.0,0.9473684210526316,0.972972972972973,1.0,0.9473684210526316,0.972972972972973,1.0,0.9473684210526316
0,1,100,baseline,0.99,0.9962143853357244,99.12113800799504,18,0.0,0.0,0.6428571428571429,1.0,0.4736842105263157,0.6428571428571429,1.0,0.4736842105263157,0.6428571428571429,1.0,0.4736842105263157
0,1,100,resample_pointwise,0.5,0.9962143853357244,21.213203435596427,36,-93.0,93.0,0.0,0.0,0.0,0.0,0.0,0.0,0.0,0.0,0.0
0,1,100,resample_pointwise,0.6,0.9962143853357244,24.49489742783178,36,-92.0,92.0,0.0,0.0,0.0,0.0,0.0,0.0,0.0,0.0,0.0
0,1,100,resample_pointwise,0.7,0.9962143853357244,26.92582403567252,36,-90.0,90.0,0.0,0.0,0.0,0.0,0.0,0.0,0.0,0.0,0.0
0,1,100,resample_pointwise,0.75,0.9962143853357244,28.284271247461906,36,-90.0,90.0,0.0,0.0,0.0,0.0,0.0,0.0,0.0,0.0,0.0
0,1,100,resample_pointwise,0.8,0.9962143853357244,30.0,36,-89.0,89.0,0.0,0.0,0.0,0.0,0.0,0.0,0.0,0.0,0.0
0,1,100,resample_pointwise,0.85,0.9962143853357244,31.622776601683796,36,-88.0,88.0,0.0,0.0,0.0,0.0,0.0,0.0,0.0,0.0,0.0
0,1,100,resample_pointwise,0.9,0.9962143853357244,33.54101966249684,36,-86.0,86.0,0.0,0.0,0.0,0.0,0.0,0.0,0.0,0.0,0.0
0,1,100,resample_pointwise,0.925,0.9962143853357244,35.0,36,-85.0,85.0,0.0,0.0,0.0,0.0,0.0,0.0,0.0,0.0,0.0
0,1,100,resample_pointwise,0.95,0.9962143853357244,37.416573867739416,36,-84.0,84.0,0.0,0.0,0.0,0.0,0.0,0.0,0.0,0.0,0.0
0,1,100,resample_pointwise,0.975,0.9962143853357244,40.0,36,-82.0,82.0,0.0,0.0,0.0,0.0,0.0,0.0,0.0,0.0,0.0
0,1,100,resample_pointwise,0.99,0.9962143853357244,42.42640687119285,36,-80.0,80.0,0.0,0.0,0.0,0.0,0.0,0.0,0.0,0.0,0.0
0,6,10,baseline,0.5,0.9777082518576456,0.0,36,-4.0,4.0,0.972972972972973,1.0,0.9473684210526316,0.972972972972973,1.0,0.9473684210526316,0.972972972972973,1.0,0.9473684210526316
0,6,10,baseline,0.6,0.9777082518576456,0.0,36,-4.0,4.0,0.972972972972973,1.0,0.9473684210526316,0.972972972972973,1.0,0.9473684210526316,0.972972972972973,1.0,0.9473684210526316
0,6,10,baseline,0.7,0.9777082518576456,0.0,36,-4.0,4.0,0.972972972972973,1.0,0.9473684210526316,0.972972972972973,1.0,0.9473684210526316,0.972972972972973,1.0,0.9473684210526316
0,6,10,baseline,0.75,0.9777082518576456,0.0,36,-4.0,4.0,0.972972972972973,1.0,0.9473684210526316,0.972972972972973,1.0,0.9473684210526316,0.972972972972973,1.0,0.9473684210526316
0,6,10,baseline,0.8,0.9777082518576456,0.0,36,-4.0,4.0,0.972972972972973,1.0,0.9473684210526316,0.972972972972973,1.0,0.9473684210526316,0.972972972972973,1.0,0.9473684210526316
0,6,10,baseline,0.85,0.9777082518576456,0.0,36,-4.0,4.0,0.972972972972973,1.0,0.9473684210526316,0.972972972972973,1.0,0.9473684210526316,0.972972972972973,1.0,0.9473684210526316
0,6,10,baseline,0.9,0.9777082518576456,0.0,36,-4.0,4.0,0.972972972972973,1.0,0.9473684210526316,0.972972972972973,1.0,0.9473684210526316,0.972972972972973,1.0,0.9473684210526316
0,6,10,baseline,0.925,0.9777082518576456,16.903085094570418,36,-4.0,4.0,0.972972972972973,1.0,0.9473684210526316,0.972972972972973,1.0,0.9473684210526316,0.972972972972973,1.0,0.9473684210526316
0,6,10,baseline,0.95,0.9777082518576456,43.09458036856673,36,-2.5,2.5,0.972972972972973,1.0,0.9473684210526316,0.972972972972973,1.0,0.9473684210526316,0.972972972972973,1.0,0.9473684210526316
0,6,10,baseline,0.975,0.9777082518576456,76.53197277702213,36,1.5,1.5,0.972972972972973,1.0,0.9473684210526316,0.972972972972973,1.0,0.9473684210526316,0.972972972972973,1.0,0.9473684210526316
0,6,10,baseline,0.99,0.9777082518576456,83.66600265340753,0,,,0.0,0.0,0.0,0.0,0.0,0.0,0.0,0.0,0.0
0,6,10,resample_pointwise,0.5,0.9777082518576456,35.28311152922418,36,-3.5,3.5,0.972972972972973,1.0,0.9473684210526316,0.972972972972973,1.0,0.9473684210526316,0.972972972972973,1.0,0.9473684210526316
0,6,10,resample_pointwise,0.6,0.9777082518576456,44.7213595499958,36,-2.5,2.5,0.972972972972973,1.0,0.9473684210526316,0.972972972972973,1.0,0.9473684210526316,0.972972972972973,1.0,0.9473684210526316
0,6,10,resample_pointwise,0.7,0.9777082518576456,44.7213595499958,36,-2.5,2.5,0.972972972972973,1.0,0.9473684210526316,0.972972972972973,1.0,0.9473684210526316,0.972972972972973,1.0,0.9473684210526316
0,6,10,resample_pointwise,0.75,0.9777082518576456,48.23412290324036,36,-2.5,2.5,0.972972972972973,1.0,0.9473684210526316,0.972972972972973,1.0,0.9473684210526316,0.972972972972973,1.0,0.9473684210526316
0,6,10,resample_pointwise,0.8,0.9777082518576456,54.77225575051661,36,-1.5,1.5,0.972972972972973,1.0,0.9473684210526316,0.972972972972973,1.0,0.9473684210526316,0.972972972972973,1.0,0.9473684210526316
0,6,10,resample_pointwise,0.85,0.9777082518576456,54.77225575051661,36,-1.5,1.5,0.972972972972973,1.0,0.9473684210526316,0.972972972972973,1.0,0.9473684210526316,0.972972972972973,1.0,0.9473684210526316
0,6,10,resample_pointwise,0.9,0.9777082518576456,60.777278246236094,36,-1.5,1.5,0.972972972972973,1.0,0.9473684210526316,0.972972972972973,1.0,0.9473684210526316,0.972972972972973,1.0,0.9473684210526316
0,6,10,resample_pointwise,0.925,0.9777082518576456,63.24555320336759,36,-0.5,0.5,0.972972972972973,1.0,0.9473684210526316,0.972972972972973,1.0,0.9473684210526316,0.972972972972973,1.0,0.9473684210526316
0,6,10,resample_pointwise,0.95,0.9777082518576456,63.24555320336759,36,-0.5,0.5,0.972972972972973,1.0,0.9473684210526316,0.972972972972973,1.0,0.9473684210526316,0.972972972972973,1.0,0.9473684210526316
0,6,10,resample_pointwise,0.975,0.9777082518576456,70.71067811865476,36,0.5,0.5,0.972972972972973,1.0,0.9473684210526316,0.972972972972973,1.0,0.9473684210526316,0.972972972972973,1.0,0.9473684210526316
0,6,10,resample_pointwise,0.99,0.9777082518576456,74.23074889580899,36,0.5,0.5,0.972972972972973,1.0,0.9473684210526316,0.972972972972973,1.0,0.9473684210526316,0.972972972972973,1.0,0.9473684210526316
0,6,25,baseline,0.5,0.9777082518576456,0.0,36,-19.0,19.0,0.0,0.0,0.0,0.0,0.0,0.0,0.972972972972973,1.0,0.9473684210526316
0,6,25,baseline,0.6,0.9777082518576456,0.0,36,-19.0,19.0,0.0,0.0,0.0,0.0,0.0,0.0,0.972972972972973,1.0,0.9473684210526316
0,6,25,baseline,0.7,0.9777082518576456,0.0,36,-19.0,19.0,0.0,0.0,0.0,0.0,0.0,0.0,0.972972972972973,1.0,0.9473684210526316
0,6,25,baseline,0.75,0.9777082518576456,0.0,36,-19.0,19.0,0.0,0.0,0.0,0.0,0.0,0.0,0.972972972972973,1.0,0.9473684210526316
0,6,25,baseline,0.8,0.9777082518576456,2.8571428571427986,36,-19.0,19.0,0.0,0.0,0.0,0.0,0.0,0.0,0.972972972972973,1.0,0.9473684210526316
0,6,25,baseline,0.85,0.9777082518576456,39.27922024247863,36,-15.5,15.5,0.0,0.0,0.0,0.0,0.0,0.0,0.972972972972973,1.0,0.9473684210526316
0,6,25,baseline,0.9,0.9777082518576456,65.90035768383312,36,-8.5,8.5,0.0,0.0,0.0,0.972972972972973,1.0,0.9473684210526316,0.972972972972973,1.0,0.9473684210526316
0,6,25,baseline,0.925,0.9777082518576456,74.45036697597362,36,-5.5,5.5,0.4864864864864865,0.5,0.4736842105263157,0.972972972972973,1.0,0.9473684210526316,0.972972972972973,1.0,0.9473684210526316
0,6,25,baseline,0.95,0.9777082518576456,82.11490207542808,36,-2.5,2.5,0.972972972972973,1.0,0.9473684210526316,0.972972972972973,1.0,0.9473684210526316,0.972972972972973,1.0,0.9473684210526316
0,6,25,baseline,0.975,0.9777082518576456,91.33924207511872,36,1.0,1.0,0.972972972972973,1.0,0.9473684210526316,0.972972972972973,1.0,0.9473684210526316,0.972972972972973,1.0,0.9473684210526316
0,6,25,baseline,0.99,0.9777082518576456,93.80831519646858,0,,,0.0,0.0,0.0,0.0,0.0,0.0,0.0,0.0,0.0
0,6,25,resample_pointwise,0.5,0.9777082518576456,28.428212488760565,36,-17.5,17.5,0.0,0.0,0.0,0.0,0.0,0.0,0.972972972972973,1.0,0.9473684210526316
0,6,25,resample_pointwise,0.6,0.9777082518576456,34.16645926600396,36,-16.5,16.5,0.0,0.0,0.0,0.0,0.0,0.0,0.972972972972973,1.0,0.9473684210526316
0,6,25,resample_pointwise,0.7,0.9777082518576456,36.47755809943915,36,-16.5,16.5,0.0,0.0,0.0,0.0,0.0,0.0,0.972972972972973,1.0,0.9473684210526316
0,6,25,resample_pointwise,0.75,0.9777082518576456,40.0,36,-15.5,15.5,0.0,0.0,0.0,0.0,0.0,0.0,0.972972972972973,1.0,0.9473684210526316
0,6,25,resample_pointwise,0.8,0.9777082518576456,40.90806018078958,36,-15.5,15.5,0.0,0.0,0.0,0.0,0.0,0.0,0.972972972972973,1.0,0.9473684210526316
0,6,25,resample_pointwise,0.85,0.9777082518576456,44.7213595499958,36,-14.5,14.5,0.0,0.0,0.0,0.0,0.0,0.0,0.972972972972973,1.0,0.9473684210526316
0,6,25,resample_pointwise,0.9,0.9777082518576456,46.94764778615706,36,-14.5,14.5,0.0,0.0,0.0,0.0,0.0,0.0,0.972972972972973,1.0,0.9473684210526316
0,6,25,resample_pointwise,0.925,0.9777082518576456,48.98979485566356,36,-13.5,13.5,0.0,0.0,0.0,0.0,0.0,0.0,0.972972972972973,1.0,0.9473684210526316
0,6,25,resample_pointwise,0.95,0.9777082518576456,51.90257749881416,36,-13.5,13.5,0.0,0.0,0.0,0.0,0.0,0.0,0.972972972972973,1.0,0.9473684210526316
0,6,25,resample_pointwise,0.975,0.9777082518576456,55.549205986353066,36,-12.5,12.5,0.0,0.0,0.0,0.0,0.0,0.0,0.972972972972973,1.0,0.9473684210526316
0,6,25,resample_pointwise,0.99,0.9777082518576456,60.0,36,-10.5,10.5,0.0,0.0,0.0,0.4864864864864865,0.5,0.4736842105263157,0.972972972972973,1.0,0.9473684210526316
0,6,50,baseline,0.5,0.9777082518576456,0.0,36,-44.0,44.0,0.0,0.0,0.0,0.0,0.0,0.0,0.0,0.0,0.0
0,6,50,baseline,0.6,0.9777082518576456,0.0,36,-44.0,44.0,0.0,0.0,0.0,0.0,0.0,0.0,0.0,0.0,0.0
0,6,50,baseline,0.7,0.9777082518576456,42.0883424647321,36,-35.5,35.5,0.0,0.0,0.0,0.0,0.0,0.0,0.0,0.0,0.0
0,6,50,baseline,0.75,0.9777082518576456,54.51081150953975,36,-29.5,29.5,0.0,0.0,0.0,0.0,0.0,0.0,0.0,0.0,0.0
0,6,50,baseline,0.8,0.9777082518576456,66.11677980232076,36,-22.5,22.5,0.0,0.0,0.0,0.0,0.0,0.0,0.972972972972973,1.0,0.9473684210526316
0,6,50,baseline,0.85,0.9777082518576456,75.96991885890475,36,-15.5,15.5,0.0,0.0,0.0,0.0,0.0,0.0,0.972972972972973,1.0,0.9473684210526316
0,6,50,baseline,0.9,0.9777082518576456,84.68428763016533,36,-8.5,8.5,0.0,0.0,0.0,0.972972972972973,1.0,0.9473684210526316,0.972972972972973,1.0,0.9473684210526316
0,6,50,baseline,0.925,0.9777082518576456,88.15570640309436,36,-5.5,5.5,0.4864864864864865,0.5,0.4736842105263157,0.972972972972973,1.0,0.9473684210526316,0.972972972972973,1.0,0.9473684210526316
0,6,50,baseline,0.95,0.9777082518576456,91.49551120917668,36,-2.5,2.5,0.972972972972973,1.0,0.9473684210526316,0.972972972972973,1.0,0.9473684210526316,0.972972972972973,1.0,0.9473684210526316
0,6,50,baseline,0.975,0.9777082518576456,95.7675757833964,36,1.5,1.5,0.972972972972973,1.0,0.9473684210526316,0.972972972972973,1.0,0.9473684210526316,0.972972972972973,1.0,0.9473684210526316
0,6,50,baseline,0.99,0.9777082518576456,96.95359714832657,0,,,0.0,0.0,0.0,0.0,0.0,0.0,0.0,0.0,0.0
0,6,50,resample_pointwise,0.5,0.9777082518576456,24.49489742783178,36,-41.5,41.5,0.0,0.0,0.0,0.0,0.0,0.0,0.0,0.0,0.0
0,6,50,resample_pointwise,0.6,0.9777082518576456,27.47912008810191,36,-41.5,41.5,0.0,0.0,0.0,0.0,0.0,0.0,0.0,0.0,0.0
0,6,50,resample_pointwise,0.7,0.9777082518576456,30.772370326482896,36,-40.5,40.5,0.0,0.0,0.0,0.0,0.0,0.0,0.0,0.0,0.0
0,6,50,resample_pointwise,0.75,0.9777082518576456,32.38795442501325,36,-39.5,39.5,0.0,0.0,0.0,0.0,0.0,0.0,0.0,0.0,0.0
0,6,50,resample_pointwise,0.8,0.9777082518576456,34.64101615137755,36,-38.5,38.5,0.0,0.0,0.0,0.0,0.0,0.0,0.0,0.0,0.0
0,6,50,resample_pointwise,0.85,0.9777082518576456,36.70066451047181,36,-38.5,38.5,0.0,0.0,0.0,0.0,0.0,0.0,0.0,0.0,0.0
0,6,50,resample_pointwise,0.9,0.9777082518576456,39.331142565532026,36,-37.5,37.5,0.0,0.0,0.0,0.0,0.0,0.0,0.0,0.0,0.0
0,6,50,resample_pointwise,0.925,0.9777082518576456,40.85814184592883,36,-36.5,36.5,0.0,0.0,0.0,0.0,0.0,0.0,0.0,0.0,0.0
0,6,50,resample_pointwise,0.95,0.9777082518576456,42.99976269512117,36,-35.5,35.5,0.0,0.0,0.0,0.0,0.0,0.0,0.0,0.0,0.0
0,6,50,resample_pointwise,0.975,0.9777082518576456,46.15855548972432,36,-34.5,34.5,0.0,0.0,0.0,0.0,0.0,0.0,0.0,0.0,0.0
0,6,50,resample_pointwise,0.99,0.9777082518576456,49.44590942821936,36,-32.5,32.5,0.0,0.0,0.0,0.0,0.0,0.0,0.0,0.0,0.0
0,6,100,baseline,0.5,0.9777082518576456,51.823877563477296,36,-67.0,67.0,0.0,0.0,0.0,0.0,0.0,0.0,0.0,0.0,0.0
0,6,100,baseline,0.6,0.9777082518576456,65.46536707079771,36,-51.0,51.0,0.0,0.0,0.0,0.0,0.0,0.0,0.0,0.0,0.0
0,6,100,baseline,0.7,0.9777082518576456,75.4036755451237,36,-37.0,37.0,0.0,0.0,0.0,0.0,0.0,0.0,0.054054054054054,0.0555555555555555,0.0526315789473684
0,6,100,baseline,0.75,0.9777082518576456,79.91066440541141,36,-30.0,30.0,0.0,0.0,0.0,0.0,0.0,0.0,0.054054054054054,0.0555555555555555,0.0526315789473684
0,6,100,baseline,0.8,0.9777082518576456,84.71800960472045,36,-23.0,23.0,0.0,0.0,0.0,0.0,0.0,0.0,0.972972972972973,1.0,0.9473684210526316
0,6,100,baseline,0.85,0.9777082518576456,88.2649371528238,36,-16.0,16.0,0.0,0.0,0.0,0.027027027027027,0.0277777777777777,0.0263157894736842,0.972972972972973,1.0,0.9473684210526316
0,6,100,baseline,0.9,0.9777082518576456,92.11793682944862,36,-9.0,9.0,0.0,0.0,0.0,0.972972972972973,1.0,0.9473684210526316,0.972972972972973,1.0,0.9473684210526316
0,6,100,baseline,0.925,0.9777082518576456,94.26406677899212,36,-5.5,5.5,0.4864864864864865,0.5,0.4736842105263157,0.972972972972973,1.0,0.9473684210526316,0.972972972972973,1.0,0.9473684210526316
0,6,100,baseline,0.95,0.9777082518576456,95.84213210125432,36,-2.5,2.5,0.972972972972973,1.0,0.9473684210526316,0.972972972972973,1.0,0.9473684210526316,0.972972972972973,1.0,0.9473684210526316
0,6,100,baseline,0.975,0.9777082518576456,97.90666108960252,36,1.5,1.5,0.972972972972973,1.0,0.9473684210526316,0.972972972972973,1.0,0.9473684210526316,0.972972972972973,1.0,0.9473684210526316
0,6,100,baseline,0.99,0.9777082518576456,98.48857801796105,0,,,0.0,0.0,0.0,0.0,0.0,0.0,0.0,0.0,0.0
0,6,100,resample_pointwise,0.5,0.9777082518576456,19.6914982172717,36,-90.0,90.0,0.0,0.0,0.0,0.0,0.0,0.0,0.0,0.0,0.0
0,6,100,resample_pointwise,0.6,0.9777082518576456,22.406267344797342,36,-89.0,89.0,0.0,0.0,0.0,0.0,0.0,0.0,0.0,0.0,0.0
0,6,100,resample_pointwise,0.7,0.9777082518576456,25.274008589934468,36,-88.0,88.0,0.0,0.0,0.0,0.0,0.0,0.0,0.0,0.0,0.0
0,6,100,resample_pointwise,0.75,0.9777082518576456,26.802375770419605,36,-87.0,87.0,0.0,0.0,0.0,0.0,0.0,0.0,0.0,0.0,0.0
0,6,100,resample_pointwise,0.8,0.9777082518576456,28.464084064530407,36,-86.0,86.0,0.0,0.0,0.0,0.0,0.0,0.0,0.0,0.0,0.0
0,6,100,resample_pointwise,0.85,0.9777082518576456,30.338229402279023,36,-85.0,85.0,0.0,0.0,0.0,0.0,0.0,0.0,0.0,0.0,0.0
0,6,100,resample_pointwise,0.9,0.9777082518576456,32.63902759655961,36,-84.0,84.0,0.0,0.0,0.0,0.0,0.0,0.0,0.0,0.0,0.0
0,6,100,resample_pointwise,0.925,0.9777082518576456,34.04678653660852,36,-83.0,83.0,0.0,0.0,0.0,0.0,0.0,0.0,0.0,0.0,0.0
0,6,100,resample_pointwise,0.95,0.9777082518576456,35.8283891542413,36,-82.0,82.0,0.0,0.0,0.0,0.0,0.0,0.0,0.0,0.0,0.0
0,6,100,resample_pointwise,0.975,0.9777082518576456,38.51848217917932,36,-80.0,80.0,0.0,0.0,0.0,0.0,0.0,0.0,0.0,0.0,0.0
0,6,100,resample_pointwise,0.99,0.9777082518576456,41.379281022743534,36,-77.0,77.0,0.0,0.0,0.0,0.0,0.0,0.0,0.0,0.0,0.0
0,11,10,baseline,0.5,0.959877135726627,0.0,36,-1.0,1.0,0.972972972972973,1.0,0.9473684210526316,0.972972972972973,1.0,0.9473684210526316,0.972972972972973,1.0,0.9473684210526316
0,11,10,baseline,0.6,0.959877135726627,0.0,36,-1.0,1.0,0.972972972972973,1.0,0.9473684210526316,0.972972972972973,1.0,0.9473684210526316,0.972972972972973,1.0,0.9473684210526316
0,11,10,baseline,0.7,0.959877135726627,0.0,36,-1.0,1.0,0.972972972972973,1.0,0.9473684210526316,0.972972972972973,1.0,0.9473684210526316,0.972972972972973,1.0,0.9473684210526316
0,11,10,baseline,0.75,0.959877135726627,0.0,36,-1.0,1.0,0.972972972972973,1.0,0.9473684210526316,0.972972972972973,1.0,0.9473684210526316,0.972972972972973,1.0,0.9473684210526316
0,11,10,baseline,0.8,0.959877135726627,0.0,36,-1.0,1.0,0.972972972972973,1.0,0.9473684210526316,0.972972972972973,1.0,0.9473684210526316,0.972972972972973,1.0,0.9473684210526316
0,11,10,baseline,0.85,0.959877135726627,0.0,36,-1.0,1.0,0.972972972972973,1.0,0.9473684210526316,0.972972972972973,1.0,0.9473684210526316,0.972972972972973,1.0,0.9473684210526316
0,11,10,baseline,0.9,0.959877135726627,5.892556509887943,36,-1.0,1.0,0.972972972972973,1.0,0.9473684210526316,0.972972972972973,1.0,0.9473684210526316,0.972972972972973,1.0,0.9473684210526316
0,11,10,baseline,0.925,0.959877135726627,19.54339899926432,36,-1.0,1.0,0.972972972972973,1.0,0.9473684210526316,0.972972972972973,1.0,0.9473684210526316,0.972972972972973,1.0,0.9473684210526316
0,11,10,baseline,0.95,0.959877135726627,44.48782605013048,36,0.0,0.5,0.972972972972973,1.0,0.9473684210526316,0.972972972972973,1.0,0.9473684210526316,0.972972972972973,1.0,0.9473684210526316
0,11,10,baseline,0.975,0.959877135726627,63.46477588219924,36,3.5,3.5,0.972972972972973,1.0,0.9473684210526316,0.972972972972973,1.0,0.9473684210526316,0.972972972972973,1.0,0.9473684210526316
0,11,10,baseline,0.99,0.959877135726627,69.72166887783968,18,5.0,5.0,0.6428571428571429,1.0,0.4736842105263157,0.6428571428571429,1.0,0.4736842105263157,0.6428571428571429,1.0,0.4736842105263157
0,11,10,resample_pointwise,0.5,0.959877135726627,34.35921354681387,36,-1.0,1.0,0.972972972972973,1.0,0.9473684210526316,0.972972972972973,1.0,0.9473684210526316,0.972972972972973,1.0,0.9473684210526316
0,11,10,resample_pointwise,0.6,0.959877135726627,44.7213595499958,36,0.5,0.5,0.972972972972973,1.0,0.9473684210526316,0.972972972972973,1.0,0.9473684210526316,0.972972972972973,1.0,0.9473684210526316
0,11,10,resample_pointwise,0.7,0.959877135726627,44.79893351905204,36,0.5,0.5,0.972972972972973,1.0,0.9473684210526316,0.972972972972973,1.0,0.9473684210526316,0.972972972972973,1.0,0.9473684210526316
0,11,10,resample_pointwise,0.75,0.959877135726627,47.79876799900006,36,0.5,0.5,0.972972972972973,1.0,0.9473684210526316,0.972972972972973,1.0,0.9473684210526316,0.972972972972973,1.0,0.9473684210526316
0,11,10,resample_pointwise,0.8,0.959877135726627,54.77225575051661,36,1.5,1.5,0.972972972972973,1.0,0.9473684210526316,0.972972972972973,1.0,0.9473684210526316,0.972972972972973,1.0,0.9473684210526316
0,11,10,resample_pointwise,0.85,0.959877135726627,54.77225575051661,36,1.5,1.5,0.972972972972973,1.0,0.9473684210526316,0.972972972972973,1.0,0.9473684210526316,0.972972972972973,1.0,0.9473684210526316
0,11,10,resample_pointwise,0.9,0.959877135726627,58.6893895388634,36,2.5,2.5,0.972972972972973,1.0,0.9473684210526316,0.972972972972973,1.0,0.9473684210526316,0.972972972972973,1.0,0.9473684210526316
0,11,10,resample_pointwise,0.925,0.959877135726627,63.24555320336759,36,2.5,2.5,0.972972972972973,1.0,0.9473684210526316,0.972972972972973,1.0,0.9473684210526316,0.972972972972973,1.0,0.9473684210526316
0,11,10,resample_pointwise,0.95,0.959877135726627,63.300430049443136,36,2.5,2.5,0.972972972972973,1.0,0.9473684210526316,0.972972972972973,1.0,0.9473684210526316,0.972972972972973,1.0,0.9473684210526316
0,11,10,resample_pointwise,0.975,0.959877135726627,70.71067811865476,18,5.0,5.0,0.6428571428571429,1.0,0.4736842105263157,0.6428571428571429,1.0,0.4736842105263157,0.6428571428571429,1.0,0.4736842105263157
0,11,10,resample_pointwise,0.99,0.959877135726627,73.78647873726221,0,,,0.0,0.0,0.0,0.0,0.0,0.0,0.0,0.0,0.0
0,11,25,baseline,0.5,0.959877135726627,0.0,36,-14.0,14.0,0.0,0.0,0.0,0.0,0.0,0.0,0.972972972972973,1.0,0.9473684210526316
0,11,25,baseline,0.6,0.959877135726627,0.0,36,-14.0,14.0,0.0,0.0,0.0,0.0,0.0,0.0,0.972972972972973,1.0,0.9473684210526316
0,11,25,baseline,0.7,0.959877135726627,0.0,36,-14.0,14.0,0.0,0.0,0.0,0.0,0.0,0.0,0.972972972972973,1.0,0.9473684210526316
0,11,25,baseline,0.75,0.959877135726627,0.0,36,-14.0,14.0,0.0,0.0,0.0,0.0,0.0,0.0,0.972972972972973,1.0,0.9473684210526316
0,11,25,baseline,0.8,0.959877135726627,6.236095644623254,36,-14.0,14.0,0.0,0.0,0.0,0.0,0.0,0.0,0.972972972972973,1.0,0.9473684210526316
0,11,25,baseline,0.85,0.959877135726627,32.70236145058095,36,-13.5,13.5,0.0,0.0,0.0,0.0,0.0,0.0,0.972972972972973,1.0,0.9473684210526316
0,11,25,baseline,0.9,0.959877135726627,61.68918507773916,36,-6.5,6.5,0.0,0.0,0.0,0.972972972972973,1.0,0.9473684210526316,0.972972972972973,1.0,0.9473684210526316
0,11,25,baseline,0.925,0.959877135726627,70.74995092263708,36,-3.5,3.5,0.972972972972973,1.0,0.9473684210526316,0.972972972972973,1.0,0.9473684210526316,0.972972972972973,1.0,0.9473684210526316
0,11,25,baseline,0.95,0.959877135726627,81.27456893491073,36,0.5,0.5,0.972972972972973,1.0,0.9473684210526316,0.972972972972973,1.0,0.9473684210526316,0.972972972972973,1.0,0.9473684210526316
0,11,25,baseline,0.975,0.959877135726627,87.20983634634086,36,3.5,3.5,0.972972972972973,1.0,0.9473684210526316,0.972972972972973,1.0,0.9473684210526316,0.972972972972973,1.0,0.9473684210526316
0,11,25,baseline,0.99,0.959877135726627,89.10044269749109,18,5.0,5.0,0.6428571428571429,1.0,0.4736842105263157,0.6428571428571429,1.0,0.4736842105263157,0.6428571428571429,1.0,0.4736842105263157
0,11,25,resample_pointwise,0.5,0.959877135726627,28.284271247461906,36,-14.0,14.0,0.0,0.0,0.0,0.0,0.0,0.0,0.972972972972973,1.0,0.9473684210526316
0,11,25,resample_pointwise,0.6,0.959877135726627,32.058973436118904,36,-14.0,14.0,0.0,0.0,0.0,0.0,0.0,0.0,0.972972972972973,1.0,0.9473684210526316
0,11,25,resample_pointwise,0.7,0.959877135726627,35.82364210034115,36,-13.5,13.5,0.0,0.0,0.0,0.0,0.0,0.0,0.972972972972973,1.0,0.9473684210526316
0,11,25,resample_pointwise,0.75,0.959877135726627,38.44187531556929,36,-12.5,12.5,0.0,0.0,0.0,0.0,0.0,0.0,0.972972972972973,1.0,0.9473684210526316
0,11,25,resample_pointwise,0.8,0.959877135726627,40.38013813195244,36,-12.5,12.5,0.0,0.0,0.0,0.0,0.0,0.0,0.972972972972973,1.0,0.9473684210526316
0,11,25,resample_pointwise,0.85,0.959877135726627,43.365372770858926,36,-11.5,11.5,0.0,0.0,0.0,0.0,0.0,0.0,0.972972972972973,1.0,0.9473684210526316
0,11,25,resample_pointwise,0.9,0.959877135726627,46.24812308503871,36,-11.5,11.5,0.0,0.0,0.0,0.0,0.0,0.0,0.972972972972973,1.0,0.9473684210526316
0,11,25,resample_pointwise,0.925,0.959877135726627,48.98979485566356,36,-10.5,10.5,0.0,0.0,0.0,0.4864864864864865,0.5,0.4736842105263157,0.972972972972973,1.0,0.9473684210526316
0,11,25,resample_pointwise,0.95,0.959877135726627,50.79916884709392,36,-10.5,10.5,0.0,0.0,0.0,0.4864864864864865,0.5,0.4736842105263157,0.972972972972973,1.0,0.9473684210526316
0,11,25,resample_pointwise,0.975,0.959877135726627,54.56901847914968,36,-9.5,9.5,0.0,0.0,0.0,0.972972972972973,1.0,0.9473684210526316,0.972972972972973,1.0,0.9473684210526316
0,11,25,resample_pointwise,0.99,0.959877135726627,58.831208649075975,36,-7.5,7.5,0.0,0.0,0.0,0.972972972972973,1.0,0.9473684210526316,0.972972972972973,1.0,0.9473684210526316
0,11,50,baseline,0.5,0.959877135726627,0.0,36,-39.0,39.0,0.0,0.0,0.0,0.0,0.0,0.0,0.0,0.0,0.0
0,11,50,baseline,0.6,0.959877135726627,1.1785113019775322,36,-39.0,39.0,0.0,0.0,0.0,0.0,0.0,0.0,0.0,0.0,0.0
0,11,50,baseline,0.7,0.959877135726627,36.09401304617953,36,-34.5,34.5,0.0,0.0,0.0,0.0,0.0,0.0,0.0,0.0,0.0
0,11,50,baseline,0.75,0.959877135726627,51.98824653494074,36,-27.5,27.5,0.0,0.0,0.0,0.0,0.0,0.0,0.0,0.0,0.0
0,11,50,baseline,0.8,0.959877135726627,64.05292950191878,36,-20.5,20.5,0.0,0.0,0.0,0.0,0.0,0.0,0.972972972972973,1.0,0.9473684210526316
0,11,50,baseline,0.85,0.959877135726627,74.18071028089295,36,-13.5,13.5,0.0,0.0,0.0,0.0,0.0,0.0,0.972972972972973,1.0,0.9473684210526316
0,11,50,baseline,0.9,0.959877135726627,83.08295720409679,36,-6.5,6.5,0.0,0.0,0.0,0.972972972972973,1.0,0.9473684210526316,0.972972972972973,1.0,0.9473684210526316
0,11,50,baseline,0.925,0.959877135726627,86.6185764012419,36,-3.5,3.5,0.972972972972973,1.0,0.9473684210526316,0.972972972972973,1.0,0.9473684210526316,0.972972972972973,1.0,0.9473684210526316
0,11,50,baseline,0.95,0.959877135726627,91.1195795522443,36,0.5,0.5,0.972972972972973,1.0,0.9473684210526316,0.972972972972973,1.0,0.9473684210526316,0.972972972972973,1.0,0.9473684210526316
0,11,50,baseline,0.975,0.959877135726627,93.8231196335838,36,3.5,3.5,0.972972972972973,1.0,0.9473684210526316,0.972972972972973,1.0,0.9473684210526316,0.972972972972973,1.0,0.9473684210526316
0,11,50,baseline,0.99,0.959877135726627,94.70715096783582,18,5.0,5.0,0.6428571428571429,1.0,0.4736842105263157,0.6428571428571429,1.0,0.4736842105263157,0.6428571428571429,1.0,0.4736842105263157
0,11,50,resample_pointwise,0.5,0.959877135726627,22.91287847477921,36,-39.0,39.0,0.0,0.0,0.0,0.0,0.0,0.0,0.0,0.0,0.0
0,11,50,resample_pointwise,0.6,0.959877135726627,26.273137950724056,36,-38.5,38.5,0.0,0.0,0.0,0.0,0.0,0.0,0.0,0.0,0.0
0,11,50,resample_pointwise,0.7,0.959877135726627,29.69754946867579,36,-37.5,37.5,0.0,0.0,0.0,0.0,0.0,0.0,0.0,0.0,0.0
0,11,50,resample_pointwise,0.75,0.959877135726627,31.622776601683796,36,-36.5,36.5,0.0,0.0,0.0,0.0,0.0,0.0,0.0,0.0,0.0
0,11,50,resample_pointwise,0.8,0.959877135726627,33.52030893519797,36,-35.5,35.5,0.0,0.0,0.0,0.0,0.0,0.0,0.0,0.0,0.0
0,11,50,resample_pointwise,0.85,0.959877135726627,35.746017649212,36,-35.5,35.5,0.0,0.0,0.0,0.0,0.0,0.0,0.0,0.0,0.0
0,11,50,resample_pointwise,0.9,0.959877135726627,38.42380627799501,36,-34.5,34.5,0.0,0.0,0.0,0.0,0.0,0.0,0.0,0.0,0.0
0,11,50,resample_pointwise,0.925,0.959877135726627,40.13864859597432,36,-33.5,33.5,0.0,0.0,0.0,0.0,0.0,0.0,0.0,0.0,0.0
0,11,50,resample_pointwise,0.95,0.959877135726627,42.31167424928704,36,-32.5,32.5,0.0,0.0,0.0,0.0,0.0,0.0,0.0,0.0,0.0
0,11,50,resample_pointwise,0.975,0.959877135726627,45.39946157292077,36,-31.5,31.5,0.0,0.0,0.0,0.0,0.0,0.0,0.0,0.0,0.0
0,11,50,resample_pointwise,0.99,0.959877135726627,49.00396809329719,36,-29.5,29.5,0.0,0.0,0.0,0.0,0.0,0.0,0.0,0.0,0.0
0,11,100,baseline,0.5,0.959877135726627,47.98726682962657,36,-68.0,68.0,0.0,0.0,0.0,0.0,0.0,0.0,0.0,0.0,0.0
0,11,100,baseline,0.6,0.959877135726627,63.65052151309437,36,-50.0,50.0,0.0,0.0,0.0,0.0,0.0,0.0,0.0,0.0,0.0
0,11,100,baseline,0.7,0.959877135726627,75.17572007562607,36,-34.0,34.0,0.0,0.0,0.0,0.0,0.0,0.0,0.0,0.0,0.0
0,11,100,baseline,0.75,0.959877135726627,79.69560144003488,36,-27.5,27.5,0.0,0.0,0.0,0.0,0.0,0.0,0.0,0.0,0.0
0,11,100,baseline,0.8,0.959877135726627,83.9725484244041,36,-20.5,20.5,0.0,0.0,0.0,0.0,0.0,0.0,0.972972972972973,1.0,0.9473684210526316
0,11,100,baseline,0.85,0.959877135726627,88.04197231371461,36,-13.5,13.5,0.0,0.0,0.0,0.0,0.0,0.0,0.972972972972973,1.0,0.9473684210526316
0,11,100,baseline,0.9,0.959877135726627,91.93143580347744,36,-6.5,6.5,0.0,0.0,0.0,0.972972972972973,1.0,0.9473684210526316,0.972972972972973,1.0,0.9473684210526316
0,11,100,baseline,0.925,0.959877135726627,93.54885829815824,36,-3.5,3.5,0.972972972972973,1.0,0.9473684210526316,0.972972972972973,1.0,0.9473684210526316,0.972972972972973,1.0,0.9473684210526316
0,11,100,baseline,0.95,0.959877135726627,95.66289191159176,36,0.5,0.5,0.972972972972973,1.0,0.9473684210526316,0.972972972972973,1.0,0.9473684210526316,0.972972972972973,1.0,0.9473684210526316
0,11,100,baseline,0.975,0.959877135726627,96.9607595313119,36,3.5,3.5,0.972972972972973,1.0,0.9473684210526316,0.972972972972973,1.0,0.9473684210526316,0.972972972972973,1.0,0.9473684210526316
0,11,100,baseline,0.99,0.959877135726627,97.38953856663572,18,5.0,5.0,0.6428571428571429,1.0,0.4736842105263157,0.6428571428571429,1.0,0.4736842105263157,0.6428571428571429,1.0,0.4736842105263157
0,11,100,resample_pointwise,0.5,0.959877135726627,17.892425461319938,36,-80.5,80.5,0.0,0.0,0.0,0.0,0.0,0.0,0.0,0.0,0.0
0,11,100,resample_pointwise,0.6,0.959877135726627,20.849993338661346,36,-79.5,79.5,0.0,0.0,0.0,0.0,0.0,0.0,0.0,0.0,0.0
0,11,100,resample_pointwise,0.7,0.959877135726627,23.848480035423663,36,-79.5,79.5,0.0,0.0,0.0,0.0,0.0,0.0,0.0,0.0,0.0
0,11,100,resample_pointwise,0.75,0.959877135726627,25.454207248835463,36,-78.5,78.5,0.0,0.0,0.0,0.0,0.0,0.0,0.0,0.0,0.0
0,11,100,resample_pointwise,0.8,0.959877135726627,27.19528145346786,36,-78.5,78.5,0.0,0.0,0.0,0.0,0.0,0.0,0.0,0.0,0.0
0,11,100,resample_pointwise,0.85,0.959877135726627,29.14284741674284,36,-77.5,77.5,0.0,0.0,0.0,0.0,0.0,0.0,0.0,0.0,0.0
0,11,100,resample_pointwise,0.9,0.959877135726627,31.4907393794853,36,-77.5,77.5,0.0,0.0,0.0,0.0,0.0,0.0,0.0,0.0,0.0
0,11,100,resample_pointwise,0.925,0.959877135726627,32.95619988880864,36,-76.5,76.5,0.0,0.0,0.0,0.0,0.0,0.0,0.0,0.0,0.0
0,11,100,resample_pointwise,0.95,0.959877135726627,34.82097069296029,36,-75.5,75.5,0.0,0.0,0.0,0.0,0.0,0.0,0.0,0.0,0.0
0,11,100,resample_pointwise,0.975,0.959877135726627,37.49073959733998,36,-74.5,74.5,0.0,0.0,0.0,0.0,0.0,0.0,0.0,0.0,0.0
0,11,100,resample_pointwise,0.99,0.959877135726627,40.42310945211635,36,-73.5,73.5,0.0,0.0,0.0,0.0,0.0,0.0,0.0,0.0,0.0
0,17,10,baseline,0.5,0.9393199323689648,0.0,36,-1.0,1.0,0.972972972972973,1.0,0.9473684210526316,0.972972972972973,1.0,0.9473684210526316,0.972972972972973,1.0,0.9473684210526316
0,17,10,baseline,0.6,0.9393199323689648,0.0,36,-1.0,1.0,0.972972972972973,1.0,0.9473684210526316,0.972972972972973,1.0,0.9473684210526316,0.972972972972973,1.0,0.9473684210526316
0,17,10,baseline,0.7,0.9393199323689648,0.0,36,-1.0,1.0,0.972972972972973,1.0,0.9473684210526316,0.972972972972973,1.0,0.9473684210526316,0.972972972972973,1.0,0.9473684210526316
0,17,10,baseline,0.75,0.9393199323689648,0.0,36,-1.0,1.0,0.972972972972973,1.0,0.9473684210526316,0.972972972972973,1.0,0.9473684210526316,0.972972972972973,1.0,0.9473684210526316
0,17,10,baseline,0.8,0.9393199323689648,0.0,36,-1.0,1.0,0.972972972972973,1.0,0.9473684210526316,0.972972972972973,1.0,0.9473684210526316,0.972972972972973,1.0,0.9473684210526316
0,17,10,baseline,0.85,0.9393199323689648,0.0,36,-1.0,1.0,0.972972972972973,1.0,0.9473684210526316,0.972972972972973,1.0,0.9473684210526316,0.972972972972973,1.0,0.9473684210526316
0,17,10,baseline,0.9,0.9393199323689648,9.622504486493783,36,-1.0,1.0,0.972972972972973,1.0,0.9473684210526316,0.972972972972973,1.0,0.9473684210526316,0.972972972972973,1.0,0.9473684210526316
0,17,10,baseline,0.925,0.9393199323689648,25.09242175696929,36,-0.5,0.5,0.972972972972973,1.0,0.9473684210526316,0.972972972972973,1.0,0.9473684210526316,0.972972972972973,1.0,0.9473684210526316
0,17,10,baseline,0.95,0.9393199323689648,38.65006029094679,36,2.5,2.5,0.972972972972973,1.0,0.9473684210526316,0.972972972972973,1.0,0.9473684210526316,0.972972972972973,1.0,0.9473684210526316
0,17,10,baseline,0.975,0.9393199323689648,50.6135198841349,36,6.5,6.5,0.0,0.0,0.0,0.972972972972973,1.0,0.9473684210526316,0.972972972972973,1.0,0.9473684210526316
0,17,10,baseline,0.99,0.9393199323689648,54.00617248673209,18,8.0,8.0,0.0,0.0,0.0,0.6428571428571429,1.0,0.4736842105263157,0.6428571428571429,1.0,0.4736842105263157
0,17,10,resample_pointwise,0.5,0.9393199323689648,34.15650255319868,36,0.5,0.5,0.972972972972973,1.0,0.9473684210526316,0.972972972972973,1.0,0.9473684210526316,0.972972972972973,1.0,0.9473684210526316
0,17,10,resample_pointwise,0.6,0.9393199323689648,41.79609527512002,36,2.5,2.5,0.972972972972973,1.0,0.9473684210526316,0.972972972972973,1.0,0.9473684210526316,0.972972972972973,1.0,0.9473684210526316
0,17,10,resample_pointwise,0.7,0.9393199323689648,44.75585346916185,36,3.5,3.5,0.972972972972973,1.0,0.9473684210526316,0.972972972972973,1.0,0.9473684210526316,0.972972972972973,1.0,0.9473684210526316
0,17,10,resample_pointwise,0.75,0.9393199323689648,47.43416490252569,36,4.5,4.5,0.972972972972973,1.0,0.9473684210526316,0.972972972972973,1.0,0.9473684210526316,0.972972972972973,1.0,0.9473684210526316
0,17,10,resample_pointwise,0.8,0.9393199323689648,51.90803834132473,36,6.5,6.5,0.0,0.0,0.0,0.972972972972973,1.0,0.9473684210526316,0.972972972972973,1.0,0.9473684210526316
0,17,10,resample_pointwise,0.85,0.9393199323689648,54.77225575051661,18,8.0,8.0,0.0,0.0,0.0,0.6428571428571429,1.0,0.4736842105263157,0.6428571428571429,1.0,0.4736842105263157
0,17,10,resample_pointwise,0.9,0.9393199323689648,57.86851848888792,0,,,0.0,0.0,0.0,0.0,0.0,0.0,0.0,0.0,0.0
0,17,10,resample_pointwise,0.925,0.9393199323689648,62.088149204215625,0,,,0.0,0.0,0.0,0.0,0.0,0.0,0.0,0.0,0.0
0,17,10,resample_pointwise,0.95,0.9393199323689648,63.24555320336759,0,,,0.0,0.0,0.0,0.0,0.0,0.0,0.0,0.0,0.0
0,17,10,resample_pointwise,0.975,0.9393199323689648,69.32211447695134,0,,,0.0,0.0,0.0,0.0,0.0,0.0,0.0,0.0,0.0
0,17,10,resample_pointwise,0.99,0.9393199323689648,72.86042804780004,0,,,0.0,0.0,0.0,0.0,0.0,0.0,0.0,0.0,0.0
0,17,25,baseline,0.5,0.9393199323689648,0.0,36,-8.0,8.0,0.0,0.0,0.0,0.972972972972973,1.0,0.9473684210526316,0.972972972972973,1.0,0.9473684210526316
0,17,25,baseline,0.6,0.9393199323689648,0.0,36,-8.0,8.0,0.0,0.0,0.0,0.972972972972973,1.0,0.9473684210526316,0.972972972972973,1.0,0.9473684210526316
0,17,25,baseline,0.7,0.9393199323689648,0.0,36,-8.0,8.0,0.0,0.0,0.0,0.972972972972973,1.0,0.9473684210526316,0.972972972972973,1.0,0.9473684210526316
0,17,25,baseline,0.75,0.9393199323689648,0.0,36,-8.0,8.0,0.0,0.0,0.0,0.972972972972973,1.0,0.9473684210526316,0.972972972972973,1.0,0.9473684210526316
0,17,25,baseline,0.8,0.9393199323689648,8.240220541217443,36,-8.0,8.0,0.0,0.0,0.0,0.972972972972973,1.0,0.9473684210526316,0.972972972972973,1.0,0.9473684210526316
0,17,25,baseline,0.85,0.9393199323689648,28.32788618662661,36,-8.0,8.0,0.0,0.0,0.0,0.972972972972973,1.0,0.9473684210526316,0.972972972972973,1.0,0.9473684210526316
0,17,25,baseline,0.9,0.9393199323689648,54.80605535617119,36,-4.5,4.5,0.972972972972973,1.0,0.9473684210526316,0.972972972972973,1.0,0.9473684210526316,0.972972972972973,1.0,0.9473684210526316
0,17,25,baseline,0.925,0.9393199323689648,67.8505984034312,36,-0.5,0.5,0.972972972972973,1.0,0.9473684210526316,0.972972972972973,1.0,0.9473684210526316,0.972972972972973,1.0,0.9473684210526316
0,17,25,baseline,0.95,0.9393199323689648,75.88978362901855,36,2.5,2.5,0.972972972972973,1.0,0.9473684210526316,0.972972972972973,1.0,0.9473684210526316,0.972972972972973,1.0,0.9473684210526316
0,17,25,baseline,0.975,0.9393199323689648,82.079455633167,36,6.5,6.5,0.0,0.0,0.0,0.972972972972973,1.0,0.9473684210526316,0.972972972972973,1.0,0.9473684210526316
0,17,25,baseline,0.99,0.9393199323689648,83.42217486531536,18,8.0,8.0,0.0,0.0,0.0,0.6428571428571429,1.0,0.4736842105263157,0.6428571428571429,1.0,0.4736842105263157
0,17,25,resample_pointwise,0.5,0.9393199323689648,27.19386277893425,36,-8.0,8.0,0.0,0.0,0.0,0.972972972972973,1.0,0.9473684210526316,0.972972972972973,1.0,0.9473684210526316
0,17,25,resample_pointwise,0.6,0.9393199323689648,30.892086165461915,36,-8.0,8.0,0.0,0.0,0.0,0.972972972972973,1.0,0.9473684210526316,0.972972972972973,1.0,0.9473684210526316
0,17,25,resample_pointwise,0.7,0.9393199323689648,35.0484673235278,36,-8.0,8.0,0.0,0.0,0.0,0.972972972972973,1.0,0.9473684210526316,0.972972972972973,1.0,0.9473684210526316
0,17,25,resample_pointwise,0.75,0.9393199323689648,37.25123247608932,36,-8.0,8.0,0.0,0.0,0.0,0.972972972972973,1.0,0.9473684210526316,0.972972972972973,1.0,0.9473684210526316
0,17,25,resample_pointwise,0.8,0.9393199323689648,39.953676880811614,36,-8.0,8.0,0.0,0.0,0.0,0.972972972972973,1.0,0.9473684210526316,0.972972972972973,1.0,0.9473684210526316
0,17,25,resample_pointwise,0.85,0.9393199323689648,42.295258468165095,36,-8.0,8.0,0.0,0.0,0.0,0.972972972972973,1.0,0.9473684210526316,0.972972972972973,1.0,0.9473684210526316
0,17,25,resample_pointwise,0.9,0.9393199323689648,45.50132273209616,36,-7.5,7.5,0.0,0.0,0.0,0.972972972972973,1.0,0.9473684210526316,0.972972972972973,1.0,0.9473684210526316
0,17,25,resample_pointwise,0.925,0.9393199323689648,47.67430656205543,36,-6.5,6.5,0.0,0.0,0.0,0.972972972972973,1.0,0.9473684210526316,0.972972972972973,1.0,0.9473684210526316
0,17,25,resample_pointwise,0.95,0.9393199323689648,50.0,36,-6.5,6.5,0.0,0.0,0.0,0.972972972972973,1.0,0.9473684210526316,0.972972972972973,1.0,0.9473684210526316
0,17,25,resample_pointwise,0.975,0.9393199323689648,53.72541068327367,36,-5.5,5.5,0.4864864864864865,0.5,0.4736842105263157,0.972972972972973,1.0,0.9473684210526316,0.972972972972973,1.0,0.9473684210526316
0,17,25,resample_pointwise,0.99,0.9393199323689648,57.84974131907746,36,-4.5,4.5,0.972972972972973,1.0,0.9473684210526316,0.972972972972973,1.0,0.9473684210526316,0.972972972972973,1.0,0.9473684210526316
0,17,50,baseline,0.5,0.9393199323689648,0.0,36,-33.0,33.0,0.0,0.0,0.0,0.0,0.0,0.0,0.0,0.0,0.0
0,17,50,baseline,0.6,0.9393199323689648,1.7568209223157802,36,-33.0,33.0,0.0,0.0,0.0,0.0,0.0,0.0,0.0,0.0,0.0
0,17,50,baseline,0.7,0.9393199323689648,30.388431847060765,36,-32.5,32.5,0.0,0.0,0.0,0.0,0.0,0.0,0.0,0.0,0.0
0,17,50,baseline,0.75,0.9393199323689648,47.97761823863134,36,-25.5,25.5,0.0,0.0,0.0,0.0,0.0,0.0,0.4864864864864865,0.5,0.4736842105263157
0,17,50,baseline,0.8,0.9393199323689648,60.84284552724216,36,-18.5,18.5,0.0,0.0,0.0,0.0,0.0,0.0,0.972972972972973,1.0,0.9473684210526316
0,17,50,baseline,0.85,0.9393199323689648,71.42724866500075,36,-11.5,11.5,0.0,0.0,0.0,0.0,0.0,0.0,0.972972972972973,1.0,0.9473684210526316
0,17,50,baseline,0.9,0.9393199323689648,80.63406136275073,36,-4.5,4.5,0.972972972972973,1.0,0.9473684210526316,0.972972972972973,1.0,0.9473684210526316,0.972972972972973,1.0,0.9473684210526316
0,17,50,baseline,0.925,0.9393199323689648,85.45087390923425,36,-0.5,0.5,0.972972972972973,1.0,0.9473684210526316,0.972972972972973,1.0,0.9473684210526316,0.972972972972973,1.0,0.9473684210526316
0,17,50,baseline,0.95,0.9393199323689648,88.76727792170732,36,2.5,2.5,0.972972972972973,1.0,0.9473684210526316,0.972972972972973,1.0,0.9473684210526316,0.972972972972973,1.0,0.9473684210526316
0,17,50,baseline,0.975,0.9393199323689648,91.47960711829997,36,6.5,6.5,0.0,0.0,0.0,0.972972972972973,1.0,0.9473684210526316,0.972972972972973,1.0,0.9473684210526316
0,17,50,baseline,0.99,0.9393199323689648,92.08490446120705,18,8.0,8.0,0.0,0.0,0.0,0.6428571428571429,1.0,0.4736842105263157,0.6428571428571429,1.0,0.4736842105263157
0,17,50,resample_pointwise,0.5,0.9393199323689648,21.271321910085167,36,-33.0,33.0,0.0,0.0,0.0,0.0,0.0,0.0,0.0,0.0,0.0
0,17,50,resample_pointwise,0.6,0.9393199323689648,24.80790395751788,36,-33.0,33.0,0.0,0.0,0.0,0.0,0.0,0.0,0.0,0.0,0.0
0,17,50,resample_pointwise,0.7,0.9393199323689648,28.425775123257765,36,-33.0,33.0,0.0,0.0,0.0,0.0,0.0,0.0,0.0,0.0,0.0
0,17,50,resample_pointwise,0.75,0.9393199323689648,30.327431253235947,36,-33.0,33.0,0.0,0.0,0.0,0.0,0.0,0.0,0.0,0.0,0.0
0,17,50,resample_pointwise,0.8,0.9393199323689648,32.39417719358498,36,-32.5,32.5,0.0,0.0,0.0,0.0,0.0,0.0,0.0,0.0,0.0
0,17,50,resample_pointwise,0.85,0.9393199323689648,34.71222078180736,36,-31.5,31.5,0.0,0.0,0.0,0.0,0.0,0.0,0.0,0.0,0.0
0,17,50,resample_pointwise,0.9,0.9393199323689648,37.515428924742494,36,-30.5,30.5,0.0,0.0,0.0,0.0,0.0,0.0,0.0,0.0,0.0
0,17,50,resample_pointwise,0.925,0.9393199323689648,39.22867431979941,36,-29.5,29.5,0.0,0.0,0.0,0.0,0.0,0.0,0.0,0.0,0.0
0,17,50,resample_pointwise,0.95,0.9393199323689648,41.38944806175696,36,-28.5,28.5,0.0,0.0,0.0,0.0,0.0,0.0,0.0,0.0,0.0
0,17,50,resample_pointwise,0.975,0.9393199323689648,44.60388069259788,36,-27.5,27.5,0.0,0.0,0.0,0.0,0.0,0.0,0.0,0.0,0.0
0,17,50,resample_pointwise,0.99,0.9393199323689648,48.11893700784995,36,-25.5,25.5,0.0,0.0,0.0,0.0,0.0,0.0,0.4864864864864865,0.5,0.4736842105263157
0,17,100,baseline,0.5,0.9393199323689648,47.44392401484014,36,-64.0,64.0,0.0,0.0,0.0,0.0,0.0,0.0,0.0,0.0,0.0
0,17,100,baseline,0.6,0.9393199323689648,62.055829105136645,36,-48.0,48.0,0.0,0.0,0.0,0.0,0.0,0.0,0.0,0.0,0.0
0,17,100,baseline,0.7,0.9393199323689648,73.43427396381469,36,-33.0,33.0,0.0,0.0,0.0,0.0,0.0,0.0,0.027027027027027,0.0277777777777777,0.0263157894736842
0,17,100,baseline,0.75,0.9393199323689648,78.4278389726883,36,-25.0,25.0,0.0,0.0,0.0,0.0,0.0,0.0,0.5405405405405405,0.5555555555555556,0.5263157894736842
0,17,100,baseline,0.8,0.9393199323689648,82.77032032030519,36,-18.0,18.0,0.0,0.0,0.0,0.0,0.0,0.0,0.972972972972973,1.0,0.9473684210526316
0,17,100,baseline,0.85,0.9393199323689648,86.89606392654345,36,-11.5,11.5,0.0,0.0,0.0,0.0,0.0,0.0,0.972972972972973,1.0,0.9473684210526316
0,17,100,baseline,0.9,0.9393199323689648,90.83460753438597,36,-4.5,4.5,0.972972972972973,1.0,0.9473684210526316,0.972972972972973,1.0,0.9473684210526316,0.972972972972973,1.0,0.9473684210526316
0,17,100,baseline,0.925,0.9393199323689648,93.01035386410445,36,-0.5,0.5,0.972972972972973,1.0,0.9473684210526316,0.972972972972973,1.0,0.9473684210526316,0.972972972972973,1.0,0.9473684210526316
0,17,100,baseline,0.95,0.9393199323689648,94.55059394215785,36,2.5,2.5,0.972972972972973,1.0,0.9473684210526316,0.972972972972973,1.0,0.9473684210526316,0.972972972972973,1.0,0.9473684210526316
0,17,100,baseline,0.975,0.9393199323689648,95.83454105519188,36,6.5,6.5,0.0,0.0,0.0,0.972972972972973,1.0,0.9473684210526316,0.972972972972973,1.0,0.9473684210526316
0,17,100,baseline,0.99,0.9393199323689648,96.12395546800398,18,8.0,8.0,0.0,0.0,0.0,0.6428571428571429,1.0,0.4736842105263157,0.6428571428571429,1.0,0.4736842105263157
0,17,100,resample_pointwise,0.5,0.9393199323689648,16.38653467083628,36,-83.0,83.0,0.0,0.0,0.0,0.0,0.0,0.0,0.0,0.0,0.0
0,17,100,resample_pointwise,0.6,0.9393199323689648,19.46031098681887,36,-83.0,83.0,0.0,0.0,0.0,0.0,0.0,0.0,0.0,0.0,0.0
0,17,100,resample_pointwise,0.7,0.9393199323689648,22.64868567848833,36,-82.0,82.0,0.0,0.0,0.0,0.0,0.0,0.0,0.0,0.0,0.0
0,17,100,resample_pointwise,0.75,0.9393199323689648,24.33054271162022,36,-81.0,81.0,0.0,0.0,0.0,0.0,0.0,0.0,0.0,0.0,0.0
0,17,100,resample_pointwise,0.8,0.9393199323689648,26.13474108075348,36,-80.0,80.0,0.0,0.0,0.0,0.0,0.0,0.0,0.0,0.0,0.0
0,17,100,resample_pointwise,0.85,0.9393199323689648,28.14753897976309,36,-79.0,79.0,0.0,0.0,0.0,0.0,0.0,0.0,0.0,0.0,0.0
0,17,100,resample_pointwise,0.9,0.9393199323689648,30.54040028196612,36,-78.0,78.0,0.0,0.0,0.0,0.0,0.0,0.0,0.0,0.0,0.0
0,17,100,resample_pointwise,0.925,0.9393199323689648,32.020441002199014,36,-77.0,77.0,0.0,0.0,0.0,0.0,0.0,0.0,0.0,0.0,0.0
0,17,100,resample_pointwise,0.95,0.9393199323689648,33.88433484883757,36,-76.0,76.0,0.0,0.0,0.0,0.0,0.0,0.0,0.0,0.0,0.0
0,17,100,resample_pointwise,0.975,0.9393199323689648,36.64140543964701,36,-74.0,74.0,0.0,0.0,0.0,0.0,0.0,0.0,0.0,0.0,0.0
0,17,100,resample_pointwise,0.99,0.9393199323689648,39.74455471671091,36,-71.0,71.0,0.0,0.0,0.0,0.0,0.0,0.0,0.0,0.0,0.0
0,22,10,baseline,0.5,0.9228497600590624,0.0,36,-1.0,1.0,0.972972972972973,1.0,0.9473684210526316,0.972972972972973,1.0,0.9473684210526316,0.972972972972973,1.0,0.9473684210526316
0,22,10,baseline,0.6,0.9228497600590624,0.0,36,-1.0,1.0,0.972972972972973,1.0,0.9473684210526316,0.972972972972973,1.0,0.9473684210526316,0.972972972972973,1.0,0.9473684210526316
0,22,10,baseline,0.7,0.9228497600590624,0.0,36,-1.0,1.0,0.972972972972973,1.0,0.9473684210526316,0.972972972972973,1.0,0.9473684210526316,0.972972972972973,1.0,0.9473684210526316
0,22,10,baseline,0.75,0.9228497600590624,0.0,36,-1.0,1.0,0.972972972972973,1.0,0.9473684210526316,0.972972972972973,1.0,0.9473684210526316,0.972972972972973,1.0,0.9473684210526316
0,22,10,baseline,0.8,0.9228497600590624,0.0,36,-1.0,1.0,0.972972972972973,1.0,0.9473684210526316,0.972972972972973,1.0,0.9473684210526316,0.972972972972973,1.0,0.9473684210526316
0,22,10,baseline,0.85,0.9228497600590624,0.0,36,-1.0,1.0,0.972972972972973,1.0,0.9473684210526316,0.972972972972973,1.0,0.9473684210526316,0.972972972972973,1.0,0.9473684210526316
0,22,10,baseline,0.9,0.9228497600590624,16.26807559466944,36,-1.0,1.0,0.972972972972973,1.0,0.9473684210526316,0.972972972972973,1.0,0.9473684210526316,0.972972972972973,1.0,0.9473684210526316
0,22,10,baseline,0.925,0.9228497600590624,26.97755140432801,36,1.5,1.5,0.972972972972973,1.0,0.9473684210526316,0.972972972972973,1.0,0.9473684210526316,0.972972972972973,1.0,0.9473684210526316
0,22,10,baseline,0.95,0.9228497600590624,37.77858086300594,36,5.0,5.0,0.7297297297297298,0.75,0.7105263157894737,0.972972972972973,1.0,0.9473684210526316,0.972972972972973,1.0,0.9473684210526316
0,22,10,baseline,0.975,0.9228497600590624,42.26570020700762,36,8.5,8.5,0.0,0.0,0.0,0.972972972972973,1.0,0.9473684210526316,0.972972972972973,1.0,0.9473684210526316
0,22,10,baseline,0.99,0.9228497600590624,43.478260869565005,0,,,0.0,0.0,0.0,0.0,0.0,0.0,0.0,0.0,0.0
0,22,10,resample_pointwise,0.5,0.9228497600590624,33.59381525579452,36,3.5,3.5,0.972972972972973,1.0,0.9473684210526316,0.972972972972973,1.0,0.9473684210526316,0.972972972972973,1.0,0.9473684210526316
0,22,10,resample_pointwise,0.6,0.9228497600590624,40.155651787891465,36,6.5,6.5,0.0,0.0,0.0,0.972972972972973,1.0,0.9473684210526316,0.972972972972973,1.0,0.9473684210526316
0,22,10,resample_pointwise,0.7,0.9228497600590624,44.7213595499958,0,,,0.0,0.0,0.0,0.0,0.0,0.0,0.0,0.0,0.0
0,22,10,resample_pointwise,0.75,0.9228497600590624,46.74671323727177,0,,,0.0,0.0,0.0,0.0,0.0,0.0,0.0,0.0,0.0
0,22,10,resample_pointwise,0.8,0.9228497600590624,50.461012669405775,0,,,0.0,0.0,0.0,0.0,0.0,0.0,0.0,0.0,0.0
0,22,10,resample_pointwise,0.85,0.9228497600590624,54.77225575051661,0,,,0.0,0.0,0.0,0.0,0.0,0.0,0.0,0.0,0.0
0,22,10,resample_pointwise,0.9,0.9228497600590624,57.20324921039749,0,,,0.0,0.0,0.0,0.0,0.0,0.0,0.0,0.0,0.0
0,22,10,resample_pointwise,0.925,0.9228497600590624,60.68294372997532,0,,,0.0,0.0,0.0,0.0,0.0,0.0,0.0,0.0,0.0
0,22,10,resample_pointwise,0.95,0.9228497600590624,63.24555320336759,0,,,0.0,0.0,0.0,0.0,0.0,0.0,0.0,0.0,0.0
0,22,10,resample_pointwise,0.975,0.9228497600590624,68.26225420916337,0,,,0.0,0.0,0.0,0.0,0.0,0.0,0.0,0.0,0.0
0,22,10,resample_pointwise,0.99,0.9228497600590624,72.2576779497121,0,,,0.0,0.0,0.0,0.0,0.0,0.0,0.0,0.0,0.0
0,22,25,baseline,0.5,0.9228497600590624,0.0,36,-3.0,3.0,0.972972972972973,1.0,0.9473684210526316,0.972972972972973,1.0,0.9473684210526316,0.972972972972973,1.0,0.9473684210526316
0,22,25,baseline,0.6,0.9228497600590624,0.0,36,-3.0,3.0,0.972972972972973,1.0,0.9473684210526316,0.972972972972973,1.0,0.9473684210526316,0.972972972972973,1.0,0.9473684210526316
0,22,25,baseline,0.7,0.9228497600590624,0.0,36,-3.0,3.0,0.972972972972973,1.0,0.9473684210526316,0.972972972972973,1.0,0.9473684210526316,0.972972972972973,1.0,0.9473684210526316
0,22,25,baseline,0.75,0.9228497600590624,0.0,36,-3.0,3.0,0.972972972972973,1.0,0.9473684210526316,0.972972972972973,1.0,0.9473684210526316,0.972972972972973,1.0,0.9473684210526316
0,22,25,baseline,0.8,0.9228497600590624,10.28883440539072,36,-3.0,3.0,0.972972972972973,1.0,0.9473684210526316,0.972972972972973,1.0,0.9473684210526316,0.972972972972973,1.0,0.9473684210526316
0,22,25,baseline,0.85,0.9228497600590624,30.620551063754828,36,-3.0,3.0,0.972972972972973,1.0,0.9473684210526316,0.972972972972973,1.0,0.9473684210526316,0.972972972972973,1.0,0.9473684210526316
0,22,25,baseline,0.9,0.9228497600590624,53.56832289134407,36,-1.5,1.5,0.972972972972973,1.0,0.9473684210526316,0.972972972972973,1.0,0.9473684210526316,0.972972972972973,1.0,0.9473684210526316
0,22,25,baseline,0.925,0.9228497600590624,63.79314396854333,36,1.5,1.5,0.972972972972973,1.0,0.9473684210526316,0.972972972972973,1.0,0.9473684210526316,0.972972972972973,1.0,0.9473684210526316
0,22,25,baseline,0.95,0.9228497600590624,72.95025106491936,36,5.0,5.0,0.7297297297297298,0.75,0.7105263157894737,0.972972972972973,1.0,0.9473684210526316,0.972972972972973,1.0,0.9473684210526316
0,22,25,baseline,0.975,0.9228497600590624,76.78315032553057,36,8.5,8.5,0.0,0.0,0.0,0.972972972972973,1.0,0.9473684210526316,0.972972972972973,1.0,0.9473684210526316
0,22,25,baseline,0.99,0.9228497600590624,78.46350577899521,18,10.5,10.5,0.0,0.0,0.0,0.3214285714285714,0.5,0.2368421052631578,0.6428571428571429,1.0,0.4736842105263157
0,22,25,resample_pointwise,0.5,0.9228497600590624,25.927046114566163,36,-3.0,3.0,0.972972972972973,1.0,0.9473684210526316,0.972972972972973,1.0,0.9473684210526316,0.972972972972973,1.0,0.9473684210526316
0,22,25,resample_pointwise,0.6,0.9228497600590624,29.90849308159972,36,-3.0,3.0,0.972972972972973,1.0,0.9473684210526316,0.972972972972973,1.0,0.9473684210526316,0.972972972972973,1.0,0.9473684210526316
0,22,25,resample_pointwise,0.7,0.9228497600590624,34.345074188054795,36,-3.0,3.0,0.972972972972973,1.0,0.9473684210526316,0.972972972972973,1.0,0.9473684210526316,0.972972972972973,1.0,0.9473684210526316
0,22,25,resample_pointwise,0.75,0.9228497600590624,36.38691470070895,36,-3.0,3.0,0.972972972972973,1.0,0.9473684210526316,0.972972972972973,1.0,0.9473684210526316,0.972972972972973,1.0,0.9473684210526316
0,22,25,resample_pointwise,0.8,0.9228497600590624,38.8784154888837,36,-3.0,3.0,0.972972972972973,1.0,0.9473684210526316,0.972972972972973,1.0,0.9473684210526316,0.972972972972973,1.0,0.9473684210526316
0,22,25,resample_pointwise,0.85,0.9228497600590624,41.484731971744544,36,-3.0,3.0,0.972972972972973,1.0,0.9473684210526316,0.972972972972973,1.0,0.9473684210526316,0.972972972972973,1.0,0.9473684210526316
0,22,25,resample_pointwise,0.9,0.9228497600590624,44.856418700970174,36,-3.0,3.0,0.972972972972973,1.0,0.9473684210526316,0.972972972972973,1.0,0.9473684210526316,0.972972972972973,1.0,0.9473684210526316
0,22,25,resample_pointwise,0.925,0.9228497600590624,46.84366469967176,36,-3.0,3.0,0.972972972972973,1.0,0.9473684210526316,0.972972972972973,1.0,0.9473684210526316,0.972972972972973,1.0,0.9473684210526316
0,22,25,resample_pointwise,0.95,0.9228497600590624,49.366497138216566,36,-3.0,3.0,0.972972972972973,1.0,0.9473684210526316,0.972972972972973,1.0,0.9473684210526316,0.972972972972973,1.0,0.9473684210526316
0,22,25,resample_pointwise,0.975,0.9228497600590624,53.12894041874826,36,-2.5,2.5,0.972972972972973,1.0,0.9473684210526316,0.972972972972973,1.0,0.9473684210526316,0.972972972972973,1.0,0.9473684210526316
0,22,25,resample_pointwise,0.99,0.9228497600590624,57.23298320662376,36,-0.5,0.5,0.972972972972973,1.0,0.9473684210526316,0.972972972972973,1.0,0.9473684210526316,0.972972972972973,1.0,0.9473684210526316
0,22,50,baseline,0.5,0.9228497600590624,0.0,36,-28.0,28.0,0.0,0.0,0.0,0.0,0.0,0.0,0.0,0.0,0.0
0,22,50,baseline,0.6,0.9228497600590624,3.3678116053977885,36,-28.0,28.0,0.0,0.0,0.0,0.0,0.0,0.0,0.0,0.0,0.0
0,22,50,baseline,0.7,0.9228497600590624,28.237448488920887,36,-28.0,28.0,0.0,0.0,0.0,0.0,0.0,0.0,0.0,0.0,0.0
0,22,50,baseline,0.75,0.9228497600590624,45.108564693366695,36,-23.5,23.5,0.0,0.0,0.0,0.0,0.0,0.0,0.972972972972973,1.0,0.9473684210526316
0,22,50,baseline,0.8,0.9228497600590624,58.60701842523341,36,-16.5,16.5,0.0,0.0,0.0,0.0,0.0,0.0,0.972972972972973,1.0,0.9473684210526316
0,22,50,baseline,0.85,0.9228497600590624,70.95620204531559,36,-8.5,8.5,0.0,0.0,0.0,0.972972972972973,1.0,0.9473684210526316,0.972972972972973,1.0,0.9473684210526316
0,22,50,baseline,0.9,0.9228497600590624,80.21709673564388,36,-1.5,1.5,0.972972972972973,1.0,0.9473684210526316,0.972972972972973,1.0,0.9473684210526316,0.972972972972973,1.0,0.9473684210526316
0,22,50,baseline,0.925,0.9228497600590624,83.8736109196191,36,1.5,1.5,0.972972972972973,1.0,0.9473684210526316,0.972972972972973,1.0,0.9473684210526316,0.972972972972973,1.0,0.9473684210526316
0,22,50,baseline,0.95,0.9228497600590624,87.52639353484973,36,5.5,5.5,0.4864864864864865,0.5,0.4736842105263157,0.972972972972973,1.0,0.9473684210526316,0.972972972972973,1.0,0.9473684210526316
0,22,50,baseline,0.975,0.9228497600590624,89.1505809681379,36,8.5,8.5,0.0,0.0,0.0,0.972972972972973,1.0,0.9473684210526316,0.972972972972973,1.0,0.9473684210526316
0,22,50,baseline,0.99,0.9228497600590624,89.87914591030118,0,,,0.0,0.0,0.0,0.0,0.0,0.0,0.0,0.0,0.0
0,22,50,resample_pointwise,0.5,0.9228497600590624,20.14127795113121,36,-28.0,28.0,0.0,0.0,0.0,0.0,0.0,0.0,0.0,0.0,0.0
0,22,50,resample_pointwise,0.6,0.9228497600590624,23.718576864323243,36,-28.0,28.0,0.0,0.0,0.0,0.0,0.0,0.0,0.0,0.0,0.0
0,22,50,resample_pointwise,0.7,0.9228497600590624,27.39475478612757,36,-28.0,28.0,0.0,0.0,0.0,0.0,0.0,0.0,0.0,0.0,0.0
0,22,50,resample_pointwise,0.75,0.9228497600590624,29.359900897624502,36,-28.0,28.0,0.0,0.0,0.0,0.0,0.0,0.0,0.0,0.0,0.0
0,22,50,resample_pointwise,0.8,0.9228497600590624,31.48498606996809,36,-28.0,28.0,0.0,0.0,0.0,0.0,0.0,0.0,0.0,0.0,0.0
0,22,50,resample_pointwise,0.85,0.9228497600590624,33.840502125721834,36,-28.0,28.0,0.0,0.0,0.0,0.0,0.0,0.0,0.0,0.0,0.0
0,22,50,resample_pointwise,0.9,0.9228497600590624,36.681843682599016,36,-27.5,27.5,0.0,0.0,0.0,0.0,0.0,0.0,0.0,0.0,0.0
0,22,50,resample_pointwise,0.925,0.9228497600590624,38.42356712223599,36,-26.5,26.5,0.0,0.0,0.0,0.0,0.0,0.0,0.0,0.0,0.0
0,22,50,resample_pointwise,0.95,0.9228497600590624,40.62833525643014,36,-25.5,25.5,0.0,0.0,0.0,0.0,0.0,0.0,0.4864864864864865,0.5,0.4736842105263157
0,22,50,resample_pointwise,0.975,0.9228497600590624,43.87643760536647,36,-24.5,24.5,0.0,0.0,0.0,0.0,0.0,0.0,0.972972972972973,1.0,0.9473684210526316
0,22,50,resample_pointwise,0.99,0.9228497600590624,47.39405653565877,36,-22.5,22.5,0.0,0.0,0.0,0.0,0.0,0.0,0.972972972972973,1.0,0.9473684210526316
0,22,100,baseline,0.5,0.9228497600590624,44.91537937441723,36,-63.0,63.0,0.0,0.0,0.0,0.0,0.0,0.0,0.0,0.0,0.0
0,22,100,baseline,0.6,0.9228497600590624,60.14475292448897,36,-47.0,47.0,0.0,0.0,0.0,0.0,0.0,0.0,0.0,0.0,0.0
0,22,100,baseline,0.7,0.9228497600590624,72.2315118514615,36,-31.0,31.0,0.0,0.0,0.0,0.0,0.0,0.0,0.054054054054054,0.0555555555555555,0.0526315789473684
0,22,100,baseline,0.75,0.9228497600590624,77.57184608057116,36,-24.0,24.0,0.0,0.0,0.0,0.0,0.0,0.0,0.972972972972973,1.0,0.9473684210526316
0,22,100,baseline,0.8,0.9228497600590624,81.95969316894632,36,-16.0,16.0,0.0,0.0,0.0,0.0,0.0,0.0,0.972972972972973,1.0,0.9473684210526316
0,22,100,baseline,0.85,0.9228497600590624,86.70289098033481,36,-8.5,8.5,0.0,0.0,0.0,0.972972972972973,1.0,0.9473684210526316,0.972972972972973,1.0,0.9473684210526316
0,22,100,baseline,0.9,0.9228497600590624,90.64982793336029,36,-1.5,1.5,0.972972972972973,1.0,0.9473684210526316,0.972972972972973,1.0,0.9473684210526316,0.972972972972973,1.0,0.9473684210526316
0,22,100,baseline,0.925,0.9228497600590624,92.2897139682848,36,1.5,1.5,0.972972972972973,1.0,0.9473684210526316,0.972972972972973,1.0,0.9473684210526316,0.972972972972973,1.0,0.9473684210526316
0,22,100,baseline,0.95,0.9228497600590624,93.97039311724036,36,5.5,5.5,0.4864864864864865,0.5,0.4736842105263157,0.972972972972973,1.0,0.9473684210526316,0.972972972972973,1.0,0.9473684210526316
0,22,100,baseline,0.975,0.9228497600590624,94.73073969667004,36,8.5,8.5,0.0,0.0,0.0,0.972972972972973,1.0,0.9473684210526316,0.972972972972973,1.0,0.9473684210526316
0,22,100,baseline,0.99,0.9228497600590624,95.07434162161,0,,,0.0,0.0,0.0,0.0,0.0,0.0,0.0,0.0,0.0
0,22,100,resample_pointwise,0.5,0.9228497600590624,15.10517631829581,36,-78.0,78.0,0.0,0.0,0.0,0.0,0.0,0.0,0.0,0.0,0.0
0,22,100,resample_pointwise,0.6,0.9228497600590624,18.084029863552487,36,-78.0,78.0,0.0,0.0,0.0,0.0,0.0,0.0,0.0,0.0,0.0
0,22,100,resample_pointwise,0.7,0.9228497600590624,21.304347826086964,36,-78.0,78.0,0.0,0.0,0.0,0.0,0.0,0.0,0.0,0.0,0.0
0,22,100,resample_pointwise,0.75,0.9228497600590624,23.02706552498323,36,-78.0,78.0,0.0,0.0,0.0,0.0,0.0,0.0,0.0,0.0,0.0
0,22,100,resample_pointwise,0.8,0.9228497600590624,24.88157204839043,36,-78.0,78.0,0.0,0.0,0.0,0.0,0.0,0.0,0.0,0.0,0.0
0,22,100,resample_pointwise,0.85,0.9228497600590624,26.94600075190636,36,-76.0,76.0,0.0,0.0,0.0,0.0,0.0,0.0,0.0,0.0,0.0
0,22,100,resample_pointwise,0.9,0.9228497600590624,29.404936380714627,36,-75.0,75.0,0.0,0.0,0.0,0.0,0.0,0.0,0.0,0.0,0.0
0,22,100,resample_pointwise,0.925,0.9228497600590624,30.91545884283682,36,-74.0,74.0,0.0,0.0,0.0,0.0,0.0,0.0,0.0,0.0,0.0
0,22,100,resample_pointwise,0.95,0.9228497600590624,32.808086052023405,36,-73.0,73.0,0.0,0.0,0.0,0.0,0.0,0.0,0.0,0.0,0.0
0,22,100,resample_pointwise,0.975,0.9228497600590624,35.6229997282771,36,-71.0,71.0,0.0,0.0,0.0,0.0,0.0,0.0,0.0,0.0,0.0
0,22,100,resample_pointwise,0.99,0.9228497600590624,38.678550202233424,36,-69.0,69.0,0.0,0.0,0.0,0.0,0.0,0.0,0.0,0.0,0.0
0,27,10,baseline,0.5,0.906947215672048,0.0,36,-1.0,1.0,0.972972972972973,1.0,0.9473684210526316,0.972972972972973,1.0,0.9473684210526316,0.972972972972973,1.0,0.9473684210526316
0,27,10,baseline,0.6,0.906947215672048,0.0,36,-1.0,1.0,0.972972972972973,1.0,0.9473684210526316,0.972972972972973,1.0,0.9473684210526316,0.972972972972973,1.0,0.9473684210526316
0,27,10,baseline,0.7,0.906947215672048,0.0,36,-1.0,1.0,0.972972972972973,1.0,0.9473684210526316,0.972972972972973,1.0,0.9473684210526316,0.972972972972973,1.0,0.9473684210526316
0,27,10,baseline,0.75,0.906947215672048,0.0,36,-1.0,1.0,0.972972972972973,1.0,0.9473684210526316,0.972972972972973,1.0,0.9473684210526316,0.972972972972973,1.0,0.9473684210526316
0,27,10,baseline,0.8,0.906947215672048,0.0,36,-1.0,1.0,0.972972972972973,1.0,0.9473684210526316,0.972972972972973,1.0,0.9473684210526316,0.972972972972973,1.0,0.9473684210526316
0,27,10,baseline,0.85,0.906947215672048,2.5253813613805454,36,-1.0,1.0,0.972972972972973,1.0,0.9473684210526316,0.972972972972973,1.0,0.9473684210526316,0.972972972972973,1.0,0.9473684210526316
0,27,10,baseline,0.9,0.906947215672048,19.06621116434163,36,0.5,0.5,0.972972972972973,1.0,0.9473684210526316,0.972972972972973,1.0,0.9473684210526316,0.972972972972973,1.0,0.9473684210526316
0,27,10,baseline,0.925,0.906947215672048,29.25521059467473,36,4.0,4.0,0.972972972972973,1.0,0.9473684210526316,0.972972972972973,1.0,0.9473684210526316,0.972972972972973,1.0,0.9473684210526316
0,27,10,baseline,0.95,0.906947215672048,33.76841901020806,36,7.5,7.5,0.0,0.0,0.0,0.972972972972973,1.0,0.9473684210526316,0.972972972972973,1.0,0.9473684210526316
0,27,10,baseline,0.975,0.906947215672048,35.714285714285694,18,13.0,13.0,0.0,0.0,0.0,0.0,0.0,0.0,0.6428571428571429,1.0,0.4736842105263157
0,27,10,baseline,0.99,0.906947215672048,35.714285714285694,18,13.0,13.0,0.0,0.0,0.0,0.0,0.0,0.0,0.6428571428571429,1.0,0.4736842105263157
0,27,10,resample_pointwise,0.5,0.906947215672048,33.21620578167548,36,6.5,6.5,0.0,0.0,0.0,0.972972972972973,1.0,0.9473684210526316,0.972972972972973,1.0,0.9473684210526316
0,27,10,resample_pointwise,0.6,0.906947215672048,38.86134431067261,0,,,0.0,0.0,0.0,0.0,0.0,0.0,0.0,0.0,0.0
0,27,10,resample_pointwise,0.7,0.906947215672048,44.7213595499958,0,,,0.0,0.0,0.0,0.0,0.0,0.0,0.0,0.0,0.0
0,27,10,resample_pointwise,0.75,0.906947215672048,46.16684471588238,0,,,0.0,0.0,0.0,0.0,0.0,0.0,0.0,0.0,0.0
0,27,10,resample_pointwise,0.8,0.906947215672048,49.70576692201945,0,,,0.0,0.0,0.0,0.0,0.0,0.0,0.0,0.0,0.0
0,27,10,resample_pointwise,0.85,0.906947215672048,54.257511470951314,0,,,0.0,0.0,0.0,0.0,0.0,0.0,0.0,0.0,0.0
0,27,10,resample_pointwise,0.9,0.906947215672048,56.705918778287966,0,,,0.0,0.0,0.0,0.0,0.0,0.0,0.0,0.0,0.0
0,27,10,resample_pointwise,0.925,0.906947215672048,59.88935376072746,0,,,0.0,0.0,0.0,0.0,0.0,0.0,0.0,0.0,0.0
0,27,10,resample_pointwise,0.95,0.906947215672048,63.24555320336759,0,,,0.0,0.0,0.0,0.0,0.0,0.0,0.0,0.0,0.0
0,27,10,resample_pointwise,0.975,0.906947215672048,67.54628043053148,0,,,0.0,0.0,0.0,0.0,0.0,0.0,0.0,0.0,0.0
0,27,10,resample_pointwise,0.99,0.906947215672048,71.90909794557948,0,,,0.0,0.0,0.0,0.0,0.0,0.0,0.0,0.0,0.0
0,27,25,baseline,0.5,0.906947215672048,0.0,36,-1.0,1.0,0.972972972972973,1.0,0.9473684210526316,0.972972972972973,1.0,0.9473684210526316,0.972972972972973,1.0,0.9473684210526316
0,27,25,baseline,0.6,0.906947215672048,0.0,36,-1.0,1.0,0.972972972972973,1.0,0.9473684210526316,0.972972972972973,1.0,0.9473684210526316,0.972972972972973,1.0,0.9473684210526316
0,27,25,baseline,0.7,0.906947215672048,0.0,36,-1.0,1.0,0.972972972972973,1.0,0.9473684210526316,0.972972972972973,1.0,0.9473684210526316,0.972972972972973,1.0,0.9473684210526316
0,27,25,baseline,0.75,0.906947215672048,1.5971914124998627,36,-1.0,1.0,0.972972972972973,1.0,0.9473684210526316,0.972972972972973,1.0,0.9473684210526316,0.972972972972973,1.0,0.9473684210526316
0,27,25,baseline,0.8,0.906947215672048,12.058530725810096,36,-1.0,1.0,0.972972972972973,1.0,0.9473684210526316,0.972972972972973,1.0,0.9473684210526316,0.972972972972973,1.0,0.9473684210526316
0,27,25,baseline,0.85,0.906947215672048,30.17804310611089,36,-1.0,1.0,0.972972972972973,1.0,0.9473684210526316,0.972972972972973,1.0,0.9473684210526316,0.972972972972973,1.0,0.9473684210526316
0,27,25,baseline,0.9,0.906947215672048,50.00000000000002,36,0.5,0.5,0.972972972972973,1.0,0.9473684210526316,0.972972972972973,1.0,0.9473684210526316,0.972972972972973,1.0,0.9473684210526316
0,27,25,baseline,0.925,0.906947215672048,61.38702914247251,36,4.5,4.5,0.972972972972973,1.0,0.9473684210526316,0.972972972972973,1.0,0.9473684210526316,0.972972972972973,1.0,0.9473684210526316
0,27,25,baseline,0.95,0.906947215672048,67.3780076758533,36,7.5,7.5,0.0,0.0,0.0,0.972972972972973,1.0,0.9473684210526316,0.972972972972973,1.0,0.9473684210526316
0,27,25,baseline,0.975,0.906947215672048,71.89135794334928,36,11.5,11.5,0.0,0.0,0.0,0.0,0.0,0.0,0.972972972972973,1.0,0.9473684210526316
0,27,25,baseline,0.99,0.906947215672048,72.87814823248402,18,13.0,13.0,0.0,0.0,0.0,0.0,0.0,0.0,0.6428571428571429,1.0,0.4736842105263157
0,27,25,resample_pointwise,0.5,0.906947215672048,24.856732344721895,36,-1.0,1.0,0.972972972972973,1.0,0.9473684210526316,0.972972972972973,1.0,0.9473684210526316,0.972972972972973,1.0,0.9473684210526316
0,27,25,resample_pointwise,0.6,0.906947215672048,29.04078764322301,36,-1.0,1.0,0.972972972972973,1.0,0.9473684210526316,0.972972972972973,1.0,0.9473684210526316,0.972972972972973,1.0,0.9473684210526316
0,27,25,resample_pointwise,0.7,0.906947215672048,33.350335799796454,36,-1.0,1.0,0.972972972972973,1.0,0.9473684210526316,0.972972972972973,1.0,0.9473684210526316,0.972972972972973,1.0,0.9473684210526316
0,27,25,resample_pointwise,0.75,0.906947215672048,35.55679561329613,36,-1.0,1.0,0.972972972972973,1.0,0.9473684210526316,0.972972972972973,1.0,0.9473684210526316,0.972972972972973,1.0,0.9473684210526316
0,27,25,resample_pointwise,0.8,0.906947215672048,38.045354244530806,36,-1.0,1.0,0.972972972972973,1.0,0.9473684210526316,0.972972972972973,1.0,0.9473684210526316,0.972972972972973,1.0,0.9473684210526316
0,27,25,resample_pointwise,0.85,0.906947215672048,40.80191071956492,36,-1.0,1.0,0.972972972972973,1.0,0.9473684210526316,0.972972972972973,1.0,0.9473684210526316,0.972972972972973,1.0,0.9473684210526316
0,27,25,resample_pointwise,0.9,0.906947215672048,44.19345228073716,36,-1.0,1.0,0.972972972972973,1.0,0.9473684210526316,0.972972972972973,1.0,0.9473684210526316,0.972972972972973,1.0,0.9473684210526316
0,27,25,resample_pointwise,0.925,0.906947215672048,46.18065678641319,36,-1.0,1.0,0.972972972972973,1.0,0.9473684210526316,0.972972972972973,1.0,0.9473684210526316,0.972972972972973,1.0,0.9473684210526316
0,27,25,resample_pointwise,0.95,0.906947215672048,48.84377427793928,36,-0.5,0.5,0.972972972972973,1.0,0.9473684210526316,0.972972972972973,1.0,0.9473684210526316,0.972972972972973,1.0,0.9473684210526316
0,27,25,resample_pointwise,0.975,0.906947215672048,52.5522092197612,36,0.5,0.5,0.972972972972973,1.0,0.9473684210526316,0.972972972972973,1.0,0.9473684210526316,0.972972972972973,1.0,0.9473684210526316
0,27,25,resample_pointwise,0.99,0.906947215672048,56.60911443164166,36,2.5,2.5,0.972972972972973,1.0,0.9473684210526316,0.972972972972973,1.0,0.9473684210526316,0.972972972972973,1.0,0.9473684210526316
0,27,50,baseline,0.5,0.906947215672048,0.0,36,-23.0,23.0,0.0,0.0,0.0,0.0,0.0,0.0,0.972972972972973,1.0,0.9473684210526316
0,27,50,baseline,0.6,0.906947215672048,3.745745886321981,36,-23.0,23.0,0.0,0.0,0.0,0.0,0.0,0.0,0.972972972972973,1.0,0.9473684210526316
0,27,50,baseline,0.7,0.906947215672048,27.05813846410829,36,-23.0,23.0,0.0,0.0,0.0,0.0,0.0,0.0,0.972972972972973,1.0,0.9473684210526316
0,27,50,baseline,0.75,0.906947215672048,42.045893293604095,36,-21.5,21.5,0.0,0.0,0.0,0.0,0.0,0.0,0.972972972972973,1.0,0.9473684210526316
0,27,50,baseline,0.8,0.906947215672048,56.28372005169117,36,-14.5,14.5,0.0,0.0,0.0,0.0,0.0,0.0,0.972972972972973,1.0,0.9473684210526316
0,27,50,baseline,0.85,0.906947215672048,69.04967156226843,36,-6.5,6.5,0.0,0.0,0.0,0.972972972972973,1.0,0.9473684210526316,0.972972972972973,1.0,0.9473684210526316
0,27,50,baseline,0.9,0.906947215672048,78.53570616513957,36,0.5,0.5,0.972972972972973,1.0,0.9473684210526316,0.972972972972973,1.0,0.9473684210526316,0.972972972972973,1.0,0.9473684210526316
0,27,50,baseline,0.925,0.906947215672048,82.95868162611346,36,4.5,4.5,0.972972972972973,1.0,0.9473684210526316,0.972972972972973,1.0,0.9473684210526316,0.972972972972973,1.0,0.9473684210526316
0,27,50,baseline,0.95,0.906947215672048,85.25172809308408,36,7.5,7.5,0.0,0.0,0.0,0.972972972972973,1.0,0.9473684210526316,0.972972972972973,1.0,0.9473684210526316
0,27,50,baseline,0.975,0.906947215672048,87.07550090090125,36,11.5,11.5,0.0,0.0,0.0,0.0,0.0,0.0,0.972972972972973,1.0,0.9473684210526316
0,27,50,baseline,0.99,0.906947215672048,87.48469253858886,18,13.0,13.0,0.0,0.0,0.0,0.0,0.0,0.0,0.6428571428571429,1.0,0.4736842105263157
0,27,50,resample_pointwise,0.5,0.906947215672048,18.97232140756197,36,-23.0,23.0,0.0,0.0,0.0,0.0,0.0,0.0,0.972972972972973,1.0,0.9473684210526316
0,27,50,resample_pointwise,0.6,0.906947215672048,22.53115756512498,36,-23.0,23.0,0.0,0.0,0.0,0.0,0.0,0.0,0.972972972972973,1.0,0.9473684210526316
0,27,50,resample_pointwise,0.7,0.906947215672048,26.28338498996297,36,-23.0,23.0,0.0,0.0,0.0,0.0,0.0,0.0,0.972972972972973,1.0,0.9473684210526316
0,27,50,resample_pointwise,0.75,0.906947215672048,28.293289029054748,36,-23.0,23.0,0.0,0.0,0.0,0.0,0.0,0.0,0.972972972972973,1.0,0.9473684210526316
0,27,50,resample_pointwise,0.8,0.906947215672048,30.47247001100216,36,-23.0,23.0,0.0,0.0,0.0,0.0,0.0,0.0,0.972972972972973,1.0,0.9473684210526316
0,27,50,resample_pointwise,0.85,0.906947215672048,32.91532116426841,36,-23.0,23.0,0.0,0.0,0.0,0.0,0.0,0.0,0.972972972972973,1.0,0.9473684210526316
0,27,50,resample_pointwise,0.9,0.906947215672048,35.86752837646796,36,-23.0,23.0,0.0,0.0,0.0,0.0,0.0,0.0,0.972972972972973,1.0,0.9473684210526316
0,27,50,resample_pointwise,0.925,0.906947215672048,37.667991066957725,36,-23.0,23.0,0.0,0.0,0.0,0.0,0.0,0.0,0.972972972972973,1.0,0.9473684210526316
0,27,50,resample_pointwise,0.95,0.906947215672048,39.92020101376734,36,-22.5,22.5,0.0,0.0,0.0,0.0,0.0,0.0,0.972972972972973,1.0,0.9473684210526316
0,27,50,resample_pointwise,0.975,0.906947215672048,43.16851176683375,36,-21.5,21.5,0.0,0.0,0.0,0.0,0.0,0.0,0.972972972972973,1.0,0.9473684210526316
0,27,50,resample_pointwise,0.99,0.906947215672048,46.746166491303335,36,-19.5,19.5,0.0,0.0,0.0,0.0,0.0,0.0,0.972972972972973,1.0,0.9473684210526316
0,27,100,baseline,0.5,0.906947215672048,43.4042460069124,36,-61.0,61.0,0.0,0.0,0.0,0.0,0.0,0.0,0.0,0.0,0.0
0,27,100,baseline,0.6,0.906947215672048,59.808367444083686,36,-45.0,45.0,0.0,0.0,0.0,0.0,0.0,0.0,0.0,0.0,0.0
0,27,100,baseline,0.7,0.906947215672048,71.30167299179291,36,-29.0,29.0,0.0,0.0,0.0,0.0,0.0,0.0,0.1081081081081081,0.1111111111111111,0.1052631578947368
0,27,100,baseline,0.75,0.906947215672048,76.70677004951108,36,-21.0,21.0,0.0,0.0,0.0,0.0,0.0,0.0,0.972972972972973,1.0,0.9473684210526316
0,27,100,baseline,0.8,0.906947215672048,81.14141095290721,36,-14.0,14.0,0.0,0.0,0.0,0.0,0.0,0.0,0.972972972972973,1.0,0.9473684210526316
0,27,100,baseline,0.85,0.906947215672048,85.92978861505811,36,-6.5,6.5,0.0,0.0,0.0,0.972972972972973,1.0,0.9473684210526316,0.972972972972973,1.0,0.9473684210526316
0,27,100,baseline,0.9,0.906947215672048,89.91066995317391,36,0.0,0.5,0.972972972972973,1.0,0.9473684210526316,0.972972972972973,1.0,0.9473684210526316,0.972972972972973,1.0,0.9473684210526316
0,27,100,baseline,0.925,0.906947215672048,91.8753036924038,36,4.0,4.0,0.972972972972973,1.0,0.9473684210526316,0.972972972972973,1.0,0.9473684210526316,0.972972972972973,1.0,0.9473684210526316
0,27,100,baseline,0.95,0.906947215672048,92.9189354837246,36,7.5,7.5,0.0,0.0,0.0,0.972972972972973,1.0,0.9473684210526316,0.972972972972973,1.0,0.9473684210526316
0,27,100,baseline,0.975,0.906947215672048,93.76071367353931,36,11.0,11.0,0.0,0.0,0.0,0.2432432432432432,0.25,0.2368421052631578,0.972972972972973,1.0,0.9473684210526316
0,27,100,baseline,0.99,0.906947215672048,93.95097505766353,18,13.0,13.0,0.0,0.0,0.0,0.0,0.0,0.0,0.6428571428571429,1.0,0.4736842105263157
0,27,100,resample_pointwise,0.5,0.906947215672048,14.249955245185673,36,-73.0,73.0,0.0,0.0,0.0,0.0,0.0,0.0,0.0,0.0,0.0
0,27,100,resample_pointwise,0.6,0.906947215672048,17.090694448579132,36,-73.0,73.0,0.0,0.0,0.0,0.0,0.0,0.0,0.0,0.0,0.0
0,27,100,resample_pointwise,0.7,0.906947215672048,20.247196832940524,36,-73.0,73.0,0.0,0.0,0.0,0.0,0.0,0.0,0.0,0.0,0.0
0,27,100,resample_pointwise,0.75,0.906947215672048,21.97807348895057,36,-73.0,73.0,0.0,0.0,0.0,0.0,0.0,0.0,0.0,0.0,0.0
0,27,100,resample_pointwise,0.8,0.906947215672048,23.86451981755443,36,-73.0,73.0,0.0,0.0,0.0,0.0,0.0,0.0,0.0,0.0,0.0
0,27,100,resample_pointwise,0.85,0.906947215672048,26.01020208004731,36,-73.0,73.0,0.0,0.0,0.0,0.0,0.0,0.0,0.0,0.0,0.0
0,27,100,resample_pointwise,0.9,0.906947215672048,28.558032573862626,36,-72.0,72.0,0.0,0.0,0.0,0.0,0.0,0.0,0.0,0.0,0.0
0,27,100,resample_pointwise,0.925,0.906947215672048,30.12516406933053,36,-71.0,71.0,0.0,0.0,0.0,0.0,0.0,0.0,0.0,0.0,0.0
0,27,100,resample_pointwise,0.95,0.906947215672048,32.12102433113915,36,-70.0,70.0,0.0,0.0,0.0,0.0,0.0,0.0,0.0,0.0,0.0
0,27,100,resample_pointwise,0.975,0.906947215672048,35.00728787097958,36,-68.0,68.0,0.0,0.0,0.0,0.0,0.0,0.0,0.0,0.0,0.0
0,27,100,resample_pointwise,0.99,0.906947215672048,38.14436192417194,36,-66.0,66.0,0.0,0.0,0.0,0.0,0.0,0.0,0.0,0.0,0.0
0,32,10,baseline,0.5,0.891583452211127,0.0,36,-1.0,1.0,0.972972972972973,1.0,0.9473684210526316,0.972972972972973,1.0,0.9473684210526316,0.972972972972973,1.0,0.9473684210526316
0,32,10,baseline,0.6,0.891583452211127,0.0,36,-1.0,1.0,0.972972972972973,1.0,0.9473684210526316,0.972972972972973,1.0,0.9473684210526316,0.972972972972973,1.0,0.9473684210526316
0,32,10,baseline,0.7,0.891583452211127,0.0,36,-1.0,1.0,0.972972972972973,1.0,0.9473684210526316,0.972972972972973,1.0,0.9473684210526316,0.972972972972973,1.0,0.9473684210526316
0,32,10,baseline,0.75,0.891583452211127,0.0,36,-1.0,1.0,0.972972972972973,1.0,0.9473684210526316,0.972972972972973,1.0,0.9473684210526316,0.972972972972973,1.0,0.9473684210526316
0,32,10,baseline,0.8,0.891583452211127,0.0,36,-1.0,1.0,0.972972972972973,1.0,0.9473684210526316,0.972972972972973,1.0,0.9473684210526316,0.972972972972973,1.0,0.9473684210526316
0,32,10,baseline,0.85,0.891583452211127,5.248638810814726,36,-1.0,1.0,0.972972972972973,1.0,0.9473684210526316,0.972972972972973,1.0,0.9473684210526316,0.972972972972973,1.0,0.9473684210526316
0,32,10,baseline,0.9,0.891583452211127,21.081851067788985,36,2.5,2.5,0.972972972972973,1.0,0.9473684210526316,0.972972972972973,1.0,0.9473684210526316,0.972972972972973,1.0,0.9473684210526316
0,32,10,baseline,0.925,0.891583452211127,27.60737448225517,36,6.0,6.0,0.2432432432432432,0.25,0.2368421052631578,0.972972972972973,1.0,0.9473684210526316,0.972972972972973,1.0,0.9473684210526316
0,32,10,baseline,0.95,0.891583452211127,30.303030303030297,36,11.5,11.5,0.0,0.0,0.0,0.2432432432432432,0.25,0.2368421052631578,0.972972972972973,1.0,0.9473684210526316
0,32,10,baseline,0.975,0.891583452211127,30.3030303030306,36,15.0,15.0,0.0,0.0,0.0,0.0,0.0,0.0,0.972972972972973,1.0,0.9473684210526316
0,32,10,baseline,0.99,0.891583452211127,30.303030303030887,36,15.5,15.5,0.0,0.0,0.0,0.0,0.0,0.0,0.972972972972973,1.0,0.9473684210526316
0,32,10,resample_pointwise,0.5,0.891583452211127,32.595131659454296,0,,,0.0,0.0,0.0,0.0,0.0,0.0,0.0,0.0,0.0
0,32,10,resample_pointwise,0.6,0.891583452211127,38.00584750330466,0,,,0.0,0.0,0.0,0.0,0.0,0.0,0.0,0.0,0.0
0,32,10,resample_pointwise,0.7,0.891583452211127,44.59799004723688,0,,,0.0,0.0,0.0,0.0,0.0,0.0,0.0,0.0,0.0
0,32,10,resample_pointwise,0.75,0.891583452211127,45.71641737126338,0,,,0.0,0.0,0.0,0.0,0.0,0.0,0.0,0.0,0.0
0,32,10,resample_pointwise,0.8,0.891583452211127,48.91851510720509,0,,,0.0,0.0,0.0,0.0,0.0,0.0,0.0,0.0,0.0
0,32,10,resample_pointwise,0.85,0.891583452211127,53.16433278986709,0,,,0.0,0.0,0.0,0.0,0.0,0.0,0.0,0.0,0.0
0,32,10,resample_pointwise,0.9,0.891583452211127,56.113815861858015,0,,,0.0,0.0,0.0,0.0,0.0,0.0,0.0,0.0,0.0
0,32,10,resample_pointwise,0.925,0.891583452211127,58.98592071821216,0,,,0.0,0.0,0.0,0.0,0.0,0.0,0.0,0.0,0.0
0,32,10,resample_pointwise,0.95,0.891583452211127,63.07836163180232,0,,,0.0,0.0,0.0,0.0,0.0,0.0,0.0,0.0,0.0
0,32,10,resample_pointwise,0.975,0.891583452211127,66.6666666666667,0,,,0.0,0.0,0.0,0.0,0.0,0.0,0.0,0.0,0.0
0,32,10,resample_pointwise,0.99,0.891583452211127,71.2346837242172,0,,,0.0,0.0,0.0,0.0,0.0,0.0,0.0,0.0,0.0
0,32,25,baseline,0.5,0.891583452211127,0.0,36,-1.0,1.0,0.972972972972973,1.0,0.9473684210526316,0.972972972972973,1.0,0.9473684210526316,0.972972972972973,1.0,0.9473684210526316
0,32,25,baseline,0.6,0.891583452211127,0.0,36,-1.0,1.0,0.972972972972973,1.0,0.9473684210526316,0.972972972972973,1.0,0.9473684210526316,0.972972972972973,1.0,0.9473684210526316
0,32,25,baseline,0.7,0.891583452211127,0.0,36,-1.0,1.0,0.972972972972973,1.0,0.9473684210526316,0.972972972972973,1.0,0.9473684210526316,0.972972972972973,1.0,0.9473684210526316
0,32,25,baseline,0.75,0.891583452211127,3.319530651546431,36,-1.0,1.0,0.972972972972973,1.0,0.9473684210526316,0.972972972972973,1.0,0.9473684210526316,0.972972972972973,1.0,0.9473684210526316
0,32,25,baseline,0.8,0.891583452211127,13.6329962172144,36,-1.0,1.0,0.972972972972973,1.0,0.9473684210526316,0.972972972972973,1.0,0.9473684210526316,0.972972972972973,1.0,0.9473684210526316
0,32,25,baseline,0.85,0.891583452211127,30.1206633691858,36,-1.0,1.0,0.972972972972973,1.0,0.9473684210526316,0.972972972972973,1.0,0.9473684210526316,0.972972972972973,1.0,0.9473684210526316
0,32,25,baseline,0.9,0.891583452211127,47.52458162452212,36,2.5,2.5,0.972972972972973,1.0,0.9473684210526316,0.972972972972973,1.0,0.9473684210526316,0.972972972972973,1.0,0.9473684210526316
0,32,25,baseline,0.925,0.891583452211127,56.18740778313627,36,6.5,6.5,0.0,0.0,0.0,0.972972972972973,1.0,0.9473684210526316,0.972972972972973,1.0,0.9473684210526316
0,32,25,baseline,0.95,0.891583452211127,63.0303030303032,36,10.0,10.0,0.0,0.0,0.0,0.7297297297297298,0.75,0.7105263157894737,0.972972972972973,1.0,0.9473684210526316
0,32,25,baseline,0.975,0.891583452211127,66.12729466787415,36,13.5,13.5,0.0,0.0,0.0,0.0,0.0,0.0,0.972972972972973,1.0,0.9473684210526316
0,32,25,baseline,0.99,0.891583452211127,67.4691565339901,36,15.5,15.5,0.0,0.0,0.0,0.0,0.0,0.0,0.972972972972973,1.0,0.9473684210526316
0,32,25,resample_pointwise,0.5,0.891583452211127,23.991121712593376,36,-1.0,1.0,0.972972972972973,1.0,0.9473684210526316,0.972972972972973,1.0,0.9473684210526316,0.972972972972973,1.0,0.9473684210526316
0,32,25,resample_pointwise,0.6,0.891583452211127,28.25828661060557,36,-1.0,1.0,0.972972972972973,1.0,0.9473684210526316,0.972972972972973,1.0,0.9473684210526316,0.972972972972973,1.0,0.9473684210526316
0,32,25,resample_pointwise,0.7,0.891583452211127,32.54156062705165,36,-1.0,1.0,0.972972972972973,1.0,0.9473684210526316,0.972972972972973,1.0,0.9473684210526316,0.972972972972973,1.0,0.9473684210526316
0,32,25,resample_pointwise,0.75,0.891583452211127,34.84716730052136,36,-1.0,1.0,0.972972972972973,1.0,0.9473684210526316,0.972972972972973,1.0,0.9473684210526316,0.972972972972973,1.0,0.9473684210526316
0,32,25,resample_pointwise,0.8,0.891583452211127,37.305971870333074,36,-1.0,1.0,0.972972972972973,1.0,0.9473684210526316,0.972972972972973,1.0,0.9473684210526316,0.972972972972973,1.0,0.9473684210526316
0,32,25,resample_pointwise,0.85,0.891583452211127,40.11919797196452,36,-0.5,0.5,0.972972972972973,1.0,0.9473684210526316,0.972972972972973,1.0,0.9473684210526316,0.972972972972973,1.0,0.9473684210526316
0,32,25,resample_pointwise,0.9,0.891583452211127,43.45078382772103,36,0.5,0.5,0.972972972972973,1.0,0.9473684210526316,0.972972972972973,1.0,0.9473684210526316,0.972972972972973,1.0,0.9473684210526316
0,32,25,resample_pointwise,0.925,0.891583452211127,45.51107595843449,36,1.5,1.5,0.972972972972973,1.0,0.9473684210526316,0.972972972972973,1.0,0.9473684210526316,0.972972972972973,1.0,0.9473684210526316
0,32,25,resample_pointwise,0.95,0.891583452211127,48.13891743590453,36,2.5,2.5,0.972972972972973,1.0,0.9473684210526316,0.972972972972973,1.0,0.9473684210526316,0.972972972972973,1.0,0.9473684210526316
0,32,25,resample_pointwise,0.975,0.891583452211127,51.99067515459198,36,3.5,3.5,0.972972972972973,1.0,0.9473684210526316,0.972972972972973,1.0,0.9473684210526316,0.972972972972973,1.0,0.9473684210526316
0,32,25,resample_pointwise,0.99,0.891583452211127,56.16452285189381,36,5.5,5.5,0.4864864864864865,0.5,0.4736842105263157,0.972972972972973,1.0,0.9473684210526316,0.972972972972973,1.0,0.9473684210526316
0,32,50,baseline,0.5,0.891583452211127,0.0,36,-18.0,18.0,0.0,0.0,0.0,0.0,0.0,0.0,0.972972972972973,1.0,0.9473684210526316
0,32,50,baseline,0.6,0.891583452211127,5.070666827479196,36,-18.0,18.0,0.0,0.0,0.0,0.0,0.0,0.0,0.972972972972973,1.0,0.9473684210526316
0,32,50,baseline,0.7,0.891583452211127,26.40018365409031,36,-18.0,18.0,0.0,0.0,0.0,0.0,0.0,0.0,0.972972972972973,1.0,0.9473684210526316
0,32,50,baseline,0.75,0.891583452211127,39.63793899195377,36,-18.0,18.0,0.0,0.0,0.0,0.0,0.0,0.0,0.972972972972973,1.0,0.9473684210526316
0,32,50,baseline,0.8,0.891583452211127,53.861025807257946,36,-12.5,12.5,0.0,0.0,0.0,0.0,0.0,0.0,0.972972972972973,1.0,0.9473684210526316
0,32,50,baseline,0.85,0.891583452211127,67.08956775095594,36,-4.5,4.5,0.972972972972973,1.0,0.9473684210526316,0.972972972972973,1.0,0.9473684210526316,0.972972972972973,1.0,0.9473684210526316
0,32,50,baseline,0.9,0.891583452211127,76.73909622147562,36,2.5,2.5,0.972972972972973,1.0,0.9473684210526316,0.972972972972973,1.0,0.9473684210526316,0.972972972972973,1.0,0.9473684210526316
0,32,50,baseline,0.925,0.891583452211127,80.7415129855264,36,6.5,6.5,0.0,0.0,0.0,0.972972972972973,1.0,0.9473684210526316,0.972972972972973,1.0,0.9473684210526316
0,32,50,baseline,0.95,0.891583452211127,83.39997335464543,36,10.5,10.5,0.0,0.0,0.0,0.4864864864864865,0.5,0.4736842105263157,0.972972972972973,1.0,0.9473684210526316
0,32,50,baseline,0.975,0.891583452211127,84.59051693633022,36,13.5,13.5,0.0,0.0,0.0,0.0,0.0,0.0,0.972972972972973,1.0,0.9473684210526316
0,32,50,baseline,0.99,0.891583452211127,85.11868875755336,36,15.5,15.5,0.0,0.0,0.0,0.0,0.0,0.0,0.972972972972973,1.0,0.9473684210526316
0,32,50,resample_pointwise,0.5,0.891583452211127,18.050027408285484,36,-18.0,18.0,0.0,0.0,0.0,0.0,0.0,0.0,0.972972972972973,1.0,0.9473684210526316
0,32,50,resample_pointwise,0.6,0.891583452211127,21.508748513715663,36,-18.0,18.0,0.0,0.0,0.0,0.0,0.0,0.0,0.972972972972973,1.0,0.9473684210526316
0,32,50,resample_pointwise,0.7,0.891583452211127,25.273526620597625,36,-18.0,18.0,0.0,0.0,0.0,0.0,0.0,0.0,0.972972972972973,1.0,0.9473684210526316
0,32,50,resample_pointwise,0.75,0.891583452211127,27.299650011043006,36,-18.0,18.0,0.0,0.0,0.0,0.0,0.0,0.0,0.972972972972973,1.0,0.9473684210526316
0,32,50,resample_pointwise,0.8,0.891583452211127,29.51708039245073,36,-18.0,18.0,0.0,0.0,0.0,0.0,0.0,0.0,0.972972972972973,1.0,0.9473684210526316
0,32,50,resample_pointwise,0.85,0.891583452211127,31.9951787001589,36,-18.0,18.0,0.0,0.0,0.0,0.0,0.0,0.0,0.972972972972973,1.0,0.9473684210526316
0,32,50,resample_pointwise,0.9,0.891583452211127,34.952414194657564,36,-18.0,18.0,0.0,0.0,0.0,0.0,0.0,0.0,0.972972972972973,1.0,0.9473684210526316
0,32,50,resample_pointwise,0.925,0.891583452211127,36.77045166573945,36,-18.0,18.0,0.0,0.0,0.0,0.0,0.0,0.0,0.972972972972973,1.0,0.9473684210526316
0,32,50,resample_pointwise,0.95,0.891583452211127,39.04507531477036,36,-18.0,18.0,0.0,0.0,0.0,0.0,0.0,0.0,0.972972972972973,1.0,0.9473684210526316
0,32,50,resample_pointwise,0.975,0.891583452211127,42.35275362016368,36,-18.0,18.0,0.0,0.0,0.0,0.0,0.0,0.0,0.972972972972973,1.0,0.9473684210526316
0,32,50,resample_pointwise,0.99,0.891583452211127,45.92883863706034,36,-16.5,16.5,0.0,0.0,0.0,0.0,0.0,0.0,0.972972972972973,1.0,0.9473684210526316
0,32,100,baseline,0.5,0.891583452211127,44.16452253228889,36,-57.0,57.0,0.0,0.0,0.0,0.0,0.0,0.0,0.0,0.0,0.0
0,32,100,baseline,0.6,0.891583452211127,58.74099974042877,36,-42.5,42.5,0.0,0.0,0.0,0.0,0.0,0.0,0.0,0.0,0.0
0,32,100,baseline,0.7,0.891583452211127,71.06690545187017,36,-26.5,26.5,0.0,0.0,0.0,0.0,0.0,0.0,0.0,0.0,0.0
0,32,100,baseline,0.75,0.891583452211127,75.83208457180281,36,-19.5,19.5,0.0,0.0,0.0,0.0,0.0,0.0,0.972972972972973,1.0,0.9473684210526316
0,32,100,baseline,0.8,0.891583452211127,80.31503626659863,36,-12.5,12.5,0.0,0.0,0.0,0.0,0.0,0.0,0.972972972972973,1.0,0.9473684210526316
0,32,100,baseline,0.85,0.891583452211127,85.14989753666796,36,-4.5,4.5,0.972972972972973,1.0,0.9473684210526316,0.972972972972973,1.0,0.9473684210526316,0.972972972972973,1.0,0.9473684210526316
0,32,100,baseline,0.9,0.891583452211127,89.13161304747294,36,2.5,2.5,0.972972972972973,1.0,0.9473684210526316,0.972972972972973,1.0,0.9473684210526316,0.972972972972973,1.0,0.9473684210526316
0,32,100,baseline,0.925,0.891583452211127,90.8823192903656,36,6.5,6.5,0.0,0.0,0.0,0.972972972972973,1.0,0.9473684210526316,0.972972972972973,1.0,0.9473684210526316
0,32,100,baseline,0.95,0.891583452211127,92.07484877955424,36,10.0,10.0,0.0,0.0,0.0,0.7297297297297298,0.75,0.7105263157894737,0.972972972972973,1.0,0.9473684210526316
0,32,100,baseline,0.975,0.891583452211127,92.61629326299874,36,13.5,13.5,0.0,0.0,0.0,0.0,0.0,0.0,0.972972972972973,1.0,0.9473684210526316
0,32,100,baseline,0.99,0.891583452211127,92.85793344424002,36,15.5,15.5,0.0,0.0,0.0,0.0,0.0,0.0,0.972972972972973,1.0,0.9473684210526316
0,32,100,resample_pointwise,0.5,0.891583452211127,13.501011763603309,36,-68.0,68.0,0.0,0.0,0.0,0.0,0.0,0.0,0.0,0.0,0.0
0,32,100,resample_pointwise,0.6,0.891583452211127,16.21141318193366,36,-68.0,68.0,0.0,0.0,0.0,0.0,0.0,0.0,0.0,0.0,0.0
0,32,100,resample_pointwise,0.7,0.891583452211127,19.275204719744615,36,-68.0,68.0,0.0,0.0,0.0,0.0,0.0,0.0,0.0,0.0,0.0
0,32,100,resample_pointwise,0.75,0.891583452211127,20.987993419300377,36,-68.0,68.0,0.0,0.0,0.0,0.0,0.0,0.0,0.0,0.0,0.0
0,32,100,resample_pointwise,0.8,0.891583452211127,22.874272080928037,36,-68.0,68.0,0.0,0.0,0.0,0.0,0.0,0.0,0.0,0.0,0.0
0,32,100,resample_pointwise,0.85,0.891583452211127,25.045413298101703,36,-68.0,68.0,0.0,0.0,0.0,0.0,0.0,0.0,0.0,0.0,0.0
0,32,100,resample_pointwise,0.9,0.891583452211127,27.662202168912632,36,-68.0,68.0,0.0,0.0,0.0,0.0,0.0,0.0,0.0,0.0,0.0
0,32,100,resample_pointwise,0.925,0.891583452211127,29.274985796553885,36,-68.0,68.0,0.0,0.0,0.0,0.0,0.0,0.0,0.0,0.0,0.0
0,32,100,resample_pointwise,0.95,0.891583452211127,31.289988189220303,36,-67.0,67.0,0.0,0.0,0.0,0.0,0.0,0.0,0.0,0.0,0.0
0,32,100,resample_pointwise,0.975,0.891583452211127,34.16187898996316,36,-65.0,65.0,0.0,0.0,0.0,0.0,0.0,0.0,0.0,0.0,0.0
0,32,100,resample_pointwise,0.99,0.891583452211127,37.35773749627365,36,-63.0,63.0,0.0,0.0,0.0,0.0,0.0,0.0,0.0,0.0,0.0
0,37,10,baseline,0.5,0.8767315448009819,0.0,36,-1.0,1.0,0.972972972972973,1.0,0.9473684210526316,0.972972972972973,1.0,0.9473684210526316,0.972972972972973,1.0,0.9473684210526316
0,37,10,baseline,0.6,0.8767315448009819,0.0,36,-1.0,1.0,0.972972972972973,1.0,0.9473684210526316,0.972972972972973,1.0,0.9473684210526316,0.972972972972973,1.0,0.9473684210526316
0,37,10,baseline,0.7,0.8767315448009819,0.0,36,-1.0,1.0,0.972972972972973,1.0,0.9473684210526316,0.972972972972973,1.0,0.9473684210526316,0.972972972972973,1.0,0.9473684210526316
0,37,10,baseline,0.75,0.8767315448009819,0.0,36,-1.0,1.0,0.972972972972973,1.0,0.9473684210526316,0.972972972972973,1.0,0.9473684210526316,0.972972972972973,1.0,0.9473684210526316
0,37,10,baseline,0.8,0.8767315448009819,0.0,36,-1.0,1.0,0.972972972972973,1.0,0.9473684210526316,0.972972972972973,1.0,0.9473684210526316,0.972972972972973,1.0,0.9473684210526316
0,37,10,baseline,0.85,0.8767315448009819,7.938475331051856,36,-1.0,1.0,0.972972972972973,1.0,0.9473684210526316,0.972972972972973,1.0,0.9473684210526316,0.972972972972973,1.0,0.9473684210526316
0,37,10,baseline,0.9,0.8767315448009819,21.55647096449731,36,4.5,4.5,0.972972972972973,1.0,0.9473684210526316,0.972972972972973,1.0,0.9473684210526316,0.972972972972973,1.0,0.9473684210526316
0,37,10,baseline,0.925,0.8767315448009819,25.581871177925684,36,8.5,8.5,0.0,0.0,0.0,0.972972972972973,1.0,0.9473684210526316,0.972972972972973,1.0,0.9473684210526316
0,37,10,baseline,0.95,0.8767315448009819,26.3157894736842,38,13.5,13.5,0.0,0.0,0.0,0.0,0.0,0.0,1.0,1.0,1.0
0,37,10,baseline,0.975,0.8767315448009819,26.3157894736842,74,16.0,16.0,0.0,0.0,0.0,0.0,0.0,0.0,0.6785714285714285,0.5135135135135135,1.0
0,37,10,baseline,0.99,0.8767315448009819,26.3157894736843,0,,,0.0,0.0,0.0,0.0,0.0,0.0,0.0,0.0,0.0
0,37,10,resample_pointwise,0.5,0.8767315448009819,32.154836619170375,0,,,0.0,0.0,0.0,0.0,0.0,0.0,0.0,0.0,0.0
0,37,10,resample_pointwise,0.6,0.8767315448009819,37.19753365070444,0,,,0.0,0.0,0.0,0.0,0.0,0.0,0.0,0.0,0.0
0,37,10,resample_pointwise,0.7,0.8767315448009819,43.44895435276933,0,,,0.0,0.0,0.0,0.0,0.0,0.0,0.0,0.0,0.0
0,37,10,resample_pointwise,0.75,0.8767315448009819,45.214171778767415,0,,,0.0,0.0,0.0,0.0,0.0,0.0,0.0,0.0,0.0
0,37,10,resample_pointwise,0.8,0.8767315448009819,48.237638894272045,0,,,0.0,0.0,0.0,0.0,0.0,0.0,0.0,0.0,0.0
0,37,10,resample_pointwise,0.85,0.8767315448009819,52.18892804538444,0,,,0.0,0.0,0.0,0.0,0.0,0.0,0.0,0.0,0.0
0,37,10,resample_pointwise,0.9,0.8767315448009819,55.63160384404162,0,,,0.0,0.0,0.0,0.0,0.0,0.0,0.0,0.0,0.0
0,37,10,resample_pointwise,0.925,0.8767315448009819,58.32970573076047,0,,,0.0,0.0,0.0,0.0,0.0,0.0,0.0,0.0,0.0
0,37,10,resample_pointwise,0.95,0.8767315448009819,62.17435942194411,0,,,0.0,0.0,0.0,0.0,0.0,0.0,0.0,0.0,0.0
0,37,10,resample_pointwise,0.975,0.8767315448009819,66.07831331310382,0,,,0.0,0.0,0.0,0.0,0.0,0.0,0.0,0.0,0.0
0,37,10,resample_pointwise,0.99,0.8767315448009819,70.95021859025904,0,,,0.0,0.0,0.0,0.0,0.0,0.0,0.0,0.0,0.0
0,37,25,baseline,0.5,0.8767315448009819,0.0,36,-1.0,1.0,0.972972972972973,1.0,0.9473684210526316,0.972972972972973,1.0,0.9473684210526316,0.972972972972973,1.0,0.9473684210526316
0,37,25,baseline,0.6,0.8767315448009819,0.0,36,-1.0,1.0,0.972972972972973,1.0,0.9473684210526316,0.972972972972973,1.0,0.9473684210526316,0.972972972972973,1.0,0.9473684210526316
0,37,25,baseline,0.7,0.8767315448009819,0.0,36,-1.0,1.0,0.972972972972973,1.0,0.9473684210526316,0.972972972972973,1.0,0.9473684210526316,0.972972972972973,1.0,0.9473684210526316
0,37,25,baseline,0.75,0.8767315448009819,5.020732639036613,36,-1.0,1.0,0.972972972972973,1.0,0.9473684210526316,0.972972972972973,1.0,0.9473684210526316,0.972972972972973,1.0,0.9473684210526316
0,37,25,baseline,0.8,0.8767315448009819,15.06219791710965,36,-1.0,1.0,0.972972972972973,1.0,0.9473684210526316,0.972972972972973,1.0,0.9473684210526316,0.972972972972973,1.0,0.9473684210526316
0,37,25,baseline,0.85,0.8767315448009819,30.2848892227701,36,-1.0,1.0,0.972972972972973,1.0,0.9473684210526316,0.972972972972973,1.0,0.9473684210526316,0.972972972972973,1.0,0.9473684210526316
0,37,25,baseline,0.9,0.8767315448009819,45.23254778919036,36,4.5,4.5,0.972972972972973,1.0,0.9473684210526316,0.972972972972973,1.0,0.9473684210526316,0.972972972972973,1.0,0.9473684210526316
0,37,25,baseline,0.925,0.8767315448009819,51.99616435885669,36,8.5,8.5,0.0,0.0,0.0,0.972972972972973,1.0,0.9473684210526316,0.972972972972973,1.0,0.9473684210526316
0,37,25,baseline,0.95,0.8767315448009819,57.39979827582376,36,12.5,12.5,0.0,0.0,0.0,0.0,0.0,0.0,0.972972972972973,1.0,0.9473684210526316
0,37,25,baseline,0.975,0.8767315448009819,61.18633273059757,36,16.5,16.5,0.0,0.0,0.0,0.0,0.0,0.0,0.972972972972973,1.0,0.9473684210526316
0,37,25,baseline,0.99,0.8767315448009819,62.040555050016536,18,18.0,18.0,0.0,0.0,0.0,0.0,0.0,0.0,0.6428571428571429,1.0,0.4736842105263157
0,37,25,resample_pointwise,0.5,0.8767315448009819,23.16387482596351,36,-1.0,1.0,0.972972972972973,1.0,0.9473684210526316,0.972972972972973,1.0,0.9473684210526316,0.972972972972973,1.0,0.9473684210526316
0,37,25,resample_pointwise,0.6,0.8767315448009819,27.32283653140512,36,-1.0,1.0,0.972972972972973,1.0,0.9473684210526316,0.972972972972973,1.0,0.9473684210526316,0.972972972972973,1.0,0.9473684210526316
0,37,25,resample_pointwise,0.7,0.8767315448009819,31.67966395076251,36,-1.0,1.0,0.972972972972973,1.0,0.9473684210526316,0.972972972972973,1.0,0.9473684210526316,0.972972972972973,1.0,0.9473684210526316
0,37,25,resample_pointwise,0.75,0.8767315448009819,34.040061130568695,36,-1.0,1.0,0.972972972972973,1.0,0.9473684210526316,0.972972972972973,1.0,0.9473684210526316,0.972972972972973,1.0,0.9473684210526316
0,37,25,resample_pointwise,0.8,0.8767315448009819,36.551485336883566,36,-0.5,0.5,0.972972972972973,1.0,0.9473684210526316,0.972972972972973,1.0,0.9473684210526316,0.972972972972973,1.0,0.9473684210526316
0,37,25,resample_pointwise,0.85,0.8767315448009819,39.42101749699789,36,1.5,1.5,0.972972972972973,1.0,0.9473684210526316,0.972972972972973,1.0,0.9473684210526316,0.972972972972973,1.0,0.9473684210526316
0,37,25,resample_pointwise,0.9,0.8767315448009819,42.80665803702931,36,2.5,2.5,0.972972972972973,1.0,0.9473684210526316,0.972972972972973,1.0,0.9473684210526316,0.972972972972973,1.0,0.9473684210526316
0,37,25,resample_pointwise,0.925,0.8767315448009819,44.89461343343344,36,3.5,3.5,0.972972972972973,1.0,0.9473684210526316,0.972972972972973,1.0,0.9473684210526316,0.972972972972973,1.0,0.9473684210526316
0,37,25,resample_pointwise,0.95,0.8767315448009819,47.53188170473968,36,5.5,5.5,0.4864864864864865,0.5,0.4736842105263157,0.972972972972973,1.0,0.9473684210526316,0.972972972972973,1.0,0.9473684210526316
0,37,25,resample_pointwise,0.975,0.8767315448009819,51.4121901536872,36,7.5,7.5,0.0,0.0,0.0,0.972972972972973,1.0,0.9473684210526316,0.972972972972973,1.0,0.9473684210526316
0,37,25,resample_pointwise,0.99,0.8767315448009819,55.66769230675009,36,10.5,10.5,0.0,0.0,0.0,0.4864864864864865,0.5,0.4736842105263157,0.972972972972973,1.0,0.9473684210526316
0,37,50,baseline,0.5,0.8767315448009819,0.0,36,-13.0,13.0,0.0,0.0,0.0,0.0,0.0,0.0,0.972972972972973,1.0,0.9473684210526316
0,37,50,baseline,0.6,0.8767315448009819,5.315528914927411,36,-13.0,13.0,0.0,0.0,0.0,0.0,0.0,0.0,0.972972972972973,1.0,0.9473684210526316
0,37,50,baseline,0.7,0.8767315448009819,24.4722693422372,36,-13.0,13.0,0.0,0.0,0.0,0.0,0.0,0.0,0.972972972972973,1.0,0.9473684210526316
0,37,50,baseline,0.75,0.8767315448009819,37.98235484772362,36,-13.0,13.0,0.0,0.0,0.0,0.0,0.0,0.0,0.972972972972973,1.0,0.9473684210526316
0,37,50,baseline,0.8,0.8767315448009819,51.32456065389932,36,-10.5,10.5,0.0,0.0,0.0,0.4864864864864865,0.5,0.4736842105263157,0.972972972972973,1.0,0.9473684210526316
0,37,50,baseline,0.85,0.8767315448009819,65.07081163099005,36,-2.5,2.5,0.972972972972973,1.0,0.9473684210526316,0.972972972972973,1.0,0.9473684210526316,0.972972972972973,1.0,0.9473684210526316
0,37,50,baseline,0.9,0.8767315448009819,74.63948440054332,36,4.5,4.5,0.972972972972973,1.0,0.9473684210526316,0.972972972972973,1.0,0.9473684210526316,0.972972972972973,1.0,0.9473684210526316
0,37,50,baseline,0.925,0.8767315448009819,78.35479362623914,36,8.5,8.5,0.0,0.0,0.0,0.972972972972973,1.0,0.9473684210526316,0.972972972972973,1.0,0.9473684210526316
0,37,50,baseline,0.95,0.8767315448009819,80.86701233636943,36,12.0,12.0,0.0,0.0,0.0,0.0,0.0,0.0,0.972972972972973,1.0,0.9473684210526316
0,37,50,baseline,0.975,0.8767315448009819,82.286406116557,36,16.5,16.5,0.0,0.0,0.0,0.0,0.0,0.0,0.972972972972973,1.0,0.9473684210526316
0,37,50,baseline,0.99,0.8767315448009819,82.60559430526675,18,18.0,18.0,0.0,0.0,0.0,0.0,0.0,0.0,0.6428571428571429,1.0,0.4736842105263157
0,37,50,resample_pointwise,0.5,0.8767315448009819,17.171934843237313,36,-13.0,13.0,0.0,0.0,0.0,0.0,0.0,0.0,0.972972972972973,1.0,0.9473684210526316
0,37,50,resample_pointwise,0.6,0.8767315448009819,20.49930746752682,36,-13.0,13.0,0.0,0.0,0.0,0.0,0.0,0.0,0.972972972972973,1.0,0.9473684210526316
0,37,50,resample_pointwise,0.7,0.8767315448009819,24.20766573489504,36,-13.0,13.0,0.0,0.0,0.0,0.0,0.0,0.0,0.972972972972973,1.0,0.9473684210526316
0,37,50,resample_pointwise,0.75,0.8767315448009819,26.25255560703146,36,-13.0,13.0,0.0,0.0,0.0,0.0,0.0,0.0,0.972972972972973,1.0,0.9473684210526316
0,37,50,resample_pointwise,0.8,0.8767315448009819,28.51349488543489,36,-13.0,13.0,0.0,0.0,0.0,0.0,0.0,0.0,0.972972972972973,1.0,0.9473684210526316
0,37,50,resample_pointwise,0.85,0.8767315448009819,31.041478817901357,36,-13.0,13.0,0.0,0.0,0.0,0.0,0.0,0.0,0.972972972972973,1.0,0.9473684210526316
0,37,50,resample_pointwise,0.9,0.8767315448009819,34.07462886679728,36,-13.0,13.0,0.0,0.0,0.0,0.0,0.0,0.0,0.972972972972973,1.0,0.9473684210526316
0,37,50,resample_pointwise,0.925,0.8767315448009819,35.95164496408016,36,-13.0,13.0,0.0,0.0,0.0,0.0,0.0,0.0,0.972972972972973,1.0,0.9473684210526316
0,37,50,resample_pointwise,0.95,0.8767315448009819,38.26210814458072,36,-13.0,13.0,0.0,0.0,0.0,0.0,0.0,0.0,0.972972972972973,1.0,0.9473684210526316
0,37,50,resample_pointwise,0.975,0.8767315448009819,41.62222930477376,36,-13.0,13.0,0.0,0.0,0.0,0.0,0.0,0.0,0.972972972972973,1.0,0.9473684210526316
0,37,50,resample_pointwise,0.99,0.8767315448009819,45.31973208596331,36,-13.0,13.0,0.0,0.0,0.0,0.0,0.0,0.0,0.972972972972973,1.0,0.9473684210526316
0,37,100,baseline,0.5,0.8767315448009819,38.95003547056017,36,-58.0,58.0,0.0,0.0,0.0,0.0,0.0,0.0,0.0,0.0,0.0
0,37,100,baseline,0.6,0.8767315448009819,56.71953158443655,36,-41.0,41.0,0.0,0.0,0.0,0.0,0.0,0.0,0.0,0.0,0.0
0,37,100,baseline,0.7,0.8767315448009819,69.40536912341793,36,-25.0,25.0,0.0,0.0,0.0,0.0,0.0,0.0,0.5675675675675677,0.5833333333333334,0.5526315789473685
0,37,100,baseline,0.75,0.8767315448009819,74.94734994086112,36,-17.5,17.5,0.0,0.0,0.0,0.0,0.0,0.0,0.972972972972973,1.0,0.9473684210526316
0,37,100,baseline,0.8,0.8767315448009819,79.48021932001632,36,-10.5,10.5,0.0,0.0,0.0,0.4864864864864865,0.5,0.4736842105263157,0.972972972972973,1.0,0.9473684210526316
0,37,100,baseline,0.85,0.8767315448009819,84.36293773427934,36,-2.5,2.5,0.972972972972973,1.0,0.9473684210526316,0.972972972972973,1.0,0.9473684210526316,0.972972972972973,1.0,0.9473684210526316
0,37,100,baseline,0.9,0.8767315448009819,88.23562951432643,36,4.5,4.5,0.972972972972973,1.0,0.9473684210526316,0.972972972972973,1.0,0.9473684210526316,0.972972972972973,1.0,0.9473684210526316
0,37,100,baseline,0.925,0.8767315448009819,89.8317140107282,36,8.5,8.5,0.0,0.0,0.0,0.972972972972973,1.0,0.9473684210526316,0.972972972972973,1.0,0.9473684210526316
0,37,100,baseline,0.95,0.8767315448009819,90.93809345981067,36,12.5,12.5,0.0,0.0,0.0,0.0,0.0,0.0,0.972972972972973,1.0,0.9473684210526316
0,37,100,baseline,0.975,0.8767315448009819,91.5725194356335,36,16.0,16.0,0.0,0.0,0.0,0.0,0.0,0.0,0.972972972972973,1.0,0.9473684210526316
0,37,100,baseline,0.99,0.8767315448009819,91.71609512655432,36,18.0,18.0,0.0,0.0,0.0,0.0,0.0,0.0,0.972972972972973,1.0,0.9473684210526316
0,37,100,resample_pointwise,0.5,0.8767315448009819,12.740756249379178,36,-63.0,63.0,0.0,0.0,0.0,0.0,0.0,0.0,0.0,0.0,0.0
0,37,100,resample_pointwise,0.6,0.8767315448009819,15.276763445999972,36,-63.0,63.0,0.0,0.0,0.0,0.0,0.0,0.0,0.0,0.0,0.0
0,37,100,resample_pointwise,0.7,0.8767315448009819,18.20170154293746,36,-63.0,63.0,0.0,0.0,0.0,0.0,0.0,0.0,0.0,0.0,0.0
0,37,100,resample_pointwise,0.75,0.8767315448009819,19.878439440022376,36,-63.0,63.0,0.0,0.0,0.0,0.0,0.0,0.0,0.0,0.0,0.0
0,37,100,resample_pointwise,0.8,0.8767315448009819,21.740410055076747,36,-63.0,63.0,0.0,0.0,0.0,0.0,0.0,0.0,0.0,0.0,0.0
0,37,100,resample_pointwise,0.85,0.8767315448009819,23.888012037705707,36,-63.0,63.0,0.0,0.0,0.0,0.0,0.0,0.0,0.0,0.0,0.0
0,37,100,resample_pointwise,0.9,0.8767315448009819,26.51242326264461,36,-63.0,63.0,0.0,0.0,0.0,0.0,0.0,0.0,0.0,0.0,0.0
0,37,100,resample_pointwise,0.925,0.8767315448009819,28.13575125378672,36,-63.0,63.0,0.0,0.0,0.0,0.0,0.0,0.0,0.0,0.0,0.0
0,37,100,resample_pointwise,0.95,0.8767315448009819,30.174928596261413,36,-63.0,63.0,0.0,0.0,0.0,0.0,0.0,0.0,0.0,0.0,0.0
0,37,100,resample_pointwise,0.975,0.8767315448009819,33.16583029124051,36,-63.0,63.0,0.0,0.0,0.0,0.0,0.0,0.0,0.0,0.0,0.0
0,37,100,resample_pointwise,0.99,0.8767315448009819,36.372000737835805,36,-60.0,60.0,0.0,0.0,0.0,0.0,0.0,0.0,0.0,0.0,0.0
0,43,10,baseline,0.5,0.8595495960116899,0.0,36,-1.0,1.0,0.972972972972973,1.0,0.9473684210526316,0.972972972972973,1.0,0.9473684210526316,0.972972972972973,1.0,0.9473684210526316
0,43,10,baseline,0.6,0.8595495960116899,0.0,36,-1.0,1.0,0.972972972972973,1.0,0.9473684210526316,0.972972972972973,1.0,0.9473684210526316,0.972972972972973,1.0,0.9473684210526316
0,43,10,baseline,0.7,0.8595495960116899,0.0,36,-1.0,1.0,0.972972972972973,1.0,0.9473684210526316,0.972972972972973,1.0,0.9473684210526316,0.972972972972973,1.0,0.9473684210526316
0,43,10,baseline,0.75,0.8595495960116899,0.0,36,-1.0,1.0,0.972972972972973,1.0,0.9473684210526316,0.972972972972973,1.0,0.9473684210526316,0.972972972972973,1.0,0.9473684210526316
0,43,10,baseline,0.8,0.8595495960116899,0.7186994682199989,36,-1.0,1.0,0.972972972972973,1.0,0.9473684210526316,0.972972972972973,1.0,0.9473684210526316,0.972972972972973,1.0,0.9473684210526316
0,43,10,baseline,0.85,0.8595495960116899,12.133043468217329,36,0.5,0.5,0.972972972972973,1.0,0.9473684210526316,0.972972972972973,1.0,0.9473684210526316,0.972972972972973,1.0,0.9473684210526316
0,43,10,baseline,0.9,0.8595495960116899,21.488993915586875,36,7.5,7.5,0.0,0.0,0.0,0.972972972972973,1.0,0.9473684210526316,0.972972972972973,1.0,0.9473684210526316
0,43,10,baseline,0.925,0.8595495960116899,22.727272727272695,151,17.0,17.0,0.0,0.0,0.0,0.1904761904761904,0.119205298013245,0.4736842105263157,0.4021164021164021,0.2516556291390728,1.0
0,43,10,baseline,0.95,0.8595495960116899,22.7272727272727,76,16.0,16.0,0.0,0.0,0.0,0.0,0.0,0.0,0.6666666666666666,0.5,1.0
0,43,10,baseline,0.975,0.8595495960116899,22.7272727272728,0,,,0.0,0.0,0.0,0.0,0.0,0.0,0.0,0.0,0.0
0,43,10,baseline,0.99,0.8595495960116899,22.7272727272728,0,,,0.0,0.0,0.0,0.0,0.0,0.0,0.0,0.0,0.0
0,43,10,resample_pointwise,0.5,0.8595495960116899,31.663585467033016,0,,,0.0,0.0,0.0,0.0,0.0,0.0,0.0,0.0,0.0
0,43,10,resample_pointwise,0.6,0.8595495960116899,36.37073794291778,0,,,0.0,0.0,0.0,0.0,0.0,0.0,0.0,0.0,0.0
0,43,10,resample_pointwise,0.7,0.8595495960116899,42.25683963416781,0,,,0.0,0.0,0.0,0.0,0.0,0.0,0.0,0.0,0.0
0,43,10,resample_pointwise,0.75,0.8595495960116899,44.74445346299896,0,,,0.0,0.0,0.0,0.0,0.0,0.0,0.0,0.0,0.0
0,43,10,resample_pointwise,0.8,0.8595495960116899,47.52120014067319,0,,,0.0,0.0,0.0,0.0,0.0,0.0,0.0,0.0,0.0
0,43,10,resample_pointwise,0.85,0.8595495960116899,51.31031021036907,0,,,0.0,0.0,0.0,0.0,0.0,0.0,0.0,0.0,0.0
0,43,10,resample_pointwise,0.9,0.8595495960116899,55.11539359897784,0,,,0.0,0.0,0.0,0.0,0.0,0.0,0.0,0.0,0.0
0,43,10,resample_pointwise,0.925,0.8595495960116899,57.64399863396361,0,,,0.0,0.0,0.0,0.0,0.0,0.0,0.0,0.0,0.0
0,43,10,resample_pointwise,0.95,0.8595495960116899,61.24567787077909,0,,,0.0,0.0,0.0,0.0,0.0,0.0,0.0,0.0,0.0
0,43,10,resample_pointwise,0.975,0.8595495960116899,65.42928805616941,0,,,0.0,0.0,0.0,0.0,0.0,0.0,0.0,0.0,0.0
0,43,10,resample_pointwise,0.99,0.8595495960116899,70.71067811865476,0,,,0.0,0.0,0.0,0.0,0.0,0.0,0.0,0.0,0.0
0,43,25,baseline,0.5,0.8595495960116899,0.0,36,-1.0,1.0,0.972972972972973,1.0,0.9473684210526316,0.972972972972973,1.0,0.9473684210526316,0.972972972972973,1.0,0.9473684210526316
0,43,25,baseline,0.6,0.8595495960116899,0.0,36,-1.0,1.0,0.972972972972973,1.0,0.9473684210526316,0.972972972972973,1.0,0.9473684210526316,0.972972972972973,1.0,0.9473684210526316
0,43,25,baseline,0.7,0.8595495960116899,0.4545454545453992,36,-1.0,1.0,0.972972972972973,1.0,0.9473684210526316,0.972972972972973,1.0,0.9473684210526316,0.972972972972973,1.0,0.9473684210526316
0,43,25,baseline,0.75,0.8595495960116899,6.492207662311687,36,-1.0,1.0,0.972972972972973,1.0,0.9473684210526316,0.972972972972973,1.0,0.9473684210526316,0.972972972972973,1.0,0.9473684210526316
0,43,25,baseline,0.8,0.8595495960116899,17.58098145983064,36,-1.0,1.0,0.972972972972973,1.0,0.9473684210526316,0.972972972972973,1.0,0.9473684210526316,0.972972972972973,1.0,0.9473684210526316
0,43,25,baseline,0.85,0.8595495960116899,31.818181818181824,36,0.5,0.5,0.972972972972973,1.0,0.9473684210526316,0.972972972972973,1.0,0.9473684210526316,0.972972972972973,1.0,0.9473684210526316
0,43,25,baseline,0.9,0.8595495960116899,43.56054018440338,36,7.5,7.5,0.0,0.0,0.0,0.972972972972973,1.0,0.9473684210526316,0.972972972972973,1.0,0.9473684210526316
0,43,25,baseline,0.925,0.8595495960116899,48.51088316165732,36,11.5,11.5,0.0,0.0,0.0,0.0,0.0,0.0,0.972972972972973,1.0,0.9473684210526316
0,43,25,baseline,0.95,0.8595495960116899,52.34185152903555,36,15.0,15.0,0.0,0.0,0.0,0.0,0.0,0.0,0.972972972972973,1.0,0.9473684210526316
0,43,25,baseline,0.975,0.8595495960116899,55.046937146913045,36,19.5,19.5,0.0,0.0,0.0,0.0,0.0,0.0,0.972972972972973,1.0,0.9473684210526316
0,43,25,baseline,0.99,0.8595495960116899,55.86657659249661,36,21.0,21.0,0.0,0.0,0.0,0.0,0.0,0.0,0.972972972972973,1.0,0.9473684210526316
0,43,25,resample_pointwise,0.5,0.8595495960116899,22.27272727272738,36,-1.0,1.0,0.972972972972973,1.0,0.9473684210526316,0.972972972972973,1.0,0.9473684210526316,0.972972972972973,1.0,0.9473684210526316
0,43,25,resample_pointwise,0.6,0.8595495960116899,26.34795772034434,36,-1.0,1.0,0.972972972972973,1.0,0.9473684210526316,0.972972972972973,1.0,0.9473684210526316,0.972972972972973,1.0,0.9473684210526316
0,43,25,resample_pointwise,0.7,0.8595495960116899,30.70790137100827,36,-0.5,0.5,0.972972972972973,1.0,0.9473684210526316,0.972972972972973,1.0,0.9473684210526316,0.972972972972973,1.0,0.9473684210526316
0,43,25,resample_pointwise,0.75,0.8595495960116899,33.097651660722775,36,0.5,0.5,0.972972972972973,1.0,0.9473684210526316,0.972972972972973,1.0,0.9473684210526316,0.972972972972973,1.0,0.9473684210526316
0,43,25,resample_pointwise,0.8,0.8595495960116899,35.65213009295927,36,2.5,2.5,0.972972972972973,1.0,0.9473684210526316,0.972972972972973,1.0,0.9473684210526316,0.972972972972973,1.0,0.9473684210526316
0,43,25,resample_pointwise,0.85,0.8595495960116899,38.51853691341898,36,3.5,3.5,0.972972972972973,1.0,0.9473684210526316,0.972972972972973,1.0,0.9473684210526316,0.972972972972973,1.0,0.9473684210526316
0,43,25,resample_pointwise,0.9,0.8595495960116899,41.96367969117027,36,5.5,5.5,0.4864864864864865,0.5,0.4736842105263157,0.972972972972973,1.0,0.9473684210526316,0.972972972972973,1.0,0.9473684210526316
0,43,25,resample_pointwise,0.925,0.8595495960116899,44.10730716621167,36,7.5,7.5,0.0,0.0,0.0,0.972972972972973,1.0,0.9473684210526316,0.972972972972973,1.0,0.9473684210526316
0,43,25,resample_pointwise,0.95,0.8595495960116899,46.7674040614254,36,9.5,9.5,0.0,0.0,0.0,0.972972972972973,1.0,0.9473684210526316,0.972972972972973,1.0,0.9473684210526316
0,43,25,resample_pointwise,0.975,0.8595495960116899,50.6119575588011,36,13.5,13.5,0.0,0.0,0.0,0.0,0.0,0.0,0.972972972972973,1.0,0.9473684210526316
0,43,25,resample_pointwise,0.99,0.8595495960116899,54.78862461913154,36,18.5,18.5,0.0,0.0,0.0,0.0,0.0,0.0,0.972972972972973,1.0,0.9473684210526316
0,43,50,baseline,0.5,0.8595495960116899,0.0,36,-7.0,7.0,0.0,0.0,0.0,0.972972972972973,1.0,0.9473684210526316,0.972972972972973,1.0,0.9473684210526316
0,43,50,baseline,0.6,0.8595495960116899,6.306562238868906,36,-7.0,7.0,0.0,0.0,0.0,0.972972972972973,1.0,0.9473684210526316,0.972972972972973,1.0,0.9473684210526316
0,43,50,baseline,0.7,0.8595495960116899,25.31006071809626,36,-7.0,7.0,0.0,0.0,0.0,0.972972972972973,1.0,0.9473684210526316,0.972972972972973,1.0,0.9473684210526316
0,43,50,baseline,0.75,0.8595495960116899,35.97663383111574,36,-7.0,7.0,0.0,0.0,0.0,0.972972972972973,1.0,0.9473684210526316,0.972972972972973,1.0,0.9473684210526316
0,43,50,baseline,0.8,0.8595495960116899,49.606926002706686,36,-7.0,7.0,0.0,0.0,0.0,0.972972972972973,1.0,0.9473684210526316,0.972972972972973,1.0,0.9473684210526316
0,43,50,baseline,0.85,0.8595495960116899,63.51449369310054,36,0.0,0.5,0.972972972972973,1.0,0.9473684210526316,0.972972972972973,1.0,0.9473684210526316,0.972972972972973,1.0,0.9473684210526316
0,43,50,baseline,0.9,0.8595495960116899,72.40981852056954,36,7.5,7.5,0.0,0.0,0.0,0.972972972972973,1.0,0.9473684210526316,0.972972972972973,1.0,0.9473684210526316
0,43,50,baseline,0.925,0.8595495960116899,75.72378034072855,36,11.5,11.5,0.0,0.0,0.0,0.0,0.0,0.0,0.972972972972973,1.0,0.9473684210526316
0,43,50,baseline,0.95,0.8595495960116899,77.97143999276564,36,15.5,15.5,0.0,0.0,0.0,0.0,0.0,0.0,0.972972972972973,1.0,0.9473684210526316
0,43,50,baseline,0.975,0.8595495960116899,79.24358304964164,36,19.5,19.5,0.0,0.0,0.0,0.0,0.0,0.0,0.972972972972973,1.0,0.9473684210526316
0,43,50,baseline,0.99,0.8595495960116899,79.52986860293434,18,21.0,21.0,0.0,0.0,0.0,0.0,0.0,0.0,0.6428571428571429,1.0,0.4736842105263157
0,43,50,resample_pointwise,0.5,0.8595495960116899,16.589352355358802,36,-7.0,7.0,0.0,0.0,0.0,0.972972972972973,1.0,0.9473684210526316,0.972972972972973,1.0,0.9473684210526316
0,43,50,resample_pointwise,0.6,0.8595495960116899,19.784479266200314,36,-7.0,7.0,0.0,0.0,0.0,0.972972972972973,1.0,0.9473684210526316,0.972972972972973,1.0,0.9473684210526316
0,43,50,resample_pointwise,0.7,0.8595495960116899,23.421223687251334,36,-7.0,7.0,0.0,0.0,0.0,0.972972972972973,1.0,0.9473684210526316,0.972972972972973,1.0,0.9473684210526316
0,43,50,resample_pointwise,0.75,0.8595495960116899,25.458603572619047,36,-7.0,7.0,0.0,0.0,0.0,0.972972972972973,1.0,0.9473684210526316,0.972972972972973,1.0,0.9473684210526316
0,43,50,resample_pointwise,0.8,0.8595495960116899,27.70117997307739,36,-7.0,7.0,0.0,0.0,0.0,0.972972972972973,1.0,0.9473684210526316,0.972972972972973,1.0,0.9473684210526316
0,43,50,resample_pointwise,0.85,0.8595495960116899,30.229835844850506,36,-7.0,7.0,0.0,0.0,0.0,0.972972972972973,1.0,0.9473684210526316,0.972972972972973,1.0,0.9473684210526316
0,43,50,resample_pointwise,0.9,0.8595495960116899,33.276639114306576,36,-7.0,7.0,0.0,0.0,0.0,0.972972972972973,1.0,0.9473684210526316,0.972972972972973,1.0,0.9473684210526316
0,43,50,resample_pointwise,0.925,0.8595495960116899,35.147269858587855,36,-7.0,7.0,0.0,0.0,0.0,0.972972972972973,1.0,0.9473684210526316,0.972972972972973,1.0,0.9473684210526316
0,43,50,resample_pointwise,0.95,0.8595495960116899,37.51446002202088,36,-7.0,7.0,0.0,0.0,0.0,0.972972972972973,1.0,0.9473684210526316,0.972972972972973,1.0,0.9473684210526316
0,43,50,resample_pointwise,0.975,0.8595495960116899,40.92297744109815,36,-7.0,7.0,0.0,0.0,0.0,0.972972972972973,1.0,0.9473684210526316,0.972972972972973,1.0,0.9473684210526316
0,43,50,resample_pointwise,0.99,0.8595495960116899,44.58738749656517,36,-7.0,7.0,0.0,0.0,0.0,0.972972972972973,1.0,0.9473684210526316,0.972972972972973,1.0,0.9473684210526316
0,43,100,baseline,0.5,0.8595495960116899,37.64366420190062,36,-55.0,55.0,0.0,0.0,0.0,0.0,0.0,0.0,0.0,0.0,0.0
0,43,100,baseline,0.6,0.8595495960116899,55.830506486556736,36,-38.0,38.0,0.0,0.0,0.0,0.0,0.0,0.0,0.0,0.0,0.0
0,43,100,baseline,0.7,0.8595495960116899,68.68075024739795,36,-22.5,22.5,0.0,0.0,0.0,0.0,0.0,0.0,0.972972972972973,1.0,0.9473684210526316
0,43,100,baseline,0.75,0.8595495960116899,73.60058053130732,36,-15.5,15.5,0.0,0.0,0.0,0.0,0.0,0.0,0.972972972972973,1.0,0.9473684210526316
0,43,100,baseline,0.8,0.8595495960116899,78.84824319251162,36,-7.5,7.5,0.0,0.0,0.0,0.972972972972973,1.0,0.9473684210526316,0.972972972972973,1.0,0.9473684210526316
0,43,100,baseline,0.85,0.8595495960116899,83.76780679082778,36,0.0,0.5,0.972972972972973,1.0,0.9473684210526316,0.972972972972973,1.0,0.9473684210526316,0.972972972972973,1.0,0.9473684210526316
0,43,100,baseline,0.9,0.8595495960116899,87.30172340275368,36,7.5,7.5,0.0,0.0,0.0,0.972972972972973,1.0,0.9473684210526316,0.972972972972973,1.0,0.9473684210526316
0,43,100,baseline,0.925,0.8595495960116899,88.69636663666361,36,11.5,11.5,0.0,0.0,0.0,0.0,0.0,0.0,0.972972972972973,1.0,0.9473684210526316
0,43,100,baseline,0.95,0.8595495960116899,89.66477974808573,36,15.5,15.5,0.0,0.0,0.0,0.0,0.0,0.0,0.972972972972973,1.0,0.9473684210526316
0,43,100,baseline,0.975,0.8595495960116899,90.2206890201617,36,19.5,19.5,0.0,0.0,0.0,0.0,0.0,0.0,0.972972972972973,1.0,0.9473684210526316
0,43,100,baseline,0.99,0.8595495960116899,90.34655499796328,18,21.0,21.0,0.0,0.0,0.0,0.0,0.0,0.0,0.6428571428571429,1.0,0.4736842105263157
0,43,100,resample_pointwise,0.5,0.8595495960116899,12.186142380413155,36,-57.0,57.0,0.0,0.0,0.0,0.0,0.0,0.0,0.0,0.0,0.0
0,43,100,resample_pointwise,0.6,0.8595495960116899,14.5773797371133,36,-57.0,57.0,0.0,0.0,0.0,0.0,0.0,0.0,0.0,0.0,0.0
0,43,100,resample_pointwise,0.7,0.8595495960116899,17.354769273284038,36,-57.0,57.0,0.0,0.0,0.0,0.0,0.0,0.0,0.0,0.0,0.0
0,43,100,resample_pointwise,0.75,0.8595495960116899,18.98509637314282,36,-57.0,57.0,0.0,0.0,0.0,0.0,0.0,0.0,0.0,0.0,0.0
0,43,100,resample_pointwise,0.8,0.8595495960116899,20.79514406126885,36,-57.0,57.0,0.0,0.0,0.0,0.0,0.0,0.0,0.0,0.0,0.0
0,43,100,resample_pointwise,0.85,0.8595495960116899,22.921893969314524,36,-57.0,57.0,0.0,0.0,0.0,0.0,0.0,0.0,0.0,0.0,0.0
0,43,100,resample_pointwise,0.9,0.8595495960116899,25.573989239456488,36,-57.0,57.0,0.0,0.0,0.0,0.0,0.0,0.0,0.0,0.0,0.0
0,43,100,resample_pointwise,0.925,0.8595495960116899,27.25283365356268,36,-57.0,57.0,0.0,0.0,0.0,0.0,0.0,0.0,0.0,0.0,0.0
0,43,100,resample_pointwise,0.95,0.8595495960116899,29.37978025110648,36,-57.0,57.0,0.0,0.0,0.0,0.0,0.0,0.0,0.0,0.0,0.0
0,43,100,resample_pointwise,0.975,0.8595495960116899,32.46819804512598,36,-57.0,57.0,0.0,0.0,0.0,0.0,0.0,0.0,0.0,0.0,0.0
0,43,100,resample_pointwise,0.99,0.8595495960116899,35.78530158934639,36,-57.0,57.0,0.0,0.0,0.0,0.0,0.0,0.0,0.0,0.0,0.0
0,48,10,baseline,0.5,0.8457374830852503,0.0,36,-1.0,1.0,0.972972972972973,1.0,0.9473684210526316,0.972972972972973,1.0,0.9473684210526316,0.972972972972973,1.0,0.9473684210526316
0,48,10,baseline,0.6,0.8457374830852503,0.0,36,-1.0,1.0,0.972972972972973,1.0,0.9473684210526316,0.972972972972973,1.0,0.9473684210526316,0.972972972972973,1.0,0.9473684210526316
0,48,10,baseline,0.7,0.8457374830852503,0.0,36,-1.0,1.0,0.972972972972973,1.0,0.9473684210526316,0.972972972972973,1.0,0.9473684210526316,0.972972972972973,1.0,0.9473684210526316
0,48,10,baseline,0.75,0.8457374830852503,0.0,36,-1.0,1.0,0.972972972972973,1.0,0.9473684210526316,0.972972972972973,1.0,0.9473684210526316,0.972972972972973,1.0,0.9473684210526316
0,48,10,baseline,0.8,0.8457374830852503,2.414726442081512,36,-1.0,1.0,0.972972972972973,1.0,0.9473684210526316,0.972972972972973,1.0,0.9473684210526316,0.972972972972973,1.0,0.9473684210526316
0,48,10,baseline,0.85,0.8457374830852503,14.197981331368242,36,2.5,2.5,0.972972972972973,1.0,0.9473684210526316,0.972972972972973,1.0,0.9473684210526316,0.972972972972973,1.0,0.9473684210526316
0,48,10,baseline,0.9,0.8457374830852503,20.213355941901067,36,11.0,11.0,0.0,0.0,0.0,0.4864864864864865,0.5,0.4736842105263157,0.4864864864864865,0.5,0.4736842105263157
0,48,10,baseline,0.925,0.8457374830852503,20.408163265306097,93,13.0,13.0,0.0,0.0,0.0,0.1374045801526717,0.0967741935483871,0.2368421052631578,0.5801526717557252,0.4086021505376344,1.0
0,48,10,baseline,0.95,0.8457374830852503,20.4081632653061,36,21.5,21.5,0.0,0.0,0.0,0.0,0.0,0.0,0.972972972972973,1.0,0.9473684210526316
0,48,10,baseline,0.975,0.8457374830852503,20.408163265306104,36,22.5,22.5,0.0,0.0,0.0,0.0,0.0,0.0,0.972972972972973,1.0,0.9473684210526316
0,48,10,baseline,0.99,0.8457374830852503,20.4081632653062,0,,,0.0,0.0,0.0,0.0,0.0,0.0,0.0,0.0,0.0
0,48,10,resample_pointwise,0.5,0.8457374830852503,31.56345294560209,0,,,0.0,0.0,0.0,0.0,0.0,0.0,0.0,0.0,0.0
0,48,10,resample_pointwise,0.6,0.8457374830852503,35.647167252268545,0,,,0.0,0.0,0.0,0.0,0.0,0.0,0.0,0.0,0.0
0,48,10,resample_pointwise,0.7,0.8457374830852503,41.41399160358061,0,,,0.0,0.0,0.0,0.0,0.0,0.0,0.0,0.0,0.0
0,48,10,resample_pointwise,0.75,0.8457374830852503,44.7213595499958,0,,,0.0,0.0,0.0,0.0,0.0,0.0,0.0,0.0,0.0
0,48,10,resample_pointwise,0.8,0.8457374830852503,46.96095305715858,0,,,0.0,0.0,0.0,0.0,0.0,0.0,0.0,0.0,0.0
0,48,10,resample_pointwise,0.85,0.8457374830852503,50.664061690927205,0,,,0.0,0.0,0.0,0.0,0.0,0.0,0.0,0.0,0.0
0,48,10,resample_pointwise,0.9,0.8457374830852503,54.78746181848045,0,,,0.0,0.0,0.0,0.0,0.0,0.0,0.0,0.0,0.0
0,48,10,resample_pointwise,0.925,0.8457374830852503,57.15743254346225,0,,,0.0,0.0,0.0,0.0,0.0,0.0,0.0,0.0,0.0
0,48,10,resample_pointwise,0.95,0.8457374830852503,60.66753473587639,0,,,0.0,0.0,0.0,0.0,0.0,0.0,0.0,0.0,0.0
0,48,10,resample_pointwise,0.975,0.8457374830852503,65.02490472172285,0,,,0.0,0.0,0.0,0.0,0.0,0.0,0.0,0.0,0.0
0,48,10,resample_pointwise,0.99,0.8457374830852503,70.70163622952889,0,,,0.0,0.0,0.0,0.0,0.0,0.0,0.0,0.0,0.0
0,48,25,baseline,0.5,0.8457374830852503,0.0,36,-1.0,1.0,0.972972972972973,1.0,0.9473684210526316,0.972972972972973,1.0,0.9473684210526316,0.972972972972973,1.0,0.9473684210526316
0,48,25,baseline,0.6,0.8457374830852503,0.0,36,-1.0,1.0,0.972972972972973,1.0,0.9473684210526316,0.972972972972973,1.0,0.9473684210526316,0.972972972972973,1.0,0.9473684210526316
0,48,25,baseline,0.7,0.8457374830852503,0.9126808071427672,36,-1.0,1.0,0.972972972972973,1.0,0.9473684210526316,0.972972972972973,1.0,0.9473684210526316,0.972972972972973,1.0,0.9473684210526316
0,48,25,baseline,0.75,0.8457374830852503,8.008741579734139,36,-1.0,1.0,0.972972972972973,1.0,0.9473684210526316,0.972972972972973,1.0,0.9473684210526316,0.972972972972973,1.0,0.9473684210526316
0,48,25,baseline,0.8,0.8457374830852503,18.74442857666128,36,-1.0,1.0,0.972972972972973,1.0,0.9473684210526316,0.972972972972973,1.0,0.9473684210526316,0.972972972972973,1.0,0.9473684210526316
0,48,25,baseline,0.85,0.8457374830852503,32.0063508899842,36,2.5,2.5,0.972972972972973,1.0,0.9473684210526316,0.972972972972973,1.0,0.9473684210526316,0.972972972972973,1.0,0.9473684210526316
0,48,25,baseline,0.9,0.8457374830852503,41.46625409982462,36,9.5,9.5,0.0,0.0,0.0,0.972972972972973,1.0,0.9473684210526316,0.972972972972973,1.0,0.9473684210526316
0,48,25,baseline,0.925,0.8457374830852503,45.40529685976936,36,13.5,13.5,0.0,0.0,0.0,0.0,0.0,0.0,0.972972972972973,1.0,0.9473684210526316
0,48,25,baseline,0.95,0.8457374830852503,48.34452229899676,36,17.5,17.5,0.0,0.0,0.0,0.0,0.0,0.0,0.972972972972973,1.0,0.9473684210526316
0,48,25,baseline,0.975,0.8457374830852503,50.24720232120261,36,21.5,21.5,0.0,0.0,0.0,0.0,0.0,0.0,0.972972972972973,1.0,0.9473684210526316
0,48,25,baseline,0.99,0.8457374830852503,50.78312168161892,36,23.5,23.5,0.0,0.0,0.0,0.0,0.0,0.0,0.972972972972973,1.0,0.9473684210526316
0,48,25,resample_pointwise,0.5,0.8457374830852503,21.51295339282355,36,-1.0,1.0,0.972972972972973,1.0,0.9473684210526316,0.972972972972973,1.0,0.9473684210526316,0.972972972972973,1.0,0.9473684210526316
0,48,25,resample_pointwise,0.6,0.8457374830852503,25.45708755838807,36,-1.0,1.0,0.972972972972973,1.0,0.9473684210526316,0.972972972972973,1.0,0.9473684210526316,0.972972972972973,1.0,0.9473684210526316
0,48,25,resample_pointwise,0.7,0.8457374830852503,29.81548141673416,36,0.5,0.5,0.972972972972973,1.0,0.9473684210526316,0.972972972972973,1.0,0.9473684210526316,0.972972972972973,1.0,0.9473684210526316
0,48,25,resample_pointwise,0.75,0.8457374830852503,32.18283875562683,36,2.5,2.5,0.972972972972973,1.0,0.9473684210526316,0.972972972972973,1.0,0.9473684210526316,0.972972972972973,1.0,0.9473684210526316
0,48,25,resample_pointwise,0.8,0.8457374830852503,34.77301897754919,36,3.5,3.5,0.972972972972973,1.0,0.9473684210526316,0.972972972972973,1.0,0.9473684210526316,0.972972972972973,1.0,0.9473684210526316
0,48,25,resample_pointwise,0.85,0.8457374830852503,37.68388208190626,36,5.5,5.5,0.4864864864864865,0.5,0.4736842105263157,0.972972972972973,1.0,0.9473684210526316,0.972972972972973,1.0,0.9473684210526316
0,48,25,resample_pointwise,0.9,0.8457374830852503,41.18203512042267,36,8.5,8.5,0.0,0.0,0.0,0.972972972972973,1.0,0.9473684210526316,0.972972972972973,1.0,0.9473684210526316
0,48,25,resample_pointwise,0.925,0.8457374830852503,43.363385173180816,36,10.5,10.5,0.0,0.0,0.0,0.4864864864864865,0.5,0.4736842105263157,0.972972972972973,1.0,0.9473684210526316
0,48,25,resample_pointwise,0.95,0.8457374830852503,46.077276054432936,36,13.5,13.5,0.0,0.0,0.0,0.0,0.0,0.0,0.972972972972973,1.0,0.9473684210526316
0,48,25,resample_pointwise,0.975,0.8457374830852503,50.01124405016566,36,20.5,20.5,0.0,0.0,0.0,0.0,0.0,0.0,0.972972972972973,1.0,0.9473684210526316
0,48,25,resample_pointwise,0.99,0.8457374830852503,54.31332733345307,0,,,0.0,0.0,0.0,0.0,0.0,0.0,0.0,0.0,0.0
0,48,50,baseline,0.5,0.8457374830852503,0.0,36,-2.0,2.0,0.972972972972973,1.0,0.9473684210526316,0.972972972972973,1.0,0.9473684210526316,0.972972972972973,1.0,0.9473684210526316
0,48,50,baseline,0.6,0.8457374830852503,7.358267909110187,36,-2.0,2.0,0.972972972972973,1.0,0.9473684210526316,0.972972972972973,1.0,0.9473684210526316,0.972972972972973,1.0,0.9473684210526316
0,48,50,baseline,0.7,0.8457374830852503,24.02622473920236,36,-2.0,2.0,0.972972972972973,1.0,0.9473684210526316,0.972972972972973,1.0,0.9473684210526316,0.972972972972973,1.0,0.9473684210526316
0,48,50,baseline,0.75,0.8457374830852503,35.24177219279175,36,-2.0,2.0,0.972972972972973,1.0,0.9473684210526316,0.972972972972973,1.0,0.9473684210526316,0.972972972972973,1.0,0.9473684210526316
0,48,50,baseline,0.8,0.8457374830852503,47.80391714034372,36,-2.0,2.0,0.972972972972973,1.0,0.9473684210526316,0.972972972972973,1.0,0.9473684210526316,0.972972972972973,1.0,0.9473684210526316
0,48,50,baseline,0.85,0.8457374830852503,61.31218209678551,36,2.5,2.5,0.972972972972973,1.0,0.9473684210526316,0.972972972972973,1.0,0.9473684210526316,0.972972972972973,1.0,0.9473684210526316
0,48,50,baseline,0.9,0.8457374830852503,69.81023841640351,36,9.5,9.5,0.0,0.0,0.0,0.972972972972973,1.0,0.9473684210526316,0.972972972972973,1.0,0.9473684210526316
0,48,50,baseline,0.925,0.8457374830852503,73.01104193817507,36,13.5,13.5,0.0,0.0,0.0,0.0,0.0,0.0,0.972972972972973,1.0,0.9473684210526316
0,48,50,baseline,0.95,0.8457374830852503,75.21398046336103,36,17.5,17.5,0.0,0.0,0.0,0.0,0.0,0.0,0.972972972972973,1.0,0.9473684210526316
0,48,50,baseline,0.975,0.8457374830852503,76.50530193711933,36,21.5,21.5,0.0,0.0,0.0,0.0,0.0,0.0,0.972972972972973,1.0,0.9473684210526316
0,48,50,baseline,0.99,0.8457374830852503,76.82474091285,36,23.5,23.5,0.0,0.0,0.0,0.0,0.0,0.0,0.972972972972973,1.0,0.9473684210526316
0,48,50,resample_pointwise,0.5,0.8457374830852503,15.952344690500311,36,-2.0,2.0,0.972972972972973,1.0,0.9473684210526316,0.972972972972973,1.0,0.9473684210526316,0.972972972972973,1.0,0.9473684210526316
0,48,50,resample_pointwise,0.6,0.8457374830852503,18.993850250943545,36,-2.0,2.0,0.972972972972973,1.0,0.9473684210526316,0.972972972972973,1.0,0.9473684210526316,0.972972972972973,1.0,0.9473684210526316
0,48,50,resample_pointwise,0.7,0.8457374830852503,22.517520597545584,36,-2.0,2.0,0.972972972972973,1.0,0.9473684210526316,0.972972972972973,1.0,0.9473684210526316,0.972972972972973,1.0,0.9473684210526316
0,48,50,resample_pointwise,0.75,0.8457374830852503,24.49659769489574,36,-2.0,2.0,0.972972972972973,1.0,0.9473684210526316,0.972972972972973,1.0,0.9473684210526316,0.972972972972973,1.0,0.9473684210526316
0,48,50,resample_pointwise,0.8,0.8457374830852503,26.72300726030973,36,-2.0,2.0,0.972972972972973,1.0,0.9473684210526316,0.972972972972973,1.0,0.9473684210526316,0.972972972972973,1.0,0.9473684210526316
0,48,50,resample_pointwise,0.85,0.8457374830852503,29.262701615872995,36,-2.0,2.0,0.972972972972973,1.0,0.9473684210526316,0.972972972972973,1.0,0.9473684210526316,0.972972972972973,1.0,0.9473684210526316
0,48,50,resample_pointwise,0.9,0.8457374830852503,32.3583640415977,36,-2.0,2.0,0.972972972972973,1.0,0.9473684210526316,0.972972972972973,1.0,0.9473684210526316,0.972972972972973,1.0,0.9473684210526316
0,48,50,resample_pointwise,0.925,0.8457374830852503,34.28085485485072,36,-2.0,2.0,0.972972972972973,1.0,0.9473684210526316,0.972972972972973,1.0,0.9473684210526316,0.972972972972973,1.0,0.9473684210526316
0,48,50,resample_pointwise,0.95,0.8457374830852503,36.68023173658933,36,-2.0,2.0,0.972972972972973,1.0,0.9473684210526316,0.972972972972973,1.0,0.9473684210526316,0.972972972972973,1.0,0.9473684210526316
0,48,50,resample_pointwise,0.975,0.8457374830852503,40.152769493014816,36,-2.0,2.0,0.972972972972973,1.0,0.9473684210526316,0.972972972972973,1.0,0.9473684210526316,0.972972972972973,1.0,0.9473684210526316
0,48,50,resample_pointwise,0.99,0.8457374830852503,43.93399312343568,36,-2.0,2.0,0.972972972972973,1.0,0.9473684210526316,0.972972972972973,1.0,0.9473684210526316,0.972972972972973,1.0,0.9473684210526316
0,48,100,baseline,0.5,0.8457374830852503,33.80247397721688,36,-52.0,52.0,0.0,0.0,0.0,0.0,0.0,0.0,0.0,0.0,0.0
0,48,100,baseline,0.6,0.8457374830852503,52.80998639038665,36,-38.0,38.0,0.0,0.0,0.0,0.0,0.0,0.0,0.0,0.0,0.0
0,48,100,baseline,0.7,0.8457374830852503,66.96023797290265,36,-21.0,21.0,0.0,0.0,0.0,0.0,0.0,0.0,0.972972972972973,1.0,0.9473684210526316
0,48,100,baseline,0.75,0.8457374830852503,72.68888133262028,36,-13.0,13.0,0.0,0.0,0.0,0.0,0.0,0.0,0.972972972972973,1.0,0.9473684210526316
0,48,100,baseline,0.8,0.8457374830852503,77.99790682696398,36,-5.5,5.5,0.4864864864864865,0.5,0.4736842105263157,0.972972972972973,1.0,0.9473684210526316,0.972972972972973,1.0,0.9473684210526316
0,48,100,baseline,0.85,0.8457374830852503,82.94330495425591,36,2.5,2.5,0.972972972972973,1.0,0.9473684210526316,0.972972972972973,1.0,0.9473684210526316,0.972972972972973,1.0,0.9473684210526316
0,48,100,baseline,0.9,0.8457374830852503,86.23650441592325,36,9.5,9.5,0.0,0.0,0.0,0.972972972972973,1.0,0.9473684210526316,0.972972972972973,1.0,0.9473684210526316
0,48,100,baseline,0.925,0.8457374830852503,87.55173397739749,36,13.5,13.5,0.0,0.0,0.0,0.0,0.0,0.0,0.972972972972973,1.0,0.9473684210526316
0,48,100,baseline,0.95,0.8457374830852503,88.47921466972583,36,17.5,17.5,0.0,0.0,0.0,0.0,0.0,0.0,0.972972972972973,1.0,0.9473684210526316
0,48,100,baseline,0.975,0.8457374830852503,89.03106543361648,36,21.5,21.5,0.0,0.0,0.0,0.0,0.0,0.0,0.972972972972973,1.0,0.9473684210526316
0,48,100,baseline,0.99,0.8457374830852503,89.16849448186991,36,23.5,23.5,0.0,0.0,0.0,0.0,0.0,0.0,0.972972972972973,1.0,0.9473684210526316
0,48,100,resample_pointwise,0.5,0.8457374830852503,11.689798768669156,36,-52.0,52.0,0.0,0.0,0.0,0.0,0.0,0.0,0.0,0.0,0.0
0,48,100,resample_pointwise,0.6,0.8457374830852503,13.968787721344905,36,-52.0,52.0,0.0,0.0,0.0,0.0,0.0,0.0,0.0,0.0,0.0
0,48,100,resample_pointwise,0.7,0.8457374830852503,16.659862556700894,36,-52.0,52.0,0.0,0.0,0.0,0.0,0.0,0.0,0.0,0.0,0.0
0,48,100,resample_pointwise,0.75,0.8457374830852503,18.226215152462125,36,-52.0,52.0,0.0,0.0,0.0,0.0,0.0,0.0,0.0,0.0,0.0
0,48,100,resample_pointwise,0.8,0.8457374830852503,20.010409619192263,36,-52.0,52.0,0.0,0.0,0.0,0.0,0.0,0.0,0.0,0.0,0.0
0,48,100,resample_pointwise,0.85,0.8457374830852503,22.100259976873502,36,-52.0,52.0,0.0,0.0,0.0,0.0,0.0,0.0,0.0,0.0,0.0
0,48,100,resample_pointwise,0.9,0.8457374830852503,24.71326612770708,36,-52.0,52.0,0.0,0.0,0.0,0.0,0.0,0.0,0.0,0.0,0.0
0,48,100,resample_pointwise,0.925,0.8457374830852503,26.369210776356788,36,-52.0,52.0,0.0,0.0,0.0,0.0,0.0,0.0,0.0,0.0,0.0
0,48,100,resample_pointwise,0.95,0.8457374830852503,28.48017497337317,36,-52.0,52.0,0.0,0.0,0.0,0.0,0.0,0.0,0.0,0.0,0.0
0,48,100,resample_pointwise,0.975,0.8457374830852503,31.562133375671152,36,-52.0,52.0,0.0,0.0,0.0,0.0,0.0,0.0,0.0,0.0,0.0
0,48,100,resample_pointwise,0.99,0.8457374830852503,34.83644178110539,36,-52.0,52.0,0.0,0.0,0.0,0.0,0.0,0.0,0.0,0.0,0.0
0,53,10,baseline,0.5,0.8323622440486099,0.0,36,-1.0,1.0,0.972972972972973,1.0,0.9473684210526316,0.972972972972973,1.0,0.9473684210526316,0.972972972972973,1.0,0.9473684210526316
0,53,10,baseline,0.6,0.8323622440486099,0.0,36,-1.0,1.0,0.972972972972973,1.0,0.9473684210526316,0.972972972972973,1.0,0.9473684210526316,0.972972972972973,1.0,0.9473684210526316
0,53,10,baseline,0.7,0.8323622440486099,0.0,36,-1.0,1.0,0.972972972972973,1.0,0.9473684210526316,0.972972972972973,1.0,0.9473684210526316,0.972972972972973,1.0,0.9473684210526316
0,53,10,baseline,0.75,0.8323622440486099,0.0,36,-1.0,1.0,0.972972972972973,1.0,0.9473684210526316,0.972972972972973,1.0,0.9473684210526316,0.972972972972973,1.0,0.9473684210526316
0,53,10,baseline,0.8,0.8323622440486099,4.342977555392028,36,-1.0,1.0,0.972972972972973,1.0,0.9473684210526316,0.972972972972973,1.0,0.9473684210526316,0.972972972972973,1.0,0.9473684210526316
0,53,10,baseline,0.85,0.8323622440486099,15.169368456497953,36,4.0,4.0,0.972972972972973,1.0,0.9473684210526316,0.972972972972973,1.0,0.9473684210526316,0.972972972972973,1.0,0.9473684210526316
0,53,10,baseline,0.9,0.8323622440486099,18.5185185185184,150,17.0,17.0,0.0,0.0,0.0,0.0,0.0,0.0,0.4042553191489362,0.2533333333333333,1.0
0,53,10,baseline,0.925,0.8323622440486099,18.5185185185184,188,19.0,19.0,0.0,0.0,0.0,0.0,0.0,0.0,0.3362831858407079,0.202127659574468,1.0
0,53,10,baseline,0.95,0.8323622440486099,18.5185185185185,114,20.5,20.5,0.0,0.0,0.0,0.0,0.0,0.0,0.5,0.3333333333333333,1.0
0,53,10,baseline,0.975,0.8323622440486099,18.5185185185186,19,26.0,26.0,0.0,0.0,0.0,0.0,0.0,0.0,0.0,0.0,0.0
0,53,10,baseline,0.99,0.8323622440486099,18.5185185185187,0,,,0.0,0.0,0.0,0.0,0.0,0.0,0.0,0.0,0.0
0,53,10,resample_pointwise,0.5,0.8323622440486099,30.882093577082603,0,,,0.0,0.0,0.0,0.0,0.0,0.0,0.0,0.0,0.0
0,53,10,resample_pointwise,0.6,0.8323622440486099,35.263071689314025,0,,,0.0,0.0,0.0,0.0,0.0,0.0,0.0,0.0,0.0
0,53,10,resample_pointwise,0.7,0.8323622440486099,40.89616816579172,0,,,0.0,0.0,0.0,0.0,0.0,0.0,0.0,0.0,0.0
0,53,10,resample_pointwise,0.75,0.8323622440486099,44.09585518440976,0,,,0.0,0.0,0.0,0.0,0.0,0.0,0.0,0.0,0.0
0,53,10,resample_pointwise,0.8,0.8323622440486099,46.6174049224209,0,,,0.0,0.0,0.0,0.0,0.0,0.0,0.0,0.0,0.0
0,53,10,resample_pointwise,0.85,0.8323622440486099,50.215584615451824,0,,,0.0,0.0,0.0,0.0,0.0,0.0,0.0,0.0,0.0
0,53,10,resample_pointwise,0.9,0.8323622440486099,54.77225575051661,0,,,0.0,0.0,0.0,0.0,0.0,0.0,0.0,0.0,0.0
0,53,10,resample_pointwise,0.925,0.8323622440486099,56.849137346221895,0,,,0.0,0.0,0.0,0.0,0.0,0.0,0.0,0.0,0.0
0,53,10,resample_pointwise,0.95,0.8323622440486099,60.29477202550558,0,,,0.0,0.0,0.0,0.0,0.0,0.0,0.0,0.0,0.0
0,53,10,resample_pointwise,0.975,0.8323622440486099,64.775120119973,0,,,0.0,0.0,0.0,0.0,0.0,0.0,0.0,0.0,0.0
0,53,10,resample_pointwise,0.99,0.8323622440486099,70.39960406423141,0,,,0.0,0.0,0.0,0.0,0.0,0.0,0.0,0.0,0.0
0,53,25,baseline,0.5,0.8323622440486099,0.0,36,-1.0,1.0,0.972972972972973,1.0,0.9473684210526316,0.972972972972973,1.0,0.9473684210526316,0.972972972972973,1.0,0.9473684210526316
0,53,25,baseline,0.6,0.8323622440486099,0.0,36,-1.0,1.0,0.972972972972973,1.0,0.9473684210526316,0.972972972972973,1.0,0.9473684210526316,0.972972972972973,1.0,0.9473684210526316
0,53,25,baseline,0.7,0.8323622440486099,2.028602064833965,36,-1.0,1.0,0.972972972972973,1.0,0.9473684210526316,0.972972972972973,1.0,0.9473684210526316,0.972972972972973,1.0,0.9473684210526316
0,53,25,baseline,0.75,0.8323622440486099,9.442628728875537,36,-1.0,1.0,0.972972972972973,1.0,0.9473684210526316,0.972972972972973,1.0,0.9473684210526316,0.972972972972973,1.0,0.9473684210526316
0,53,25,baseline,0.8,0.8323622440486099,19.84162257182053,36,-1.0,1.0,0.972972972972973,1.0,0.9473684210526316,0.972972972972973,1.0,0.9473684210526316,0.972972972972973,1.0,0.9473684210526316
0,53,25,baseline,0.85,0.8323622440486099,31.83031140720792,36,4.5,4.5,0.972972972972973,1.0,0.9473684210526316,0.972972972972973,1.0,0.9473684210526316,0.972972972972973,1.0,0.9473684210526316
0,53,25,baseline,0.9,0.8323622440486099,40.39245063854263,36,12.5,12.5,0.0,0.0,0.0,0.0,0.0,0.0,0.972972972972973,1.0,0.9473684210526316
0,53,25,baseline,0.925,0.8323622440486099,43.287408396109534,36,16.5,16.5,0.0,0.0,0.0,0.0,0.0,0.0,0.972972972972973,1.0,0.9473684210526316
0,53,25,baseline,0.95,0.8323622440486099,45.25495524179536,36,20.5,20.5,0.0,0.0,0.0,0.0,0.0,0.0,0.972972972972973,1.0,0.9473684210526316
0,53,25,baseline,0.975,0.8323622440486099,46.223646701696815,36,24.5,24.5,0.0,0.0,0.0,0.0,0.0,0.0,0.972972972972973,1.0,0.9473684210526316
0,53,25,baseline,0.99,0.8323622440486099,46.29629629629631,19,25.0,25.0,0.0,0.0,0.0,0.0,0.0,0.0,0.350877192982456,0.5263157894736842,0.2631578947368421
0,53,25,resample_pointwise,0.5,0.8323622440486099,20.984022924763305,36,-1.0,1.0,0.972972972972973,1.0,0.9473684210526316,0.972972972972973,1.0,0.9473684210526316,0.972972972972973,1.0,0.9473684210526316
0,53,25,resample_pointwise,0.6,0.8323622440486099,24.85072029217224,36,-0.5,0.5,0.972972972972973,1.0,0.9473684210526316,0.972972972972973,1.0,0.9473684210526316,0.972972972972973,1.0,0.9473684210526316
0,53,25,resample_pointwise,0.7,0.8323622440486099,29.16158095654296,36,2.5,2.5,0.972972972972973,1.0,0.9473684210526316,0.972972972972973,1.0,0.9473684210526316,0.972972972972973,1.0,0.9473684210526316
0,53,25,resample_pointwise,0.75,0.8323622440486099,31.52937533343028,36,3.5,3.5,0.972972972972973,1.0,0.9473684210526316,0.972972972972973,1.0,0.9473684210526316,0.972972972972973,1.0,0.9473684210526316
0,53,25,resample_pointwise,0.8,0.8323622440486099,34.14244348590084,36,5.5,5.5,0.4864864864864865,0.5,0.4736842105263157,0.972972972972973,1.0,0.9473684210526316,0.972972972972973,1.0,0.9473684210526316
0,53,25,resample_pointwise,0.85,0.8323622440486099,37.088297850079705,36,8.5,8.5,0.0,0.0,0.0,0.972972972972973,1.0,0.9473684210526316,0.972972972972973,1.0,0.9473684210526316
0,53,25,resample_pointwise,0.9,0.8323622440486099,40.59739090321145,36,12.5,12.5,0.0,0.0,0.0,0.0,0.0,0.0,0.972972972972973,1.0,0.9473684210526316
0,53,25,resample_pointwise,0.925,0.8323622440486099,42.79020181936642,36,15.5,15.5,0.0,0.0,0.0,0.0,0.0,0.0,0.972972972972973,1.0,0.9473684210526316
0,53,25,resample_pointwise,0.95,0.8323622440486099,45.52091426055288,36,20.5,20.5,0.0,0.0,0.0,0.0,0.0,0.0,0.972972972972973,1.0,0.9473684210526316
0,53,25,resample_pointwise,0.975,0.8323622440486099,49.48292302180522,0,,,0.0,0.0,0.0,0.0,0.0,0.0,0.0,0.0,0.0
0,53,25,resample_pointwise,0.99,0.8323622440486099,53.723597844051866,0,,,0.0,0.0,0.0,0.0,0.0,0.0,0.0,0.0,0.0
0,53,50,baseline,0.5,0.8323622440486099,0.0,36,-1.0,1.0,0.972972972972973,1.0,0.9473684210526316,0.972972972972973,1.0,0.9473684210526316,0.972972972972973,1.0,0.9473684210526316
0,53,50,baseline,0.6,0.8323622440486099,7.49485420179558,36,-1.0,1.0,0.972972972972973,1.0,0.9473684210526316,0.972972972972973,1.0,0.9473684210526316,0.972972972972973,1.0,0.9473684210526316
0,53,50,baseline,0.7,0.8323622440486099,24.223184939527265,36,-1.0,1.0,0.972972972972973,1.0,0.9473684210526316,0.972972972972973,1.0,0.9473684210526316,0.972972972972973,1.0,0.9473684210526316
0,53,50,baseline,0.75,0.8323622440486099,34.719135665282764,36,-1.0,1.0,0.972972972972973,1.0,0.9473684210526316,0.972972972972973,1.0,0.9473684210526316,0.972972972972973,1.0,0.9473684210526316
0,53,50,baseline,0.8,0.8323622440486099,46.403579399330376,36,-1.0,1.0,0.972972972972973,1.0,0.9473684210526316,0.972972972972973,1.0,0.9473684210526316,0.972972972972973,1.0,0.9473684210526316
0,53,50,baseline,0.85,0.8323622440486099,58.80088929275348,36,4.5,4.5,0.972972972972973,1.0,0.9473684210526316,0.972972972972973,1.0,0.9473684210526316,0.972972972972973,1.0,0.9473684210526316
0,53,50,baseline,0.9,0.8323622440486099,67.91980666325696,36,12.0,12.0,0.0,0.0,0.0,0.0,0.0,0.0,0.972972972972973,1.0,0.9473684210526316
0,53,50,baseline,0.925,0.8323622440486099,70.80324948174487,36,16.5,16.5,0.0,0.0,0.0,0.0,0.0,0.0,0.972972972972973,1.0,0.9473684210526316
0,53,50,baseline,0.95,0.8323622440486099,72.76387578088243,36,20.0,20.0,0.0,0.0,0.0,0.0,0.0,0.0,0.972972972972973,1.0,0.9473684210526316
0,53,50,baseline,0.975,0.8323622440486099,73.8751959836226,36,24.5,24.5,0.0,0.0,0.0,0.0,0.0,0.0,0.972972972972973,1.0,0.9473684210526316
0,53,50,baseline,0.99,0.8323622440486099,74.12544514979786,18,26.0,26.0,0.0,0.0,0.0,0.0,0.0,0.0,0.0,0.0,0.0
0,53,50,resample_pointwise,0.5,0.8323622440486099,15.559964101925924,36,-1.0,1.0,0.972972972972973,1.0,0.9473684210526316,0.972972972972973,1.0,0.9473684210526316,0.972972972972973,1.0,0.9473684210526316
0,53,50,resample_pointwise,0.6,0.8323622440486099,18.503697773032243,36,-1.0,1.0,0.972972972972973,1.0,0.9473684210526316,0.972972972972973,1.0,0.9473684210526316,0.972972972972973,1.0,0.9473684210526316
0,53,50,resample_pointwise,0.7,0.8323622440486099,21.94581180300075,36,-1.0,1.0,0.972972972972973,1.0,0.9473684210526316,0.972972972972973,1.0,0.9473684210526316,0.972972972972973,1.0,0.9473684210526316
0,53,50,resample_pointwise,0.75,0.8323622440486099,23.90539194534054,36,-1.0,1.0,0.972972972972973,1.0,0.9473684210526316,0.972972972972973,1.0,0.9473684210526316,0.972972972972973,1.0,0.9473684210526316
0,53,50,resample_pointwise,0.8,0.8323622440486099,26.086802448800476,36,-1.0,1.0,0.972972972972973,1.0,0.9473684210526316,0.972972972972973,1.0,0.9473684210526316,0.972972972972973,1.0,0.9473684210526316
0,53,50,resample_pointwise,0.85,0.8323622440486099,28.62893487729687,36,-1.0,1.0,0.972972972972973,1.0,0.9473684210526316,0.972972972972973,1.0,0.9473684210526316,0.972972972972973,1.0,0.9473684210526316
0,53,50,resample_pointwise,0.9,0.8323622440486099,31.732117762104,36,-1.0,1.0,0.972972972972973,1.0,0.9473684210526316,0.972972972972973,1.0,0.9473684210526316,0.972972972972973,1.0,0.9473684210526316
0,53,50,resample_pointwise,0.925,0.8323622440486099,33.667053740186034,36,-1.0,1.0,0.972972972972973,1.0,0.9473684210526316,0.972972972972973,1.0,0.9473684210526316,0.972972972972973,1.0,0.9473684210526316
0,53,50,resample_pointwise,0.95,0.8323622440486099,36.11443479481155,36,-1.0,1.0,0.972972972972973,1.0,0.9473684210526316,0.972972972972973,1.0,0.9473684210526316,0.972972972972973,1.0,0.9473684210526316
0,53,50,resample_pointwise,0.975,0.8323622440486099,39.67287360228429,36,-1.0,1.0,0.972972972972973,1.0,0.9473684210526316,0.972972972972973,1.0,0.9473684210526316,0.972972972972973,1.0,0.9473684210526316
0,53,50,resample_pointwise,0.99,0.8323622440486099,43.48107135903497,36,-1.0,1.0,0.972972972972973,1.0,0.9473684210526316,0.972972972972973,1.0,0.9473684210526316,0.972972972972973,1.0,0.9473684210526316
0,53,100,baseline,0.5,0.8323622440486099,32.81228566459489,36,-47.0,47.0,0.0,0.0,0.0,0.0,0.0,0.0,0.0,0.0,0.0
0,53,100,baseline,0.6,0.8323622440486099,51.481148413524224,36,-36.0,36.0,0.0,0.0,0.0,0.0,0.0,0.0,0.0,0.0,0.0
0,53,100,baseline,0.7,0.8323622440486099,65.95686955863891,36,-19.0,19.0,0.0,0.0,0.0,0.0,0.0,0.0,0.972972972972973,1.0,0.9473684210526316
0,53,100,baseline,0.75,0.8323622440486099,71.76565085035674,36,-11.0,11.0,0.0,0.0,0.0,0.027027027027027,0.0277777777777777,0.0263157894736842,0.972972972972973,1.0,0.9473684210526316
0,53,100,baseline,0.8,0.8323622440486099,77.13824370554018,36,-3.5,3.5,0.972972972972973,1.0,0.9473684210526316,0.972972972972973,1.0,0.9473684210526316,0.972972972972973,1.0,0.9473684210526316
0,53,100,baseline,0.85,0.8323622440486099,82.02491340899472,36,4.0,4.0,0.972972972972973,1.0,0.9473684210526316,0.972972972972973,1.0,0.9473684210526316,0.972972972972973,1.0,0.9473684210526316
0,53,100,baseline,0.9,0.8323622440486099,85.47434818429949,36,12.5,12.5,0.0,0.0,0.0,0.0,0.0,0.0,0.972972972972973,1.0,0.9473684210526316
0,53,100,baseline,0.925,0.8323622440486099,86.63639072313009,36,16.5,16.5,0.0,0.0,0.0,0.0,0.0,0.0,0.972972972972973,1.0,0.9473684210526316
0,53,100,baseline,0.95,0.8323622440486099,87.44486799276218,36,20.5,20.5,0.0,0.0,0.0,0.0,0.0,0.0,0.972972972972973,1.0,0.9473684210526316
0,53,100,baseline,0.975,0.8323622440486099,87.90953543133466,36,24.5,24.5,0.0,0.0,0.0,0.0,0.0,0.0,0.972972972972973,1.0,0.9473684210526316
0,53,100,baseline,0.99,0.8323622440486099,88.01479954116583,18,26.0,26.0,0.0,0.0,0.0,0.0,0.0,0.0,0.0,0.0,0.0
0,53,100,resample_pointwise,0.5,0.8323622440486099,11.323585737933682,36,-47.0,47.0,0.0,0.0,0.0,0.0,0.0,0.0,0.0,0.0,0.0
0,53,100,resample_pointwise,0.6,0.8323622440486099,13.500749356837913,36,-47.0,47.0,0.0,0.0,0.0,0.0,0.0,0.0,0.0,0.0,0.0
0,53,100,resample_pointwise,0.7,0.8323622440486099,16.09407357972412,36,-47.0,47.0,0.0,0.0,0.0,0.0,0.0,0.0,0.0,0.0,0.0
0,53,100,resample_pointwise,0.75,0.8323622440486099,17.614022036173584,36,-47.0,47.0,0.0,0.0,0.0,0.0,0.0,0.0,0.0,0.0,0.0
0,53,100,resample_pointwise,0.8,0.8323622440486099,19.345426897283364,36,-47.0,47.0,0.0,0.0,0.0,0.0,0.0,0.0,0.0,0.0,0.0
0,53,100,resample_pointwise,0.85,0.8323622440486099,21.391093360823525,36,-47.0,47.0,0.0,0.0,0.0,0.0,0.0,0.0,0.0,0.0,0.0
0,53,100,resample_pointwise,0.9,0.8323622440486099,23.97057524062064,36,-47.0,47.0,0.0,0.0,0.0,0.0,0.0,0.0,0.0,0.0,0.0
0,53,100,resample_pointwise,0.925,0.8323622440486099,25.59243179453156,36,-47.0,47.0,0.0,0.0,0.0,0.0,0.0,0.0,0.0,0.0,0.0
0,53,100,resample_pointwise,0.95,0.8323622440486099,27.682552829147536,36,-47.0,47.0,0.0,0.0,0.0,0.0,0.0,0.0,0.0,0.0,0.0
0,53,100,resample_pointwise,0.975,0.8323622440486099,30.810941708162037,36,-47.0,47.0,0.0,0.0,0.0,0.0,0.0,0.0,0.0,0.0,0.0
0,53,100,resample_pointwise,0.99,0.8323622440486099,34.22675134344643,36,-47.0,47.0,0.0,0.0,0.0,0.0,0.0,0.0,0.0,0.0,0.0
0,58,10,baseline,0.5,0.8194034742707309,0.0,36,-1.0,1.0,0.972972972972973,1.0,0.9473684210526316,0.972972972972973,1.0,0.9473684210526316,0.972972972972973,1.0,0.9473684210526316
0,58,10,baseline,0.6,0.8194034742707309,0.0,36,-1.0,1.0,0.972972972972973,1.0,0.9473684210526316,0.972972972972973,1.0,0.9473684210526316,0.972972972972973,1.0,0.9473684210526316
0,58,10,baseline,0.7,0.8194034742707309,0.0,36,-1.0,1.0,0.972972972972973,1.0,0.9473684210526316,0.972972972972973,1.0,0.9473684210526316,0.972972972972973,1.0,0.9473684210526316
0,58,10,baseline,0.75,0.8194034742707309,0.0,36,-1.0,1.0,0.972972972972973,1.0,0.9473684210526316,0.972972972972973,1.0,0.9473684210526316,0.972972972972973,1.0,0.9473684210526316
0,58,10,baseline,0.8,0.8194034742707309,6.341792180972772,36,-1.0,1.0,0.972972972972973,1.0,0.9473684210526316,0.972972972972973,1.0,0.9473684210526316,0.972972972972973,1.0,0.9473684210526316
0,58,10,baseline,0.85,0.8194034742707309,15.441412846007282,36,6.0,6.0,0.2432432432432432,0.25,0.2368421052631578,0.972972972972973,1.0,0.9473684210526316,0.972972972972973,1.0,0.9473684210526316
0,58,10,baseline,0.9,0.8194034742707309,16.949152542372804,112,14.5,14.5,0.0,0.0,0.0,0.0,0.0,0.0,0.5066666666666666,0.3392857142857143,1.0
0,58,10,baseline,0.925,0.8194034742707309,16.949152542372897,152,21.0,21.0,0.0,0.0,0.0,0.0,0.0,0.0,0.4,0.25,1.0
0,58,10,baseline,0.95,0.8194034742707309,16.9491525423729,112,21.0,21.0,0.0,0.0,0.0,0.0,0.0,0.0,0.4933333333333333,0.3303571428571428,0.9736842105263158
0,58,10,baseline,0.975,0.8194034742707309,16.949152542372907,38,26.5,26.5,0.0,0.0,0.0,0.0,0.0,0.0,0.0,0.0,0.0
0,58,10,baseline,0.99,0.8194034742707309,16.949152542372993,0,,,0.0,0.0,0.0,0.0,0.0,0.0,0.0,0.0,0.0
0,58,10,resample_pointwise,0.5,0.8194034742707309,30.0148388083778,0,,,0.0,0.0,0.0,0.0,0.0,0.0,0.0,0.0,0.0
0,58,10,resample_pointwise,0.6,0.8194034742707309,34.55715656427077,0,,,0.0,0.0,0.0,0.0,0.0,0.0,0.0,0.0,0.0
0,58,10,resample_pointwise,0.7,0.8194034742707309,40.07318785605722,0,,,0.0,0.0,0.0,0.0,0.0,0.0,0.0,0.0,0.0
0,58,10,resample_pointwise,0.75,0.8194034742707309,43.20870564606352,0,,,0.0,0.0,0.0,0.0,0.0,0.0,0.0,0.0,0.0
0,58,10,resample_pointwise,0.8,0.8194034742707309,45.938144590431335,0,,,0.0,0.0,0.0,0.0,0.0,0.0,0.0,0.0,0.0
0,58,10,resample_pointwise,0.85,0.8194034742707309,49.47585077994432,0,,,0.0,0.0,0.0,0.0,0.0,0.0,0.0,0.0,0.0
0,58,10,resample_pointwise,0.9,0.8194034742707309,53.979791296638176,0,,,0.0,0.0,0.0,0.0,0.0,0.0,0.0,0.0,0.0
0,58,10,resample_pointwise,0.925,0.8194034742707309,56.17052462660905,0,,,0.0,0.0,0.0,0.0,0.0,0.0,0.0,0.0,0.0
0,58,10,resample_pointwise,0.95,0.8194034742707309,59.56608394710893,0,,,0.0,0.0,0.0,0.0,0.0,0.0,0.0,0.0,0.0
0,58,10,resample_pointwise,0.975,0.8194034742707309,64.1475604272045,0,,,0.0,0.0,0.0,0.0,0.0,0.0,0.0,0.0,0.0
0,58,10,resample_pointwise,0.99,0.8194034742707309,69.58825429520337,0,,,0.0,0.0,0.0,0.0,0.0,0.0,0.0,0.0,0.0
0,58,25,baseline,0.5,0.8194034742707309,0.0,36,-1.0,1.0,0.972972972972973,1.0,0.9473684210526316,0.972972972972973,1.0,0.9473684210526316,0.972972972972973,1.0,0.9473684210526316
0,58,25,baseline,0.6,0.8194034742707309,0.0,36,-1.0,1.0,0.972972972972973,1.0,0.9473684210526316,0.972972972972973,1.0,0.9473684210526316,0.972972972972973,1.0,0.9473684210526316
0,58,25,baseline,0.7,0.8194034742707309,3.233692208193031,36,-1.0,1.0,0.972972972972973,1.0,0.9473684210526316,0.972972972972973,1.0,0.9473684210526316,0.972972972972973,1.0,0.9473684210526316
0,58,25,baseline,0.75,0.8194034742707309,10.79968293021964,36,-1.0,1.0,0.972972972972973,1.0,0.9473684210526316,0.972972972972973,1.0,0.9473684210526316,0.972972972972973,1.0,0.9473684210526316
0,58,25,baseline,0.8,0.8194034742707309,20.88256655086292,36,-1.0,1.0,0.972972972972973,1.0,0.9473684210526316,0.972972972972973,1.0,0.9473684210526316,0.972972972972973,1.0,0.9473684210526316
0,58,25,baseline,0.85,0.8194034742707309,31.426855200737155,36,6.5,6.5,0.0,0.0,0.0,0.972972972972973,1.0,0.9473684210526316,0.972972972972973,1.0,0.9473684210526316
0,58,25,baseline,0.9,0.8194034742707309,38.397967484273146,36,14.5,14.5,0.0,0.0,0.0,0.0,0.0,0.0,0.972972972972973,1.0,0.9473684210526316
0,58,25,baseline,0.925,0.8194034742707309,40.62850099823984,36,18.0,18.0,0.0,0.0,0.0,0.0,0.0,0.0,0.972972972972973,1.0,0.9473684210526316
0,58,25,baseline,0.95,0.8194034742707309,41.98329375951844,36,22.5,22.5,0.0,0.0,0.0,0.0,0.0,0.0,0.972972972972973,1.0,0.9473684210526316
0,58,25,baseline,0.975,0.8194034742707309,42.37288135593224,36,27.0,27.0,0.0,0.0,0.0,0.0,0.0,0.0,0.0,0.0,0.0
0,58,25,baseline,0.99,0.8194034742707309,42.37288135593228,0,,,0.0,0.0,0.0,0.0,0.0,0.0,0.0,0.0,0.0
0,58,25,resample_pointwise,0.5,0.8194034742707309,20.50217020344064,36,-1.0,1.0,0.972972972972973,1.0,0.9473684210526316,0.972972972972973,1.0,0.9473684210526316,0.972972972972973,1.0,0.9473684210526316
0,58,25,resample_pointwise,0.6,0.8194034742707309,24.25565263728591,36,0.5,0.5,0.972972972972973,1.0,0.9473684210526316,0.972972972972973,1.0,0.9473684210526316,0.972972972972973,1.0,0.9473684210526316
0,58,25,resample_pointwise,0.7,0.8194034742707309,28.51490284042457,36,3.5,3.5,0.972972972972973,1.0,0.9473684210526316,0.972972972972973,1.0,0.9473684210526316,0.972972972972973,1.0,0.9473684210526316
0,58,25,resample_pointwise,0.75,0.8194034742707309,30.903283439138583,36,5.5,5.5,0.4864864864864865,0.5,0.4736842105263157,0.972972972972973,1.0,0.9473684210526316,0.972972972972973,1.0,0.9473684210526316
0,58,25,resample_pointwise,0.8,0.8194034742707309,33.516493815073304,36,8.5,8.5,0.0,0.0,0.0,0.972972972972973,1.0,0.9473684210526316,0.972972972972973,1.0,0.9473684210526316
0,58,25,resample_pointwise,0.85,0.8194034742707309,36.44501353790693,36,11.5,11.5,0.0,0.0,0.0,0.0,0.0,0.0,0.972972972972973,1.0,0.9473684210526316
0,58,25,resample_pointwise,0.9,0.8194034742707309,40.01723271423378,36,16.5,16.5,0.0,0.0,0.0,0.0,0.0,0.0,0.972972972972973,1.0,0.9473684210526316
0,58,25,resample_pointwise,0.925,0.8194034742707309,42.19488036191251,36,23.5,23.5,0.0,0.0,0.0,0.0,0.0,0.0,0.972972972972973,1.0,0.9473684210526316
0,58,25,resample_pointwise,0.95,0.8194034742707309,44.96434796552955,0,,,0.0,0.0,0.0,0.0,0.0,0.0,0.0,0.0,0.0
0,58,25,resample_pointwise,0.975,0.8194034742707309,48.935816766423294,0,,,0.0,0.0,0.0,0.0,0.0,0.0,0.0,0.0,0.0
0,58,25,resample_pointwise,0.99,0.8194034742707309,53.26674000112645,0,,,0.0,0.0,0.0,0.0,0.0,0.0,0.0,0.0,0.0
0,58,50,baseline,0.5,0.8194034742707309,0.0,36,-1.0,1.0,0.972972972972973,1.0,0.9473684210526316,0.972972972972973,1.0,0.9473684210526316,0.972972972972973,1.0,0.9473684210526316
0,58,50,baseline,0.6,0.8194034742707309,8.440609896941483,36,-1.0,1.0,0.972972972972973,1.0,0.9473684210526316,0.972972972972973,1.0,0.9473684210526316,0.972972972972973,1.0,0.9473684210526316
0,58,50,baseline,0.7,0.8194034742707309,24.463211596838917,36,-1.0,1.0,0.972972972972973,1.0,0.9473684210526316,0.972972972972973,1.0,0.9473684210526316,0.972972972972973,1.0,0.9473684210526316
0,58,50,baseline,0.75,0.8194034742707309,34.35288423093757,36,-1.0,1.0,0.972972972972973,1.0,0.9473684210526316,0.972972972972973,1.0,0.9473684210526316,0.972972972972973,1.0,0.9473684210526316
0,58,50,baseline,0.8,0.8194034742707309,45.30213931467964,36,-1.0,1.0,0.972972972972973,1.0,0.9473684210526316,0.972972972972973,1.0,0.9473684210526316,0.972972972972973,1.0,0.9473684210526316
0,58,50,baseline,0.85,0.8194034742707309,56.40274594442918,36,6.5,6.5,0.0,0.0,0.0,0.972972972972973,1.0,0.9473684210526316,0.972972972972973,1.0,0.9473684210526316
0,58,50,baseline,0.9,0.8194034742707309,65.04412574240503,36,14.0,14.0,0.0,0.0,0.0,0.0,0.0,0.0,0.972972972972973,1.0,0.9473684210526316
0,58,50,baseline,0.925,0.8194034742707309,67.89992128524855,36,18.5,18.5,0.0,0.0,0.0,0.0,0.0,0.0,0.972972972972973,1.0,0.9473684210526316
0,58,50,baseline,0.95,0.8194034742707309,69.86834584574703,36,22.0,22.0,0.0,0.0,0.0,0.0,0.0,0.0,0.972972972972973,1.0,0.9473684210526316
0,58,50,baseline,0.975,0.8194034742707309,71.02321884868142,36,26.5,26.5,0.0,0.0,0.0,0.0,0.0,0.0,0.0,0.0,0.0
0,58,50,baseline,0.99,0.8194034742707309,71.30901472976186,36,28.5,28.5,0.0,0.0,0.0,0.0,0.0,0.0,0.0,0.0,0.0
0,58,50,resample_pointwise,0.5,0.8194034742707309,15.057106653906978,36,-1.0,1.0,0.972972972972973,1.0,0.9473684210526316,0.972972972972973,1.0,0.9473684210526316,0.972972972972973,1.0,0.9473684210526316
0,58,50,resample_pointwise,0.6,0.8194034742707309,17.86186583415277,36,-1.0,1.0,0.972972972972973,1.0,0.9473684210526316,0.972972972972973,1.0,0.9473684210526316,0.972972972972973,1.0,0.9473684210526316
0,58,50,resample_pointwise,0.7,0.8194034742707309,21.17084171509465,36,-1.0,1.0,0.972972972972973,1.0,0.9473684210526316,0.972972972972973,1.0,0.9473684210526316,0.972972972972973,1.0,0.9473684210526316
0,58,50,resample_pointwise,0.75,0.8194034742707309,23.08322750675693,36,-1.0,1.0,0.972972972972973,1.0,0.9473684210526316,0.972972972972973,1.0,0.9473684210526316,0.972972972972973,1.0,0.9473684210526316
0,58,50,resample_pointwise,0.8,0.8194034742707309,25.260492911947555,36,-1.0,1.0,0.972972972972973,1.0,0.9473684210526316,0.972972972972973,1.0,0.9473684210526316,0.972972972972973,1.0,0.9473684210526316
0,58,50,resample_pointwise,0.85,0.8194034742707309,27.779035370044923,36,-1.0,1.0,0.972972972972973,1.0,0.9473684210526316,0.972972972972973,1.0,0.9473684210526316,0.972972972972973,1.0,0.9473684210526316
0,58,50,resample_pointwise,0.9,0.8194034742707309,30.9135072358011,36,-1.0,1.0,0.972972972972973,1.0,0.9473684210526316,0.972972972972973,1.0,0.9473684210526316,0.972972972972973,1.0,0.9473684210526316
0,58,50,resample_pointwise,0.925,0.8194034742707309,32.85863272149865,36,-1.0,1.0,0.972972972972973,1.0,0.9473684210526316,0.972972972972973,1.0,0.9473684210526316,0.972972972972973,1.0,0.9473684210526316
0,58,50,resample_pointwise,0.95,0.8194034742707309,35.31692601084502,36,-1.0,1.0,0.972972972972973,1.0,0.9473684210526316,0.972972972972973,1.0,0.9473684210526316,0.972972972972973,1.0,0.9473684210526316
0,58,50,resample_pointwise,0.975,0.8194034742707309,38.86575943549252,36,-1.0,1.0,0.972972972972973,1.0,0.9473684210526316,0.972972972972973,1.0,0.9473684210526316,0.972972972972973,1.0,0.9473684210526316
0,58,50,resample_pointwise,0.99,0.8194034742707309,42.64996186785538,36,-1.0,1.0,0.972972972972973,1.0,0.9473684210526316,0.972972972972973,1.0,0.9473684210526316,0.972972972972973,1.0,0.9473684210526316
0,58,100,baseline,0.5,0.8194034742707309,32.03344991166767,36,-42.0,42.0,0.0,0.0,0.0,0.0,0.0,0.0,0.0,0.0,0.0
0,58,100,baseline,0.6,0.8194034742707309,50.1692052213544,36,-34.0,34.0,0.0,0.0,0.0,0.0,0.0,0.0,0.0,0.0,0.0
0,58,100,baseline,0.7,0.8194034742707309,64.93804087391591,36,-17.5,17.5,0.0,0.0,0.0,0.0,0.0,0.0,0.972972972972973,1.0,0.9473684210526316
0,58,100,baseline,0.75,0.8194034742707309,70.8304253308024,36,-9.5,9.5,0.0,0.0,0.0,0.972972972972973,1.0,0.9473684210526316,0.972972972972973,1.0,0.9473684210526316
0,58,100,baseline,0.8,0.8194034742707309,76.26892652019153,36,-1.5,1.5,0.972972972972973,1.0,0.9473684210526316,0.972972972972973,1.0,0.9473684210526316,0.972972972972973,1.0,0.9473684210526316
0,58,100,baseline,0.85,0.8194034742707309,81.0314858244328,36,6.5,6.5,0.0,0.0,0.0,0.972972972972973,1.0,0.9473684210526316,0.972972972972973,1.0,0.9473684210526316
0,58,100,baseline,0.9,0.8194034742707309,84.31177009333386,36,14.5,14.5,0.0,0.0,0.0,0.0,0.0,0.0,0.972972972972973,1.0,0.9473684210526316
0,58,100,baseline,0.925,0.8194034742707309,85.43011813608689,36,18.0,18.0,0.0,0.0,0.0,0.0,0.0,0.0,0.972972972972973,1.0,0.9473684210526316
0,58,100,baseline,0.95,0.8194034742707309,86.2200574407414,36,22.5,22.5,0.0,0.0,0.0,0.0,0.0,0.0,0.972972972972973,1.0,0.9473684210526316
0,58,100,baseline,0.975,0.8194034742707309,86.69056602242331,36,26.0,26.0,0.0,0.0,0.0,0.0,0.0,0.0,0.2432432432432432,0.25,0.2368421052631578
0,58,100,baseline,0.99,0.8194034742707309,86.80779469805108,36,28.5,28.5,0.0,0.0,0.0,0.0,0.0,0.0,0.0,0.0,0.0
0,58,100,resample_pointwise,0.5,0.8194034742707309,11.023466129836706,36,-42.0,42.0,0.0,0.0,0.0,0.0,0.0,0.0,0.0,0.0,0.0
0,58,100,resample_pointwise,0.6,0.8194034742707309,13.103569493363024,36,-42.0,42.0,0.0,0.0,0.0,0.0,0.0,0.0,0.0,0.0,0.0
0,58,100,resample_pointwise,0.7,0.8194034742707309,15.58124079258774,36,-42.0,42.0,0.0,0.0,0.0,0.0,0.0,0.0,0.0,0.0,0.0
0,58,100,resample_pointwise,0.75,0.8194034742707309,17.021877873578074,36,-42.0,42.0,0.0,0.0,0.0,0.0,0.0,0.0,0.0,0.0,0.0
0,58,100,resample_pointwise,0.8,0.8194034742707309,18.67947331579128,36,-42.0,42.0,0.0,0.0,0.0,0.0,0.0,0.0,0.0,0.0,0.0
0,58,100,resample_pointwise,0.85,0.8194034742707309,20.65363948318013,36,-42.0,42.0,0.0,0.0,0.0,0.0,0.0,0.0,0.0,0.0,0.0
0,58,100,resample_pointwise,0.9,0.8194034742707309,23.159018376130163,36,-42.0,42.0,0.0,0.0,0.0,0.0,0.0,0.0,0.0,0.0,0.0
0,58,100,resample_pointwise,0.925,0.8194034742707309,24.775927748639468,36,-42.0,42.0,0.0,0.0,0.0,0.0,0.0,0.0,0.0,0.0,0.0
0,58,100,resample_pointwise,0.95,0.8194034742707309,26.87229205774336,36,-42.0,42.0,0.0,0.0,0.0,0.0,0.0,0.0,0.0,0.0,0.0
0,58,100,resample_pointwise,0.975,0.8194034742707309,30.03923509228588,36,-42.0,42.0,0.0,0.0,0.0,0.0,0.0,0.0,0.0,0.0,0.0
0,58,100,resample_pointwise,0.99,0.8194034742707309,33.52549227941094,36,-42.0,42.0,0.0,0.0,0.0,0.0,0.0,0.0,0.0,0.0,0.0
0,64,10,baseline,0.5,0.8043758043758044,0.0,36,-1.0,1.0,0.972972972972973,1.0,0.9473684210526316,0.972972972972973,1.0,0.9473684210526316,0.972972972972973,1.0,0.9473684210526316
0,64,10,baseline,0.6,0.8043758043758044,0.0,36,-1.0,1.0,0.972972972972973,1.0,0.9473684210526316,0.972972972972973,1.0,0.9473684210526316,0.972972972972973,1.0,0.9473684210526316
0,64,10,baseline,0.7,0.8043758043758044,0.0,36,-1.0,1.0,0.972972972972973,1.0,0.9473684210526316,0.972972972972973,1.0,0.9473684210526316,0.972972972972973,1.0,0.9473684210526316
0,64,10,baseline,0.75,0.8043758043758044,0.4865042554106664,36,-1.0,1.0,0.972972972972973,1.0,0.9473684210526316,0.972972972972973,1.0,0.9473684210526316,0.972972972972973,1.0,0.9473684210526316
0,64,10,baseline,0.8,0.8043758043758044,8.213137116947195,36,0.5,0.5,0.972972972972973,1.0,0.9473684210526316,0.972972972972973,1.0,0.9473684210526316,0.972972972972973,1.0,0.9473684210526316
0,64,10,baseline,0.85,0.8043758043758044,14.955555457864172,36,8.5,8.5,0.0,0.0,0.0,0.972972972972973,1.0,0.9473684210526316,0.972972972972973,1.0,0.9473684210526316
0,64,10,baseline,0.9,0.8043758043758044,15.384615384615396,150,24.0,24.0,0.0,0.0,0.0,0.1063829787234042,0.0666666666666666,0.2631578947368421,0.4042553191489362,0.2533333333333333,1.0
0,64,10,baseline,0.925,0.8043758043758044,15.384615384615396,150,24.0,24.0,0.0,0.0,0.0,0.1063829787234042,0.0666666666666666,0.2631578947368421,0.4042553191489362,0.2533333333333333,1.0
0,64,10,baseline,0.95,0.8043758043758044,15.3846153846154,75,25.0,25.0,0.0,0.0,0.0,0.0,0.0,0.0,0.6548672566371682,0.4933333333333333,0.9736842105263158
0,64,10,baseline,0.975,0.8043758043758044,15.384615384615405,75,25.0,25.0,0.0,0.0,0.0,0.0,0.0,0.0,0.6548672566371682,0.4933333333333333,0.9736842105263158
0,64,10,baseline,0.99,0.8043758043758044,15.384615384615502,0,,,0.0,0.0,0.0,0.0,0.0,0.0,0.0,0.0,0.0
0,64,10,resample_pointwise,0.5,0.8043758043758044,29.22672036736148,0,,,0.0,0.0,0.0,0.0,0.0,0.0,0.0,0.0,0.0
0,64,10,resample_pointwise,0.6,0.8043758043758044,33.902051743604524,0,,,0.0,0.0,0.0,0.0,0.0,0.0,0.0,0.0,0.0
0,64,10,resample_pointwise,0.7,0.8043758043758044,39.34703735096623,0,,,0.0,0.0,0.0,0.0,0.0,0.0,0.0,0.0,0.0
0,64,10,resample_pointwise,0.75,0.8043758043758044,42.412457698739054,0,,,0.0,0.0,0.0,0.0,0.0,0.0,0.0,0.0,0.0
0,64,10,resample_pointwise,0.8,0.8043758043758044,45.37809601154663,0,,,0.0,0.0,0.0,0.0,0.0,0.0,0.0,0.0,0.0
0,64,10,resample_pointwise,0.85,0.8043758043758044,48.85190759570855,0,,,0.0,0.0,0.0,0.0,0.0,0.0,0.0,0.0,0.0
0,64,10,resample_pointwise,0.9,0.8043758043758044,53.28942966113883,0,,,0.0,0.0,0.0,0.0,0.0,0.0,0.0,0.0,0.0
0,64,10,resample_pointwise,0.925,0.8043758043758044,55.66807802720169,0,,,0.0,0.0,0.0,0.0,0.0,0.0,0.0,0.0,0.0
0,64,10,resample_pointwise,0.95,0.8043758043758044,58.99724193299155,0,,,0.0,0.0,0.0,0.0,0.0,0.0,0.0,0.0,0.0
0,64,10,resample_pointwise,0.975,0.8043758043758044,63.665174450949415,0,,,0.0,0.0,0.0,0.0,0.0,0.0,0.0,0.0,0.0
0,64,10,resample_pointwise,0.99,0.8043758043758044,68.94814104706634,0,,,0.0,0.0,0.0,0.0,0.0,0.0,0.0,0.0,0.0
0,64,25,baseline,0.5,0.8043758043758044,0.0,36,-1.0,1.0,0.972972972972973,1.0,0.9473684210526316,0.972972972972973,1.0,0.9473684210526316,0.972972972972973,1.0,0.9473684210526316
0,64,25,baseline,0.6,0.8043758043758044,0.0,36,-1.0,1.0,0.972972972972973,1.0,0.9473684210526316,0.972972972972973,1.0,0.9473684210526316,0.972972972972973,1.0,0.9473684210526316
0,64,25,baseline,0.7,0.8043758043758044,4.394725186795601,36,-1.0,1.0,0.972972972972973,1.0,0.9473684210526316,0.972972972972973,1.0,0.9473684210526316,0.972972972972973,1.0,0.9473684210526316
0,64,25,baseline,0.75,0.8043758043758044,11.900972065116155,36,-1.0,1.0,0.972972972972973,1.0,0.9473684210526316,0.972972972972973,1.0,0.9473684210526316,0.972972972972973,1.0,0.9473684210526316
0,64,25,baseline,0.8,0.8043758043758044,21.53846153846153,36,0.5,0.5,0.972972972972973,1.0,0.9473684210526316,0.972972972972973,1.0,0.9473684210526316,0.972972972972973,1.0,0.9473684210526316
0,64,25,baseline,0.85,0.8043758043758044,30.397757625177725,36,8.5,8.5,0.0,0.0,0.0,0.972972972972973,1.0,0.9473684210526316,0.972972972972973,1.0,0.9473684210526316
0,64,25,baseline,0.9,0.8043758043758044,36.44433219462832,36,17.0,17.0,0.0,0.0,0.0,0.0,0.0,0.0,0.972972972972973,1.0,0.9473684210526316
0,64,25,baseline,0.925,0.8043758043758044,37.87866021136809,36,21.0,21.0,0.0,0.0,0.0,0.0,0.0,0.0,0.972972972972973,1.0,0.9473684210526316
0,64,25,baseline,0.95,0.8043758043758044,38.46153846153844,112,26.0,26.0,0.0,0.0,0.0,0.0,0.0,0.0,0.3733333333333333,0.25,0.7368421052631579
0,64,25,baseline,0.975,0.8043758043758044,38.46153846153848,37,25.0,25.0,0.0,0.0,0.0,0.0,0.0,0.0,0.5066666666666666,0.5135135135135135,0.5
0,64,25,baseline,0.99,0.8043758043758044,38.46153846153848,0,,,0.0,0.0,0.0,0.0,0.0,0.0,0.0,0.0,0.0
0,64,25,resample_pointwise,0.5,0.8043758043758044,19.959722757202208,36,-1.0,1.0,0.972972972972973,1.0,0.9473684210526316,0.972972972972973,1.0,0.9473684210526316,0.972972972972973,1.0,0.9473684210526316
0,64,25,resample_pointwise,0.6,0.8043758043758044,23.58416879500901,36,1.5,1.5,0.972972972972973,1.0,0.9473684210526316,0.972972972972973,1.0,0.9473684210526316,0.972972972972973,1.0,0.9473684210526316
0,64,25,resample_pointwise,0.7,0.8043758043758044,27.77952078216269,36,5.5,5.5,0.4864864864864865,0.5,0.4736842105263157,0.972972972972973,1.0,0.9473684210526316,0.972972972972973,1.0,0.9473684210526316
0,64,25,resample_pointwise,0.75,0.8043758043758044,30.13971411383825,36,7.5,7.5,0.0,0.0,0.0,0.972972972972973,1.0,0.9473684210526316,0.972972972972973,1.0,0.9473684210526316
0,64,25,resample_pointwise,0.8,0.8043758043758044,32.73996526332591,36,10.5,10.5,0.0,0.0,0.0,0.4864864864864865,0.5,0.4736842105263157,0.972972972972973,1.0,0.9473684210526316
0,64,25,resample_pointwise,0.85,0.8043758043758044,35.73074853025813,36,15.5,15.5,0.0,0.0,0.0,0.0,0.0,0.0,0.972972972972973,1.0,0.9473684210526316
0,64,25,resample_pointwise,0.9,0.8043758043758044,39.32447331094764,0,,,0.0,0.0,0.0,0.0,0.0,0.0,0.0,0.0,0.0
0,64,25,resample_pointwise,0.925,0.8043758043758044,41.56124731172674,0,,,0.0,0.0,0.0,0.0,0.0,0.0,0.0,0.0,0.0
0,64,25,resample_pointwise,0.95,0.8043758043758044,44.350406761174746,0,,,0.0,0.0,0.0,0.0,0.0,0.0,0.0,0.0,0.0
0,64,25,resample_pointwise,0.975,0.8043758043758044,48.35862087588678,0,,,0.0,0.0,0.0,0.0,0.0,0.0,0.0,0.0,0.0
0,64,25,resample_pointwise,0.99,0.8043758043758044,52.76631523679324,0,,,0.0,0.0,0.0,0.0,0.0,0.0,0.0,0.0,0.0
0,64,50,baseline,0.5,0.8043758043758044,0.0,36,-1.0,1.0,0.972972972972973,1.0,0.9473684210526316,0.972972972972973,1.0,0.9473684210526316,0.972972972972973,1.0,0.9473684210526316
0,64,50,baseline,0.6,0.8043758043758044,9.19222722848595,36,-1.0,1.0,0.972972972972973,1.0,0.9473684210526316,0.972972972972973,1.0,0.9473684210526316,0.972972972972973,1.0,0.9473684210526316
0,64,50,baseline,0.7,0.8043758043758044,24.353413670293747,36,-1.0,1.0,0.972972972972973,1.0,0.9473684210526316,0.972972972972973,1.0,0.9473684210526316,0.972972972972973,1.0,0.9473684210526316
0,64,50,baseline,0.75,0.8043758043758044,33.5800729864476,36,-1.0,1.0,0.972972972972973,1.0,0.9473684210526316,0.972972972972973,1.0,0.9473684210526316,0.972972972972973,1.0,0.9473684210526316
0,64,50,baseline,0.8,0.8043758043758044,43.74482217880902,36,0.5,0.5,0.972972972972973,1.0,0.9473684210526316,0.972972972972973,1.0,0.9473684210526316,0.972972972972973,1.0,0.9473684210526316
0,64,50,baseline,0.85,0.8043758043758044,53.42029399629775,36,8.5,8.5,0.0,0.0,0.0,0.972972972972973,1.0,0.9473684210526316,0.972972972972973,1.0,0.9473684210526316
0,64,50,baseline,0.9,0.8043758043758044,62.04789140980024,36,17.5,17.5,0.0,0.0,0.0,0.0,0.0,0.0,0.972972972972973,1.0,0.9473684210526316
0,64,50,baseline,0.925,0.8043758043758044,64.76539363748009,36,21.0,21.0,0.0,0.0,0.0,0.0,0.0,0.0,0.972972972972973,1.0,0.9473684210526316
0,64,50,baseline,0.95,0.8043758043758044,66.63865289133322,36,25.0,25.0,0.0,0.0,0.0,0.0,0.0,0.0,0.7297297297297298,0.75,0.7105263157894737
0,64,50,baseline,0.975,0.8043758043758044,67.73774698691935,36,29.0,29.0,0.0,0.0,0.0,0.0,0.0,0.0,0.0,0.0,0.0
0,64,50,baseline,0.99,0.8043758043758044,68.00974521189576,36,31.5,31.5,0.0,0.0,0.0,0.0,0.0,0.0,0.0,0.0,0.0
0,64,50,resample_pointwise,0.5,0.8043758043758044,14.716251130545384,36,-1.0,1.0,0.972972972972973,1.0,0.9473684210526316,0.972972972972973,1.0,0.9473684210526316,0.972972972972973,1.0,0.9473684210526316
0,64,50,resample_pointwise,0.6,0.8043758043758044,17.427448933546213,36,-1.0,1.0,0.972972972972973,1.0,0.9473684210526316,0.972972972972973,1.0,0.9473684210526316,0.972972972972973,1.0,0.9473684210526316
0,64,50,resample_pointwise,0.7,0.8043758043758044,20.63604016874735,36,-1.0,1.0,0.972972972972973,1.0,0.9473684210526316,0.972972972972973,1.0,0.9473684210526316,0.972972972972973,1.0,0.9473684210526316
0,64,50,resample_pointwise,0.75,0.8043758043758044,22.494180707029017,36,-1.0,1.0,0.972972972972973,1.0,0.9473684210526316,0.972972972972973,1.0,0.9473684210526316,0.972972972972973,1.0,0.9473684210526316
0,64,50,resample_pointwise,0.8,0.8043758043758044,24.575929918539128,36,-1.0,1.0,0.972972972972973,1.0,0.9473684210526316,0.972972972972973,1.0,0.9473684210526316,0.972972972972973,1.0,0.9473684210526316
0,64,50,resample_pointwise,0.85,0.8043758043758044,27.0751747687323,36,-1.0,1.0,0.972972972972973,1.0,0.9473684210526316,0.972972972972973,1.0,0.9473684210526316,0.972972972972973,1.0,0.9473684210526316
0,64,50,resample_pointwise,0.9,0.8043758043758044,30.16561779644862,36,-1.0,1.0,0.972972972972973,1.0,0.9473684210526316,0.972972972972973,1.0,0.9473684210526316,0.972972972972973,1.0,0.9473684210526316
0,64,50,resample_pointwise,0.925,0.8043758043758044,32.11370331849632,36,-1.0,1.0,0.972972972972973,1.0,0.9473684210526316,0.972972972972973,1.0,0.9473684210526316,0.972972972972973,1.0,0.9473684210526316
0,64,50,resample_pointwise,0.95,0.8043758043758044,34.585628235921504,36,-1.0,1.0,0.972972972972973,1.0,0.9473684210526316,0.972972972972973,1.0,0.9473684210526316,0.972972972972973,1.0,0.9473684210526316
0,64,50,resample_pointwise,0.975,0.8043758043758044,38.21211431566402,36,-1.0,1.0,0.972972972972973,1.0,0.9473684210526316,0.972972972972973,1.0,0.9473684210526316,0.972972972972973,1.0,0.9473684210526316
0,64,50,resample_pointwise,0.99,0.8043758043758044,42.10496885602532,36,-1.0,1.0,0.972972972972973,1.0,0.9473684210526316,0.972972972972973,1.0,0.9473684210526316,0.972972972972973,1.0,0.9473684210526316
0,64,100,baseline,0.5,0.8043758043758044,30.93226040443554,36,-36.0,36.0,0.0,0.0,0.0,0.0,0.0,0.0,0.0,0.0,0.0
0,64,100,baseline,0.6,0.8043758043758044,48.13442714859164,36,-32.0,32.0,0.0,0.0,0.0,0.0,0.0,0.0,0.027027027027027,0.0277777777777777,0.0263157894736842
0,64,100,baseline,0.7,0.8043758043758044,63.37920066491117,36,-15.0,15.0,0.0,0.0,0.0,0.0,0.0,0.0,0.972972972972973,1.0,0.9473684210526316
0,64,100,baseline,0.75,0.8043758043758044,69.4040566316053,36,-7.5,7.5,0.0,0.0,0.0,0.972972972972973,1.0,0.9473684210526316,0.972972972972973,1.0,0.9473684210526316
0,64,100,baseline,0.8,0.8043758043758044,74.94613450287531,36,0.5,0.5,0.972972972972973,1.0,0.9473684210526316,0.972972972972973,1.0,0.9473684210526316,0.972972972972973,1.0,0.9473684210526316
0,64,100,baseline,0.85,0.8043758043758044,79.56613117884537,36,8.5,8.5,0.0,0.0,0.0,0.972972972972973,1.0,0.9473684210526316,0.972972972972973,1.0,0.9473684210526316
0,64,100,baseline,0.9,0.8043758043758044,83.05697766269572,36,17.0,17.0,0.0,0.0,0.0,0.0,0.0,0.0,0.972972972972973,1.0,0.9473684210526316
0,64,100,baseline,0.925,0.8043758043758044,84.08786613280913,36,21.5,21.5,0.0,0.0,0.0,0.0,0.0,0.0,0.972972972972973,1.0,0.9473684210526316
0,64,100,baseline,0.95,0.8043758043758044,84.81654410459171,36,25.0,25.0,0.0,0.0,0.0,0.0,0.0,0.0,0.7297297297297298,0.75,0.7105263157894737
0,64,100,baseline,0.975,0.8043758043758044,85.25076133203918,36,29.0,29.0,0.0,0.0,0.0,0.0,0.0,0.0,0.0,0.0,0.0
0,64,100,baseline,0.99,0.8043758043758044,85.35897050781391,36,31.5,31.5,0.0,0.0,0.0,0.0,0.0,0.0,0.0,0.0,0.0
0,64,100,resample_pointwise,0.5,0.8043758043758044,10.696457412780717,36,-36.0,36.0,0.0,0.0,0.0,0.0,0.0,0.0,0.0,0.0,0.0
0,64,100,resample_pointwise,0.6,0.8043758043758044,12.680880636919934,36,-36.0,36.0,0.0,0.0,0.0,0.0,0.0,0.0,0.0,0.0,0.0
0,64,100,resample_pointwise,0.7,0.8043758043758044,15.055715068139996,36,-36.0,36.0,0.0,0.0,0.0,0.0,0.0,0.0,0.0,0.0,0.0
0,64,100,resample_pointwise,0.75,0.8043758043758044,16.452909312704296,36,-36.0,36.0,0.0,0.0,0.0,0.0,0.0,0.0,0.0,0.0,0.0
0,64,100,resample_pointwise,0.8,0.8043758043758044,18.066281646879624,36,-36.0,36.0,0.0,0.0,0.0,0.0,0.0,0.0,0.0,0.0,0.0
0,64,100,resample_pointwise,0.85,0.8043758043758044,19.97809451261629,36,-36.0,36.0,0.0,0.0,0.0,0.0,0.0,0.0,0.0,0.0,0.0
0,64,100,resample_pointwise,0.9,0.8043758043758044,22.4112714654666,36,-36.0,36.0,0.0,0.0,0.0,0.0,0.0,0.0,0.0,0.0,0.0
0,64,100,resample_pointwise,0.925,0.8043758043758044,23.99273805219905,36,-36.0,36.0,0.0,0.0,0.0,0.0,0.0,0.0,0.0,0.0,0.0
0,64,100,resample_pointwise,0.95,0.8043758043758044,26.01956478266484,36,-36.0,36.0,0.0,0.0,0.0,0.0,0.0,0.0,0.0,0.0,0.0
0,64,100,resample_pointwise,0.975,0.8043758043758044,29.05429522403488,36,-36.0,36.0,0.0,0.0,0.0,0.0,0.0,0.0,0.0,0.0,0.0
0,64,100,resample_pointwise,0.99,0.8043758043758044,32.52060612083545,36,-36.0,36.0,0.0,0.0,0.0,0.0,0.0,0.0,0.0,0.0,0.0
0,69,10,baseline,0.5,0.7922674694977024,0.0,36,-1.0,1.0,0.972972972972973,1.0,0.9473684210526316,0.972972972972973,1.0,0.9473684210526316,0.972972972972973,1.0,0.9473684210526316
0,69,10,baseline,0.6,0.7922674694977024,0.0,36,-1.0,1.0,0.972972972972973,1.0,0.9473684210526316,0.972972972972973,1.0,0.9473684210526316,0.972972972972973,1.0,0.9473684210526316
0,69,10,baseline,0.7,0.7922674694977024,0.0,36,-1.0,1.0,0.972972972972973,1.0,0.9473684210526316,0.972972972972973,1.0,0.9473684210526316,0.972972972972973,1.0,0.9473684210526316
0,69,10,baseline,0.75,0.7922674694977024,1.6903085094569468,36,-1.0,1.0,0.972972972972973,1.0,0.9473684210526316,0.972972972972973,1.0,0.9473684210526316,0.972972972972973,1.0,0.9473684210526316
0,69,10,baseline,0.8,0.7922674694977024,9.938586931957833,36,2.5,2.5,0.972972972972973,1.0,0.9473684210526316,0.972972972972973,1.0,0.9473684210526316,0.972972972972973,1.0,0.9473684210526316
0,69,10,baseline,0.85,0.7922674694977024,14.285714285714198,264,23.0,23.0,0.0,0.0,0.0,0.1854304635761589,0.106060606060606,0.7368421052631579,0.2516556291390728,0.1439393939393939,1.0
0,69,10,baseline,0.9,0.7922674694977024,14.2857142857143,283,19.0,19.0,0.0,0.0,0.0,0.1744548286604361,0.0989399293286219,0.7368421052631579,0.2367601246105919,0.1342756183745583,1.0
0,69,10,baseline,0.925,0.7922674694977024,14.2857142857143,0,,,0.0,0.0,0.0,0.0,0.0,0.0,0.0,0.0,0.0
0,69,10,baseline,0.95,0.7922674694977024,14.2857142857143,0,,,0.0,0.0,0.0,0.0,0.0,0.0,0.0,0.0,0.0
0,69,10,baseline,0.975,0.7922674694977024,14.2857142857143,0,,,0.0,0.0,0.0,0.0,0.0,0.0,0.0,0.0,0.0
0,69,10,baseline,0.99,0.7922674694977024,14.285714285714402,0,,,0.0,0.0,0.0,0.0,0.0,0.0,0.0,0.0,0.0
0,69,10,resample_pointwise,0.5,0.7922674694977024,28.706822057710653,0,,,0.0,0.0,0.0,0.0,0.0,0.0,0.0,0.0,0.0
0,69,10,resample_pointwise,0.6,0.7922674694977024,33.45115232449746,0,,,0.0,0.0,0.0,0.0,0.0,0.0,0.0,0.0,0.0
0,69,10,resample_pointwise,0.7,0.7922674694977024,38.81142268214661,0,,,0.0,0.0,0.0,0.0,0.0,0.0,0.0,0.0,0.0
0,69,10,resample_pointwise,0.75,0.7922674694977024,41.83056201352475,0,,,0.0,0.0,0.0,0.0,0.0,0.0,0.0,0.0,0.0
0,69,10,resample_pointwise,0.8,0.7922674694977024,44.933056782693136,0,,,0.0,0.0,0.0,0.0,0.0,0.0,0.0,0.0,0.0
0,69,10,resample_pointwise,0.85,0.7922674694977024,48.38620144003785,0,,,0.0,0.0,0.0,0.0,0.0,0.0,0.0,0.0,0.0
0,69,10,resample_pointwise,0.9,0.7922674694977024,52.810790486762585,0,,,0.0,0.0,0.0,0.0,0.0,0.0,0.0,0.0,0.0
0,69,10,resample_pointwise,0.925,0.7922674694977024,55.30988766458838,0,,,0.0,0.0,0.0,0.0,0.0,0.0,0.0,0.0,0.0
0,69,10,resample_pointwise,0.95,0.7922674694977024,58.58884758402818,0,,,0.0,0.0,0.0,0.0,0.0,0.0,0.0,0.0,0.0
0,69,10,resample_pointwise,0.975,0.7922674694977024,63.38898378508775,0,,,0.0,0.0,0.0,0.0,0.0,0.0,0.0,0.0,0.0
0,69,10,resample_pointwise,0.99,0.7922674694977024,68.66957262195265,0,,,0.0,0.0,0.0,0.0,0.0,0.0,0.0,0.0,0.0
0,69,25,baseline,0.5,0.7922674694977024,0.0,36,-1.0,1.0,0.972972972972973,1.0,0.9473684210526316,0.972972972972973,1.0,0.9473684210526316,0.972972972972973,1.0,0.9473684210526316
0,69,25,baseline,0.6,0.7922674694977024,0.0,36,-1.0,1.0,0.972972972972973,1.0,0.9473684210526316,0.972972972972973,1.0,0.9473684210526316,0.972972972972973,1.0,0.9473684210526316
0,69,25,baseline,0.7,0.7922674694977024,5.60611910581385,36,-1.0,1.0,0.972972972972973,1.0,0.9473684210526316,0.972972972972973,1.0,0.9473684210526316,0.972972972972973,1.0,0.9473684210526316
0,69,25,baseline,0.75,0.7922674694977024,13.121100003662898,36,-1.0,1.0,0.972972972972973,1.0,0.9473684210526316,0.972972972972973,1.0,0.9473684210526316,0.972972972972973,1.0,0.9473684210526316
0,69,25,baseline,0.8,0.7922674694977024,22.404445622988984,36,2.5,2.5,0.972972972972973,1.0,0.9473684210526316,0.972972972972973,1.0,0.9473684210526316,0.972972972972973,1.0,0.9473684210526316
0,69,25,baseline,0.85,0.7922674694977024,30.492555130184645,36,11.5,11.5,0.0,0.0,0.0,0.0,0.0,0.0,0.972972972972973,1.0,0.9473684210526316
0,69,25,baseline,0.9,0.7922674694977024,34.60093192091679,36,19.5,19.5,0.0,0.0,0.0,0.0,0.0,0.0,0.972972972972973,1.0,0.9473684210526316
0,69,25,baseline,0.925,0.7922674694977024,35.548185177133256,36,23.5,23.5,0.0,0.0,0.0,0.0,0.0,0.0,0.972972972972973,1.0,0.9473684210526316
0,69,25,baseline,0.95,0.7922674694977024,35.71428571428568,150,29.0,29.0,0.0,0.0,0.0,0.0,0.0,0.0,0.3936170212765957,0.2466666666666666,0.9736842105263158
0,69,25,baseline,0.975,0.7922674694977024,35.71428571428572,0,,,0.0,0.0,0.0,0.0,0.0,0.0,0.0,0.0,0.0
0,69,25,baseline,0.99,0.7922674694977024,35.71428571428576,0,,,0.0,0.0,0.0,0.0,0.0,0.0,0.0,0.0,0.0
0,69,25,resample_pointwise,0.5,0.7922674694977024,19.60216564462165,36,-0.5,0.5,0.972972972972973,1.0,0.9473684210526316,0.972972972972973,1.0,0.9473684210526316,0.972972972972973,1.0,0.9473684210526316
0,69,25,resample_pointwise,0.6,0.7922674694977024,23.139329537144583,36,2.5,2.5,0.972972972972973,1.0,0.9473684210526316,0.972972972972973,1.0,0.9473684210526316,0.972972972972973,1.0,0.9473684210526316
0,69,25,resample_pointwise,0.7,0.7922674694977024,27.27187382709183,36,6.5,6.5,0.0,0.0,0.0,0.972972972972973,1.0,0.9473684210526316,0.972972972972973,1.0,0.9473684210526316
0,69,25,resample_pointwise,0.75,0.7922674694977024,29.61246290303568,36,9.5,9.5,0.0,0.0,0.0,0.972972972972973,1.0,0.9473684210526316,0.972972972972973,1.0,0.9473684210526316
0,69,25,resample_pointwise,0.8,0.7922674694977024,32.20850439095301,36,13.5,13.5,0.0,0.0,0.0,0.0,0.0,0.0,0.972972972972973,1.0,0.9473684210526316
0,69,25,resample_pointwise,0.85,0.7922674694977024,35.18928408316533,36,21.5,21.5,0.0,0.0,0.0,0.0,0.0,0.0,0.972972972972973,1.0,0.9473684210526316
0,69,25,resample_pointwise,0.9,0.7922674694977024,38.84663723528458,0,,,0.0,0.0,0.0,0.0,0.0,0.0,0.0,0.0,0.0
0,69,25,resample_pointwise,0.925,0.7922674694977024,41.10116935622371,0,,,0.0,0.0,0.0,0.0,0.0,0.0,0.0,0.0,0.0
0,69,25,resample_pointwise,0.95,0.7922674694977024,43.90992635672556,0,,,0.0,0.0,0.0,0.0,0.0,0.0,0.0,0.0,0.0
0,69,25,resample_pointwise,0.975,0.7922674694977024,47.99319679679103,0,,,0.0,0.0,0.0,0.0,0.0,0.0,0.0,0.0,0.0
0,69,25,resample_pointwise,0.99,0.7922674694977024,52.386023995537634,0,,,0.0,0.0,0.0,0.0,0.0,0.0,0.0,0.0,0.0
0,69,50,baseline,0.5,0.7922674694977024,0.2020305089103821,36,-1.0,1.0,0.972972972972973,1.0,0.9473684210526316,0.972972972972973,1.0,0.9473684210526316,0.972972972972973,1.0,0.9473684210526316
0,69,50,baseline,0.6,0.7922674694977024,9.278018789216867,36,-1.0,1.0,0.972972972972973,1.0,0.9473684210526316,0.972972972972973,1.0,0.9473684210526316,0.972972972972973,1.0,0.9473684210526316
0,69,50,baseline,0.7,0.7922674694977024,24.669240534954238,36,-1.0,1.0,0.972972972972973,1.0,0.9473684210526316,0.972972972972973,1.0,0.9473684210526316,0.972972972972973,1.0,0.9473684210526316
0,69,50,baseline,0.75,0.7922674694977024,33.46274199824061,36,-1.0,1.0,0.972972972972973,1.0,0.9473684210526316,0.972972972972973,1.0,0.9473684210526316,0.972972972972973,1.0,0.9473684210526316
0,69,50,baseline,0.8,0.7922674694977024,43.05857424865032,36,2.5,2.5,0.972972972972973,1.0,0.9473684210526316,0.972972972972973,1.0,0.9473684210526316,0.972972972972973,1.0,0.9473684210526316
0,69,50,baseline,0.85,0.7922674694977024,52.50461592924524,36,11.5,11.5,0.0,0.0,0.0,0.0,0.0,0.0,0.972972972972973,1.0,0.9473684210526316
0,69,50,baseline,0.9,0.7922674694977024,59.18356087251781,36,19.5,19.5,0.0,0.0,0.0,0.0,0.0,0.0,0.972972972972973,1.0,0.9473684210526316
0,69,50,baseline,0.925,0.7922674694977024,61.886993787063226,36,23.5,23.5,0.0,0.0,0.0,0.0,0.0,0.0,0.972972972972973,1.0,0.9473684210526316
0,69,50,baseline,0.95,0.7922674694977024,63.79655163094635,36,27.5,27.5,0.0,0.0,0.0,0.0,0.0,0.0,0.0,0.0,0.0
0,69,50,baseline,0.975,0.7922674694977024,64.95053062578805,36,31.5,31.5,0.0,0.0,0.0,0.0,0.0,0.0,0.0,0.0,0.0
0,69,50,baseline,0.99,0.7922674694977024,65.34523701081818,18,34.0,34.0,0.0,0.0,0.0,0.0,0.0,0.0,0.0,0.0,0.0
0,69,50,resample_pointwise,0.5,0.7922674694977024,14.34843374798824,36,-1.0,1.0,0.972972972972973,1.0,0.9473684210526316,0.972972972972973,1.0,0.9473684210526316,0.972972972972973,1.0,0.9473684210526316
0,69,50,resample_pointwise,0.6,0.7922674694977024,16.95612585709464,36,-1.0,1.0,0.972972972972973,1.0,0.9473684210526316,0.972972972972973,1.0,0.9473684210526316,0.972972972972973,1.0,0.9473684210526316
0,69,50,resample_pointwise,0.7,0.7922674694977024,20.07740124658388,36,-1.0,1.0,0.972972972972973,1.0,0.9473684210526316,0.972972972972973,1.0,0.9473684210526316,0.972972972972973,1.0,0.9473684210526316
0,69,50,resample_pointwise,0.75,0.7922674694977024,21.9061076191187,36,-1.0,1.0,0.972972972972973,1.0,0.9473684210526316,0.972972972972973,1.0,0.9473684210526316,0.972972972972973,1.0,0.9473684210526316
0,69,50,resample_pointwise,0.8,0.7922674694977024,23.97702982405602,36,-1.0,1.0,0.972972972972973,1.0,0.9473684210526316,0.972972972972973,1.0,0.9473684210526316,0.972972972972973,1.0,0.9473684210526316
0,69,50,resample_pointwise,0.85,0.7922674694977024,26.411963893938143,36,-1.0,1.0,0.972972972972973,1.0,0.9473684210526316,0.972972972972973,1.0,0.9473684210526316,0.972972972972973,1.0,0.9473684210526316
0,69,50,resample_pointwise,0.9,0.7922674694977024,29.470843426086404,36,-1.0,1.0,0.972972972972973,1.0,0.9473684210526316,0.972972972972973,1.0,0.9473684210526316,0.972972972972973,1.0,0.9473684210526316
0,69,50,resample_pointwise,0.925,0.7922674694977024,31.40258666064936,36,-1.0,1.0,0.972972972972973,1.0,0.9473684210526316,0.972972972972973,1.0,0.9473684210526316,0.972972972972973,1.0,0.9473684210526316
0,69,50,resample_pointwise,0.95,0.7922674694977024,33.88696697274991,36,-1.0,1.0,0.972972972972973,1.0,0.9473684210526316,0.972972972972973,1.0,0.9473684210526316,0.972972972972973,1.0,0.9473684210526316
0,69,50,resample_pointwise,0.975,0.7922674694977024,37.4934007798814,36,-1.0,1.0,0.972972972972973,1.0,0.9473684210526316,0.972972972972973,1.0,0.9473684210526316,0.972972972972973,1.0,0.9473684210526316
0,69,50,resample_pointwise,0.99,0.7922674694977024,41.52906039198151,36,0.5,0.5,0.972972972972973,1.0,0.9473684210526316,0.972972972972973,1.0,0.9473684210526316,0.972972972972973,1.0,0.9473684210526316
0,69,100,baseline,0.5,0.7922674694977024,28.722813232690157,36,-31.0,31.0,0.0,0.0,0.0,0.0,0.0,0.0,0.0,0.0,0.0
0,69,100,baseline,0.6,0.7922674694977024,46.29541344585282,36,-31.0,31.0,0.0,0.0,0.0,0.0,0.0,0.0,0.0,0.0,0.0
0,69,100,baseline,0.7,0.7922674694977024,62.318307330763,36,-13.5,13.5,0.0,0.0,0.0,0.0,0.0,0.0,0.972972972972973,1.0,0.9473684210526316
0,69,100,baseline,0.75,0.7922674694977024,68.43662344513666,36,-5.5,5.5,0.4864864864864865,0.5,0.4736842105263157,0.972972972972973,1.0,0.9473684210526316,0.972972972972973,1.0,0.9473684210526316
0,69,100,baseline,0.8,0.7922674694977024,74.03184642918403,36,2.5,2.5,0.972972972972973,1.0,0.9473684210526316,0.972972972972973,1.0,0.9473684210526316,0.972972972972973,1.0,0.9473684210526316
0,69,100,baseline,0.85,0.7922674694977024,78.90772187453248,36,11.0,11.0,0.0,0.0,0.0,0.2432432432432432,0.25,0.2368421052631578,0.972972972972973,1.0,0.9473684210526316
0,69,100,baseline,0.9,0.7922674694977024,81.82297965730655,36,19.0,19.0,0.0,0.0,0.0,0.0,0.0,0.0,0.972972972972973,1.0,0.9473684210526316
0,69,100,baseline,0.925,0.7922674694977024,82.829428862659,36,23.5,23.5,0.0,0.0,0.0,0.0,0.0,0.0,0.972972972972973,1.0,0.9473684210526316
0,69,100,baseline,0.95,0.7922674694977024,83.55066897227267,36,27.5,27.5,0.0,0.0,0.0,0.0,0.0,0.0,0.0,0.0,0.0
0,69,100,baseline,0.975,0.7922674694977024,83.99404740813483,36,31.5,31.5,0.0,0.0,0.0,0.0,0.0,0.0,0.0,0.0,0.0
0,69,100,baseline,0.99,0.7922674694977024,84.1469802530922,18,34.0,34.0,0.0,0.0,0.0,0.0,0.0,0.0,0.0,0.0,0.0
0,69,100,resample_pointwise,0.5,0.7922674694977024,10.466662333722423,36,-31.0,31.0,0.0,0.0,0.0,0.0,0.0,0.0,0.0,0.0,0.0
0,69,100,resample_pointwise,0.6,0.7922674694977024,12.394863979133662,36,-31.0,31.0,0.0,0.0,0.0,0.0,0.0,0.0,0.0,0.0,0.0
0,69,100,resample_pointwise,0.7,0.7922674694977024,14.702908218732816,36,-31.0,31.0,0.0,0.0,0.0,0.0,0.0,0.0,0.0,0.0,0.0
0,69,100,resample_pointwise,0.75,0.7922674694977024,16.0801563602917,36,-31.0,31.0,0.0,0.0,0.0,0.0,0.0,0.0,0.0,0.0,0.0
0,69,100,resample_pointwise,0.8,0.7922674694977024,17.67103013755704,36,-31.0,31.0,0.0,0.0,0.0,0.0,0.0,0.0,0.0,0.0,0.0
0,69,100,resample_pointwise,0.85,0.7922674694977024,19.560998263412472,36,-31.0,31.0,0.0,0.0,0.0,0.0,0.0,0.0,0.0,0.0,0.0
0,69,100,resample_pointwise,0.9,0.7922674694977024,21.998608490316037,36,-31.0,31.0,0.0,0.0,0.0,0.0,0.0,0.0,0.0,0.0,0.0
0,69,100,resample_pointwise,0.925,0.7922674694977024,23.57965224510316,36,-31.0,31.0,0.0,0.0,0.0,0.0,0.0,0.0,0.0,0.0,0.0
0,69,100,resample_pointwise,0.95,0.7922674694977024,25.638778028125905,36,-31.0,31.0,0.0,0.0,0.0,0.0,0.0,0.0,0.0,0.0,0.0
0,69,100,resample_pointwise,0.975,0.7922674694977024,28.791225987398523,36,-31.0,31.0,0.0,0.0,0.0,0.0,0.0,0.0,0.0,0.0,0.0
0,69,100,resample_pointwise,0.99,0.7922674694977024,32.27377781809322,36,-31.0,31.0,0.0,0.0,0.0,0.0,0.0,0.0,0.0,0.0,0.0
0,74,10,baseline,0.5,0.7805182641273806,0.0,36,-1.0,1.0,0.972972972972973,1.0,0.9473684210526316,0.972972972972973,1.0,0.9473684210526316,0.972972972972973,1.0,0.9473684210526316
0,74,10,baseline,0.6,0.7805182641273806,0.0,36,-1.0,1.0,0.972972972972973,1.0,0.9473684210526316,0.972972972972973,1.0,0.9473684210526316,0.972972972972973,1.0,0.9473684210526316
0,74,10,baseline,0.7,0.7805182641273806,0.0,36,-1.0,1.0,0.972972972972973,1.0,0.9473684210526316,0.972972972972973,1.0,0.9473684210526316,0.972972972972973,1.0,0.9473684210526316
0,74,10,baseline,0.75,0.7805182641273806,3.126943839882314,36,-1.0,1.0,0.972972972972973,1.0,0.9473684210526316,0.972972972972973,1.0,0.9473684210526316,0.972972972972973,1.0,0.9473684210526316
0,74,10,baseline,0.8,0.7805182641273806,10.921945288678575,36,4.5,4.5,0.972972972972973,1.0,0.9473684210526316,0.972972972972973,1.0,0.9473684210526316,0.972972972972973,1.0,0.9473684210526316
0,74,10,baseline,0.85,0.7805182641273806,13.3333333333333,0,,,0.0,0.0,0.0,0.0,0.0,0.0,0.0,0.0,0.0
0,74,10,baseline,0.9,0.7805182641273806,13.3333333333333,0,,,0.0,0.0,0.0,0.0,0.0,0.0,0.0,0.0,0.0
0,74,10,baseline,0.925,0.7805182641273806,13.3333333333333,0,,,0.0,0.0,0.0,0.0,0.0,0.0,0.0,0.0,0.0
0,74,10,baseline,0.95,0.7805182641273806,13.3333333333334,0,,,0.0,0.0,0.0,0.0,0.0,0.0,0.0,0.0,0.0
0,74,10,baseline,0.975,0.7805182641273806,13.3333333333334,0,,,0.0,0.0,0.0,0.0,0.0,0.0,0.0,0.0,0.0
0,74,10,baseline,0.99,0.7805182641273806,13.3333333333334,0,,,0.0,0.0,0.0,0.0,0.0,0.0,0.0,0.0,0.0
0,74,10,resample_pointwise,0.5,0.7805182641273806,28.21189662378451,0,,,0.0,0.0,0.0,0.0,0.0,0.0,0.0,0.0,0.0
0,74,10,resample_pointwise,0.6,0.7805182641273806,32.92010530562326,0,,,0.0,0.0,0.0,0.0,0.0,0.0,0.0,0.0,0.0
0,74,10,resample_pointwise,0.7,0.7805182641273806,38.24366323690472,0,,,0.0,0.0,0.0,0.0,0.0,0.0,0.0,0.0,0.0
0,74,10,resample_pointwise,0.75,0.7805182641273806,41.262304562127554,0,,,0.0,0.0,0.0,0.0,0.0,0.0,0.0,0.0,0.0
0,74,10,resample_pointwise,0.8,0.7805182641273806,44.56007181322766,0,,,0.0,0.0,0.0,0.0,0.0,0.0,0.0,0.0,0.0
0,74,10,resample_pointwise,0.85,0.7805182641273806,47.8850475386396,0,,,0.0,0.0,0.0,0.0,0.0,0.0,0.0,0.0,0.0
0,74,10,resample_pointwise,0.9,0.7805182641273806,52.28809084719432,0,,,0.0,0.0,0.0,0.0,0.0,0.0,0.0,0.0,0.0
0,74,10,resample_pointwise,0.925,0.7805182641273806,54.89383693397032,0,,,0.0,0.0,0.0,0.0,0.0,0.0,0.0,0.0,0.0
0,74,10,resample_pointwise,0.95,0.7805182641273806,58.10488600606479,0,,,0.0,0.0,0.0,0.0,0.0,0.0,0.0,0.0,0.0
0,74,10,resample_pointwise,0.975,0.7805182641273806,63.06398866759604,0,,,0.0,0.0,0.0,0.0,0.0,0.0,0.0,0.0,0.0
0,74,10,resample_pointwise,0.99,0.7805182641273806,68.19318962411941,0,,,0.0,0.0,0.0,0.0,0.0,0.0,0.0,0.0,0.0
0,74,25,baseline,0.5,0.7805182641273806,0.0,36,-1.0,1.0,0.972972972972973,1.0,0.9473684210526316,0.972972972972973,1.0,0.9473684210526316,0.972972972972973,1.0,0.9473684210526316
0,74,25,baseline,0.6,0.7805182641273806,0.0,36,-1.0,1.0,0.972972972972973,1.0,0.9473684210526316,0.972972972972973,1.0,0.9473684210526316,0.972972972972973,1.0,0.9473684210526316
0,74,25,baseline,0.7,0.7805182641273806,5.998518335574408,36,-1.0,1.0,0.972972972972973,1.0,0.9473684210526316,0.972972972972973,1.0,0.9473684210526316,0.972972972972973,1.0,0.9473684210526316
0,74,25,baseline,0.75,0.7805182641273806,14.285968251710807,36,-1.0,1.0,0.972972972972973,1.0,0.9473684210526316,0.972972972972973,1.0,0.9473684210526316,0.972972972972973,1.0,0.9473684210526316
0,74,25,baseline,0.8,0.7805182641273806,22.917824213189743,36,4.5,4.5,0.972972972972973,1.0,0.9473684210526316,0.972972972972973,1.0,0.9473684210526316,0.972972972972973,1.0,0.9473684210526316
0,74,25,baseline,0.85,0.7805182641273806,29.66479394838264,36,13.0,13.0,0.0,0.0,0.0,0.0,0.0,0.0,0.972972972972973,1.0,0.9473684210526316
0,74,25,baseline,0.9,0.7805182641273806,32.82817218318573,36,21.5,21.5,0.0,0.0,0.0,0.0,0.0,0.0,0.972972972972973,1.0,0.9473684210526316
0,74,25,baseline,0.925,0.7805182641273806,33.33333333333332,0,,,0.0,0.0,0.0,0.0,0.0,0.0,0.0,0.0,0.0
0,74,25,baseline,0.95,0.7805182641273806,33.33333333333332,0,,,0.0,0.0,0.0,0.0,0.0,0.0,0.0,0.0,0.0
0,74,25,baseline,0.975,0.7805182641273806,33.33333333333336,0,,,0.0,0.0,0.0,0.0,0.0,0.0,0.0,0.0,0.0
0,74,25,baseline,0.99,0.7805182641273806,33.33333333333336,0,,,0.0,0.0,0.0,0.0,0.0,0.0,0.0,0.0,0.0
0,74,25,resample_pointwise,0.5,0.7805182641273806,19.16663768113744,36,0.5,0.5,0.972972972972973,1.0,0.9473684210526316,0.972972972972973,1.0,0.9473684210526316,0.972972972972973,1.0,0.9473684210526316
0,74,25,resample_pointwise,0.6,0.7805182641273806,22.603834482966235,36,3.5,3.5,0.972972972972973,1.0,0.9473684210526316,0.972972972972973,1.0,0.9473684210526316,0.972972972972973,1.0,0.9473684210526316
0,74,25,resample_pointwise,0.7,0.7805182641273806,26.622630306647896,36,8.5,8.5,0.0,0.0,0.0,0.972972972972973,1.0,0.9473684210526316,0.972972972972973,1.0,0.9473684210526316
0,74,25,resample_pointwise,0.75,0.7805182641273806,28.928110127617344,36,11.5,11.5,0.0,0.0,0.0,0.0,0.0,0.0,0.972972972972973,1.0,0.9473684210526316
0,74,25,resample_pointwise,0.8,0.7805182641273806,31.48925742746769,36,16.5,16.5,0.0,0.0,0.0,0.0,0.0,0.0,0.972972972972973,1.0,0.9473684210526316
0,74,25,resample_pointwise,0.85,0.7805182641273806,34.4340916341156,0,,,0.0,0.0,0.0,0.0,0.0,0.0,0.0,0.0,0.0
0,74,25,resample_pointwise,0.9,0.7805182641273806,38.04558669105612,0,,,0.0,0.0,0.0,0.0,0.0,0.0,0.0,0.0,0.0
0,74,25,resample_pointwise,0.925,0.7805182641273806,40.30373569672059,0,,,0.0,0.0,0.0,0.0,0.0,0.0,0.0,0.0,0.0
0,74,25,resample_pointwise,0.95,0.7805182641273806,43.119266124449744,0,,,0.0,0.0,0.0,0.0,0.0,0.0,0.0,0.0,0.0
0,74,25,resample_pointwise,0.975,0.7805182641273806,47.25721579234692,0,,,0.0,0.0,0.0,0.0,0.0,0.0,0.0,0.0,0.0
0,74,25,resample_pointwise,0.99,0.7805182641273806,51.71064794712119,0,,,0.0,0.0,0.0,0.0,0.0,0.0,0.0,0.0,0.0
0,74,50,baseline,0.5,0.7805182641273806,0.7055336829505701,36,-1.0,1.0,0.972972972972973,1.0,0.9473684210526316,0.972972972972973,1.0,0.9473684210526316,0.972972972972973,1.0,0.9473684210526316
0,74,50,baseline,0.6,0.7805182641273806,10.10170502660044,36,-1.0,1.0,0.972972972972973,1.0,0.9473684210526316,0.972972972972973,1.0,0.9473684210526316,0.972972972972973,1.0,0.9473684210526316
0,74,50,baseline,0.7,0.7805182641273806,24.00444403299801,36,-1.0,1.0,0.972972972972973,1.0,0.9473684210526316,0.972972972972973,1.0,0.9473684210526316,0.972972972972973,1.0,0.9473684210526316
0,74,50,baseline,0.75,0.7805182641273806,33.41057716751788,36,-1.0,1.0,0.972972972972973,1.0,0.9473684210526316,0.972972972972973,1.0,0.9473684210526316,0.972972972972973,1.0,0.9473684210526316
0,74,50,baseline,0.8,0.7805182641273806,42.33664029078254,36,4.5,4.5,0.972972972972973,1.0,0.9473684210526316,0.972972972972973,1.0,0.9473684210526316,0.972972972972973,1.0,0.9473684210526316
0,74,50,baseline,0.85,0.7805182641273806,50.692975625601015,36,13.5,13.5,0.0,0.0,0.0,0.0,0.0,0.0,0.972972972972973,1.0,0.9473684210526316
0,74,50,baseline,0.9,0.7805182641273806,56.5858246874211,36,21.5,21.5,0.0,0.0,0.0,0.0,0.0,0.0,0.972972972972973,1.0,0.9473684210526316
0,74,50,baseline,0.925,0.7805182641273806,59.03671174221456,36,25.5,25.5,0.0,0.0,0.0,0.0,0.0,0.0,0.4864864864864865,0.5,0.4736842105263157
0,74,50,baseline,0.95,0.7805182641273806,61.36231199468721,36,30.0,30.0,0.0,0.0,0.0,0.0,0.0,0.0,0.0,0.0,0.0
0,74,50,baseline,0.975,0.7805182641273806,62.396581102920486,36,34.0,34.0,0.0,0.0,0.0,0.0,0.0,0.0,0.0,0.0,0.0
0,74,50,baseline,0.99,0.7805182641273806,62.6524806638439,36,36.5,36.5,0.0,0.0,0.0,0.0,0.0,0.0,0.0,0.0,0.0
0,74,50,resample_pointwise,0.5,0.7805182641273806,14.13962124276633,36,-1.0,1.0,0.972972972972973,1.0,0.9473684210526316,0.972972972972973,1.0,0.9473684210526316,0.972972972972973,1.0,0.9473684210526316
0,74,50,resample_pointwise,0.6,0.7805182641273806,16.67466474758766,36,-1.0,1.0,0.972972972972973,1.0,0.9473684210526316,0.972972972972973,1.0,0.9473684210526316,0.972972972972973,1.0,0.9473684210526316
0,74,50,resample_pointwise,0.7,0.7805182641273806,19.721618144113403,36,-1.0,1.0,0.972972972972973,1.0,0.9473684210526316,0.972972972972973,1.0,0.9473684210526316,0.972972972972973,1.0,0.9473684210526316
0,74,50,resample_pointwise,0.75,0.7805182641273806,21.502661333994077,36,-1.0,1.0,0.972972972972973,1.0,0.9473684210526316,0.972972972972973,1.0,0.9473684210526316,0.972972972972973,1.0,0.9473684210526316
0,74,50,resample_pointwise,0.8,0.7805182641273806,23.516613512814907,36,-1.0,1.0,0.972972972972973,1.0,0.9473684210526316,0.972972972972973,1.0,0.9473684210526316,0.972972972972973,1.0,0.9473684210526316
0,74,50,resample_pointwise,0.85,0.7805182641273806,25.90306717145464,36,-1.0,1.0,0.972972972972973,1.0,0.9473684210526316,0.972972972972973,1.0,0.9473684210526316,0.972972972972973,1.0,0.9473684210526316
0,74,50,resample_pointwise,0.9,0.7805182641273806,28.901672385290624,36,-1.0,1.0,0.972972972972973,1.0,0.9473684210526316,0.972972972972973,1.0,0.9473684210526316,0.972972972972973,1.0,0.9473684210526316
0,74,50,resample_pointwise,0.925,0.7805182641273806,30.80261172174817,36,-1.0,1.0,0.972972972972973,1.0,0.9473684210526316,0.972972972972973,1.0,0.9473684210526316,0.972972972972973,1.0,0.9473684210526316
0,74,50,resample_pointwise,0.95,0.7805182641273806,33.26553104274074,36,-1.0,1.0,0.972972972972973,1.0,0.9473684210526316,0.972972972972973,1.0,0.9473684210526316,0.972972972972973,1.0,0.9473684210526316
0,74,50,resample_pointwise,0.975,0.7805182641273806,36.85342739909091,36,-0.5,0.5,0.972972972972973,1.0,0.9473684210526316,0.972972972972973,1.0,0.9473684210526316,0.972972972972973,1.0,0.9473684210526316
0,74,50,resample_pointwise,0.99,0.7805182641273806,40.80871366645994,36,2.5,2.5,0.972972972972973,1.0,0.9473684210526316,0.972972972972973,1.0,0.9473684210526316,0.972972972972973,1.0,0.9473684210526316
0,74,100,baseline,0.5,0.7805182641273806,28.449096841747213,36,-26.0,26.0,0.0,0.0,0.0,0.027027027027027,0.0277777777777777,0.0263157894736842,0.027027027027027,0.0277777777777777,0.0263157894736842
0,74,100,baseline,0.6,0.7805182641273806,44.60094667654986,36,-26.0,26.0,0.0,0.0,0.0,0.027027027027027,0.0277777777777777,0.0263157894736842,0.027027027027027,0.0277777777777777,0.0263157894736842
0,74,100,baseline,0.7,0.7805182641273806,60.41706896417785,36,-12.0,12.0,0.0,0.0,0.0,0.027027027027027,0.0277777777777777,0.0263157894736842,0.972972972972973,1.0,0.9473684210526316
0,74,100,baseline,0.75,0.7805182641273806,67.4553350167518,36,-3.5,3.5,0.972972972972973,1.0,0.9473684210526316,0.972972972972973,1.0,0.9473684210526316,0.972972972972973,1.0,0.9473684210526316
0,74,100,baseline,0.8,0.7805182641273806,73.03575988666253,36,4.5,4.5,0.972972972972973,1.0,0.9473684210526316,0.972972972972973,1.0,0.9473684210526316,0.972972972972973,1.0,0.9473684210526316
0,74,100,baseline,0.85,0.7805182641273806,77.73173240203914,36,13.5,13.5,0.0,0.0,0.0,0.0,0.0,0.0,0.972972972972973,1.0,0.9473684210526316
0,74,100,baseline,0.9,0.7805182641273806,80.5619154577535,36,21.5,21.5,0.0,0.0,0.0,0.0,0.0,0.0,0.972972972972973,1.0,0.9473684210526316
0,74,100,baseline,0.925,0.7805182641273806,81.54889467198328,36,25.5,25.5,0.0,0.0,0.0,0.0,0.0,0.0,0.4864864864864865,0.5,0.4736842105263157
0,74,100,baseline,0.95,0.7805182641273806,82.40280469876144,36,30.0,30.0,0.0,0.0,0.0,0.0,0.0,0.0,0.0,0.0,0.0
0,74,100,baseline,0.975,0.7805182641273806,82.79023023414189,36,34.5,34.5,0.0,0.0,0.0,0.0,0.0,0.0,0.0,0.0,0.0
0,74,100,baseline,0.99,0.7805182641273806,82.88680366754544,36,36.5,36.5,0.0,0.0,0.0,0.0,0.0,0.0,0.0,0.0,0.0
0,74,100,resample_pointwise,0.5,0.7805182641273806,10.336558636434347,36,-26.0,26.0,0.0,0.0,0.0,0.027027027027027,0.0277777777777777,0.0263157894736842,0.027027027027027,0.0277777777777777,0.0263157894736842
0,74,100,resample_pointwise,0.6,0.7805182641273806,12.201274978915617,36,-26.0,26.0,0.0,0.0,0.0,0.027027027027027,0.0277777777777777,0.0263157894736842,0.027027027027027,0.0277777777777777,0.0263157894736842
0,74,100,resample_pointwise,0.7,0.7805182641273806,14.44991349455072,36,-26.0,26.0,0.0,0.0,0.0,0.027027027027027,0.0277777777777777,0.0263157894736842,0.027027027027027,0.0277777777777777,0.0263157894736842
0,74,100,resample_pointwise,0.75,0.7805182641273806,15.77846633865278,36,-26.0,26.0,0.0,0.0,0.0,0.027027027027027,0.0277777777777777,0.0263157894736842,0.027027027027027,0.0277777777777777,0.0263157894736842
0,74,100,resample_pointwise,0.8,0.7805182641273806,17.3164019870693,36,-26.0,26.0,0.0,0.0,0.0,0.027027027027027,0.0277777777777777,0.0263157894736842,0.027027027027027,0.0277777777777777,0.0263157894736842
0,74,100,resample_pointwise,0.85,0.7805182641273806,19.155039951813105,36,-26.0,26.0,0.0,0.0,0.0,0.027027027027027,0.0277777777777777,0.0263157894736842,0.027027027027027,0.0277777777777777,0.0263157894736842
0,74,100,resample_pointwise,0.9,0.7805182641273806,21.5241466471702,36,-26.0,26.0,0.0,0.0,0.0,0.027027027027027,0.0277777777777777,0.0263157894736842,0.027027027027027,0.0277777777777777,0.0263157894736842
0,74,100,resample_pointwise,0.925,0.7805182641273806,23.05278966006308,36,-26.0,26.0,0.0,0.0,0.0,0.027027027027027,0.0277777777777777,0.0263157894736842,0.027027027027027,0.0277777777777777,0.0263157894736842
0,74,100,resample_pointwise,0.95,0.7805182641273806,25.075530347775725,36,-26.0,26.0,0.0,0.0,0.0,0.027027027027027,0.0277777777777777,0.0263157894736842,0.027027027027027,0.0277777777777777,0.0263157894736842
0,74,100,resample_pointwise,0.975,0.7805182641273806,28.16585797655656,36,-26.0,26.0,0.0,0.0,0.0,0.027027027027027,0.0277777777777777,0.0263157894736842,0.027027027027027,0.0277777777777777,0.0263157894736842
0,74,100,resample_pointwise,0.99,0.7805182641273806,31.65089291342487,36,-26.0,26.0,0.0,0.0,0.0,0.027027027027027,0.0277777777777777,0.0263157894736842,0.027027027027027,0.0277777777777777,0.0263157894736842
0,79,10,baseline,0.5,0.7691124442393478,0.0,36,-1.0,1.0,0.972972972972973,1.0,0.9473684210526316,0.972972972972973,1.0,0.9473684210526316,0.972972972972973,1.0,0.9473684210526316
0,79,10,baseline,0.6,0.7691124442393478,0.0,36,-1.0,1.0,0.972972972972973,1.0,0.9473684210526316,0.972972972972973,1.0,0.9473684210526316,0.972972972972973,1.0,0.9473684210526316
0,79,10,baseline,0.7,0.7691124442393478,0.0,36,-1.0,1.0,0.972972972972973,1.0,0.9473684210526316,0.972972972972973,1.0,0.9473684210526316,0.972972972972973,1.0,0.9473684210526316
0,79,10,baseline,0.75,0.7691124442393478,4.677071733467427,36,-1.0,1.0,0.972972972972973,1.0,0.9473684210526316,0.972972972972973,1.0,0.9473684210526316,0.972972972972973,1.0,0.9473684210526316
0,79,10,baseline,0.8,0.7691124442393478,11.388041973930374,36,6.5,6.5,0.0,0.0,0.0,0.972972972972973,1.0,0.9473684210526316,0.972972972972973,1.0,0.9473684210526316
0,79,10,baseline,0.85,0.7691124442393478,12.5,0,,,0.0,0.0,0.0,0.0,0.0,0.0,0.0,0.0,0.0
0,79,10,baseline,0.9,0.7691124442393478,12.5,0,,,0.0,0.0,0.0,0.0,0.0,0.0,0.0,0.0,0.0
0,79,10,baseline,0.925,0.7691124442393478,12.5,0,,,0.0,0.0,0.0,0.0,0.0,0.0,0.0,0.0,0.0
0,79,10,baseline,0.95,0.7691124442393478,12.5,0,,,0.0,0.0,0.0,0.0,0.0,0.0,0.0,0.0,0.0
0,79,10,baseline,0.975,0.7691124442393478,12.5,0,,,0.0,0.0,0.0,0.0,0.0,0.0,0.0,0.0,0.0
0,79,10,baseline,0.99,0.7691124442393478,12.5,0,,,0.0,0.0,0.0,0.0,0.0,0.0,0.0,0.0,0.0
0,79,10,resample_pointwise,0.5,0.7691124442393478,27.740426276465183,0,,,0.0,0.0,0.0,0.0,0.0,0.0,0.0,0.0,0.0
0,79,10,resample_pointwise,0.6,0.7691124442393478,32.45188746436792,0,,,0.0,0.0,0.0,0.0,0.0,0.0,0.0,0.0,0.0
0,79,10,resample_pointwise,0.7,0.7691124442393478,37.70361388514369,0,,,0.0,0.0,0.0,0.0,0.0,0.0,0.0,0.0,0.0
0,79,10,resample_pointwise,0.75,0.7691124442393478,40.69129206599368,0,,,0.0,0.0,0.0,0.0,0.0,0.0,0.0,0.0,0.0
0,79,10,resample_pointwise,0.8,0.7691124442393478,43.98508269856952,0,,,0.0,0.0,0.0,0.0,0.0,0.0,0.0,0.0,0.0
0,79,10,resample_pointwise,0.85,0.7691124442393478,47.38852049209024,0,,,0.0,0.0,0.0,0.0,0.0,0.0,0.0,0.0,0.0
0,79,10,resample_pointwise,0.9,0.7691124442393478,51.80492254602839,0,,,0.0,0.0,0.0,0.0,0.0,0.0,0.0,0.0,0.0
0,79,10,resample_pointwise,0.925,0.7691124442393478,54.55788210698799,0,,,0.0,0.0,0.0,0.0,0.0,0.0,0.0,0.0,0.0
0,79,10,resample_pointwise,0.95,0.7691124442393478,57.704798327348826,0,,,0.0,0.0,0.0,0.0,0.0,0.0,0.0,0.0,0.0
0,79,10,resample_pointwise,0.975,0.7691124442393478,62.63990591009952,0,,,0.0,0.0,0.0,0.0,0.0,0.0,0.0,0.0,0.0
0,79,10,resample_pointwise,0.99,0.7691124442393478,67.75415116433827,0,,,0.0,0.0,0.0,0.0,0.0,0.0,0.0,0.0,0.0
0,79,25,baseline,0.5,0.7691124442393478,0.0,36,-1.0,1.0,0.972972972972973,1.0,0.9473684210526316,0.972972972972973,1.0,0.9473684210526316,0.972972972972973,1.0,0.9473684210526316
0,79,25,baseline,0.6,0.7691124442393478,0.0,36,-1.0,1.0,0.972972972972973,1.0,0.9473684210526316,0.972972972972973,1.0,0.9473684210526316,0.972972972972973,1.0,0.9473684210526316
0,79,25,baseline,0.7,0.7691124442393478,7.1545440106270926,36,-1.0,1.0,0.972972972972973,1.0,0.9473684210526316,0.972972972972973,1.0,0.9473684210526316,0.972972972972973,1.0,0.9473684210526316
0,79,25,baseline,0.75,0.7691124442393478,15.40089283126144,36,-1.0,1.0,0.972972972972973,1.0,0.9473684210526316,0.972972972972973,1.0,0.9473684210526316,0.972972972972973,1.0,0.9473684210526316
0,79,25,baseline,0.8,0.7691124442393478,23.177305710543667,36,6.5,6.5,0.0,0.0,0.0,0.972972972972973,1.0,0.9473684210526316,0.972972972972973,1.0,0.9473684210526316
0,79,25,baseline,0.85,0.7691124442393478,28.788018340969565,36,15.5,15.5,0.0,0.0,0.0,0.0,0.0,0.0,0.972972972972973,1.0,0.9473684210526316
0,79,25,baseline,0.9,0.7691124442393478,31.10466202999158,36,23.5,23.5,0.0,0.0,0.0,0.0,0.0,0.0,0.972972972972973,1.0,0.9473684210526316
0,79,25,baseline,0.925,0.7691124442393478,31.25,0,,,0.0,0.0,0.0,0.0,0.0,0.0,0.0,0.0,0.0
0,79,25,baseline,0.95,0.7691124442393478,31.25,0,,,0.0,0.0,0.0,0.0,0.0,0.0,0.0,0.0,0.0
0,79,25,baseline,0.975,0.7691124442393478,31.25,0,,,0.0,0.0,0.0,0.0,0.0,0.0,0.0,0.0,0.0
0,79,25,baseline,0.99,0.7691124442393478,31.25,0,,,0.0,0.0,0.0,0.0,0.0,0.0,0.0,0.0,0.0
0,79,25,resample_pointwise,0.5,0.7691124442393478,18.774983355518582,36,1.5,1.5,0.972972972972973,1.0,0.9473684210526316,0.972972972972973,1.0,0.9473684210526316,0.972972972972973,1.0,0.9473684210526316
0,79,25,resample_pointwise,0.6,0.7691124442393478,22.104863718195595,36,4.5,4.5,0.972972972972973,1.0,0.9473684210526316,0.972972972972973,1.0,0.9473684210526316,0.972972972972973,1.0,0.9473684210526316
0,79,25,resample_pointwise,0.7,0.7691124442393478,26.045633031278008,36,9.5,9.5,0.0,0.0,0.0,0.972972972972973,1.0,0.9473684210526316,0.972972972972973,1.0,0.9473684210526316
0,79,25,resample_pointwise,0.75,0.7691124442393478,28.327327794905045,36,14.5,14.5,0.0,0.0,0.0,0.0,0.0,0.0,0.972972972972973,1.0,0.9473684210526316
0,79,25,resample_pointwise,0.8,0.7691124442393478,30.872722588071174,36,21.5,21.5,0.0,0.0,0.0,0.0,0.0,0.0,0.972972972972973,1.0,0.9473684210526316
0,79,25,resample_pointwise,0.85,0.7691124442393478,33.82861215007202,0,,,0.0,0.0,0.0,0.0,0.0,0.0,0.0,0.0,0.0
0,79,25,resample_pointwise,0.9,0.7691124442393478,37.46414952991727,0,,,0.0,0.0,0.0,0.0,0.0,0.0,0.0,0.0,0.0
0,79,25,resample_pointwise,0.925,0.7691124442393478,39.75393062327296,0,,,0.0,0.0,0.0,0.0,0.0,0.0,0.0,0.0,0.0
0,79,25,resample_pointwise,0.95,0.7691124442393478,42.59694824749773,0,,,0.0,0.0,0.0,0.0,0.0,0.0,0.0,0.0,0.0
0,79,25,resample_pointwise,0.975,0.7691124442393478,46.734623139595335,0,,,0.0,0.0,0.0,0.0,0.0,0.0,0.0,0.0,0.0
0,79,25,resample_pointwise,0.99,0.7691124442393478,51.22897129464072,0,,,0.0,0.0,0.0,0.0,0.0,0.0,0.0,0.0,0.0
0,79,50,baseline,0.5,0.7691124442393478,0.9682458365518544,36,-1.0,1.0,0.972972972972973,1.0,0.9473684210526316,0.972972972972973,1.0,0.9473684210526316,0.972972972972973,1.0,0.9473684210526316
0,79,50,baseline,0.6,0.7691124442393478,10.171959005029464,36,-1.0,1.0,0.972972972972973,1.0,0.9473684210526316,0.972972972972973,1.0,0.9473684210526316,0.972972972972973,1.0,0.9473684210526316
0,79,50,baseline,0.7,0.7691124442393478,24.379166310602173,36,-1.0,1.0,0.972972972972973,1.0,0.9473684210526316,0.972972972972973,1.0,0.9473684210526316,0.972972972972973,1.0,0.9473684210526316
0,79,50,baseline,0.75,0.7691124442393478,33.41032774457623,36,-1.0,1.0,0.972972972972973,1.0,0.9473684210526316,0.972972972972973,1.0,0.9473684210526316,0.972972972972973,1.0,0.9473684210526316
0,79,50,baseline,0.8,0.7691124442393478,41.5970251340165,36,6.5,6.5,0.0,0.0,0.0,0.972972972972973,1.0,0.9473684210526316,0.972972972972973,1.0,0.9473684210526316
0,79,50,baseline,0.85,0.7691124442393478,49.02486613954188,36,15.5,15.5,0.0,0.0,0.0,0.0,0.0,0.0,0.972972972972973,1.0,0.9473684210526316
0,79,50,baseline,0.9,0.7691124442393478,54.2361733532151,36,23.5,23.5,0.0,0.0,0.0,0.0,0.0,0.0,0.972972972972973,1.0,0.9473684210526316
0,79,50,baseline,0.925,0.7691124442393478,56.87019210447596,36,28.5,28.5,0.0,0.0,0.0,0.0,0.0,0.0,0.0,0.0,0.0
0,79,50,baseline,0.95,0.7691124442393478,58.60620700915561,36,32.5,32.5,0.0,0.0,0.0,0.0,0.0,0.0,0.0,0.0,0.0
0,79,50,baseline,0.975,0.7691124442393478,59.70500397789117,36,36.5,36.5,0.0,0.0,0.0,0.0,0.0,0.0,0.0,0.0,0.0
0,79,50,baseline,0.99,0.7691124442393478,60.08067492963107,18,39.0,39.0,0.0,0.0,0.0,0.0,0.0,0.0,0.0,0.0,0.0
0,79,50,resample_pointwise,0.5,0.7691124442393478,13.898066412274767,36,-1.0,1.0,0.972972972972973,1.0,0.9473684210526316,0.972972972972973,1.0,0.9473684210526316,0.972972972972973,1.0,0.9473684210526316
0,79,50,resample_pointwise,0.6,0.7691124442393478,16.359248148982886,36,-1.0,1.0,0.972972972972973,1.0,0.9473684210526316,0.972972972972973,1.0,0.9473684210526316,0.972972972972973,1.0,0.9473684210526316
0,79,50,resample_pointwise,0.7,0.7691124442393478,19.33988753845275,36,-1.0,1.0,0.972972972972973,1.0,0.9473684210526316,0.972972972972973,1.0,0.9473684210526316,0.972972972972973,1.0,0.9473684210526316
0,79,50,resample_pointwise,0.75,0.7691124442393478,21.087614848531352,36,-1.0,1.0,0.972972972972973,1.0,0.9473684210526316,0.972972972972973,1.0,0.9473684210526316,0.972972972972973,1.0,0.9473684210526316
0,79,50,resample_pointwise,0.8,0.7691124442393478,23.09558940577183,36,-1.0,1.0,0.972972972972973,1.0,0.9473684210526316,0.972972972972973,1.0,0.9473684210526316,0.972972972972973,1.0,0.9473684210526316
0,79,50,resample_pointwise,0.85,0.7691124442393478,25.47731834397019,36,-1.0,1.0,0.972972972972973,1.0,0.9473684210526316,0.972972972972973,1.0,0.9473684210526316,0.972972972972973,1.0,0.9473684210526316
0,79,50,resample_pointwise,0.9,0.7691124442393478,28.46609825655411,36,-1.0,1.0,0.972972972972973,1.0,0.9473684210526316,0.972972972972973,1.0,0.9473684210526316,0.972972972972973,1.0,0.9473684210526316
0,79,50,resample_pointwise,0.925,0.7691124442393478,30.369675458691606,36,-1.0,1.0,0.972972972972973,1.0,0.9473684210526316,0.972972972972973,1.0,0.9473684210526316,0.972972972972973,1.0,0.9473684210526316
0,79,50,resample_pointwise,0.95,0.7691124442393478,32.81386901905961,36,-1.0,1.0,0.972972972972973,1.0,0.9473684210526316,0.972972972972973,1.0,0.9473684210526316,0.972972972972973,1.0,0.9473684210526316
0,79,50,resample_pointwise,0.975,0.7691124442393478,36.44561444798634,36,0.5,0.5,0.972972972972973,1.0,0.9473684210526316,0.972972972972973,1.0,0.9473684210526316,0.972972972972973,1.0,0.9473684210526316
0,79,50,resample_pointwise,0.99,0.7691124442393478,40.39338590656976,36,4.5,4.5,0.972972972972973,1.0,0.9473684210526316,0.972972972972973,1.0,0.9473684210526316,0.972972972972973,1.0,0.9473684210526316
0,79,100,baseline,0.5,0.7691124442393478,26.92495357470464,36,-21.0,21.0,0.0,0.0,0.0,0.0,0.0,0.0,0.6486486486486486,0.6666666666666666,0.631578947368421
0,79,100,baseline,0.6,0.7691124442393478,42.71910433283919,36,-21.0,21.0,0.0,0.0,0.0,0.0,0.0,0.0,0.8378378378378377,0.8611111111111112,0.8157894736842105
0,79,100,baseline,0.7,0.7691124442393478,59.30324611688639,36,-10.5,10.5,0.0,0.0,0.0,0.4864864864864865,0.5,0.4736842105263157,0.972972972972973,1.0,0.9473684210526316
0,79,100,baseline,0.75,0.7691124442393478,66.45957417859371,36,-1.5,1.5,0.972972972972973,1.0,0.9473684210526316,0.972972972972973,1.0,0.9473684210526316,0.972972972972973,1.0,0.9473684210526316
0,79,100,baseline,0.8,0.7691124442393478,71.96787477757003,36,6.5,6.5,0.0,0.0,0.0,0.972972972972973,1.0,0.9473684210526316,0.972972972972973,1.0,0.9473684210526316
0,79,100,baseline,0.85,0.7691124442393478,76.51388762832535,36,15.5,15.5,0.0,0.0,0.0,0.0,0.0,0.0,0.972972972972973,1.0,0.9473684210526316
0,79,100,baseline,0.9,0.7691124442393478,79.27404997853964,36,23.5,23.5,0.0,0.0,0.0,0.0,0.0,0.0,0.972972972972973,1.0,0.9473684210526316
0,79,100,baseline,0.925,0.7691124442393478,80.44796454852043,36,28.5,28.5,0.0,0.0,0.0,0.0,0.0,0.0,0.0,0.0,0.0
0,79,100,baseline,0.95,0.7691124442393478,81.09793462228247,36,32.5,32.5,0.0,0.0,0.0,0.0,0.0,0.0,0.0,0.0,0.0
0,79,100,baseline,0.975,0.7691124442393478,81.49769935403084,36,36.5,36.5,0.0,0.0,0.0,0.0,0.0,0.0,0.0,0.0,0.0
0,79,100,baseline,0.99,0.7691124442393478,81.63562335157367,18,39.0,39.0,0.0,0.0,0.0,0.0,0.0,0.0,0.0,0.0,0.0
0,79,100,resample_pointwise,0.5,0.7691124442393478,10.003124511871276,36,-21.0,21.0,0.0,0.0,0.0,0.0,0.0,0.0,0.5675675675675677,0.5833333333333334,0.5526315789473685
0,79,100,resample_pointwise,0.6,0.7691124442393478,11.777892426066728,36,-21.0,21.0,0.0,0.0,0.0,0.0,0.0,0.0,0.5675675675675677,0.5833333333333334,0.5526315789473685
0,79,100,resample_pointwise,0.7,0.7691124442393478,13.918288328670304,36,-21.0,21.0,0.0,0.0,0.0,0.0,0.0,0.0,0.5675675675675677,0.5833333333333334,0.5526315789473685
0,79,100,resample_pointwise,0.75,0.7691124442393478,15.18634254848744,36,-21.0,21.0,0.0,0.0,0.0,0.0,0.0,0.0,0.5675675675675677,0.5833333333333334,0.5526315789473685
0,79,100,resample_pointwise,0.8,0.7691124442393478,16.64613318461678,36,-21.0,21.0,0.0,0.0,0.0,0.0,0.0,0.0,0.5675675675675677,0.5833333333333334,0.5526315789473685
0,79,100,resample_pointwise,0.85,0.7691124442393478,18.39327322691641,36,-21.0,21.0,0.0,0.0,0.0,0.0,0.0,0.0,0.5675675675675677,0.5833333333333334,0.5526315789473685
0,79,100,resample_pointwise,0.9,0.7691124442393478,20.649984866822543,36,-21.0,21.0,0.0,0.0,0.0,0.0,0.0,0.0,0.5675675675675677,0.5833333333333334,0.5526315789473685
0,79,100,resample_pointwise,0.925,0.7691124442393478,22.144412387778548,36,-21.0,21.0,0.0,0.0,0.0,0.0,0.0,0.0,0.5945945945945946,0.6111111111111112,0.5789473684210527
0,79,100,resample_pointwise,0.95,0.7691124442393478,24.113663139390496,36,-21.0,21.0,0.0,0.0,0.0,0.0,0.0,0.0,0.6216216216216216,0.6388888888888888,0.6052631578947368
0,79,100,resample_pointwise,0.975,0.7691124442393478,27.126440053939994,36,-21.0,21.0,0.0,0.0,0.0,0.0,0.0,0.0,0.6486486486486486,0.6666666666666666,0.631578947368421
0,79,100,resample_pointwise,0.99,0.7691124442393478,30.52611586822012,36,-21.0,21.0,0.0,0.0,0.0,0.0,0.0,0.0,0.6756756756756757,0.6944444444444444,0.6578947368421053
0,84,10,baseline,0.5,0.7580351728320194,0.0,36,-1.0,1.0,0.972972972972973,1.0,0.9473684210526316,0.972972972972973,1.0,0.9473684210526316,0.972972972972973,1.0,0.9473684210526316
0,84,10,baseline,0.6,0.7580351728320194,0.0,36,-1.0,1.0,0.972972972972973,1.0,0.9473684210526316,0.972972972972973,1.0,0.9473684210526316,0.972972972972973,1.0,0.9473684210526316
0,84,10,baseline,0.7,0.7580351728320194,0.0,36,-1.0,1.0,0.972972972972973,1.0,0.9473684210526316,0.972972972972973,1.0,0.9473684210526316,0.972972972972973,1.0,0.9473684210526316
0,84,10,baseline,0.75,0.7580351728320194,6.280634265900754,36,0.0,0.5,0.972972972972973,1.0,0.9473684210526316,0.972972972972973,1.0,0.9473684210526316,0.972972972972973,1.0,0.9473684210526316
0,84,10,baseline,0.8,0.7580351728320194,11.436601232484517,36,8.5,8.5,0.0,0.0,0.0,0.972972972972973,1.0,0.9473684210526316,0.972972972972973,1.0,0.9473684210526316
0,84,10,baseline,0.85,0.7580351728320194,11.7647058823529,188,22.0,22.0,0.0,0.0,0.0,0.3274336283185841,0.1968085106382978,0.9736842105263158,0.3362831858407079,0.202127659574468,1.0
0,84,10,baseline,0.9,0.7580351728320194,11.7647058823529,188,22.0,22.0,0.0,0.0,0.0,0.3274336283185841,0.1968085106382978,0.9736842105263158,0.3362831858407079,0.202127659574468,1.0
0,84,10,baseline,0.925,0.7580351728320194,11.764705882353,170,24.0,24.0,0.0,0.0,0.0,0.3557692307692308,0.2176470588235294,0.9736842105263158,0.3557692307692308,0.2176470588235294,0.9736842105263158
0,84,10,baseline,0.95,0.7580351728320194,11.764705882353002,0,,,0.0,0.0,0.0,0.0,0.0,0.0,0.0,0.0,0.0
0,84,10,baseline,0.975,0.7580351728320194,11.764705882353002,0,,,0.0,0.0,0.0,0.0,0.0,0.0,0.0,0.0,0.0
0,84,10,baseline,0.99,0.7580351728320194,11.764705882353004,0,,,0.0,0.0,0.0,0.0,0.0,0.0,0.0,0.0,0.0
0,84,10,resample_pointwise,0.5,0.7580351728320194,27.34376822787341,0,,,0.0,0.0,0.0,0.0,0.0,0.0,0.0,0.0,0.0
0,84,10,resample_pointwise,0.6,0.7580351728320194,32.00994655104401,0,,,0.0,0.0,0.0,0.0,0.0,0.0,0.0,0.0,0.0
0,84,10,resample_pointwise,0.7,0.7580351728320194,37.22000429504526,0,,,0.0,0.0,0.0,0.0,0.0,0.0,0.0,0.0,0.0
0,84,10,resample_pointwise,0.75,0.7580351728320194,40.182972516687,0,,,0.0,0.0,0.0,0.0,0.0,0.0,0.0,0.0,0.0
0,84,10,resample_pointwise,0.8,0.7580351728320194,43.43869720911207,0,,,0.0,0.0,0.0,0.0,0.0,0.0,0.0,0.0,0.0
0,84,10,resample_pointwise,0.85,0.7580351728320194,46.94545167027319,0,,,0.0,0.0,0.0,0.0,0.0,0.0,0.0,0.0,0.0
0,84,10,resample_pointwise,0.9,0.7580351728320194,51.36207047751312,0,,,0.0,0.0,0.0,0.0,0.0,0.0,0.0,0.0,0.0
0,84,10,resample_pointwise,0.925,0.7580351728320194,54.13043327212864,0,,,0.0,0.0,0.0,0.0,0.0,0.0,0.0,0.0,0.0
0,84,10,resample_pointwise,0.95,0.7580351728320194,57.32925604450063,0,,,0.0,0.0,0.0,0.0,0.0,0.0,0.0,0.0,0.0
0,84,10,resample_pointwise,0.975,0.7580351728320194,62.31408334156055,0,,,0.0,0.0,0.0,0.0,0.0,0.0,0.0,0.0,0.0
0,84,10,resample_pointwise,0.99,0.7580351728320194,67.57899389029787,0,,,0.0,0.0,0.0,0.0,0.0,0.0,0.0,0.0,0.0
0,84,25,baseline,0.5,0.7580351728320194,0.0,36,-1.0,1.0,0.972972972972973,1.0,0.9473684210526316,0.972972972972973,1.0,0.9473684210526316,0.972972972972973,1.0,0.9473684210526316
0,84,25,baseline,0.6,0.7580351728320194,0.0,36,-1.0,1.0,0.972972972972973,1.0,0.9473684210526316,0.972972972972973,1.0,0.9473684210526316,0.972972972972973,1.0,0.9473684210526316
0,84,25,baseline,0.7,0.7580351728320194,8.285560876074813,36,-1.0,1.0,0.972972972972973,1.0,0.9473684210526316,0.972972972972973,1.0,0.9473684210526316,0.972972972972973,1.0,0.9473684210526316
0,84,25,baseline,0.75,0.7580351728320194,16.470588235294105,36,0.5,0.5,0.972972972972973,1.0,0.9473684210526316,0.972972972972973,1.0,0.9473684210526316,0.972972972972973,1.0,0.9473684210526316
0,84,25,baseline,0.8,0.7580351728320194,23.24534406631242,36,8.5,8.5,0.0,0.0,0.0,0.972972972972973,1.0,0.9473684210526316,0.972972972972973,1.0,0.9473684210526316
0,84,25,baseline,0.85,0.7580351728320194,27.869195207656983,36,17.5,17.5,0.0,0.0,0.0,0.0,0.0,0.0,0.972972972972973,1.0,0.9473684210526316
0,84,25,baseline,0.9,0.7580351728320194,29.41176470588232,112,28.0,28.0,0.0,0.0,0.0,0.0,0.0,0.0,0.2533333333333333,0.1696428571428571,0.5
0,84,25,baseline,0.925,0.7580351728320194,29.41176470588232,112,28.0,28.0,0.0,0.0,0.0,0.0,0.0,0.0,0.2533333333333333,0.1696428571428571,0.5
0,84,25,baseline,0.95,0.7580351728320194,29.41176470588236,0,,,0.0,0.0,0.0,0.0,0.0,0.0,0.0,0.0,0.0
0,84,25,baseline,0.975,0.7580351728320194,29.41176470588236,0,,,0.0,0.0,0.0,0.0,0.0,0.0,0.0,0.0,0.0
0,84,25,baseline,0.99,0.7580351728320194,29.4117647058824,0,,,0.0,0.0,0.0,0.0,0.0,0.0,0.0,0.0,0.0
0,84,25,resample_pointwise,0.5,0.7580351728320194,18.583767147273555,36,2.5,2.5,0.972972972972973,1.0,0.9473684210526316,0.972972972972973,1.0,0.9473684210526316,0.972972972972973,1.0,0.9473684210526316
0,84,25,resample_pointwise,0.6,0.7580351728320194,21.83422918295582,36,6.5,6.5,0.0,0.0,0.0,0.972972972972973,1.0,0.9473684210526316,0.972972972972973,1.0,0.9473684210526316
0,84,25,resample_pointwise,0.7,0.7580351728320194,25.711737117618828,36,12.5,12.5,0.0,0.0,0.0,0.0,0.0,0.0,0.972972972972973,1.0,0.9473684210526316
0,84,25,resample_pointwise,0.75,0.7580351728320194,27.93467416601181,36,17.5,17.5,0.0,0.0,0.0,0.0,0.0,0.0,0.972972972972973,1.0,0.9473684210526316
0,84,25,resample_pointwise,0.8,0.7580351728320194,30.432181109128877,0,,,0.0,0.0,0.0,0.0,0.0,0.0,0.0,0.0,0.0
0,84,25,resample_pointwise,0.85,0.7580351728320194,33.37694954973679,0,,,0.0,0.0,0.0,0.0,0.0,0.0,0.0,0.0,0.0
0,84,25,resample_pointwise,0.9,0.7580351728320194,37.02052175674824,0,,,0.0,0.0,0.0,0.0,0.0,0.0,0.0,0.0,0.0
0,84,25,resample_pointwise,0.925,0.7580351728320194,39.30961300675034,0,,,0.0,0.0,0.0,0.0,0.0,0.0,0.0,0.0,0.0
0,84,25,resample_pointwise,0.95,0.7580351728320194,42.13341801343459,0,,,0.0,0.0,0.0,0.0,0.0,0.0,0.0,0.0,0.0
0,84,25,resample_pointwise,0.975,0.7580351728320194,46.32725475216474,0,,,0.0,0.0,0.0,0.0,0.0,0.0,0.0,0.0,0.0
0,84,25,resample_pointwise,0.99,0.7580351728320194,50.80664207456282,0,,,0.0,0.0,0.0,0.0,0.0,0.0,0.0,0.0,0.0
0,84,50,baseline,0.5,0.7580351728320194,1.233892762553078,36,-1.0,1.0,0.972972972972973,1.0,0.9473684210526316,0.972972972972973,1.0,0.9473684210526316,0.972972972972973,1.0,0.9473684210526316
0,84,50,baseline,0.6,0.7580351728320194,10.940543941235449,36,-1.0,1.0,0.972972972972973,1.0,0.9473684210526316,0.972972972972973,1.0,0.9473684210526316,0.972972972972973,1.0,0.9473684210526316
0,84,50,baseline,0.7,0.7580351728320194,24.75625117658849,36,-1.0,1.0,0.972972972972973,1.0,0.9473684210526316,0.972972972972973,1.0,0.9473684210526316,0.972972972972973,1.0,0.9473684210526316
0,84,50,baseline,0.75,0.7580351728320194,33.45192284261866,36,0.5,0.5,0.972972972972973,1.0,0.9473684210526316,0.972972972972973,1.0,0.9473684210526316,0.972972972972973,1.0,0.9473684210526316
0,84,50,baseline,0.8,0.7580351728320194,40.85081305599242,36,8.5,8.5,0.0,0.0,0.0,0.972972972972973,1.0,0.9473684210526316,0.972972972972973,1.0,0.9473684210526316
0,84,50,baseline,0.85,0.7580351728320194,47.47725734915532,36,17.5,17.5,0.0,0.0,0.0,0.0,0.0,0.0,0.972972972972973,1.0,0.9473684210526316
0,84,50,baseline,0.9,0.7580351728320194,52.58705091441651,36,26.0,26.0,0.0,0.0,0.0,0.0,0.0,0.0,0.2432432432432432,0.25,0.2368421052631578
0,84,50,baseline,0.925,0.7580351728320194,54.390615921738,36,30.0,30.0,0.0,0.0,0.0,0.0,0.0,0.0,0.0,0.0,0.0
0,84,50,baseline,0.95,0.7580351728320194,55.90303023027763,36,34.5,34.5,0.0,0.0,0.0,0.0,0.0,0.0,0.0,0.0,0.0
0,84,50,baseline,0.975,0.7580351728320194,57.23018537141967,36,39.5,39.5,0.0,0.0,0.0,0.0,0.0,0.0,0.0,0.0,0.0
0,84,50,baseline,0.99,0.7580351728320194,57.47633784232175,36,41.5,41.5,0.0,0.0,0.0,0.0,0.0,0.0,0.0,0.0,0.0
0,84,50,resample_pointwise,0.5,0.7580351728320194,13.585051829786774,36,-1.0,1.0,0.972972972972973,1.0,0.9473684210526316,0.972972972972973,1.0,0.9473684210526316,0.972972972972973,1.0,0.9473684210526316
0,84,50,resample_pointwise,0.6,0.7580351728320194,15.957556160512674,36,-1.0,1.0,0.972972972972973,1.0,0.9473684210526316,0.972972972972973,1.0,0.9473684210526316,0.972972972972973,1.0,0.9473684210526316
0,84,50,resample_pointwise,0.7,0.7580351728320194,18.839698937492685,36,-1.0,1.0,0.972972972972973,1.0,0.9473684210526316,0.972972972972973,1.0,0.9473684210526316,0.972972972972973,1.0,0.9473684210526316
0,84,50,resample_pointwise,0.75,0.7580351728320194,20.53893256184235,36,-1.0,1.0,0.972972972972973,1.0,0.9473684210526316,0.972972972972973,1.0,0.9473684210526316,0.972972972972973,1.0,0.9473684210526316
0,84,50,resample_pointwise,0.8,0.7580351728320194,22.48628955592893,36,-1.0,1.0,0.972972972972973,1.0,0.9473684210526316,0.972972972972973,1.0,0.9473684210526316,0.972972972972973,1.0,0.9473684210526316
0,84,50,resample_pointwise,0.85,0.7580351728320194,24.81711653992867,36,-1.0,1.0,0.972972972972973,1.0,0.9473684210526316,0.972972972972973,1.0,0.9473684210526316,0.972972972972973,1.0,0.9473684210526316
0,84,50,resample_pointwise,0.9,0.7580351728320194,27.762213248029564,36,-1.0,1.0,0.972972972972973,1.0,0.9473684210526316,0.972972972972973,1.0,0.9473684210526316,0.972972972972973,1.0,0.9473684210526316
0,84,50,resample_pointwise,0.925,0.7580351728320194,29.657327820044824,36,-1.0,1.0,0.972972972972973,1.0,0.9473684210526316,0.972972972972973,1.0,0.9473684210526316,0.972972972972973,1.0,0.9473684210526316
0,84,50,resample_pointwise,0.95,0.7580351728320194,32.101849163240985,36,-1.0,1.0,0.972972972972973,1.0,0.9473684210526316,0.972972972972973,1.0,0.9473684210526316,0.972972972972973,1.0,0.9473684210526316
0,84,50,resample_pointwise,0.975,0.7580351728320194,35.748225691658845,36,2.5,2.5,0.972972972972973,1.0,0.9473684210526316,0.972972972972973,1.0,0.9473684210526316,0.972972972972973,1.0,0.9473684210526316
0,84,50,resample_pointwise,0.99,0.7580351728320194,39.74068191800389,36,6.5,6.5,0.0,0.0,0.0,0.972972972972973,1.0,0.9473684210526316,0.972972972972973,1.0,0.9473684210526316
0,84,100,baseline,0.5,0.7580351728320194,27.3273124715991,36,-16.0,16.0,0.0,0.0,0.0,0.0,0.0,0.0,0.7837837837837838,0.8055555555555556,0.7631578947368421
0,84,100,baseline,0.6,0.7580351728320194,41.92925331718924,36,-16.0,16.0,0.0,0.0,0.0,0.0,0.0,0.0,0.9459459459459458,0.9722222222222222,0.9210526315789472
0,84,100,baseline,0.7,0.7580351728320194,58.16811335916531,36,-8.5,8.5,0.0,0.0,0.0,0.972972972972973,1.0,0.9473684210526316,0.972972972972973,1.0,0.9473684210526316
0,84,100,baseline,0.75,0.7580351728320194,65.44867769301918,36,0.5,0.5,0.972972972972973,1.0,0.9473684210526316,0.972972972972973,1.0,0.9473684210526316,0.972972972972973,1.0,0.9473684210526316
0,84,100,baseline,0.8,0.7580351728320194,70.83535175901599,36,8.5,8.5,0.0,0.0,0.0,0.972972972972973,1.0,0.9473684210526316,0.972972972972973,1.0,0.9473684210526316
0,84,100,baseline,0.85,0.7580351728320194,75.25642438865074,36,17.5,17.5,0.0,0.0,0.0,0.0,0.0,0.0,0.972972972972973,1.0,0.9473684210526316
0,84,100,baseline,0.9,0.7580351728320194,78.2229092364364,36,26.0,26.0,0.0,0.0,0.0,0.0,0.0,0.0,0.2432432432432432,0.25,0.2368421052631578
0,84,100,baseline,0.925,0.7580351728320194,79.12016177940993,36,30.5,30.5,0.0,0.0,0.0,0.0,0.0,0.0,0.0,0.0,0.0
0,84,100,baseline,0.95,0.7580351728320194,79.7717331625978,36,34.5,34.5,0.0,0.0,0.0,0.0,0.0,0.0,0.0,0.0,0.0
0,84,100,baseline,0.975,0.7580351728320194,80.24961059095551,36,39.5,39.5,0.0,0.0,0.0,0.0,0.0,0.0,0.0,0.0,0.0
0,84,100,baseline,0.99,0.7580351728320194,80.33752328183154,36,41.5,41.5,0.0,0.0,0.0,0.0,0.0,0.0,0.0,0.0,0.0
0,84,100,resample_pointwise,0.5,0.7580351728320194,9.909626231171467,36,-16.0,16.0,0.0,0.0,0.0,0.0,0.0,0.0,0.6756756756756757,0.6944444444444444,0.6578947368421053
0,84,100,resample_pointwise,0.6,0.7580351728320194,11.66783648773402,36,-16.0,16.0,0.0,0.0,0.0,0.0,0.0,0.0,0.6756756756756757,0.6944444444444444,0.6578947368421053
0,84,100,resample_pointwise,0.7,0.7580351728320194,13.805369799252734,36,-16.0,16.0,0.0,0.0,0.0,0.0,0.0,0.0,0.6756756756756757,0.6944444444444444,0.6578947368421053
0,84,100,resample_pointwise,0.75,0.7580351728320194,15.07581761685279,36,-16.0,16.0,0.0,0.0,0.0,0.0,0.0,0.0,0.6756756756756757,0.6944444444444444,0.6578947368421053
0,84,100,resample_pointwise,0.8,0.7580351728320194,16.545627382094878,36,-16.0,16.0,0.0,0.0,0.0,0.0,0.0,0.0,0.6756756756756757,0.6944444444444444,0.6578947368421053
0,84,100,resample_pointwise,0.85,0.7580351728320194,18.303477839964245,36,-16.0,16.0,0.0,0.0,0.0,0.0,0.0,0.0,0.6756756756756757,0.6944444444444444,0.6578947368421053
0,84,100,resample_pointwise,0.9,0.7580351728320194,20.57949394261812,36,-16.0,16.0,0.0,0.0,0.0,0.0,0.0,0.0,0.6756756756756757,0.6944444444444444,0.6578947368421053
0,84,100,resample_pointwise,0.925,0.7580351728320194,22.057490155779668,36,-16.0,16.0,0.0,0.0,0.0,0.0,0.0,0.0,0.6756756756756757,0.6944444444444444,0.6578947368421053
0,84,100,resample_pointwise,0.95,0.7580351728320194,23.97922976677131,36,-16.0,16.0,0.0,0.0,0.0,0.0,0.0,0.0,0.7297297297297298,0.75,0.7105263157894737
0,84,100,resample_pointwise,0.975,0.7580351728320194,26.969160909053336,36,-16.0,16.0,0.0,0.0,0.0,0.0,0.0,0.0,0.7837837837837838,0.8055555555555556,0.7631578947368421
0,84,100,resample_pointwise,0.99,0.7580351728320194,30.353397169397454,36,-16.0,16.0,0.0,0.0,0.0,0.0,0.0,0.0,0.8108108108108109,0.8333333333333334,0.7894736842105263
0,90,10,baseline,0.5,0.7451564828614009,0.0,36,-1.0,1.0,0.972972972972973,1.0,0.9473684210526316,0.972972972972973,1.0,0.9473684210526316,0.972972972972973,1.0,0.9473684210526316
0,90,10,baseline,0.6,0.7451564828614009,0.0,36,-1.0,1.0,0.972972972972973,1.0,0.9473684210526316,0.972972972972973,1.0,0.9473684210526316,0.972972972972973,1.0,0.9473684210526316
0,90,10,baseline,0.7,0.7451564828614009,0.7770404188862469,36,-1.0,1.0,0.972972972972973,1.0,0.9473684210526316,0.972972972972973,1.0,0.9473684210526316,0.972972972972973,1.0,0.9473684210526316
0,90,10,baseline,0.75,0.7451564828614009,7.645066870736844,36,2.0,2.0,0.972972972972973,1.0,0.9473684210526316,0.972972972972973,1.0,0.9473684210526316,0.972972972972973,1.0,0.9473684210526316
0,90,10,baseline,0.8,0.7451564828614009,10.989010989010898,36,14.5,14.5,0.0,0.0,0.0,0.2432432432432432,0.25,0.2368421052631578,0.7297297297297298,0.75,0.7105263157894737
0,90,10,baseline,0.85,0.7451564828614009,10.989010989010998,178,30.0,30.0,0.0,0.0,0.0,0.0833333333333333,0.0505617977528089,0.2368421052631578,0.3425925925925926,0.2078651685393258,0.9736842105263158
0,90,10,baseline,0.9,0.7451564828614009,10.989010989011,169,30.0,30.0,0.0,0.0,0.0,0.0869565217391304,0.0532544378698224,0.2368421052631578,0.357487922705314,0.2189349112426035,0.9736842105263158
0,90,10,baseline,0.925,0.7451564828614009,10.989010989011,0,,,0.0,0.0,0.0,0.0,0.0,0.0,0.0,0.0,0.0
0,90,10,baseline,0.95,0.7451564828614009,10.989010989011,0,,,0.0,0.0,0.0,0.0,0.0,0.0,0.0,0.0,0.0
0,90,10,baseline,0.975,0.7451564828614009,10.989010989011,0,,,0.0,0.0,0.0,0.0,0.0,0.0,0.0,0.0,0.0
0,90,10,baseline,0.99,0.7451564828614009,10.989010989011003,0,,,0.0,0.0,0.0,0.0,0.0,0.0,0.0,0.0,0.0
0,90,10,resample_pointwise,0.5,0.7451564828614009,26.838845586416998,0,,,0.0,0.0,0.0,0.0,0.0,0.0,0.0,0.0,0.0
0,90,10,resample_pointwise,0.6,0.7451564828614009,31.540567376186992,0,,,0.0,0.0,0.0,0.0,0.0,0.0,0.0,0.0,0.0
0,90,10,resample_pointwise,0.7,0.7451564828614009,36.62161075252426,0,,,0.0,0.0,0.0,0.0,0.0,0.0,0.0,0.0,0.0
0,90,10,resample_pointwise,0.75,0.7451564828614009,39.537539159353855,0,,,0.0,0.0,0.0,0.0,0.0,0.0,0.0,0.0,0.0
0,90,10,resample_pointwise,0.8,0.7451564828614009,42.79934112827401,0,,,0.0,0.0,0.0,0.0,0.0,0.0,0.0,0.0,0.0
0,90,10,resample_pointwise,0.85,0.7451564828614009,46.36268815325053,0,,,0.0,0.0,0.0,0.0,0.0,0.0,0.0,0.0,0.0
0,90,10,resample_pointwise,0.9,0.7451564828614009,50.73187341619067,0,,,0.0,0.0,0.0,0.0,0.0,0.0,0.0,0.0,0.0
0,90,10,resample_pointwise,0.925,0.7451564828614009,53.4601549350588,0,,,0.0,0.0,0.0,0.0,0.0,0.0,0.0,0.0,0.0
0,90,10,resample_pointwise,0.95,0.7451564828614009,56.68774810247246,0,,,0.0,0.0,0.0,0.0,0.0,0.0,0.0,0.0,0.0
0,90,10,resample_pointwise,0.975,0.7451564828614009,61.618153852925545,0,,,0.0,0.0,0.0,0.0,0.0,0.0,0.0,0.0,0.0
0,90,10,resample_pointwise,0.99,0.7451564828614009,66.89673600545451,0,,,0.0,0.0,0.0,0.0,0.0,0.0,0.0,0.0,0.0
0,90,25,baseline,0.5,0.7451564828614009,0.0,36,-1.0,1.0,0.972972972972973,1.0,0.9473684210526316,0.972972972972973,1.0,0.9473684210526316,0.972972972972973,1.0,0.9473684210526316
0,90,25,baseline,0.6,0.7451564828614009,0.0,36,-1.0,1.0,0.972972972972973,1.0,0.9473684210526316,0.972972972972973,1.0,0.9473684210526316,0.972972972972973,1.0,0.9473684210526316
0,90,25,baseline,0.7,0.7451564828614009,9.285551724957188,36,-1.0,1.0,0.972972972972973,1.0,0.9473684210526316,0.972972972972973,1.0,0.9473684210526316,0.972972972972973,1.0,0.9473684210526316
0,90,25,baseline,0.75,0.7451564828614009,17.23418894076071,36,2.5,2.5,0.972972972972973,1.0,0.9473684210526316,0.972972972972973,1.0,0.9473684210526316,0.972972972972973,1.0,0.9473684210526316
0,90,25,baseline,0.8,0.7451564828614009,23.45581163860344,36,11.5,11.5,0.0,0.0,0.0,0.2432432432432432,0.25,0.2368421052631578,0.972972972972973,1.0,0.9473684210526316
0,90,25,baseline,0.85,0.7451564828614009,26.77111825329085,36,19.5,19.5,0.0,0.0,0.0,0.0,0.0,0.0,0.972972972972973,1.0,0.9473684210526316
0,90,25,baseline,0.9,0.7451564828614009,27.47252747252744,188,34.0,34.0,0.0,0.0,0.0,0.0,0.0,0.0,0.3274336283185841,0.1968085106382978,0.9736842105263158
0,90,25,baseline,0.925,0.7451564828614009,27.47252747252748,188,34.0,34.0,0.0,0.0,0.0,0.0,0.0,0.0,0.3274336283185841,0.1968085106382978,0.9736842105263158
0,90,25,baseline,0.95,0.7451564828614009,27.47252747252752,151,35.0,35.0,0.0,0.0,0.0,0.0,0.0,0.0,0.2962962962962963,0.1854304635761589,0.7368421052631579
0,90,25,baseline,0.975,0.7451564828614009,27.47252747252756,9,24.0,24.0,0.0,0.0,0.0,0.0,0.0,0.0,0.3829787234042552,1.0,0.2368421052631578
0,90,25,baseline,0.99,0.7451564828614009,27.472527472527563,0,,,0.0,0.0,0.0,0.0,0.0,0.0,0.0,0.0,0.0
0,90,25,resample_pointwise,0.5,0.7451564828614009,18.22188776103216,36,3.5,3.5,0.972972972972973,1.0,0.9473684210526316,0.972972972972973,1.0,0.9473684210526316,0.972972972972973,1.0,0.9473684210526316
0,90,25,resample_pointwise,0.6,0.7451564828614009,21.36055703704228,36,7.5,7.5,0.0,0.0,0.0,0.972972972972973,1.0,0.9473684210526316,0.972972972972973,1.0,0.9473684210526316
0,90,25,resample_pointwise,0.7,0.7451564828614009,25.146353403265923,36,14.5,14.5,0.0,0.0,0.0,0.0,0.0,0.0,0.972972972972973,1.0,0.9473684210526316
0,90,25,resample_pointwise,0.75,0.7451564828614009,27.34210801433925,36,22.5,22.5,0.0,0.0,0.0,0.0,0.0,0.0,0.972972972972973,1.0,0.9473684210526316
0,90,25,resample_pointwise,0.8,0.7451564828614009,29.830256816064296,0,,,0.0,0.0,0.0,0.0,0.0,0.0,0.0,0.0,0.0
0,90,25,resample_pointwise,0.85,0.7451564828614009,32.75757636520975,0,,,0.0,0.0,0.0,0.0,0.0,0.0,0.0,0.0,0.0
0,90,25,resample_pointwise,0.9,0.7451564828614009,36.38547663885815,0,,,0.0,0.0,0.0,0.0,0.0,0.0,0.0,0.0,0.0
0,90,25,resample_pointwise,0.925,0.7451564828614009,38.639462869070655,0,,,0.0,0.0,0.0,0.0,0.0,0.0,0.0,0.0,0.0
0,90,25,resample_pointwise,0.95,0.7451564828614009,41.52162575247081,0,,,0.0,0.0,0.0,0.0,0.0,0.0,0.0,0.0,0.0
0,90,25,resample_pointwise,0.975,0.7451564828614009,45.70107585978885,0,,,0.0,0.0,0.0,0.0,0.0,0.0,0.0,0.0,0.0
0,90,25,resample_pointwise,0.99,0.7451564828614009,50.178096052526215,0,,,0.0,0.0,0.0,0.0,0.0,0.0,0.0,0.0,0.0
0,90,50,baseline,0.5,0.7451564828614009,1.8388132451298251,36,-1.0,1.0,0.972972972972973,1.0,0.9473684210526316,0.972972972972973,1.0,0.9473684210526316,0.972972972972973,1.0,0.9473684210526316
0,90,50,baseline,0.6,0.7451564828614009,10.878565864408396,36,-1.0,1.0,0.972972972972973,1.0,0.9473684210526316,0.972972972972973,1.0,0.9473684210526316,0.972972972972973,1.0,0.9473684210526316
0,90,50,baseline,0.7,0.7451564828614009,24.85800758301968,36,-1.0,1.0,0.972972972972973,1.0,0.9473684210526316,0.972972972972973,1.0,0.9473684210526316,0.972972972972973,1.0,0.9473684210526316
0,90,50,baseline,0.75,0.7451564828614009,33.12198019126947,36,2.5,2.5,0.972972972972973,1.0,0.9473684210526316,0.972972972972973,1.0,0.9473684210526316,0.972972972972973,1.0,0.9473684210526316
0,90,50,baseline,0.8,0.7451564828614009,40.38816609941939,36,11.5,11.5,0.0,0.0,0.0,0.2432432432432432,0.25,0.2368421052631578,0.972972972972973,1.0,0.9473684210526316
0,90,50,baseline,0.85,0.7451564828614009,45.89233997741432,36,19.5,19.5,0.0,0.0,0.0,0.0,0.0,0.0,0.972972972972973,1.0,0.9473684210526316
0,90,50,baseline,0.9,0.7451564828614009,49.995773278660224,36,28.5,28.5,0.0,0.0,0.0,0.0,0.0,0.0,0.0,0.0,0.0
0,90,50,baseline,0.925,0.7451564828614009,51.88977942748193,36,32.5,32.5,0.0,0.0,0.0,0.0,0.0,0.0,0.0,0.0,0.0
0,90,50,baseline,0.95,0.7451564828614009,53.0938702951208,36,37.0,37.0,0.0,0.0,0.0,0.0,0.0,0.0,0.0,0.0,0.0
0,90,50,baseline,0.975,0.7451564828614009,54.19354189471131,36,41.5,41.5,0.0,0.0,0.0,0.0,0.0,0.0,0.0,0.0,0.0
0,90,50,baseline,0.99,0.7451564828614009,54.43632619370506,36,44.0,44.0,0.0,0.0,0.0,0.0,0.0,0.0,0.0,0.0,0.0
0,90,50,resample_pointwise,0.5,0.7451564828614009,13.357864966173778,36,-1.0,1.0,0.972972972972973,1.0,0.9473684210526316,0.972972972972973,1.0,0.9473684210526316,0.972972972972973,1.0,0.9473684210526316
0,90,50,resample_pointwise,0.6,0.7451564828614009,15.664641477982864,36,-1.0,1.0,0.972972972972973,1.0,0.9473684210526316,0.972972972972973,1.0,0.9473684210526316,0.972972972972973,1.0,0.9473684210526316
0,90,50,resample_pointwise,0.7,0.7451564828614009,18.464808710879694,36,-1.0,1.0,0.972972972972973,1.0,0.9473684210526316,0.972972972972973,1.0,0.9473684210526316,0.972972972972973,1.0,0.9473684210526316
0,90,50,resample_pointwise,0.75,0.7451564828614009,20.119795794892237,36,-1.0,1.0,0.972972972972973,1.0,0.9473684210526316,0.972972972972973,1.0,0.9473684210526316,0.972972972972973,1.0,0.9473684210526316
0,90,50,resample_pointwise,0.8,0.7451564828614009,22.02467575764056,36,-1.0,1.0,0.972972972972973,1.0,0.9473684210526316,0.972972972972973,1.0,0.9473684210526316,0.972972972972973,1.0,0.9473684210526316
0,90,50,resample_pointwise,0.85,0.7451564828614009,24.317765136702164,36,-1.0,1.0,0.972972972972973,1.0,0.9473684210526316,0.972972972972973,1.0,0.9473684210526316,0.972972972972973,1.0,0.9473684210526316
0,90,50,resample_pointwise,0.9,0.7451564828614009,27.25806399750643,36,-1.0,1.0,0.972972972972973,1.0,0.9473684210526316,0.972972972972973,1.0,0.9473684210526316,0.972972972972973,1.0,0.9473684210526316
0,90,50,resample_pointwise,0.925,0.7451564828614009,29.149270837181035,36,-1.0,1.0,0.972972972972973,1.0,0.9473684210526316,0.972972972972973,1.0,0.9473684210526316,0.972972972972973,1.0,0.9473684210526316
0,90,50,resample_pointwise,0.95,0.7451564828614009,31.5891540377343,36,0.5,0.5,0.972972972972973,1.0,0.9473684210526316,0.972972972972973,1.0,0.9473684210526316,0.972972972972973,1.0,0.9473684210526316
0,90,50,resample_pointwise,0.975,0.7451564828614009,35.26941865531015,36,4.5,4.5,0.972972972972973,1.0,0.9473684210526316,0.972972972972973,1.0,0.9473684210526316,0.972972972972973,1.0,0.9473684210526316
0,90,50,resample_pointwise,0.99,0.7451564828614009,39.39771171582721,36,9.5,9.5,0.0,0.0,0.0,0.972972972972973,1.0,0.9473684210526316,0.972972972972973,1.0,0.9473684210526316
0,90,100,baseline,0.5,0.7451564828614009,25.927019706038937,36,-10.0,10.0,0.0,0.0,0.0,0.6756756756756757,0.6944444444444444,0.6578947368421053,0.6756756756756757,0.6944444444444444,0.6578947368421053
0,90,100,baseline,0.6,0.7451564828614009,40.79647204581664,36,-10.0,10.0,0.0,0.0,0.0,0.7567567567567567,0.7777777777777778,0.7368421052631579,0.972972972972973,1.0,0.9473684210526316
0,90,100,baseline,0.7,0.7451564828614009,56.422659309150646,36,-7.0,7.0,0.0,0.0,0.0,0.972972972972973,1.0,0.9473684210526316,0.972972972972973,1.0,0.9473684210526316
0,90,100,baseline,0.75,0.7451564828614009,63.8851992351803,36,2.0,2.0,0.972972972972973,1.0,0.9473684210526316,0.972972972972973,1.0,0.9473684210526316,0.972972972972973,1.0,0.9473684210526316
0,90,100,baseline,0.8,0.7451564828614009,69.73261333577972,36,11.5,11.5,0.0,0.0,0.0,0.0,0.0,0.0,0.972972972972973,1.0,0.9473684210526316
0,90,100,baseline,0.85,0.7451564828614009,73.79372578479442,36,19.5,19.5,0.0,0.0,0.0,0.0,0.0,0.0,0.972972972972973,1.0,0.9473684210526316
0,90,100,baseline,0.9,0.7451564828614009,76.50324994892215,36,28.5,28.5,0.0,0.0,0.0,0.0,0.0,0.0,0.0,0.0,0.0
0,90,100,baseline,0.925,0.7451564828614009,77.60848486523187,36,33.0,33.0,0.0,0.0,0.0,0.0,0.0,0.0,0.0,0.0,0.0
0,90,100,baseline,0.95,0.7451564828614009,78.2290241520385,36,37.5,37.5,0.0,0.0,0.0,0.0,0.0,0.0,0.0,0.0,0.0
0,90,100,baseline,0.975,0.7451564828614009,78.68423470561807,36,42.0,42.0,0.0,0.0,0.0,0.0,0.0,0.0,0.0,0.0,0.0
0,90,100,baseline,0.99,0.7451564828614009,78.7679859104929,36,44.5,44.5,0.0,0.0,0.0,0.0,0.0,0.0,0.0,0.0,0.0
0,90,100,resample_pointwise,0.5,0.7451564828614009,9.66095949629661,36,-10.0,10.0,0.0,0.0,0.0,0.5405405405405405,0.5555555555555556,0.5263157894736842,0.5405405405405405,0.5555555555555556,0.5263157894736842
0,90,100,resample_pointwise,0.6,0.7451564828614009,11.33893419027677,36,-10.0,10.0,0.0,0.0,0.0,0.5405405405405405,0.5555555555555556,0.5263157894736842,0.5405405405405405,0.5555555555555556,0.5263157894736842
0,90,100,resample_pointwise,0.7,0.7451564828614009,13.378641370561947,36,-10.0,10.0,0.0,0.0,0.0,0.5675675675675677,0.5833333333333334,0.5526315789473685,0.5675675675675677,0.5833333333333334,0.5526315789473685
0,90,100,resample_pointwise,0.75,0.7451564828614009,14.595127662315592,36,-10.0,10.0,0.0,0.0,0.0,0.5945945945945946,0.6111111111111112,0.5789473684210527,0.5945945945945946,0.6111111111111112,0.5789473684210527
0,90,100,resample_pointwise,0.8,0.7451564828614009,16.011935531315505,36,-10.0,10.0,0.0,0.0,0.0,0.5945945945945946,0.6111111111111112,0.5789473684210527,0.5945945945945946,0.6111111111111112,0.5789473684210527
0,90,100,resample_pointwise,0.85,0.7451564828614009,17.716180740128625,36,-10.0,10.0,0.0,0.0,0.0,0.5945945945945946,0.6111111111111112,0.5789473684210527,0.5945945945945946,0.6111111111111112,0.5789473684210527
0,90,100,resample_pointwise,0.9,0.7451564828614009,19.91104477776119,36,-10.0,10.0,0.0,0.0,0.0,0.5945945945945946,0.6111111111111112,0.5789473684210527,0.5945945945945946,0.6111111111111112,0.5789473684210527
0,90,100,resample_pointwise,0.925,0.7451564828614009,21.345853308023333,36,-10.0,10.0,0.0,0.0,0.0,0.5945945945945946,0.6111111111111112,0.5789473684210527,0.5945945945945946,0.6111111111111112,0.5789473684210527
0,90,100,resample_pointwise,0.95,0.7451564828614009,23.219860829990715,36,-10.0,10.0,0.0,0.0,0.0,0.6486486486486486,0.6666666666666666,0.631578947368421,0.6486486486486486,0.6666666666666666,0.631578947368421
0,90,100,resample_pointwise,0.975,0.7451564828614009,26.074077263294093,36,-10.0,10.0,0.0,0.0,0.0,0.6756756756756757,0.6944444444444444,0.6578947368421053,0.6756756756756757,0.6944444444444444,0.6578947368421053
0,90,100,resample_pointwise,0.99,0.7451564828614009,29.392379404370278,36,-10.0,10.0,0.0,0.0,0.0,0.7027027027027027,0.7222222222222222,0.6842105263157895,0.7027027027027027,0.7222222222222222,0.6842105263157895
0,95,10,baseline,0.5,0.7347538574577517,0.0,36,-1.0,1.0,0.972972972972973,1.0,0.9473684210526316,0.972972972972973,1.0,0.9473684210526316,0.972972972972973,1.0,0.9473684210526316
0,95,10,baseline,0.6,0.7347538574577517,0.0,36,-1.0,1.0,0.972972972972973,1.0,0.9473684210526316,0.972972972972973,1.0,0.9473684210526316,0.972972972972973,1.0,0.9473684210526316
0,95,10,baseline,0.7,0.7347538574577517,1.804219591217638,36,-1.0,1.0,0.972972972972973,1.0,0.9473684210526316,0.972972972972973,1.0,0.9473684210526316,0.972972972972973,1.0,0.9473684210526316
0,95,10,baseline,0.75,0.7347538574577517,8.532769756780196,36,4.5,4.5,0.972972972972973,1.0,0.9473684210526316,0.972972972972973,1.0,0.9473684210526316,0.972972972972973,1.0,0.9473684210526316
0,95,10,baseline,0.8,0.7347538574577517,10.4166666666666,475,29.0,29.0,0.0,0.0,0.0,0.0,0.0,0.0,0.1481481481481481,0.08,1.0
0,95,10,baseline,0.85,0.7347538574577517,10.4166666666666,475,29.0,29.0,0.0,0.0,0.0,0.0,0.0,0.0,0.1481481481481481,0.08,1.0
0,95,10,baseline,0.9,0.7347538574577517,10.416666666666698,0,,,0.0,0.0,0.0,0.0,0.0,0.0,0.0,0.0,0.0
0,95,10,baseline,0.925,0.7347538574577517,10.416666666666698,0,,,0.0,0.0,0.0,0.0,0.0,0.0,0.0,0.0,0.0
0,95,10,baseline,0.95,0.7347538574577517,10.4166666666667,0,,,0.0,0.0,0.0,0.0,0.0,0.0,0.0,0.0,0.0
0,95,10,baseline,0.975,0.7347538574577517,10.4166666666667,0,,,0.0,0.0,0.0,0.0,0.0,0.0,0.0,0.0,0.0
0,95,10,baseline,0.99,0.7347538574577517,10.4166666666667,0,,,0.0,0.0,0.0,0.0,0.0,0.0,0.0,0.0,0.0
0,95,10,resample_pointwise,0.5,0.7347538574577517,26.60841619675984,0,,,0.0,0.0,0.0,0.0,0.0,0.0,0.0,0.0,0.0
0,95,10,resample_pointwise,0.6,0.7347538574577517,31.19265571946916,0,,,0.0,0.0,0.0,0.0,0.0,0.0,0.0,0.0,0.0
0,95,10,resample_pointwise,0.7,0.7347538574577517,36.25688392491063,0,,,0.0,0.0,0.0,0.0,0.0,0.0,0.0,0.0,0.0
0,95,10,resample_pointwise,0.75,0.7347538574577517,39.16167964704512,0,,,0.0,0.0,0.0,0.0,0.0,0.0,0.0,0.0,0.0
0,95,10,resample_pointwise,0.8,0.7347538574577517,42.41515223229647,0,,,0.0,0.0,0.0,0.0,0.0,0.0,0.0,0.0,0.0
0,95,10,resample_pointwise,0.85,0.7347538574577517,45.99993395224732,0,,,0.0,0.0,0.0,0.0,0.0,0.0,0.0,0.0,0.0
0,95,10,resample_pointwise,0.9,0.7347538574577517,50.38157353029863,0,,,0.0,0.0,0.0,0.0,0.0,0.0,0.0,0.0,0.0
0,95,10,resample_pointwise,0.925,0.7347538574577517,53.10763605117857,0,,,0.0,0.0,0.0,0.0,0.0,0.0,0.0,0.0,0.0
0,95,10,resample_pointwise,0.95,0.7347538574577517,56.42045931368036,0,,,0.0,0.0,0.0,0.0,0.0,0.0,0.0,0.0,0.0
0,95,10,resample_pointwise,0.975,0.7347538574577517,61.36968359099061,0,,,0.0,0.0,0.0,0.0,0.0,0.0,0.0,0.0,0.0
0,95,10,resample_pointwise,0.99,0.7347538574577517,66.62992151347923,0,,,0.0,0.0,0.0,0.0,0.0,0.0,0.0,0.0,0.0
0,95,25,baseline,0.5,0.7347538574577517,0.0,36,-1.0,1.0,0.972972972972973,1.0,0.9473684210526316,0.972972972972973,1.0,0.9473684210526316,0.972972972972973,1.0,0.9473684210526316
0,95,25,baseline,0.6,0.7347538574577517,0.2083333333333996,36,-1.0,1.0,0.972972972972973,1.0,0.9473684210526316,0.972972972972973,1.0,0.9473684210526316,0.972972972972973,1.0,0.9473684210526316
0,95,25,baseline,0.7,0.7347538574577517,10.353978033157665,36,-1.0,1.0,0.972972972972973,1.0,0.9473684210526316,0.972972972972973,1.0,0.9473684210526316,0.972972972972973,1.0,0.9473684210526316
0,95,25,baseline,0.75,0.7347538574577517,17.90455016655451,36,4.5,4.5,0.972972972972973,1.0,0.9473684210526316,0.972972972972973,1.0,0.9473684210526316,0.972972972972973,1.0,0.9473684210526316
0,95,25,baseline,0.8,0.7347538574577517,23.17562027217396,36,13.5,13.5,0.0,0.0,0.0,0.0,0.0,0.0,0.972972972972973,1.0,0.9473684210526316
0,95,25,baseline,0.85,0.7347538574577517,25.802232623037373,36,22.5,22.5,0.0,0.0,0.0,0.0,0.0,0.0,0.972972972972973,1.0,0.9473684210526316
0,95,25,baseline,0.9,0.7347538574577517,26.041666666666643,285,36.0,36.0,0.0,0.0,0.0,0.0,0.0,0.0,0.0,0.0,0.0
0,95,25,baseline,0.925,0.7347538574577517,26.04166666666668,0,,,0.0,0.0,0.0,0.0,0.0,0.0,0.0,0.0,0.0
0,95,25,baseline,0.95,0.7347538574577517,26.04166666666668,0,,,0.0,0.0,0.0,0.0,0.0,0.0,0.0,0.0,0.0
0,95,25,baseline,0.975,0.7347538574577517,26.04166666666668,0,,,0.0,0.0,0.0,0.0,0.0,0.0,0.0,0.0,0.0
0,95,25,baseline,0.99,0.7347538574577517,26.04166666666668,0,,,0.0,0.0,0.0,0.0,0.0,0.0,0.0,0.0,0.0
0,95,25,resample_pointwise,0.5,0.7347538574577517,17.929985359726295,36,4.5,4.5,0.972972972972973,1.0,0.9473684210526316,0.972972972972973,1.0,0.9473684210526316,0.972972972972973,1.0,0.9473684210526316
0,95,25,resample_pointwise,0.6,0.7347538574577517,20.97659078856978,36,8.5,8.5,0.0,0.0,0.0,0.972972972972973,1.0,0.9473684210526316,0.972972972972973,1.0,0.9473684210526316
0,95,25,resample_pointwise,0.7,0.7347538574577517,24.67233183818126,36,16.5,16.5,0.0,0.0,0.0,0.0,0.0,0.0,0.972972972972973,1.0,0.9473684210526316
0,95,25,resample_pointwise,0.75,0.7347538574577517,26.839446767356872,0,,,0.0,0.0,0.0,0.0,0.0,0.0,0.0,0.0,0.0
0,95,25,resample_pointwise,0.8,0.7347538574577517,29.29880780661365,0,,,0.0,0.0,0.0,0.0,0.0,0.0,0.0,0.0,0.0
0,95,25,resample_pointwise,0.85,0.7347538574577517,32.196095130724544,0,,,0.0,0.0,0.0,0.0,0.0,0.0,0.0,0.0,0.0
0,95,25,resample_pointwise,0.9,0.7347538574577517,35.779999068381024,0,,,0.0,0.0,0.0,0.0,0.0,0.0,0.0,0.0,0.0
0,95,25,resample_pointwise,0.925,0.7347538574577517,38.05777315112142,0,,,0.0,0.0,0.0,0.0,0.0,0.0,0.0,0.0,0.0
0,95,25,resample_pointwise,0.95,0.7347538574577517,40.91350547869922,0,,,0.0,0.0,0.0,0.0,0.0,0.0,0.0,0.0,0.0
0,95,25,resample_pointwise,0.975,0.7347538574577517,45.0996677892573,0,,,0.0,0.0,0.0,0.0,0.0,0.0,0.0,0.0,0.0
0,95,25,resample_pointwise,0.99,0.7347538574577517,49.52859373354174,0,,,0.0,0.0,0.0,0.0,0.0,0.0,0.0,0.0,0.0
0,95,50,baseline,0.5,0.7347538574577517,2.104063528825423,36,-1.0,1.0,0.972972972972973,1.0,0.9473684210526316,0.972972972972973,1.0,0.9473684210526316,0.972972972972973,1.0,0.9473684210526316
0,95,50,baseline,0.6,0.7347538574577517,11.60044449579411,36,-1.0,1.0,0.972972972972973,1.0,0.9473684210526316,0.972972972972973,1.0,0.9473684210526316,0.972972972972973,1.0,0.9473684210526316
0,95,50,baseline,0.7,0.7347538574577517,25.246183705001165,36,-1.0,1.0,0.972972972972973,1.0,0.9473684210526316,0.972972972972973,1.0,0.9473684210526316,0.972972972972973,1.0,0.9473684210526316
0,95,50,baseline,0.75,0.7347538574577517,33.075500227173855,36,4.5,4.5,0.972972972972973,1.0,0.9473684210526316,0.972972972972973,1.0,0.9473684210526316,0.972972972972973,1.0,0.9473684210526316
0,95,50,baseline,0.8,0.7347538574577517,39.60388720750078,36,13.5,13.5,0.0,0.0,0.0,0.0,0.0,0.0,0.972972972972973,1.0,0.9473684210526316
0,95,50,baseline,0.85,0.7347538574577517,44.7101972273788,36,22.0,22.0,0.0,0.0,0.0,0.0,0.0,0.0,0.972972972972973,1.0,0.9473684210526316
0,95,50,baseline,0.9,0.7347538574577517,48.5175190294988,36,31.5,31.5,0.0,0.0,0.0,0.0,0.0,0.0,0.0,0.0,0.0
0,95,50,baseline,0.925,0.7347538574577517,49.79123082096551,36,35.5,35.5,0.0,0.0,0.0,0.0,0.0,0.0,0.0,0.0,0.0
0,95,50,baseline,0.95,0.7347538574577517,51.00657807522912,36,40.0,40.0,0.0,0.0,0.0,0.0,0.0,0.0,0.0,0.0,0.0
0,95,50,baseline,0.975,0.7347538574577517,51.663096314809984,36,44.5,44.5,0.0,0.0,0.0,0.0,0.0,0.0,0.0,0.0,0.0
0,95,50,baseline,0.99,0.7347538574577517,51.96110658196398,36,47.0,47.0,0.0,0.0,0.0,0.0,0.0,0.0,0.0,0.0,0.0
0,95,50,resample_pointwise,0.5,0.7347538574577517,13.165446937174476,36,-1.0,1.0,0.972972972972973,1.0,0.9473684210526316,0.972972972972973,1.0,0.9473684210526316,0.972972972972973,1.0,0.9473684210526316
0,95,50,resample_pointwise,0.6,0.7347538574577517,15.406105616857808,36,-1.0,1.0,0.972972972972973,1.0,0.9473684210526316,0.972972972972973,1.0,0.9473684210526316,0.972972972972973,1.0,0.9473684210526316
0,95,50,resample_pointwise,0.7,0.7347538574577517,18.12978863944945,36,-1.0,1.0,0.972972972972973,1.0,0.9473684210526316,0.972972972972973,1.0,0.9473684210526316,0.972972972972973,1.0,0.9473684210526316
0,95,50,resample_pointwise,0.75,0.7347538574577517,19.746109848946624,36,-1.0,1.0,0.972972972972973,1.0,0.9473684210526316,0.972972972972973,1.0,0.9473684210526316,0.972972972972973,1.0,0.9473684210526316
0,95,50,resample_pointwise,0.8,0.7347538574577517,21.61150831540145,36,-1.0,1.0,0.972972972972973,1.0,0.9473684210526316,0.972972972972973,1.0,0.9473684210526316,0.972972972972973,1.0,0.9473684210526316
0,95,50,resample_pointwise,0.85,0.7347538574577517,23.84119916819997,36,-1.0,1.0,0.972972972972973,1.0,0.9473684210526316,0.972972972972973,1.0,0.9473684210526316,0.972972972972973,1.0,0.9473684210526316
0,95,50,resample_pointwise,0.9,0.7347538574577517,26.696760363176875,36,-1.0,1.0,0.972972972972973,1.0,0.9473684210526316,0.972972972972973,1.0,0.9473684210526316,0.972972972972973,1.0,0.9473684210526316
0,95,50,resample_pointwise,0.925,0.7347538574577517,28.5580093114582,36,-1.0,1.0,0.972972972972973,1.0,0.9473684210526316,0.972972972972973,1.0,0.9473684210526316,0.972972972972973,1.0,0.9473684210526316
0,95,50,resample_pointwise,0.95,0.7347538574577517,30.93241400393946,36,1.5,1.5,0.972972972972973,1.0,0.9473684210526316,0.972972972972973,1.0,0.9473684210526316,0.972972972972973,1.0,0.9473684210526316
0,95,50,resample_pointwise,0.975,0.7347538574577517,34.52093391526808,36,5.5,5.5,0.4864864864864865,0.5,0.4736842105263157,0.972972972972973,1.0,0.9473684210526316,0.972972972972973,1.0,0.9473684210526316
0,95,50,resample_pointwise,0.99,0.7347538574577517,38.52140796392705,36,11.5,11.5,0.0,0.0,0.0,0.0,0.0,0.0,0.972972972972973,1.0,0.9473684210526316
0,95,100,baseline,0.5,0.7347538574577517,26.22125575696599,36,-5.0,5.0,0.8108108108108109,0.8333333333333334,0.7894736842105263,0.8108108108108109,0.8333333333333334,0.7894736842105263,0.8108108108108109,0.8333333333333334,0.7894736842105263
0,95,100,baseline,0.6,0.7347538574577517,40.23935547653152,36,-5.0,5.0,0.8648648648648649,0.8888888888888888,0.8421052631578947,0.8648648648648649,0.8888888888888888,0.8421052631578947,0.972972972972973,1.0,0.9473684210526316
0,95,100,baseline,0.7,0.7347538574577517,55.24713652081888,36,-4.5,4.5,0.972972972972973,1.0,0.9473684210526316,0.972972972972973,1.0,0.9473684210526316,0.972972972972973,1.0,0.9473684210526316
0,95,100,baseline,0.75,0.7347538574577517,62.750885341253245,36,4.5,4.5,0.972972972972973,1.0,0.9473684210526316,0.972972972972973,1.0,0.9473684210526316,0.972972972972973,1.0,0.9473684210526316
0,95,100,baseline,0.8,0.7347538574577517,68.46658755269691,36,13.0,13.0,0.0,0.0,0.0,0.0,0.0,0.0,0.972972972972973,1.0,0.9473684210526316
0,95,100,baseline,0.85,0.7347538574577517,72.58735159179669,36,22.0,22.0,0.0,0.0,0.0,0.0,0.0,0.0,0.972972972972973,1.0,0.9473684210526316
0,95,100,baseline,0.9,0.7347538574577517,75.3752188130231,36,31.5,31.5,0.0,0.0,0.0,0.0,0.0,0.0,0.0,0.0,0.0
0,95,100,baseline,0.925,0.7347538574577517,76.22722792924964,36,35.5,35.5,0.0,0.0,0.0,0.0,0.0,0.0,0.0,0.0,0.0
0,95,100,baseline,0.95,0.7347538574577517,76.97514930879387,36,40.5,40.5,0.0,0.0,0.0,0.0,0.0,0.0,0.0,0.0,0.0
0,95,100,baseline,0.975,0.7347538574577517,77.32619399516426,36,44.5,44.5,0.0,0.0,0.0,0.0,0.0,0.0,0.0,0.0,0.0
0,95,100,baseline,0.99,0.7347538574577517,77.44733873915732,18,47.0,47.0,0.0,0.0,0.0,0.0,0.0,0.0,0.0,0.0,0.0
0,95,100,resample_pointwise,0.5,0.7347538574577517,9.522565487946125,36,-5.0,5.0,0.6486486486486486,0.6666666666666666,0.631578947368421,0.6486486486486486,0.6666666666666666,0.631578947368421,0.6486486486486486,0.6666666666666666,0.631578947368421
0,95,100,resample_pointwise,0.6,0.7347538574577517,11.153132345270157,36,-5.0,5.0,0.7027027027027027,0.7222222222222222,0.6842105263157895,0.7027027027027027,0.7222222222222222,0.6842105263157895,0.7027027027027027,0.7222222222222222,0.6842105263157895
0,95,100,resample_pointwise,0.7,0.7347538574577517,13.138964131351434,36,-5.0,5.0,0.7027027027027027,0.7222222222222222,0.6842105263157895,0.7027027027027027,0.7222222222222222,0.6842105263157895,0.7027027027027027,0.7222222222222222,0.6842105263157895
0,95,100,resample_pointwise,0.75,0.7347538574577517,14.329827876776932,36,-5.0,5.0,0.7027027027027027,0.7222222222222222,0.6842105263157895,0.7027027027027027,0.7222222222222222,0.6842105263157895,0.7027027027027027,0.7222222222222222,0.6842105263157895
0,95,100,resample_pointwise,0.8,0.7347538574577517,15.706039841411355,36,-5.0,5.0,0.7027027027027027,0.7222222222222222,0.6842105263157895,0.7027027027027027,0.7222222222222222,0.6842105263157895,0.7027027027027027,0.7222222222222222,0.6842105263157895
0,95,100,resample_pointwise,0.85,0.7347538574577517,17.377110683149997,36,-5.0,5.0,0.7027027027027027,0.7222222222222222,0.6842105263157895,0.7027027027027027,0.7222222222222222,0.6842105263157895,0.7027027027027027,0.7222222222222222,0.6842105263157895
0,95,100,resample_pointwise,0.9,0.7347538574577517,19.56309903236195,36,-5.0,5.0,0.7027027027027027,0.7222222222222222,0.6842105263157895,0.7027027027027027,0.7222222222222222,0.6842105263157895,0.7027027027027027,0.7222222222222222,0.6842105263157895
0,95,100,resample_pointwise,0.925,0.7347538574577517,20.998821891556982,36,-5.0,5.0,0.7027027027027027,0.7222222222222222,0.6842105263157895,0.7027027027027027,0.7222222222222222,0.6842105263157895,0.7027027027027027,0.7222222222222222,0.6842105263157895
0,95,100,resample_pointwise,0.95,0.7347538574577517,22.88847698017981,36,-5.0,5.0,0.7297297297297298,0.75,0.7105263157894737,0.7297297297297298,0.75,0.7105263157894737,0.7297297297297298,0.75,0.7105263157894737
0,95,100,resample_pointwise,0.975,0.7347538574577517,25.79234820047305,36,-5.0,5.0,0.8108108108108109,0.8333333333333334,0.7894736842105263,0.8108108108108109,0.8333333333333334,0.7894736842105263,0.8108108108108109,0.8333333333333334,0.7894736842105263
0,95,100,resample_pointwise,0.99,0.7347538574577517,29.064015790682223,36,-5.0,5.0,0.8648648648648649,0.8888888888888888,0.8421052631578947,0.8648648648648649,0.8888888888888888,0.8421052631578947,0.8648648648648649,0.8888888888888888,0.8421052631578947
0,100,10,baseline,0.5,0.7246376811594203,0.0,36,-1.0,1.0,0.972972972972973,1.0,0.9473684210526316,0.972972972972973,1.0,0.9473684210526316,0.972972972972973,1.0,0.9473684210526316
0,100,10,baseline,0.6,0.7246376811594203,0.0,36,-1.0,1.0,0.972972972972973,1.0,0.9473684210526316,0.972972972972973,1.0,0.9473684210526316,0.972972972972973,1.0,0.9473684210526316
0,100,10,baseline,0.7,0.7246376811594203,2.9867530948511893,36,-1.0,1.0,0.972972972972973,1.0,0.9473684210526316,0.972972972972973,1.0,0.9473684210526316,0.972972972972973,1.0,0.9473684210526316
0,100,10,baseline,0.75,0.7246376811594203,9.020231266479588,36,6.0,6.0,0.2432432432432432,0.25,0.2368421052631578,0.972972972972973,1.0,0.9473684210526316,0.972972972972973,1.0,0.9473684210526316
0,100,10,baseline,0.8,0.7246376811594203,9.900990099009498,74,35.5,35.5,0.0,0.0,0.0,0.3392857142857142,0.2567567567567567,0.5,0.3392857142857142,0.2567567567567567,0.5
0,100,10,baseline,0.85,0.7246376811594203,9.900990099009997,188,18.5,18.5,0.0,0.0,0.0,0.1681415929203539,0.101063829787234,0.5,0.3274336283185841,0.1968085106382978,0.9736842105263158
0,100,10,baseline,0.9,0.7246376811594203,9.90099009901,150,29.0,29.0,0.0,0.0,0.0,0.2021276595744681,0.1266666666666666,0.5,0.3936170212765957,0.2466666666666666,0.9736842105263158
0,100,10,baseline,0.925,0.7246376811594203,9.90099009901,112,31.0,31.0,0.0,0.0,0.0,0.0,0.0,0.0,0.24,0.1607142857142857,0.4736842105263157
0,100,10,baseline,0.95,0.7246376811594203,9.900990099010006,112,33.0,33.0,0.0,0.0,0.0,0.0,0.0,0.0,0.24,0.1607142857142857,0.4736842105263157
0,100,10,baseline,0.975,0.7246376811594203,9.900990099010007,36,17.0,17.0,0.0,0.0,0.0,0.0,0.0,0.0,0.4864864864864865,0.5,0.4736842105263157
0,100,10,baseline,0.99,0.7246376811594203,9.90099009901001,36,17.0,17.0,0.0,0.0,0.0,0.0,0.0,0.0,0.4864864864864865,0.5,0.4736842105263157
0,100,10,resample_pointwise,0.5,0.7246376811594203,26.2758921370389,0,,,0.0,0.0,0.0,0.0,0.0,0.0,0.0,0.0,0.0
0,100,10,resample_pointwise,0.6,0.7246376811594203,30.748911194593013,0,,,0.0,0.0,0.0,0.0,0.0,0.0,0.0,0.0,0.0
0,100,10,resample_pointwise,0.7,0.7246376811594203,35.81230684330544,0,,,0.0,0.0,0.0,0.0,0.0,0.0,0.0,0.0,0.0
0,100,10,resample_pointwise,0.75,0.7246376811594203,38.7003980778541,0,,,0.0,0.0,0.0,0.0,0.0,0.0,0.0,0.0,0.0
0,100,10,resample_pointwise,0.8,0.7246376811594203,41.91523088027876,0,,,0.0,0.0,0.0,0.0,0.0,0.0,0.0,0.0,0.0
0,100,10,resample_pointwise,0.85,0.7246376811594203,45.548859030329226,0,,,0.0,0.0,0.0,0.0,0.0,0.0,0.0,0.0,0.0
0,100,10,resample_pointwise,0.9,0.7246376811594203,49.91218639127929,0,,,0.0,0.0,0.0,0.0,0.0,0.0,0.0,0.0,0.0
0,100,10,resample_pointwise,0.925,0.7246376811594203,52.64217797610983,0,,,0.0,0.0,0.0,0.0,0.0,0.0,0.0,0.0,0.0
0,100,10,resample_pointwise,0.95,0.7246376811594203,55.98394885289721,0,,,0.0,0.0,0.0,0.0,0.0,0.0,0.0,0.0,0.0
0,100,10,resample_pointwise,0.975,0.7246376811594203,60.92689923415742,0,,,0.0,0.0,0.0,0.0,0.0,0.0,0.0,0.0,0.0
0,100,10,resample_pointwise,0.99,0.7246376811594203,66.17536181926464,0,,,0.0,0.0,0.0,0.0,0.0,0.0,0.0,0.0,0.0
0,100,25,baseline,0.5,0.7246376811594203,0.0,36,-1.0,1.0,0.972972972972973,1.0,0.9473684210526316,0.972972972972973,1.0,0.9473684210526316,0.972972972972973,1.0,0.9473684210526316
0,100,25,baseline,0.6,0.7246376811594203,0.4427857381187753,36,-1.0,1.0,0.972972972972973,1.0,0.9473684210526316,0.972972972972973,1.0,0.9473684210526316,0.972972972972973,1.0,0.9473684210526316
0,100,25,baseline,0.7,0.7246376811594203,11.394314757081936,36,-1.0,1.0,0.972972972972973,1.0,0.9473684210526316,0.972972972972973,1.0,0.9473684210526316,0.972972972972973,1.0,0.9473684210526316
0,100,25,baseline,0.75,0.7246376811594203,18.35826194894566,36,6.5,6.5,0.0,0.0,0.0,0.972972972972973,1.0,0.9473684210526316,0.972972972972973,1.0,0.9473684210526316
0,100,25,baseline,0.8,0.7246376811594203,22.802390765124635,36,15.0,15.0,0.0,0.0,0.0,0.0,0.0,0.0,0.972972972972973,1.0,0.9473684210526316
0,100,25,baseline,0.85,0.7246376811594203,24.713632890016395,36,24.0,24.0,0.0,0.0,0.0,0.0,0.0,0.0,0.7297297297297298,0.75,0.7105263157894737
0,100,25,baseline,0.9,0.7246376811594203,24.75247524752432,74,29.5,29.5,0.0,0.0,0.0,0.0,0.0,0.0,0.6607142857142857,0.5,0.9736842105263158
0,100,25,baseline,0.925,0.7246376811594203,24.75247524752452,74,27.5,27.5,0.0,0.0,0.0,0.0,0.0,0.0,0.6607142857142857,0.5,0.9736842105263158
0,100,25,baseline,0.95,0.7246376811594203,24.75247524752469,74,25.5,25.5,0.0,0.0,0.0,0.0,0.0,0.0,0.6607142857142857,0.5,0.9736842105263158
0,100,25,baseline,0.975,0.7246376811594203,24.75247524752488,74,25.5,25.5,0.0,0.0,0.0,0.0,0.0,0.0,0.6607142857142857,0.5,0.9736842105263158
0,100,25,baseline,0.99,0.7246376811594203,24.752475247525,0,,,0.0,0.0,0.0,0.0,0.0,0.0,0.0,0.0,0.0
0,100,25,resample_pointwise,0.5,0.7246376811594203,17.70921545767249,36,5.5,5.5,0.4864864864864865,0.5,0.4736842105263157,0.972972972972973,1.0,0.9473684210526316,0.972972972972973,1.0,0.9473684210526316
0,100,25,resample_pointwise,0.6,0.7246376811594203,20.699463695341837,36,10.5,10.5,0.0,0.0,0.0,0.4864864864864865,0.5,0.4736842105263157,0.972972972972973,1.0,0.9473684210526316
0,100,25,resample_pointwise,0.7,0.7246376811594203,24.316154407312798,36,20.5,20.5,0.0,0.0,0.0,0.0,0.0,0.0,0.972972972972973,1.0,0.9473684210526316
0,100,25,resample_pointwise,0.75,0.7246376811594203,26.439907691840908,0,,,0.0,0.0,0.0,0.0,0.0,0.0,0.0,0.0,0.0
0,100,25,resample_pointwise,0.8,0.7246376811594203,28.85930566690946,0,,,0.0,0.0,0.0,0.0,0.0,0.0,0.0,0.0,0.0
0,100,25,resample_pointwise,0.85,0.7246376811594203,31.71449564949489,0,,,0.0,0.0,0.0,0.0,0.0,0.0,0.0,0.0,0.0
0,100,25,resample_pointwise,0.9,0.7246376811594203,35.32753184728495,0,,,0.0,0.0,0.0,0.0,0.0,0.0,0.0,0.0,0.0
0,100,25,resample_pointwise,0.925,0.7246376811594203,37.61229632474074,0,,,0.0,0.0,0.0,0.0,0.0,0.0,0.0,0.0,0.0
0,100,25,resample_pointwise,0.95,0.7246376811594203,40.479916802615,0,,,0.0,0.0,0.0,0.0,0.0,0.0,0.0,0.0,0.0
0,100,25,resample_pointwise,0.975,0.7246376811594203,44.72498717667819,0,,,0.0,0.0,0.0,0.0,0.0,0.0,0.0,0.0,0.0
0,100,25,resample_pointwise,0.99,0.7246376811594203,49.31927158134247,0,,,0.0,0.0,0.0,0.0,0.0,0.0,0.0,0.0,0.0
0,100,50,baseline,0.5,0.7246376811594203,2.363828987388802,36,-1.0,1.0,0.972972972972973,1.0,0.9473684210526316,0.972972972972973,1.0,0.9473684210526316,0.972972972972973,1.0,0.9473684210526316
0,100,50,baseline,0.6,0.7246376811594203,11.656287249712149,36,-1.0,1.0,0.972972972972973,1.0,0.9473684210526316,0.972972972972973,1.0,0.9473684210526316,0.972972972972973,1.0,0.9473684210526316
0,100,50,baseline,0.7,0.7246376811594203,25.632284686182768,36,-1.0,1.0,0.972972972972973,1.0,0.9473684210526316,0.972972972972973,1.0,0.9473684210526316,0.972972972972973,1.0,0.9473684210526316
0,100,50,baseline,0.75,0.7246376811594203,32.94813872001324,36,6.5,6.5,0.0,0.0,0.0,0.972972972972973,1.0,0.9473684210526316,0.972972972972973,1.0,0.9473684210526316
0,100,50,baseline,0.8,0.7246376811594203,38.831577140231225,36,15.5,15.5,0.0,0.0,0.0,0.0,0.0,0.0,0.972972972972973,1.0,0.9473684210526316
0,100,50,baseline,0.85,0.7246376811594203,43.40678072468727,36,24.5,24.5,0.0,0.0,0.0,0.0,0.0,0.0,0.972972972972973,1.0,0.9473684210526316
0,100,50,baseline,0.9,0.7246376811594203,46.752177503968646,36,33.0,33.0,0.0,0.0,0.0,0.0,0.0,0.0,0.0,0.0,0.0
0,100,50,baseline,0.925,0.7246376811594203,47.83705145401943,36,37.5,37.5,0.0,0.0,0.0,0.0,0.0,0.0,0.0,0.0,0.0
0,100,50,baseline,0.95,0.7246376811594203,48.827844677412806,36,42.0,42.0,0.0,0.0,0.0,0.0,0.0,0.0,0.0,0.0,0.0
0,100,50,baseline,0.975,0.7246376811594203,49.31249720059579,36,46.5,46.5,0.0,0.0,0.0,0.0,0.0,0.0,0.0,0.0,0.0
0,100,50,baseline,0.99,0.7246376811594203,49.48534265153098,36,49.5,49.5,0.0,0.0,0.0,0.0,0.0,0.0,0.0,0.0,0.0
0,100,50,resample_pointwise,0.5,0.7246376811594203,12.985781702268826,36,-1.0,1.0,0.972972972972973,1.0,0.9473684210526316,0.972972972972973,1.0,0.9473684210526316,0.972972972972973,1.0,0.9473684210526316
0,100,50,resample_pointwise,0.6,0.7246376811594203,15.17405470151922,36,-1.0,1.0,0.972972972972973,1.0,0.9473684210526316,0.972972972972973,1.0,0.9473684210526316,0.972972972972973,1.0,0.9473684210526316
0,100,50,resample_pointwise,0.7,0.7246376811594203,17.832779885020948,36,-1.0,1.0,0.972972972972973,1.0,0.9473684210526316,0.972972972972973,1.0,0.9473684210526316,0.972972972972973,1.0,0.9473684210526316
0,100,50,resample_pointwise,0.75,0.7246376811594203,19.40493026264673,36,-1.0,1.0,0.972972972972973,1.0,0.9473684210526316,0.972972972972973,1.0,0.9473684210526316,0.972972972972973,1.0,0.9473684210526316
0,100,50,resample_pointwise,0.8,0.7246376811594203,21.238489215904604,36,-1.0,1.0,0.972972972972973,1.0,0.9473684210526316,0.972972972972973,1.0,0.9473684210526316,0.972972972972973,1.0,0.9473684210526316
0,100,50,resample_pointwise,0.85,0.7246376811594203,23.436712278041075,36,-1.0,1.0,0.972972972972973,1.0,0.9473684210526316,0.972972972972973,1.0,0.9473684210526316,0.972972972972973,1.0,0.9473684210526316
0,100,50,resample_pointwise,0.9,0.7246376811594203,26.248643305229223,36,-1.0,1.0,0.972972972972973,1.0,0.9473684210526316,0.972972972972973,1.0,0.9473684210526316,0.972972972972973,1.0,0.9473684210526316
0,100,50,resample_pointwise,0.925,0.7246376811594203,28.09369956589013,36,-0.5,0.5,0.972972972972973,1.0,0.9473684210526316,0.972972972972973,1.0,0.9473684210526316,0.972972972972973,1.0,0.9473684210526316
0,100,50,resample_pointwise,0.95,0.7246376811594203,30.46771309149049,36,2.5,2.5,0.972972972972973,1.0,0.9473684210526316,0.972972972972973,1.0,0.9473684210526316,0.972972972972973,1.0,0.9473684210526316
0,100,50,resample_pointwise,0.975,0.7246376811594203,34.040980510010705,36,7.5,7.5,0.0,0.0,0.0,0.972972972972973,1.0,0.9473684210526316,0.972972972972973,1.0,0.9473684210526316
0,100,50,resample_pointwise,0.99,0.7246376811594203,38.007423727556606,36,13.5,13.5,0.0,0.0,0.0,0.0,0.0,0.0,0.972972972972973,1.0,0.9473684210526316
0,100,100,baseline,0.5,0.7246376811594203,24.92317378879946,36,-1.0,1.0,0.7837837837837838,0.8055555555555556,0.7631578947368421,0.7837837837837838,0.8055555555555556,0.7631578947368421,0.7837837837837838,0.8055555555555556,0.7631578947368421
0,100,100,baseline,0.6,0.7246376811594203,38.99972224846357,36,-1.0,1.0,0.8108108108108109,0.8333333333333334,0.7894736842105263,0.8108108108108109,0.8333333333333334,0.7894736842105263,0.972972972972973,1.0,0.9473684210526316
0,100,100,baseline,0.7,0.7246376811594203,54.08569338737562,36,-1.0,1.0,0.972972972972973,1.0,0.9473684210526316,0.972972972972973,1.0,0.9473684210526316,0.972972972972973,1.0,0.9473684210526316
0,100,100,baseline,0.75,0.7246376811594203,61.53965154980387,36,6.0,6.0,0.2432432432432432,0.25,0.2368421052631578,0.972972972972973,1.0,0.9473684210526316,0.972972972972973,1.0,0.9473684210526316
0,100,100,baseline,0.8,0.7246376811594203,67.14842433809672,36,15.5,15.5,0.0,0.0,0.0,0.0,0.0,0.0,0.972972972972973,1.0,0.9473684210526316
0,100,100,baseline,0.85,0.7246376811594203,71.20601821266905,36,24.5,24.5,0.0,0.0,0.0,0.0,0.0,0.0,0.972972972972973,1.0,0.9473684210526316
0,100,100,baseline,0.9,0.7246376811594203,73.96814942063139,36,33.5,33.5,0.0,0.0,0.0,0.0,0.0,0.0,0.0,0.0,0.0
0,100,100,baseline,0.925,0.7246376811594203,74.81991581110057,36,37.5,37.5,0.0,0.0,0.0,0.0,0.0,0.0,0.0,0.0,0.0
0,100,100,baseline,0.95,0.7246376811594203,75.57698848273054,36,42.5,42.5,0.0,0.0,0.0,0.0,0.0,0.0,0.0,0.0,0.0
0,100,100,baseline,0.975,0.7246376811594203,75.94291759389573,36,46.5,46.5,0.0,0.0,0.0,0.0,0.0,0.0,0.0,0.0,0.0
0,100,100,baseline,0.99,0.7246376811594203,76.07968724883901,36,49.5,49.5,0.0,0.0,0.0,0.0,0.0,0.0,0.0,0.0,0.0
0,100,100,resample_pointwise,0.5,0.7246376811594203,9.486884646502684,36,-1.0,1.0,0.7297297297297298,0.75,0.7105263157894737,0.7297297297297298,0.75,0.7105263157894737,0.7297297297297298,0.75,0.7105263157894737
0,100,100,resample_pointwise,0.6,0.7246376811594203,11.105009816087051,36,-1.0,1.0,0.7567567567567567,0.7777777777777778,0.7368421052631579,0.7567567567567567,0.7777777777777778,0.7368421052631579,0.7567567567567567,0.7777777777777778,0.7368421052631579
0,100,100,resample_pointwise,0.7,0.7246376811594203,13.100023908725325,36,-1.0,1.0,0.7837837837837838,0.8055555555555556,0.7631578947368421,0.7837837837837838,0.8055555555555556,0.7631578947368421,0.7837837837837838,0.8055555555555556,0.7631578947368421
0,100,100,resample_pointwise,0.75,0.7246376811594203,14.293134600093898,36,-1.0,1.0,0.7837837837837838,0.8055555555555556,0.7631578947368421,0.7837837837837838,0.8055555555555556,0.7631578947368421,0.7837837837837838,0.8055555555555556,0.7631578947368421
0,100,100,resample_pointwise,0.8,0.7246376811594203,15.67517798252516,36,-1.0,1.0,0.7837837837837838,0.8055555555555556,0.7631578947368421,0.7837837837837838,0.8055555555555556,0.7631578947368421,0.7837837837837838,0.8055555555555556,0.7631578947368421
0,100,100,resample_pointwise,0.85,0.7246376811594203,17.336913557743,36,-1.0,1.0,0.7837837837837838,0.8055555555555556,0.7631578947368421,0.7837837837837838,0.8055555555555556,0.7631578947368421,0.7837837837837838,0.8055555555555556,0.7631578947368421
0,100,100,resample_pointwise,0.9,0.7246376811594203,19.47653355395928,36,-1.0,1.0,0.7837837837837838,0.8055555555555556,0.7631578947368421,0.7837837837837838,0.8055555555555556,0.7631578947368421,0.7837837837837838,0.8055555555555556,0.7631578947368421
0,100,100,resample_pointwise,0.925,0.7246376811594203,20.88606175693273,36,-1.0,1.0,0.7837837837837838,0.8055555555555556,0.7631578947368421,0.7837837837837838,0.8055555555555556,0.7631578947368421,0.7837837837837838,0.8055555555555556,0.7631578947368421
0,100,100,resample_pointwise,0.95,0.7246376811594203,22.74061509598257,36,-1.0,1.0,0.7837837837837838,0.8055555555555556,0.7631578947368421,0.7837837837837838,0.8055555555555556,0.7631578947368421,0.7837837837837838,0.8055555555555556,0.7631578947368421
0,100,100,resample_pointwise,0.975,0.7246376811594203,25.57045467146197,36,-1.0,1.0,0.7837837837837838,0.8055555555555556,0.7631578947368421,0.7837837837837838,0.8055555555555556,0.7631578947368421,0.7837837837837838,0.8055555555555556,0.7631578947368421
0,100,100,resample_pointwise,0.99,0.7246376811594203,28.850132819615133,36,-1.0,1.0,0.7837837837837838,0.8055555555555556,0.7631578947368421,0.7837837837837838,0.8055555555555556,0.7631578947368421,0.7837837837837838,0.8055555555555556,0.7631578947368421
5,1,10,baseline,0.5,0.9962143853357244,3.3056084374364336,546,-66.5,66.5,0.0,0.0,0.0,0.1301369863013698,0.0695970695970696,1.0,0.1301369863013698,0.0695970695970696,1.0
5,1,10,baseline,0.6,0.9962143853357244,3.703600310520225,461,-65.0,65.0,0.0,0.0,0.0,0.1523046092184369,0.0824295010845987,1.0,0.1523046092184369,0.0824295010845987,1.0
5,1,10,baseline,0.7,0.9962143853357244,4.221755941122906,373,-69.0,69.0,0.0,0.0,0.0,0.1849148418491484,0.1018766756032171,1.0,0.1849148418491484,0.1018766756032171,1.0
5,1,10,baseline,0.75,0.9962143853357244,4.542425473403075,312,-68.0,68.0,0.0,0.0,0.0,0.2171428571428571,0.1217948717948717,1.0,0.2171428571428571,0.1217948717948717,1.0
5,1,10,baseline,0.8,0.9962143853357244,4.9148724323232775,233,-55.0,55.0,0.0,0.0,0.0,0.2804428044280442,0.1630901287553648,1.0,0.2804428044280442,0.1630901287553648,1.0
5,1,10,baseline,0.85,0.9962143853357244,5.428820495020734,162,-54.5,54.5,0.0,0.0,0.0,0.38,0.2345679012345679,1.0,0.38,0.2345679012345679,1.0
5,1,10,baseline,0.9,0.9962143853357244,6.424903334525829,83,-28.0,28.0,0.0,0.0,0.0,0.628099173553719,0.4578313253012048,1.0,0.628099173553719,0.4578313253012048,1.0
5,1,10,baseline,0.925,0.9962143853357244,11.64179806601853,36,-8.0,8.0,0.0,0.0,0.0,0.972972972972973,1.0,0.9473684210526316,0.972972972972973,1.0,0.9473684210526316
5,1,10,baseline,0.95,0.9962143853357244,54.729461433750416,36,-5.0,5.0,0.7027027027027027,0.7222222222222222,0.6842105263157895,0.972972972972973,1.0,0.9473684210526316,0.972972972972973,1.0,0.9473684210526316
5,1,10,baseline,0.975,0.9962143853357244,78.74288159485985,36,-2.0,2.0,0.972972972972973,1.0,0.9473684210526316,0.972972972972973,1.0,0.9473684210526316,0.972972972972973,1.0,0.9473684210526316
5,1,10,baseline,0.99,0.9962143853357244,91.15950667753285,27,0.0,0.0,0.8307692307692308,1.0,0.7105263157894737,0.8307692307692308,1.0,0.7105263157894737,0.8307692307692308,1.0,0.7105263157894737
5,1,10,resample_pointwise,0.5,0.9962143853357244,32.92070965242566,36,-7.0,7.0,0.027027027027027,0.0277777777777777,0.0263157894736842,0.972972972972973,1.0,0.9473684210526316,0.972972972972973,1.0,0.9473684210526316
5,1,10,resample_pointwise,0.6,0.9962143853357244,41.01350029059946,36,-6.5,6.5,0.027027027027027,0.0277777777777777,0.0263157894736842,0.972972972972973,1.0,0.9473684210526316,0.972972972972973,1.0,0.9473684210526316
5,1,10,resample_pointwise,0.7,0.9962143853357244,43.12758612188326,36,-6.0,6.0,0.081081081081081,0.0833333333333333,0.0789473684210526,0.972972972972973,1.0,0.9473684210526316,0.972972972972973,1.0,0.9473684210526316
5,1,10,resample_pointwise,0.75,0.9962143853357244,47.87575173712247,36,-5.0,5.0,0.5135135135135136,0.5277777777777778,0.5,0.972972972972973,1.0,0.9473684210526316,0.972972972972973,1.0,0.9473684210526316
5,1,10,resample_pointwise,0.8,0.9962143853357244,51.13419034344336,36,-5.0,5.0,0.5675675675675677,0.5833333333333334,0.5526315789473685,0.972972972972973,1.0,0.9473684210526316,0.972972972972973,1.0,0.9473684210526316
5,1,10,resample_pointwise,0.85,0.9962143853357244,52.8007247930308,36,-5.0,5.0,0.6216216216216216,0.6388888888888888,0.6052631578947368,0.972972972972973,1.0,0.9473684210526316,0.972972972972973,1.0,0.9473684210526316
5,1,10,resample_pointwise,0.9,0.9962143853357244,58.42577055911542,36,-4.0,4.0,0.972972972972973,1.0,0.9473684210526316,0.972972972972973,1.0,0.9473684210526316,0.972972972972973,1.0,0.9473684210526316
5,1,10,resample_pointwise,0.925,0.9962143853357244,60.42088564243261,36,-4.0,4.0,0.972972972972973,1.0,0.9473684210526316,0.972972972972973,1.0,0.9473684210526316,0.972972972972973,1.0,0.9473684210526316
5,1,10,resample_pointwise,0.95,0.9962143853357244,62.26439009540744,36,-4.0,4.0,0.972972972972973,1.0,0.9473684210526316,0.972972972972973,1.0,0.9473684210526316,0.972972972972973,1.0,0.9473684210526316
5,1,10,resample_pointwise,0.975,0.9962143853357244,68.25180731147337,36,-3.0,3.0,0.972972972972973,1.0,0.9473684210526316,0.972972972972973,1.0,0.9473684210526316,0.972972972972973,1.0,0.9473684210526316
5,1,10,resample_pointwise,0.99,0.9962143853357244,73.3040916137992,36,-2.0,2.0,0.972972972972973,1.0,0.9473684210526316,0.972972972972973,1.0,0.9473684210526316,0.972972972972973,1.0,0.9473684210526316
5,1,25,baseline,0.5,0.9962143853357244,2.523590465135062,301,-80.0,80.0,0.0,0.0,0.0,0.0,0.0,0.0,0.2241887905604719,0.1262458471760797,1.0
5,1,25,baseline,0.6,0.9962143853357244,2.8579906095768264,236,-68.0,68.0,0.0,0.0,0.0,0.0,0.0,0.0,0.2773722627737226,0.1610169491525423,1.0
5,1,25,baseline,0.7,0.9962143853357244,3.3263673087723564,174,-62.5,62.5,0.0,0.0,0.0,0.0,0.0,0.0,0.3584905660377358,0.2183908045977011,1.0
5,1,25,baseline,0.75,0.9962143853357244,3.733932376841599,109,-43.0,43.0,0.0,0.0,0.0,0.0,0.0,0.0,0.5170068027210885,0.3486238532110092,1.0
5,1,25,baseline,0.8,0.9962143853357244,4.674192586663133,55,-23.0,23.0,0.0,0.0,0.0,0.0,0.0,0.0,0.8172043010752689,0.6909090909090909,1.0
5,1,25,baseline,0.85,0.9962143853357244,42.17004502014325,36,-18.0,18.0,0.0,0.0,0.0,0.0,0.0,0.0,0.972972972972973,1.0,0.9473684210526316
5,1,25,baseline,0.9,0.9962143853357244,65.69528199018765,36,-11.0,11.0,0.081081081081081,0.0833333333333333,0.0789473684210526,0.4594594594594595,0.4722222222222222,0.4473684210526316,0.972972972972973,1.0,0.9473684210526316
5,1,25,baseline,0.925,0.9962143853357244,74.96564863838321,36,-7.0,7.0,0.2972972972972973,0.3055555555555556,0.2894736842105263,0.972972972972973,1.0,0.9473684210526316,0.972972972972973,1.0,0.9473684210526316
5,1,25,baseline,0.95,0.9962143853357244,83.60324736987045,36,-3.5,3.5,0.8918918918918918,0.9166666666666666,0.868421052631579,0.972972972972973,1.0,0.9473684210526316,0.972972972972973,1.0,0.9473684210526316
5,1,25,baseline,0.975,0.9962143853357244,91.47050485661788,36,-1.0,1.0,0.972972972972973,1.0,0.9473684210526316,0.972972972972973,1.0,0.9473684210526316,0.972972972972973,1.0,0.9473684210526316
5,1,25,baseline,0.99,0.9962143853357244,96.28837986804793,23,0.0,0.0,0.7540983606557378,1.0,0.6052631578947368,0.7540983606557378,1.0,0.6052631578947368,0.7540983606557378,1.0,0.6052631578947368
5,1,25,resample_pointwise,0.5,0.9962143853357244,26.07166683102476,36,-21.0,21.0,0.0,0.0,0.0,0.0,0.0,0.0,0.972972972972973,1.0,0.9473684210526316
5,1,25,resample_pointwise,0.6,0.9962143853357244,30.805815884241955,36,-20.5,20.5,0.0,0.0,0.0,0.0,0.0,0.0,0.972972972972973,1.0,0.9473684210526316
5,1,25,resample_pointwise,0.7,0.9962143853357244,34.57759901062303,36,-20.0,20.0,0.0,0.0,0.0,0.0,0.0,0.0,0.972972972972973,1.0,0.9473684210526316
5,1,25,resample_pointwise,0.75,0.9962143853357244,36.44265706159028,36,-19.0,19.0,0.0,0.0,0.0,0.0,0.0,0.0,0.972972972972973,1.0,0.9473684210526316
5,1,25,resample_pointwise,0.8,0.9962143853357244,38.20910187635005,36,-19.0,19.0,0.0,0.0,0.0,0.0,0.0,0.0,0.972972972972973,1.0,0.9473684210526316
5,1,25,resample_pointwise,0.85,0.9962143853357244,41.24596352656938,36,-18.0,18.0,0.0,0.0,0.0,0.0,0.0,0.0,0.972972972972973,1.0,0.9473684210526316
5,1,25,resample_pointwise,0.9,0.9962143853357244,44.605693027355,36,-17.0,17.0,0.0,0.0,0.0,0.0,0.0,0.0,0.972972972972973,1.0,0.9473684210526316
5,1,25,resample_pointwise,0.925,0.9962143853357244,46.16984092483487,36,-17.0,17.0,0.0,0.0,0.0,0.0,0.0,0.0,0.972972972972973,1.0,0.9473684210526316
5,1,25,resample_pointwise,0.95,0.9962143853357244,49.01632424233195,36,-16.0,16.0,0.0,0.0,0.0,0.0,0.0,0.0,0.972972972972973,1.0,0.9473684210526316
5,1,25,resample_pointwise,0.975,0.9962143853357244,52.74422369457292,36,-15.0,15.0,0.027027027027027,0.0277777777777777,0.0263157894736842,0.027027027027027,0.0277777777777777,0.0263157894736842,0.972972972972973,1.0,0.9473684210526316
5,1,25,resample_pointwise,0.99,0.9962143853357244,56.86895803337958,36,-14.0,14.0,0.027027027027027,0.0277777777777777,0.0263157894736842,0.081081081081081,0.0833333333333333,0.0789473684210526,0.972972972972973,1.0,0.9473684210526316
5,1,50,baseline,0.5,0.9962143853357244,2.268439728902258,127,-73.0,73.0,0.0,0.0,0.0,0.0,0.0,0.0,0.0,0.0,0.0
5,1,50,baseline,0.6,0.9962143853357244,3.0033645364183257,62,-48.0,48.0,0.0,0.0,0.0,0.0,0.0,0.0,0.0,0.0,0.0
5,1,50,baseline,0.7,0.9962143853357244,42.35899500205768,36,-38.0,38.0,0.0,0.0,0.0,0.0,0.0,0.0,0.0,0.0,0.0
5,1,50,baseline,0.75,0.9962143853357244,55.17278020466403,36,-31.0,31.0,0.0,0.0,0.0,0.0,0.0,0.0,0.027027027027027,0.0277777777777777,0.0263157894736842
5,1,50,baseline,0.8,0.9962143853357244,65.91968047292966,36,-22.0,22.0,0.027027027027027,0.0277777777777777,0.0263157894736842,0.027027027027027,0.0277777777777777,0.0263157894736842,0.9459459459459458,0.9722222222222222,0.9210526315789472
5,1,50,baseline,0.85,0.9962143853357244,75.38397349895271,36,-14.0,14.0,0.2702702702702702,0.2777777777777778,0.2631578947368421,0.3783783783783783,0.3888888888888889,0.3684210526315789,0.972972972972973,1.0,0.9473684210526316
5,1,50,baseline,0.9,0.9962143853357244,84.045549144542,36,-5.0,5.0,0.5135135135135136,0.5277777777777778,0.5,0.7837837837837838,0.8055555555555556,0.7631578947368421,0.972972972972973,1.0,0.9473684210526316
5,1,50,baseline,0.925,0.9962143853357244,88.02352785233266,36,-3.5,3.5,0.6486486486486486,0.6666666666666666,0.631578947368421,0.972972972972973,1.0,0.9473684210526316,0.972972972972973,1.0,0.9473684210526316
5,1,50,baseline,0.95,0.9962143853357244,91.94772668977832,36,-2.0,2.0,0.9459459459459458,0.9722222222222222,0.9210526315789472,0.972972972972973,1.0,0.9473684210526316,0.972972972972973,1.0,0.9473684210526316
5,1,50,baseline,0.975,0.9962143853357244,95.94358109862884,36,-1.0,1.0,0.972972972972973,1.0,0.9473684210526316,0.972972972972973,1.0,0.9473684210526316,0.972972972972973,1.0,0.9473684210526316
5,1,50,baseline,0.99,0.9962143853357244,98.32075598161174,24,0.0,0.0,0.7741935483870968,1.0,0.631578947368421,0.7741935483870968,1.0,0.631578947368421,0.7741935483870968,1.0,0.631578947368421
5,1,50,resample_pointwise,0.5,0.9962143853357244,21.70633442280799,36,-45.0,45.0,0.0,0.0,0.0,0.0,0.0,0.0,0.0,0.0,0.0
5,1,50,resample_pointwise,0.6,0.9962143853357244,24.896217125824894,36,-44.0,44.0,0.0,0.0,0.0,0.0,0.0,0.0,0.0,0.0,0.0
5,1,50,resample_pointwise,0.7,0.9962143853357244,28.08303948470794,36,-43.0,43.0,0.0,0.0,0.0,0.0,0.0,0.0,0.0,0.0,0.0
5,1,50,resample_pointwise,0.75,0.9962143853357244,29.882909517783222,36,-43.0,43.0,0.0,0.0,0.0,0.0,0.0,0.0,0.0,0.0,0.0
5,1,50,resample_pointwise,0.8,0.9962143853357244,31.5973122459026,36,-42.0,42.0,0.0,0.0,0.0,0.0,0.0,0.0,0.0,0.0,0.0
5,1,50,resample_pointwise,0.85,0.9962143853357244,33.85748185166462,36,-41.0,41.0,0.0,0.0,0.0,0.0,0.0,0.0,0.0,0.0,0.0
5,1,50,resample_pointwise,0.9,0.9962143853357244,36.48954390729666,36,-40.0,40.0,0.0,0.0,0.0,0.0,0.0,0.0,0.0,0.0,0.0
5,1,50,resample_pointwise,0.925,0.9962143853357244,38.21230325016764,36,-39.0,39.0,0.0,0.0,0.0,0.0,0.0,0.0,0.0,0.0,0.0
5,1,50,resample_pointwise,0.95,0.9962143853357244,40.329602434492585,36,-38.5,38.5,0.0,0.0,0.0,0.0,0.0,0.0,0.0,0.0,0.0
5,1,50,resample_pointwise,0.975,0.9962143853357244,43.47960870818171,36,-37.0,37.0,0.0,0.0,0.0,0.0,0.0,0.0,0.0,0.0,0.0
5,1,50,resample_pointwise,0.99,0.9962143853357244,47.08166373372916,36,-35.0,35.0,0.0,0.0,0.0,0.0,0.0,0.0,0.0,0.0,0.0
5,1,100,baseline,0.5,0.9962143853357244,47.33173611134274,36,-67.0,67.0,0.0,0.0,0.0,0.0,0.0,0.0,0.0,0.0,0.0
5,1,100,baseline,0.6,0.9962143853357244,62.01747000079802,36,-52.0,52.0,0.0,0.0,0.0,0.0,0.0,0.0,0.027027027027027,0.0277777777777777,0.0263157894736842
5,1,100,baseline,0.7,0.9962143853357244,73.59450115283138,36,-33.5,33.5,0.081081081081081,0.0833333333333333,0.0789473684210526,0.1081081081081081,0.1111111111111111,0.1052631578947368,0.2972972972972973,0.3055555555555556,0.2894736842105263
5,1,100,baseline,0.75,0.9962143853357244,78.51235700270252,36,-23.5,23.5,0.1081081081081081,0.1111111111111111,0.1052631578947368,0.1351351351351351,0.1388888888888889,0.131578947368421,0.5675675675675677,0.5833333333333334,0.5526315789473685
5,1,100,baseline,0.8,0.9962143853357244,83.12728838164317,36,-18.0,18.0,0.2432432432432432,0.25,0.2368421052631578,0.2972972972972973,0.3055555555555556,0.2894736842105263,0.918918918918919,0.9444444444444444,0.8947368421052632
5,1,100,baseline,0.85,0.9962143853357244,87.53678927398826,36,-10.0,10.0,0.3513513513513513,0.3611111111111111,0.3421052631578947,0.4864864864864865,0.5,0.4736842105263157,0.972972972972973,1.0,0.9473684210526316
5,1,100,baseline,0.9,0.9962143853357244,91.85576752730884,36,-4.5,4.5,0.5675675675675677,0.5833333333333334,0.5526315789473685,0.8648648648648649,0.8888888888888888,0.8421052631578947,0.972972972972973,1.0,0.9473684210526316
5,1,100,baseline,0.925,0.9962143853357244,93.89758276387018,36,-3.0,3.0,0.7027027027027027,0.7222222222222222,0.6842105263157895,0.9459459459459458,0.9722222222222222,0.9210526315789472,0.972972972972973,1.0,0.9473684210526316
5,1,100,baseline,0.95,0.9962143853357244,95.9871983556873,36,-2.0,2.0,0.9459459459459458,0.9722222222222222,0.9210526315789472,0.972972972972973,1.0,0.9473684210526316,0.972972972972973,1.0,0.9473684210526316
5,1,100,baseline,0.975,0.9962143853357244,97.98740364295746,36,-1.0,1.0,0.972972972972973,1.0,0.9473684210526316,0.972972972972973,1.0,0.9473684210526316,0.972972972972973,1.0,0.9473684210526316
5,1,100,baseline,0.99,0.9962143853357244,99.27741445952296,22,0.0,0.0,0.7333333333333334,1.0,0.5789473684210527,0.7333333333333334,1.0,0.5789473684210527,0.7333333333333334,1.0,0.5789473684210527
5,1,100,resample_pointwise,0.5,0.9962143853357244,17.735001819507296,36,-93.5,93.5,0.0,0.0,0.0,0.0,0.0,0.0,0.0,0.0,0.0
5,1,100,resample_pointwise,0.6,0.9962143853357244,20.27937671951905,36,-92.0,92.0,0.0,0.0,0.0,0.0,0.0,0.0,0.0,0.0,0.0
5,1,100,resample_pointwise,0.7,0.9962143853357244,22.865418751524565,36,-89.5,89.5,0.0,0.0,0.0,0.0,0.0,0.0,0.0,0.0,0.0
5,1,100,resample_pointwise,0.75,0.9962143853357244,24.33918579079852,36,-89.0,89.0,0.0,0.0,0.0,0.0,0.0,0.0,0.0,0.0,0.0
5,1,100,resample_pointwise,0.8,0.9962143853357244,25.935200395116112,36,-88.5,88.5,0.0,0.0,0.0,0.0,0.0,0.0,0.0,0.0,0.0
5,1,100,resample_pointwise,0.85,0.9962143853357244,27.734096067817184,36,-88.0,88.0,0.0,0.0,0.0,0.0,0.0,0.0,0.0,0.0,0.0
5,1,100,resample_pointwise,0.9,0.9962143853357244,29.943390524704466,36,-83.5,83.5,0.0,0.0,0.0,0.0,0.0,0.0,0.0,0.0,0.0
5,1,100,resample_pointwise,0.925,0.9962143853357244,31.328771277533686,36,-82.0,82.0,0.0,0.0,0.0,0.0,0.0,0.0,0.0,0.0,0.0
5,1,100,resample_pointwise,0.95,0.9962143853357244,33.06674061993171,36,-81.0,81.0,0.0,0.0,0.0,0.0,0.0,0.0,0.0,0.0,0.0
5,1,100,resample_pointwise,0.975,0.9962143853357244,35.60431674889948,36,-78.5,78.5,0.0,0.0,0.0,0.0,0.0,0.0,0.0,0.0,0.0
5,1,100,resample_pointwise,0.99,0.9962143853357244,38.3409189492414,36,-78.0,78.0,0.0,0.0,0.0,0.0,0.0,0.0,0.0,0.0,0.0
5,6,10,baseline,0.5,0.9777082518576456,3.3074978102227863,474,-68.0,68.0,0.14453125,0.0780590717299578,0.9736842105263158,0.1484375,0.080168776371308,1.0,0.1484375,0.080168776371308,1.0
5,6,10,baseline,0.6,0.9777082518576456,3.772693575897012,376,-66.0,66.0,0.178743961352657,0.0984042553191489,0.9736842105263158,0.1835748792270531,0.101063829787234,1.0,0.1835748792270531,0.101063829787234,1.0
5,6,10,baseline,0.7,0.9777082518576456,4.372080467943244,309,-66.0,66.0,0.2132564841498559,0.1197411003236245,0.9736842105263158,0.2190201729106628,0.1229773462783171,1.0,0.2190201729106628,0.1229773462783171,1.0
5,6,10,baseline,0.75,0.9777082518576456,4.773641894527344,273,-67.0,67.0,0.2379421221864951,0.1355311355311355,0.9736842105263158,0.2443729903536977,0.1391941391941392,1.0,0.2443729903536977,0.1391941391941392,1.0
5,6,10,baseline,0.8,0.9777082518576456,5.199085467455142,204,-64.0,64.0,0.3057851239669422,0.1813725490196078,0.9736842105263158,0.3140495867768595,0.1862745098039215,1.0,0.3140495867768595,0.1862745098039215,1.0
5,6,10,baseline,0.85,0.9777082518576456,5.814295589668976,132,-63.5,63.5,0.4352941176470588,0.2803030303030303,0.9736842105263158,0.4470588235294118,0.2878787878787879,1.0,0.4470588235294118,0.2878787878787879,1.0
5,6,10,baseline,0.9,0.9777082518576456,7.398441668974418,63,-4.0,4.0,0.693069306930693,0.5555555555555556,0.9210526315789472,0.7128712871287128,0.5714285714285714,0.9473684210526316,0.7128712871287128,0.5714285714285714,0.9473684210526316
5,6,10,baseline,0.925,0.9777082518576456,13.943444171423836,36,-4.0,4.0,0.9459459459459458,0.9722222222222222,0.9210526315789472,0.972972972972973,1.0,0.9473684210526316,0.972972972972973,1.0,0.9473684210526316
5,6,10,baseline,0.95,0.9777082518576456,41.781263276761045,36,-3.0,3.0,0.972972972972973,1.0,0.9473684210526316,0.972972972972973,1.0,0.9473684210526316,0.972972972972973,1.0,0.9473684210526316
5,6,10,baseline,0.975,0.9777082518576456,72.7597219204034,36,1.0,1.0,0.972972972972973,1.0,0.9473684210526316,0.972972972972973,1.0,0.9473684210526316,0.972972972972973,1.0,0.9473684210526316
5,6,10,baseline,0.99,0.9777082518576456,81.79300229594654,25,2.0,2.0,0.7936507936507937,1.0,0.6578947368421053,0.7936507936507937,1.0,0.6578947368421053,0.7936507936507937,1.0,0.6578947368421053
5,6,10,resample_pointwise,0.5,0.9777082518576456,32.358809726236416,36,-3.0,3.0,0.972972972972973,1.0,0.9473684210526316,0.972972972972973,1.0,0.9473684210526316,0.972972972972973,1.0,0.9473684210526316
5,6,10,resample_pointwise,0.6,0.9777082518576456,40.1397362735848,36,-3.0,3.0,0.972972972972973,1.0,0.9473684210526316,0.972972972972973,1.0,0.9473684210526316,0.972972972972973,1.0,0.9473684210526316
5,6,10,resample_pointwise,0.7,0.9777082518576456,42.738256075652295,36,-3.0,3.0,0.972972972972973,1.0,0.9473684210526316,0.972972972972973,1.0,0.9473684210526316,0.972972972972973,1.0,0.9473684210526316
5,6,10,resample_pointwise,0.75,0.9777082518576456,45.68792652246776,36,-2.5,2.5,0.972972972972973,1.0,0.9473684210526316,0.972972972972973,1.0,0.9473684210526316,0.972972972972973,1.0,0.9473684210526316
5,6,10,resample_pointwise,0.8,0.9777082518576456,50.16231312353878,36,-2.0,2.0,0.972972972972973,1.0,0.9473684210526316,0.972972972972973,1.0,0.9473684210526316,0.972972972972973,1.0,0.9473684210526316
5,6,10,resample_pointwise,0.85,0.9777082518576456,52.2493708989915,36,-2.0,2.0,0.972972972972973,1.0,0.9473684210526316,0.972972972972973,1.0,0.9473684210526316,0.972972972972973,1.0,0.9473684210526316
5,6,10,resample_pointwise,0.9,0.9777082518576456,56.73248281890976,36,-1.0,1.0,0.972972972972973,1.0,0.9473684210526316,0.972972972972973,1.0,0.9473684210526316,0.972972972972973,1.0,0.9473684210526316
5,6,10,resample_pointwise,0.925,0.9777082518576456,59.5735624260213,36,-1.0,1.0,0.972972972972973,1.0,0.9473684210526316,0.972972972972973,1.0,0.9473684210526316,0.972972972972973,1.0,0.9473684210526316
5,6,10,resample_pointwise,0.95,0.9777082518576456,61.70385699890721,36,-1.0,1.0,0.972972972972973,1.0,0.9473684210526316,0.972972972972973,1.0,0.9473684210526316,0.972972972972973,1.0,0.9473684210526316
5,6,10,resample_pointwise,0.975,0.9777082518576456,67.40505541762002,36,0.0,1.0,0.972972972972973,1.0,0.9473684210526316,0.972972972972973,1.0,0.9473684210526316,0.972972972972973,1.0,0.9473684210526316
5,6,10,resample_pointwise,0.99,0.9777082518576456,72.01271579214101,36,0.0,0.0,0.972972972972973,1.0,0.9473684210526316,0.972972972972973,1.0,0.9473684210526316,0.972972972972973,1.0,0.9473684210526316
5,6,25,baseline,0.5,0.9777082518576456,2.663823869409769,266,-73.5,73.5,0.0,0.0,0.0,0.0,0.0,0.0,0.25,0.1428571428571428,1.0
5,6,25,baseline,0.6,0.9777082518576456,3.020595987298277,222,-83.5,83.5,0.0,0.0,0.0,0.0,0.0,0.0,0.2923076923076923,0.1711711711711711,1.0
5,6,25,baseline,0.7,0.9777082518576456,3.5904764158472013,139,-56.0,56.0,0.0,0.0,0.0,0.0,0.0,0.0,0.4293785310734463,0.2733812949640288,1.0
5,6,25,baseline,0.75,0.9777082518576456,4.174643090871646,90,-43.0,43.0,0.0,0.0,0.0,0.0,0.0,0.0,0.5625,0.4,0.9473684210526316
5,6,25,baseline,0.8,0.9777082518576456,5.544334732428271,42,-19.0,19.0,0.0,0.0,0.0,0.0,0.0,0.0,0.9,0.8571428571428571,0.9473684210526316
5,6,25,baseline,0.85,0.9777082518576456,35.69448422806611,36,-16.0,16.0,0.0,0.0,0.0,0.0,0.0,0.0,0.972972972972973,1.0,0.9473684210526316
5,6,25,baseline,0.9,0.9777082518576456,62.24441724455773,36,-8.5,8.5,0.1081081081081081,0.1111111111111111,0.1052631578947368,0.972972972972973,1.0,0.9473684210526316,0.972972972972973,1.0,0.9473684210526316
5,6,25,baseline,0.925,0.9777082518576456,71.96744129773293,36,-4.5,4.5,0.5945945945945946,0.6111111111111112,0.5789473684210527,0.972972972972973,1.0,0.9473684210526316,0.972972972972973,1.0,0.9473684210526316
5,6,25,baseline,0.95,0.9777082518576456,81.00349313513254,36,-1.0,1.0,0.972972972972973,1.0,0.9473684210526316,0.972972972972973,1.0,0.9473684210526316,0.972972972972973,1.0,0.9473684210526316
5,6,25,baseline,0.975,0.9777082518576456,89.45515050253812,36,0.0,0.5,0.972972972972973,1.0,0.9473684210526316,0.972972972972973,1.0,0.9473684210526316,0.972972972972973,1.0,0.9473684210526316
5,6,25,baseline,0.99,0.9777082518576456,92.807169506068,22,2.0,2.0,0.7333333333333334,1.0,0.5789473684210527,0.7333333333333334,1.0,0.5789473684210527,0.7333333333333334,1.0,0.5789473684210527
5,6,25,resample_pointwise,0.5,0.9777082518576456,25.5540939635924,36,-18.0,18.0,0.0,0.0,0.0,0.0,0.0,0.0,0.972972972972973,1.0,0.9473684210526316
5,6,25,resample_pointwise,0.6,0.9777082518576456,29.75757912050748,36,-17.0,17.0,0.0,0.0,0.0,0.0,0.0,0.0,0.972972972972973,1.0,0.9473684210526316
5,6,25,resample_pointwise,0.7,0.9777082518576456,33.07233757535154,36,-16.0,16.0,0.0,0.0,0.0,0.0,0.0,0.0,0.972972972972973,1.0,0.9473684210526316
5,6,25,resample_pointwise,0.75,0.9777082518576456,35.52367725807615,36,-16.0,16.0,0.0,0.0,0.0,0.0,0.0,0.0,0.972972972972973,1.0,0.9473684210526316
5,6,25,resample_pointwise,0.8,0.9777082518576456,37.43635995547629,36,-16.0,16.0,0.0,0.0,0.0,0.0,0.0,0.0,0.972972972972973,1.0,0.9473684210526316
5,6,25,resample_pointwise,0.85,0.9777082518576456,40.358366301150745,36,-15.0,15.0,0.0,0.0,0.0,0.027027027027027,0.0277777777777777,0.0263157894736842,0.972972972972973,1.0,0.9473684210526316
5,6,25,resample_pointwise,0.9,0.9777082518576456,43.40522912067796,36,-14.0,14.0,0.0,0.0,0.0,0.027027027027027,0.0277777777777777,0.0263157894736842,0.972972972972973,1.0,0.9473684210526316
5,6,25,resample_pointwise,0.925,0.9777082518576456,45.422770697370176,36,-14.0,14.0,0.027027027027027,0.0277777777777777,0.0263157894736842,0.054054054054054,0.0555555555555555,0.0526315789473684,0.972972972972973,1.0,0.9473684210526316
5,6,25,resample_pointwise,0.95,0.9777082518576456,47.97805672529778,36,-13.0,13.0,0.027027027027027,0.0277777777777777,0.0263157894736842,0.054054054054054,0.0555555555555555,0.0526315789473684,0.972972972972973,1.0,0.9473684210526316
5,6,25,resample_pointwise,0.975,0.9777082518576456,51.69821164516469,36,-12.0,12.0,0.027027027027027,0.0277777777777777,0.0263157894736842,0.1081081081081081,0.1111111111111111,0.1052631578947368,0.972972972972973,1.0,0.9473684210526316
5,6,25,resample_pointwise,0.99,0.9777082518576456,55.78672303046656,36,-11.0,11.0,0.027027027027027,0.0277777777777777,0.0263157894736842,0.2972972972972973,0.3055555555555556,0.2894736842105263,0.972972972972973,1.0,0.9473684210526316
5,6,50,baseline,0.5,0.9777082518576456,2.527915725743526,133,-95.0,95.0,0.0,0.0,0.0,0.0,0.0,0.0,0.0,0.0,0.0
5,6,50,baseline,0.6,0.9777082518576456,3.349465221009868,56,-44.0,44.0,0.0,0.0,0.0,0.0,0.0,0.0,0.0,0.0,0.0
5,6,50,baseline,0.7,0.9777082518576456,38.138418853513095,36,-36.0,36.0,0.0,0.0,0.0,0.0,0.0,0.0,0.0,0.0,0.0
5,6,50,baseline,0.75,0.9777082518576456,52.28017930362469,36,-28.5,28.5,0.0,0.0,0.0,0.0,0.0,0.0,0.1621621621621621,0.1666666666666666,0.1578947368421052
5,6,50,baseline,0.8,0.9777082518576456,63.66830435568666,36,-20.0,20.0,0.0,0.0,0.0,0.081081081081081,0.0833333333333333,0.0789473684210526,0.972972972972973,1.0,0.9473684210526316
5,6,50,baseline,0.85,0.9777082518576456,73.53329463900624,36,-12.5,12.5,0.081081081081081,0.0833333333333333,0.0789473684210526,0.3513513513513513,0.3611111111111111,0.3421052631578947,0.972972972972973,1.0,0.9473684210526316
5,6,50,baseline,0.9,0.9777082518576456,82.41951989507055,36,-6.5,6.5,0.4594594594594595,0.4722222222222222,0.4473684210526316,0.918918918918919,0.9444444444444444,0.8947368421052632,0.972972972972973,1.0,0.9473684210526316
5,6,50,baseline,0.925,0.9777082518576456,86.65748214637298,36,-3.0,3.0,0.8378378378378377,0.8611111111111112,0.8157894736842105,0.972972972972973,1.0,0.9473684210526316,0.972972972972973,1.0,0.9473684210526316
5,6,50,baseline,0.95,0.9777082518576456,90.6762709557752,36,-2.0,2.0,0.972972972972973,1.0,0.9473684210526316,0.972972972972973,1.0,0.9473684210526316,0.972972972972973,1.0,0.9473684210526316
5,6,50,baseline,0.975,0.9777082518576456,94.68710270099852,34,0.0,1.0,0.9444444444444444,1.0,0.8947368421052632,0.9444444444444444,1.0,0.8947368421052632,0.9444444444444444,1.0,0.8947368421052632
5,6,50,baseline,0.99,0.9777082518576456,96.40604908753856,21,2.0,2.0,0.711864406779661,1.0,0.5526315789473685,0.711864406779661,1.0,0.5526315789473685,0.711864406779661,1.0,0.5526315789473685
5,6,50,resample_pointwise,0.5,0.9777082518576456,20.74280632454885,36,-42.0,42.0,0.0,0.0,0.0,0.0,0.0,0.0,0.0,0.0,0.0
5,6,50,resample_pointwise,0.6,0.9777082518576456,23.7400812208663,36,-41.0,41.0,0.0,0.0,0.0,0.0,0.0,0.0,0.0,0.0,0.0
5,6,50,resample_pointwise,0.7,0.9777082518576456,26.880554773718004,36,-40.0,40.0,0.0,0.0,0.0,0.0,0.0,0.0,0.0,0.0,0.0
5,6,50,resample_pointwise,0.75,0.9777082518576456,28.525696537157536,36,-39.5,39.5,0.0,0.0,0.0,0.0,0.0,0.0,0.0,0.0,0.0
5,6,50,resample_pointwise,0.8,0.9777082518576456,30.470535637643927,36,-39.0,39.0,0.0,0.0,0.0,0.0,0.0,0.0,0.0,0.0,0.0
5,6,50,resample_pointwise,0.85,0.9777082518576456,32.64645753688167,36,-38.0,38.0,0.0,0.0,0.0,0.0,0.0,0.0,0.0,0.0,0.0
5,6,50,resample_pointwise,0.9,0.9777082518576456,35.275789577211114,36,-37.0,37.0,0.0,0.0,0.0,0.0,0.0,0.0,0.0,0.0,0.0
5,6,50,resample_pointwise,0.925,0.9777082518576456,36.93166474348325,36,-36.5,36.5,0.0,0.0,0.0,0.0,0.0,0.0,0.0,0.0,0.0
5,6,50,resample_pointwise,0.95,0.9777082518576456,39.05417972218997,36,-36.0,36.0,0.0,0.0,0.0,0.0,0.0,0.0,0.0,0.0,0.0
5,6,50,resample_pointwise,0.975,0.9777082518576456,42.21457757633836,36,-34.0,34.0,0.0,0.0,0.0,0.0,0.0,0.0,0.0,0.0,0.0
5,6,50,resample_pointwise,0.99,0.9777082518576456,45.69156429072625,36,-32.0,32.0,0.0,0.0,0.0,0.0,0.0,0.0,0.027027027027027,0.0277777777777777,0.0263157894736842
5,6,100,baseline,0.5,0.9777082518576456,48.11247141615239,36,-63.5,63.5,0.0,0.0,0.0,0.0,0.0,0.0,0.0,0.0,0.0
5,6,100,baseline,0.6,0.9777082518576456,62.35736927663995,36,-44.5,44.5,0.0,0.0,0.0,0.0,0.0,0.0,0.027027027027027,0.0277777777777777,0.0263157894736842
5,6,100,baseline,0.7,0.9777082518576456,73.6003388909571,36,-31.0,31.0,0.054054054054054,0.0555555555555555,0.0526315789473684,0.054054054054054,0.0555555555555555,0.0526315789473684,0.2432432432432432,0.25,0.2368421052631578
5,6,100,baseline,0.75,0.9777082518576456,78.44212520267013,36,-24.0,24.0,0.054054054054054,0.0555555555555555,0.0526315789473684,0.1081081081081081,0.1111111111111111,0.1052631578947368,0.5405405405405405,0.5555555555555556,0.5263157894736842
5,6,100,baseline,0.8,0.9777082518576456,82.9417248512344,36,-12.5,12.5,0.2162162162162162,0.2222222222222222,0.2105263157894736,0.3513513513513513,0.3611111111111111,0.3421052631578947,0.972972972972973,1.0,0.9473684210526316
5,6,100,baseline,0.85,0.9777082518576456,87.11146849400076,36,-9.5,9.5,0.3513513513513513,0.3611111111111111,0.3421052631578947,0.5405405405405405,0.5555555555555556,0.5263157894736842,0.972972972972973,1.0,0.9473684210526316
5,6,100,baseline,0.9,0.9777082518576456,91.19168327784077,36,-5.0,5.0,0.5675675675675677,0.5833333333333334,0.5526315789473685,0.9459459459459458,0.9722222222222222,0.9210526315789472,0.972972972972973,1.0,0.9473684210526316
5,6,100,baseline,0.925,0.9777082518576456,93.15991716309044,36,-3.0,3.0,0.8378378378378377,0.8611111111111112,0.8157894736842105,0.972972972972973,1.0,0.9473684210526316,0.972972972972973,1.0,0.9473684210526316
5,6,100,baseline,0.95,0.9777082518576456,95.25426324922492,36,-1.5,1.5,0.972972972972973,1.0,0.9473684210526316,0.972972972972973,1.0,0.9473684210526316,0.972972972972973,1.0,0.9473684210526316
5,6,100,baseline,0.975,0.9777082518576456,97.14970026385946,34,0.0,1.0,0.9444444444444444,1.0,0.8947368421052632,0.9444444444444444,1.0,0.8947368421052632,0.9444444444444444,1.0,0.8947368421052632
5,6,100,baseline,0.99,0.9777082518576456,98.10414493664176,21,2.0,2.0,0.711864406779661,1.0,0.5526315789473685,0.711864406779661,1.0,0.5526315789473685,0.711864406779661,1.0,0.5526315789473685
5,6,100,resample_pointwise,0.5,0.9777082518576456,16.312176938323084,36,-90.0,90.0,0.0,0.0,0.0,0.0,0.0,0.0,0.0,0.0,0.0
5,6,100,resample_pointwise,0.6,0.9777082518576456,18.78848913022045,36,-88.0,88.0,0.0,0.0,0.0,0.0,0.0,0.0,0.0,0.0,0.0
5,6,100,resample_pointwise,0.7,0.9777082518576456,21.40550536113828,36,-87.5,87.5,0.0,0.0,0.0,0.0,0.0,0.0,0.0,0.0,0.0
5,6,100,resample_pointwise,0.75,0.9777082518576456,22.833309822937096,36,-87.0,87.0,0.0,0.0,0.0,0.0,0.0,0.0,0.0,0.0,0.0
5,6,100,resample_pointwise,0.8,0.9777082518576456,24.412216455498523,36,-86.0,86.0,0.0,0.0,0.0,0.0,0.0,0.0,0.0,0.0,0.0
5,6,100,resample_pointwise,0.85,0.9777082518576456,26.223114621703672,36,-85.0,85.0,0.0,0.0,0.0,0.0,0.0,0.0,0.0,0.0,0.0
5,6,100,resample_pointwise,0.9,0.9777082518576456,28.43396061939439,36,-83.0,83.0,0.0,0.0,0.0,0.0,0.0,0.0,0.0,0.0,0.0
5,6,100,resample_pointwise,0.925,0.9777082518576456,29.843699617267816,36,-82.5,82.5,0.0,0.0,0.0,0.0,0.0,0.0,0.0,0.0,0.0
5,6,100,resample_pointwise,0.95,0.9777082518576456,31.6289765616227,36,-81.5,81.5,0.0,0.0,0.0,0.0,0.0,0.0,0.0,0.0,0.0
5,6,100,resample_pointwise,0.975,0.9777082518576456,34.276227617584944,36,-79.5,79.5,0.0,0.0,0.0,0.0,0.0,0.0,0.0,0.0,0.0
5,6,100,resample_pointwise,0.99,0.9777082518576456,37.29803392880928,36,-76.0,76.0,0.0,0.0,0.0,0.0,0.0,0.0,0.0,0.0,0.0
5,11,10,baseline,0.5,0.959877135726627,3.416251605337139,481,-68.0,68.0,0.1464354527938343,0.079002079002079,1.0,0.1464354527938343,0.079002079002079,1.0,0.1464354527938343,0.079002079002079,1.0
5,11,10,baseline,0.6,0.959877135726627,3.905832426841015,408,-59.5,59.5,0.1704035874439461,0.0931372549019607,1.0,0.1704035874439461,0.0931372549019607,1.0,0.1704035874439461,0.0931372549019607,1.0
5,11,10,baseline,0.7,0.959877135726627,4.495524240053862,299,-56.0,56.0,0.2255192878338279,0.1270903010033444,1.0,0.2255192878338279,0.1270903010033444,1.0,0.2255192878338279,0.1270903010033444,1.0
5,11,10,baseline,0.75,0.959877135726627,4.9436014620916655,259,-57.0,57.0,0.2558922558922559,0.1467181467181467,1.0,0.2558922558922559,0.1467181467181467,1.0,0.2558922558922559,0.1467181467181467,1.0
5,11,10,baseline,0.8,0.959877135726627,5.419557331702848,196,-55.0,55.0,0.3247863247863248,0.1938775510204081,1.0,0.3247863247863248,0.1938775510204081,1.0,0.3247863247863248,0.1938775510204081,1.0
5,11,10,baseline,0.85,0.959877135726627,6.2970230481130125,106,-38.0,38.0,0.5277777777777778,0.3584905660377358,1.0,0.5277777777777778,0.3584905660377358,1.0,0.5277777777777778,0.3584905660377358,1.0
5,11,10,baseline,0.9,0.959877135726627,8.539494660598471,48,-1.5,2.0,0.8372093023255814,0.75,0.9473684210526316,0.8372093023255814,0.75,0.9473684210526316,0.8372093023255814,0.75,0.9473684210526316
5,11,10,baseline,0.925,0.959877135726627,18.6068192111103,36,-1.0,1.0,0.972972972972973,1.0,0.9473684210526316,0.972972972972973,1.0,0.9473684210526316,0.972972972972973,1.0,0.9473684210526316
5,11,10,baseline,0.95,0.959877135726627,40.882959488755496,36,0.0,1.0,0.972972972972973,1.0,0.9473684210526316,0.972972972972973,1.0,0.9473684210526316,0.972972972972973,1.0,0.9473684210526316
5,11,10,baseline,0.975,0.959877135726627,62.67650058503119,36,3.0,3.0,0.972972972972973,1.0,0.9473684210526316,0.972972972972973,1.0,0.9473684210526316,0.972972972972973,1.0,0.9473684210526316
5,11,10,baseline,0.99,0.959877135726627,68.90492103440809,24,5.0,5.0,0.7096774193548387,0.9166666666666666,0.5789473684210527,0.7741935483870968,1.0,0.631578947368421,0.7741935483870968,1.0,0.631578947368421
5,11,10,resample_pointwise,0.5,0.959877135726627,31.834460573219527,36,-1.0,1.0,0.972972972972973,1.0,0.9473684210526316,0.972972972972973,1.0,0.9473684210526316,0.972972972972973,1.0,0.9473684210526316
5,11,10,resample_pointwise,0.6,0.959877135726627,39.30827259986503,36,0.0,0.5,0.972972972972973,1.0,0.9473684210526316,0.972972972972973,1.0,0.9473684210526316,0.972972972972973,1.0,0.9473684210526316
5,11,10,resample_pointwise,0.7,0.959877135726627,42.55495992765455,36,0.0,1.0,0.972972972972973,1.0,0.9473684210526316,0.972972972972973,1.0,0.9473684210526316,0.972972972972973,1.0,0.9473684210526316
5,11,10,resample_pointwise,0.75,0.959877135726627,44.75820560751396,36,0.0,1.0,0.972972972972973,1.0,0.9473684210526316,0.972972972972973,1.0,0.9473684210526316,0.972972972972973,1.0,0.9473684210526316
5,11,10,resample_pointwise,0.8,0.959877135726627,49.35893478278512,36,1.0,1.0,0.972972972972973,1.0,0.9473684210526316,0.972972972972973,1.0,0.9473684210526316,0.972972972972973,1.0,0.9473684210526316
5,11,10,resample_pointwise,0.85,0.959877135726627,51.99064517342672,36,1.0,1.0,0.972972972972973,1.0,0.9473684210526316,0.972972972972973,1.0,0.9473684210526316,0.972972972972973,1.0,0.9473684210526316
5,11,10,resample_pointwise,0.9,0.959877135726627,55.593577648399545,36,2.0,2.0,0.972972972972973,1.0,0.9473684210526316,0.972972972972973,1.0,0.9473684210526316,0.972972972972973,1.0,0.9473684210526316
5,11,10,resample_pointwise,0.925,0.959877135726627,59.01979584597449,36,2.0,2.0,0.972972972972973,1.0,0.9473684210526316,0.972972972972973,1.0,0.9473684210526316,0.972972972972973,1.0,0.9473684210526316
5,11,10,resample_pointwise,0.95,0.959877135726627,61.44452969405632,36,3.0,3.0,0.972972972972973,1.0,0.9473684210526316,0.972972972972973,1.0,0.9473684210526316,0.972972972972973,1.0,0.9473684210526316
5,11,10,resample_pointwise,0.975,0.959877135726627,66.85252332631211,35,4.0,4.0,0.8767123287671234,0.9142857142857144,0.8421052631578947,0.958904109589041,1.0,0.9210526315789472,0.958904109589041,1.0,0.9210526315789472
5,11,10,resample_pointwise,0.99,0.959877135726627,71.3481801137765,7,5.0,5.0,0.2666666666666666,0.8571428571428571,0.1578947368421052,0.3111111111111111,1.0,0.1842105263157894,0.3111111111111111,1.0,0.1842105263157894
5,11,25,baseline,0.5,0.959877135726627,2.8248082112654163,307,-78.0,78.0,0.0,0.0,0.0,0.0,0.0,0.0,0.2202898550724637,0.1237785016286645,1.0
5,11,25,baseline,0.6,0.959877135726627,3.2203366272567973,216,-77.0,77.0,0.0,0.0,0.0,0.0,0.0,0.0,0.2992125984251968,0.1759259259259259,1.0
5,11,25,baseline,0.7,0.959877135726627,3.840220810632845,138,-76.5,76.5,0.0,0.0,0.0,0.0,0.0,0.0,0.4318181818181819,0.2753623188405797,1.0
5,11,25,baseline,0.75,0.959877135726627,4.411260550037525,85,-49.0,49.0,0.0,0.0,0.0,0.0,0.0,0.0,0.5853658536585366,0.4235294117647059,0.9473684210526316
5,11,25,baseline,0.8,0.959877135726627,6.375894525756127,42,-14.0,14.0,0.0,0.0,0.0,0.0,0.0,0.0,0.9,0.8571428571428571,0.9473684210526316
5,11,25,baseline,0.85,0.959877135726627,29.670504430764648,36,-13.5,13.5,0.0,0.0,0.0,0.0,0.0,0.0,0.972972972972973,1.0,0.9473684210526316
5,11,25,baseline,0.9,0.959877135726627,58.53957808237114,36,-7.0,7.0,0.1891891891891891,0.1944444444444444,0.1842105263157894,0.972972972972973,1.0,0.9473684210526316,0.972972972972973,1.0,0.9473684210526316
5,11,25,baseline,0.925,0.959877135726627,69.33519331856135,36,-3.0,3.0,0.972972972972973,1.0,0.9473684210526316,0.972972972972973,1.0,0.9473684210526316,0.972972972972973,1.0,0.9473684210526316
5,11,25,baseline,0.95,0.959877135726627,79.09825609318204,36,0.0,1.0,0.972972972972973,1.0,0.9473684210526316,0.972972972972973,1.0,0.9473684210526316,0.972972972972973,1.0,0.9473684210526316
5,11,25,baseline,0.975,0.959877135726627,86.22381835229184,36,3.0,3.0,0.972972972972973,1.0,0.9473684210526316,0.972972972972973,1.0,0.9473684210526316,0.972972972972973,1.0,0.9473684210526316
5,11,25,baseline,0.99,0.959877135726627,88.41575206515972,18,4.0,4.0,0.6428571428571429,1.0,0.4736842105263157,0.6428571428571429,1.0,0.4736842105263157,0.6428571428571429,1.0,0.4736842105263157
5,11,25,resample_pointwise,0.5,0.959877135726627,24.95009707357117,36,-14.0,14.0,0.0,0.0,0.0,0.0,0.0,0.0,0.972972972972973,1.0,0.9473684210526316
5,11,25,resample_pointwise,0.6,0.959877135726627,28.635077072530883,36,-14.0,14.0,0.0,0.0,0.0,0.0,0.0,0.0,0.972972972972973,1.0,0.9473684210526316
5,11,25,resample_pointwise,0.7,0.959877135726627,32.33190981874514,36,-13.0,13.0,0.0,0.0,0.0,0.0,0.0,0.0,0.972972972972973,1.0,0.9473684210526316
5,11,25,resample_pointwise,0.75,0.959877135726627,34.623542798798894,36,-13.0,13.0,0.0,0.0,0.0,0.0,0.0,0.0,0.972972972972973,1.0,0.9473684210526316
5,11,25,resample_pointwise,0.8,0.959877135726627,36.82074161418419,36,-12.5,12.5,0.0,0.0,0.0,0.054054054054054,0.0555555555555555,0.0526315789473684,0.972972972972973,1.0,0.9473684210526316
5,11,25,resample_pointwise,0.85,0.959877135726627,39.53418882264605,36,-12.0,12.0,0.0,0.0,0.0,0.1891891891891891,0.1944444444444444,0.1842105263157894,0.972972972972973,1.0,0.9473684210526316
5,11,25,resample_pointwise,0.9,0.959877135726627,42.68486482277051,36,-11.0,11.0,0.0,0.0,0.0,0.2702702702702702,0.2777777777777778,0.2631578947368421,0.972972972972973,1.0,0.9473684210526316
5,11,25,resample_pointwise,0.925,0.959877135726627,44.79650925380525,36,-10.0,10.0,0.0,0.0,0.0,0.5675675675675677,0.5833333333333334,0.5526315789473685,0.972972972972973,1.0,0.9473684210526316
5,11,25,resample_pointwise,0.95,0.959877135726627,47.28314487820307,36,-10.0,10.0,0.0,0.0,0.0,0.5945945945945946,0.6111111111111112,0.5789473684210527,0.972972972972973,1.0,0.9473684210526316
5,11,25,resample_pointwise,0.975,0.959877135726627,51.03478043699085,36,-9.0,9.0,0.027027027027027,0.0277777777777777,0.0263157894736842,0.972972972972973,1.0,0.9473684210526316,0.972972972972973,1.0,0.9473684210526316
5,11,25,resample_pointwise,0.99,0.959877135726627,55.20113445686261,36,-8.0,8.0,0.027027027027027,0.0277777777777777,0.0263157894736842,0.972972972972973,1.0,0.9473684210526316,0.972972972972973,1.0,0.9473684210526316
5,11,50,baseline,0.5,0.959877135726627,2.7974541555001946,109,-90.0,90.0,0.0,0.0,0.0,0.0,0.0,0.0,0.0,0.0,0.0
5,11,50,baseline,0.6,0.959877135726627,3.550446231698243,71,-44.0,44.0,0.0,0.0,0.0,0.0,0.0,0.0,0.0,0.0,0.0
5,11,50,baseline,0.7,0.959877135726627,34.005977633439336,36,-34.0,34.0,0.0,0.0,0.0,0.0,0.0,0.0,0.0,0.0,0.0
5,11,50,baseline,0.75,0.959877135726627,49.69844939285986,36,-27.0,27.0,0.0,0.0,0.0,0.0,0.0,0.0,0.2702702702702702,0.2777777777777778,0.2631578947368421
5,11,50,baseline,0.8,0.959877135726627,61.80161912728275,36,-19.5,19.5,0.027027027027027,0.0277777777777777,0.0263157894736842,0.054054054054054,0.0555555555555555,0.0526315789473684,0.972972972972973,1.0,0.9473684210526316
5,11,50,baseline,0.85,0.959877135726627,72.10936055209797,36,-10.0,10.0,0.1351351351351351,0.1388888888888889,0.131578947368421,0.5135135135135136,0.5277777777777778,0.5,0.972972972972973,1.0,0.9473684210526316
5,11,50,baseline,0.9,0.959877135726627,81.37517889512351,36,-6.0,6.0,0.4324324324324324,0.4444444444444444,0.4210526315789473,0.972972972972973,1.0,0.9473684210526316,0.972972972972973,1.0,0.9473684210526316
5,11,50,baseline,0.925,0.959877135726627,85.70726338601223,36,-2.5,2.5,0.972972972972973,1.0,0.9473684210526316,0.972972972972973,1.0,0.9473684210526316,0.972972972972973,1.0,0.9473684210526316
5,11,50,baseline,0.95,0.959877135726627,89.98671228857317,36,0.0,1.0,0.972972972972973,1.0,0.9473684210526316,0.972972972972973,1.0,0.9473684210526316,0.972972972972973,1.0,0.9473684210526316
5,11,50,baseline,0.975,0.959877135726627,93.3049051083472,33,3.0,3.0,0.9295774647887324,1.0,0.868421052631579,0.9295774647887324,1.0,0.868421052631579,0.9295774647887324,1.0,0.868421052631579
5,11,50,baseline,0.99,0.959877135726627,94.66738307160524,19,4.0,4.0,0.631578947368421,0.9473684210526316,0.4736842105263157,0.6666666666666666,1.0,0.5,0.6666666666666666,1.0,0.5
5,11,50,resample_pointwise,0.5,0.959877135726627,19.631004962703752,36,-38.0,38.0,0.0,0.0,0.0,0.0,0.0,0.0,0.0,0.0,0.0
5,11,50,resample_pointwise,0.6,0.959877135726627,22.65991522891529,36,-38.0,38.0,0.0,0.0,0.0,0.0,0.0,0.0,0.0,0.0,0.0
5,11,50,resample_pointwise,0.7,0.959877135726627,25.89767149926663,36,-37.0,37.0,0.0,0.0,0.0,0.0,0.0,0.0,0.0,0.0,0.0
5,11,50,resample_pointwise,0.75,0.959877135726627,27.66061468058625,36,-36.0,36.0,0.0,0.0,0.0,0.0,0.0,0.0,0.0,0.0,0.0
5,11,50,resample_pointwise,0.8,0.959877135726627,29.59029998668746,36,-36.0,36.0,0.0,0.0,0.0,0.0,0.0,0.0,0.0,0.0,0.0
5,11,50,resample_pointwise,0.85,0.959877135726627,31.766800692526928,36,-35.0,35.0,0.0,0.0,0.0,0.0,0.0,0.0,0.0,0.0,0.0
5,11,50,resample_pointwise,0.9,0.959877135726627,34.45055048249098,36,-34.0,34.0,0.0,0.0,0.0,0.0,0.0,0.0,0.0,0.0,0.0
5,11,50,resample_pointwise,0.925,0.959877135726627,36.12307350887929,36,-33.0,33.0,0.0,0.0,0.0,0.0,0.0,0.0,0.0,0.0,0.0
5,11,50,resample_pointwise,0.95,0.959877135726627,38.224238690795886,36,-33.0,33.0,0.0,0.0,0.0,0.0,0.0,0.0,0.0,0.0,0.0
5,11,50,resample_pointwise,0.975,0.959877135726627,41.35452411047844,36,-31.0,31.0,0.0,0.0,0.0,0.0,0.0,0.0,0.0,0.0,0.0
5,11,50,resample_pointwise,0.99,0.959877135726627,44.88976635652047,36,-30.0,30.0,0.0,0.0,0.0,0.0,0.0,0.0,0.054054054054054,0.0555555555555555,0.0526315789473684
5,11,100,baseline,0.5,0.959877135726627,46.84539521960857,36,-65.0,65.0,0.0,0.0,0.0,0.0,0.0,0.0,0.0,0.0,0.0
5,11,100,baseline,0.6,0.959877135726627,60.41561588956752,36,-47.5,47.5,0.0,0.0,0.0,0.0,0.0,0.0,0.027027027027027,0.0277777777777777,0.0263157894736842
5,11,100,baseline,0.7,0.959877135726627,71.78794260814504,36,-31.0,31.0,0.0,0.0,0.0,0.0,0.0,0.0,0.1891891891891891,0.1944444444444444,0.1842105263157894
5,11,100,baseline,0.75,0.959877135726627,76.93351287988892,36,-22.5,22.5,0.1351351351351351,0.1388888888888889,0.131578947368421,0.2162162162162162,0.2222222222222222,0.2105263157894736,0.6486486486486486,0.6666666666666666,0.631578947368421
5,11,100,baseline,0.8,0.959877135726627,81.85273722361471,36,-12.5,12.5,0.2162162162162162,0.2222222222222222,0.2105263157894736,0.4054054054054054,0.4166666666666667,0.3947368421052631,0.972972972972973,1.0,0.9473684210526316
5,11,100,baseline,0.85,0.959877135726627,86.34824907478908,36,-7.5,7.5,0.3243243243243243,0.3333333333333333,0.3157894736842105,0.5945945945945946,0.6111111111111112,0.5789473684210527,0.972972972972973,1.0,0.9473684210526316
5,11,100,baseline,0.9,0.959877135726627,90.70624338513188,36,-4.5,4.5,0.6486486486486486,0.6666666666666666,0.631578947368421,0.972972972972973,1.0,0.9473684210526316,0.972972972972973,1.0,0.9473684210526316
5,11,100,baseline,0.925,0.959877135726627,92.832116507752,36,-2.0,2.0,0.972972972972973,1.0,0.9473684210526316,0.972972972972973,1.0,0.9473684210526316,0.972972972972973,1.0,0.9473684210526316
5,11,100,baseline,0.95,0.959877135726627,94.95118452254584,36,0.0,1.0,0.972972972972973,1.0,0.9473684210526316,0.972972972972973,1.0,0.9473684210526316,0.972972972972973,1.0,0.9473684210526316
5,11,100,baseline,0.975,0.959877135726627,96.57081022306608,30,2.0,2.0,0.8529411764705883,0.9666666666666668,0.7631578947368421,0.8823529411764706,1.0,0.7894736842105263,0.8823529411764706,1.0,0.7894736842105263
5,11,100,baseline,0.99,0.959877135726627,97.38347409599854,14,3.5,3.5,0.5,0.9285714285714286,0.3421052631578947,0.5384615384615384,1.0,0.3684210526315789,0.5384615384615384,1.0,0.3684210526315789
5,11,100,resample_pointwise,0.5,0.959877135726627,15.307305806661851,36,-88.0,88.0,0.0,0.0,0.0,0.0,0.0,0.0,0.0,0.0,0.0
5,11,100,resample_pointwise,0.6,0.959877135726627,17.87223741405742,36,-87.0,87.0,0.0,0.0,0.0,0.0,0.0,0.0,0.0,0.0,0.0
5,11,100,resample_pointwise,0.7,0.959877135726627,20.57437322998653,36,-85.0,85.0,0.0,0.0,0.0,0.0,0.0,0.0,0.0,0.0,0.0
5,11,100,resample_pointwise,0.75,0.959877135726627,22.03511865844971,36,-85.0,85.0,0.0,0.0,0.0,0.0,0.0,0.0,0.0,0.0,0.0
5,11,100,resample_pointwise,0.8,0.959877135726627,23.641210606514,36,-83.0,83.0,0.0,0.0,0.0,0.0,0.0,0.0,0.0,0.0,0.0
5,11,100,resample_pointwise,0.85,0.959877135726627,25.46448678307008,36,-82.5,82.5,0.0,0.0,0.0,0.0,0.0,0.0,0.0,0.0,0.0
5,11,100,resample_pointwise,0.9,0.959877135726627,27.698564555845632,36,-81.0,81.0,0.0,0.0,0.0,0.0,0.0,0.0,0.0,0.0,0.0
5,11,100,resample_pointwise,0.925,0.959877135726627,29.11203862967267,36,-80.0,80.0,0.0,0.0,0.0,0.0,0.0,0.0,0.0,0.0,0.0
5,11,100,resample_pointwise,0.95,0.959877135726627,30.906256782186425,36,-79.0,79.0,0.0,0.0,0.0,0.0,0.0,0.0,0.0,0.0,0.0
5,11,100,resample_pointwise,0.975,0.959877135726627,33.54779508213048,36,-77.0,77.0,0.0,0.0,0.0,0.0,0.0,0.0,0.0,0.0,0.0
5,11,100,resample_pointwise,0.99,0.959877135726627,36.59724444063175,36,-74.0,74.0,0.0,0.0,0.0,0.0,0.0,0.0,0.0,0.0,0.0
5,17,10,baseline,0.5,0.9393199323689648,3.4119472442015017,487,-74.0,74.0,0.1447619047619047,0.0780287474332648,1.0,0.1447619047619047,0.0780287474332648,1.0,0.1447619047619047,0.0780287474332648,1.0
5,17,10,baseline,0.6,0.9393199323689648,3.9251237948099855,405,-76.0,76.0,0.1715575620767494,0.0938271604938271,1.0,0.1715575620767494,0.0938271604938271,1.0,0.1715575620767494,0.0938271604938271,1.0
5,17,10,baseline,0.7,0.9393199323689648,4.556718221823426,318,-71.0,71.0,0.2134831460674157,0.1194968553459119,1.0,0.2134831460674157,0.1194968553459119,1.0,0.2134831460674157,0.1194968553459119,1.0
5,17,10,baseline,0.75,0.9393199323689648,4.886889274620806,245,-65.0,65.0,0.2685512367491166,0.1551020408163265,1.0,0.2685512367491166,0.1551020408163265,1.0,0.2685512367491166,0.1551020408163265,1.0
5,17,10,baseline,0.8,0.9393199323689648,5.400270930303902,171,-55.0,55.0,0.3636363636363636,0.2222222222222222,1.0,0.3636363636363636,0.2222222222222222,1.0,0.3636363636363636,0.2222222222222222,1.0
5,17,10,baseline,0.85,0.9393199323689648,6.253085174747323,104,-26.5,26.5,0.5352112676056338,0.3653846153846153,1.0,0.5352112676056338,0.3653846153846153,1.0,0.5352112676056338,0.3653846153846153,1.0
5,17,10,baseline,0.9,0.9393199323689648,9.68119020958104,38,-1.0,1.0,0.9473684210526316,0.9473684210526316,0.9473684210526316,0.9473684210526316,0.9473684210526316,0.9473684210526316,0.9473684210526316,0.9473684210526316,0.9473684210526316
5,17,10,baseline,0.925,0.9393199323689648,23.189847638013735,36,0.0,1.0,0.972972972972973,1.0,0.9473684210526316,0.972972972972973,1.0,0.9473684210526316,0.972972972972973,1.0,0.9473684210526316
5,17,10,baseline,0.95,0.9393199323689648,39.62147155593692,36,3.0,3.0,0.918918918918919,0.9444444444444444,0.8947368421052632,0.972972972972973,1.0,0.9473684210526316,0.972972972972973,1.0,0.9473684210526316
5,17,10,baseline,0.975,0.9393199323689648,50.87686427634916,36,6.0,6.0,0.2432432432432432,0.25,0.2368421052631578,0.972972972972973,1.0,0.9473684210526316,0.972972972972973,1.0,0.9473684210526316
5,17,10,baseline,0.99,0.9393199323689648,54.42444056524823,22,7.5,7.5,0.0,0.0,0.0,0.7333333333333334,1.0,0.5789473684210527,0.7333333333333334,1.0,0.5789473684210527
5,17,10,resample_pointwise,0.5,0.9393199323689648,31.45862628053634,36,1.0,1.0,0.972972972972973,1.0,0.9473684210526316,0.972972972972973,1.0,0.9473684210526316,0.972972972972973,1.0,0.9473684210526316
5,17,10,resample_pointwise,0.6,0.9393199323689648,38.21453685200351,36,2.0,2.0,0.972972972972973,1.0,0.9473684210526316,0.972972972972973,1.0,0.9473684210526316,0.972972972972973,1.0,0.9473684210526316
5,17,10,resample_pointwise,0.7,0.9393199323689648,42.15641926685095,36,4.0,4.0,0.8918918918918918,0.9166666666666666,0.868421052631579,0.972972972972973,1.0,0.9473684210526316,0.972972972972973,1.0,0.9473684210526316
5,17,10,resample_pointwise,0.75,0.9393199323689648,44.229739373637656,36,4.0,4.0,0.8648648648648649,0.8888888888888888,0.8421052631578947,0.972972972972973,1.0,0.9473684210526316,0.972972972972973,1.0,0.9473684210526316
5,17,10,resample_pointwise,0.8,0.9393199323689648,48.27343498749915,36,5.0,5.0,0.5675675675675677,0.5833333333333334,0.5526315789473685,0.972972972972973,1.0,0.9473684210526316,0.972972972972973,1.0,0.9473684210526316
5,17,10,resample_pointwise,0.85,0.9393199323689648,51.44556261123356,36,6.0,6.0,0.1351351351351351,0.1388888888888889,0.131578947368421,0.972972972972973,1.0,0.9473684210526316,0.972972972972973,1.0,0.9473684210526316
5,17,10,resample_pointwise,0.9,0.9393199323689648,54.81569886259108,17,7.0,7.0,0.0,0.0,0.0,0.6181818181818182,1.0,0.4473684210526316,0.6181818181818182,1.0,0.4473684210526316
5,17,10,resample_pointwise,0.925,0.9393199323689648,58.17792622901466,2,8.0,8.0,0.0,0.0,0.0,0.1,1.0,0.0526315789473684,0.1,1.0,0.0526315789473684
5,17,10,resample_pointwise,0.95,0.9393199323689648,60.93943977400506,0,,,0.0,0.0,0.0,0.0,0.0,0.0,0.0,0.0,0.0
5,17,10,resample_pointwise,0.975,0.9393199323689648,65.89557884404118,0,,,0.0,0.0,0.0,0.0,0.0,0.0,0.0,0.0,0.0
5,17,10,resample_pointwise,0.99,0.9393199323689648,70.65197641669374,0,,,0.0,0.0,0.0,0.0,0.0,0.0,0.0,0.0,0.0
5,17,25,baseline,0.5,0.9393199323689648,2.7538286694197507,254,-81.0,81.0,0.0,0.0,0.0,0.1986301369863013,0.1141732283464567,0.7631578947368421,0.2602739726027397,0.1496062992125984,1.0
5,17,25,baseline,0.6,0.9393199323689648,3.160574322253764,200,-83.5,83.5,0.0,0.0,0.0,0.2436974789915966,0.145,0.7631578947368421,0.319327731092437,0.19,1.0
5,17,25,baseline,0.7,0.9393199323689648,3.773502115474168,133,-82.0,82.0,0.0,0.0,0.0,0.3391812865497076,0.2180451127819548,0.7631578947368421,0.4444444444444445,0.2857142857142857,1.0
5,17,25,baseline,0.75,0.9393199323689648,4.262050057052472,85,-35.0,35.0,0.0,0.0,0.0,0.4715447154471545,0.3411764705882353,0.7631578947368421,0.6178861788617886,0.4470588235294118,1.0
5,17,25,baseline,0.8,0.9393199323689648,7.235166580916642,36,-8.0,8.0,0.0,0.0,0.0,0.7837837837837838,0.8055555555555556,0.7631578947368421,0.972972972972973,1.0,0.9473684210526316
5,17,25,baseline,0.85,0.9393199323689648,27.06483392490789,36,-8.0,8.0,0.0,0.0,0.0,0.8918918918918918,0.9166666666666666,0.868421052631579,0.972972972972973,1.0,0.9473684210526316
5,17,25,baseline,0.9,0.9393199323689648,54.20433883968751,36,-4.0,4.0,0.918918918918919,0.9444444444444444,0.8947368421052632,0.972972972972973,1.0,0.9473684210526316,0.972972972972973,1.0,0.9473684210526316
5,17,25,baseline,0.925,0.9393199323689648,65.87879708545869,36,-1.0,1.0,0.972972972972973,1.0,0.9473684210526316,0.972972972972973,1.0,0.9473684210526316,0.972972972972973,1.0,0.9473684210526316
5,17,25,baseline,0.95,0.9393199323689648,75.92448015777292,36,3.0,3.0,0.972972972972973,1.0,0.9473684210526316,0.972972972972973,1.0,0.9473684210526316,0.972972972972973,1.0,0.9473684210526316
5,17,25,baseline,0.975,0.9393199323689648,81.31454454440826,36,6.0,6.0,0.2702702702702702,0.2777777777777778,0.2631578947368421,0.972972972972973,1.0,0.9473684210526316,0.972972972972973,1.0,0.9473684210526316
5,17,25,baseline,0.99,0.9393199323689648,82.94780285454097,18,7.0,7.0,0.0714285714285714,0.1111111111111111,0.0526315789473684,0.6428571428571429,1.0,0.4736842105263157,0.6428571428571429,1.0,0.4736842105263157
5,17,25,resample_pointwise,0.5,0.9393199323689648,24.004303709690543,36,-8.0,8.0,0.0,0.0,0.0,0.8378378378378377,0.8611111111111112,0.8157894736842105,0.972972972972973,1.0,0.9473684210526316
5,17,25,resample_pointwise,0.6,0.9393199323689648,27.483407110340032,36,-8.0,8.0,0.0,0.0,0.0,0.8918918918918918,0.9166666666666666,0.868421052631579,0.972972972972973,1.0,0.9473684210526316
5,17,25,resample_pointwise,0.7,0.9393199323689648,31.439828782691897,36,-8.0,8.0,0.0,0.0,0.0,0.972972972972973,1.0,0.9473684210526316,0.972972972972973,1.0,0.9473684210526316
5,17,25,resample_pointwise,0.75,0.9393199323689648,33.51684548558582,36,-8.0,8.0,0.0,0.0,0.0,0.972972972972973,1.0,0.9473684210526316,0.972972972972973,1.0,0.9473684210526316
5,17,25,resample_pointwise,0.8,0.9393199323689648,35.902343256662405,36,-8.0,8.0,0.027027027027027,0.0277777777777777,0.0263157894736842,0.972972972972973,1.0,0.9473684210526316,0.972972972972973,1.0,0.9473684210526316
5,17,25,resample_pointwise,0.85,0.9393199323689648,38.46460919572494,36,-8.0,8.0,0.027027027027027,0.0277777777777777,0.0263157894736842,0.972972972972973,1.0,0.9473684210526316,0.972972972972973,1.0,0.9473684210526316
5,17,25,resample_pointwise,0.9,0.9393199323689648,41.69742119322613,36,-7.0,7.0,0.027027027027027,0.0277777777777777,0.0263157894736842,0.972972972972973,1.0,0.9473684210526316,0.972972972972973,1.0,0.9473684210526316
5,17,25,resample_pointwise,0.925,0.9393199323689648,43.757638188203735,36,-7.0,7.0,0.081081081081081,0.0833333333333333,0.0789473684210526,0.972972972972973,1.0,0.9473684210526316,0.972972972972973,1.0,0.9473684210526316
5,17,25,resample_pointwise,0.95,0.9393199323689648,46.316298085084064,36,-6.0,6.0,0.1621621621621621,0.1666666666666666,0.1578947368421052,0.972972972972973,1.0,0.9473684210526316,0.972972972972973,1.0,0.9473684210526316
5,17,25,resample_pointwise,0.975,0.9393199323689648,50.19233600755723,36,-5.0,5.0,0.5945945945945946,0.6111111111111112,0.5789473684210527,0.972972972972973,1.0,0.9473684210526316,0.972972972972973,1.0,0.9473684210526316
5,17,25,resample_pointwise,0.99,0.9393199323689648,54.40161953558658,36,-4.0,4.0,0.9459459459459458,0.9722222222222222,0.9210526315789472,0.972972972972973,1.0,0.9473684210526316,0.972972972972973,1.0,0.9473684210526316
5,17,50,baseline,0.5,0.9393199323689648,2.5360360950032983,119,-97.0,97.0,0.0,0.0,0.0,0.0,0.0,0.0,0.0,0.0,0.0
5,17,50,baseline,0.6,0.9393199323689648,3.448473285027516,57,-35.0,35.0,0.0,0.0,0.0,0.0,0.0,0.0,0.0,0.0,0.0
5,17,50,baseline,0.7,0.9393199323689648,28.777633894653476,36,-32.0,32.0,0.0,0.0,0.0,0.0,0.0,0.0,0.0,0.0,0.0
5,17,50,baseline,0.75,0.9393199323689648,46.25076624213268,36,-25.0,25.0,0.0,0.0,0.0,0.0,0.0,0.0,0.6486486486486486,0.6666666666666666,0.631578947368421
5,17,50,baseline,0.8,0.9393199323689648,59.09667050421792,36,-17.0,17.0,0.027027027027027,0.0277777777777777,0.0263157894736842,0.081081081081081,0.0833333333333333,0.0789473684210526,0.972972972972973,1.0,0.9473684210526316
5,17,50,baseline,0.85,0.9393199323689648,69.9818390519761,36,-9.0,9.0,0.1891891891891891,0.1944444444444444,0.1842105263157894,0.7027027027027027,0.7222222222222222,0.6842105263157895,0.972972972972973,1.0,0.9473684210526316
5,17,50,baseline,0.9,0.9393199323689648,79.64245235834792,36,-3.0,3.0,0.9459459459459458,0.9722222222222222,0.9210526315789472,0.972972972972973,1.0,0.9473684210526316,0.972972972972973,1.0,0.9473684210526316
5,17,50,baseline,0.925,0.9393199323689648,84.09875559023801,36,-1.0,1.0,0.972972972972973,1.0,0.9473684210526316,0.972972972972973,1.0,0.9473684210526316,0.972972972972973,1.0,0.9473684210526316
5,17,50,baseline,0.95,0.9393199323689648,88.34407784095843,36,3.0,3.0,0.9459459459459458,0.9722222222222222,0.9210526315789472,0.972972972972973,1.0,0.9473684210526316,0.972972972972973,1.0,0.9473684210526316
5,17,50,baseline,0.975,0.9393199323689648,90.77212063701012,32,6.0,6.0,0.3999999999999999,0.4375,0.3684210526315789,0.9142857142857144,1.0,0.8421052631578947,0.9142857142857144,1.0,0.8421052631578947
5,17,50,baseline,0.99,0.9393199323689648,91.87841764851524,14,6.5,6.5,0.1538461538461538,0.2857142857142857,0.1052631578947368,0.5384615384615384,1.0,0.3684210526315789,0.5384615384615384,1.0,0.3684210526315789
5,17,50,resample_pointwise,0.5,0.9393199323689648,18.65223502236381,36,-33.5,33.5,0.0,0.0,0.0,0.0,0.0,0.0,0.0,0.0,0.0
5,17,50,resample_pointwise,0.6,0.9393199323689648,21.76673443419694,36,-33.5,33.5,0.0,0.0,0.0,0.0,0.0,0.0,0.0,0.0,0.0
5,17,50,resample_pointwise,0.7,0.9393199323689648,25.032250524252376,36,-33.0,33.0,0.0,0.0,0.0,0.0,0.0,0.0,0.0,0.0,0.0
5,17,50,resample_pointwise,0.75,0.9393199323689648,26.8259703244187,36,-33.0,33.0,0.0,0.0,0.0,0.0,0.0,0.0,0.0,0.0,0.0
5,17,50,resample_pointwise,0.8,0.9393199323689648,28.76706326840782,36,-32.0,32.0,0.0,0.0,0.0,0.0,0.0,0.0,0.0,0.0,0.0
5,17,50,resample_pointwise,0.85,0.9393199323689648,30.98062378227006,36,-31.5,31.5,0.0,0.0,0.0,0.0,0.0,0.0,0.0,0.0,0.0
5,17,50,resample_pointwise,0.9,0.9393199323689648,33.69807352727997,36,-30.0,30.0,0.0,0.0,0.0,0.0,0.0,0.0,0.0,0.0,0.0
5,17,50,resample_pointwise,0.925,0.9393199323689648,35.39899957427632,36,-30.0,30.0,0.0,0.0,0.0,0.0,0.0,0.0,0.0,0.0,0.0
5,17,50,resample_pointwise,0.95,0.9393199323689648,37.5644836476657,36,-29.0,29.0,0.0,0.0,0.0,0.0,0.0,0.0,0.027027027027027,0.0277777777777777,0.0263157894736842
5,17,50,resample_pointwise,0.975,0.9393199323689648,40.72586279858613,36,-28.0,28.0,0.0,0.0,0.0,0.0,0.0,0.0,0.1351351351351351,0.1388888888888889,0.131578947368421
5,17,50,resample_pointwise,0.99,0.9393199323689648,44.27302871678935,36,-26.0,26.0,0.0,0.0,0.0,0.0,0.0,0.0,0.3513513513513513,0.3611111111111111,0.3421052631578947
5,17,100,baseline,0.5,0.9393199323689648,41.32593044759402,36,-63.0,63.0,0.0,0.0,0.0,0.0,0.0,0.0,0.0,0.0,0.0
5,17,100,baseline,0.6,0.9393199323689648,57.726290485146855,36,-43.5,43.5,0.0,0.0,0.0,0.0,0.0,0.0,0.0,0.0,0.0
5,17,100,baseline,0.7,0.9393199323689648,70.46783463540818,36,-28.5,28.5,0.081081081081081,0.0833333333333333,0.0789473684210526,0.1351351351351351,0.1388888888888889,0.131578947368421,0.3243243243243243,0.3333333333333333,0.3157894736842105
5,17,100,baseline,0.75,0.9393199323689648,76.05562072694914,36,-18.0,18.0,0.1891891891891891,0.1944444444444444,0.1842105263157894,0.2432432432432432,0.25,0.2368421052631578,0.918918918918919,0.9444444444444444,0.8947368421052632
5,17,100,baseline,0.8,0.9393199323689648,81.07277473443067,36,-12.5,12.5,0.2432432432432432,0.25,0.2368421052631578,0.3243243243243243,0.3333333333333333,0.3157894736842105,0.972972972972973,1.0,0.9473684210526316
5,17,100,baseline,0.85,0.9393199323689648,85.67186145944308,36,-6.0,6.0,0.4864864864864865,0.5,0.4736842105263157,0.7837837837837838,0.8055555555555556,0.7631578947368421,0.972972972972973,1.0,0.9473684210526316
5,17,100,baseline,0.9,0.9393199323689648,90.08220846497602,36,-2.0,2.0,0.972972972972973,1.0,0.9473684210526316,0.972972972972973,1.0,0.9473684210526316,0.972972972972973,1.0,0.9473684210526316
5,17,100,baseline,0.925,0.9393199323689648,92.21427434792908,36,-1.0,1.0,0.972972972972973,1.0,0.9473684210526316,0.972972972972973,1.0,0.9473684210526316,0.972972972972973,1.0,0.9473684210526316
5,17,100,baseline,0.95,0.9393199323689648,94.12373411285608,34,2.0,2.0,0.8888888888888888,0.9411764705882352,0.8421052631578947,0.9444444444444444,1.0,0.8947368421052632,0.9444444444444444,1.0,0.8947368421052632
5,17,100,baseline,0.975,0.9393199323689648,95.49600057758072,28,5.0,5.0,0.4545454545454545,0.5357142857142857,0.3947368421052631,0.8484848484848484,1.0,0.7368421052631579,0.8484848484848484,1.0,0.7368421052631579
5,17,100,baseline,0.99,0.9393199323689648,96.08385292065292,10,5.0,5.0,0.2916666666666666,0.7,0.1842105263157894,0.4166666666666667,1.0,0.2631578947368421,0.4166666666666667,1.0,0.2631578947368421
5,17,100,resample_pointwise,0.5,0.9393199323689648,14.136784183486636,36,-82.0,82.0,0.0,0.0,0.0,0.0,0.0,0.0,0.0,0.0,0.0
5,17,100,resample_pointwise,0.6,0.9393199323689648,16.736651208649164,36,-81.0,81.0,0.0,0.0,0.0,0.0,0.0,0.0,0.0,0.0,0.0
5,17,100,resample_pointwise,0.7,0.9393199323689648,19.48742599086858,36,-80.5,80.5,0.0,0.0,0.0,0.0,0.0,0.0,0.0,0.0,0.0
5,17,100,resample_pointwise,0.75,0.9393199323689648,20.974089132577998,36,-80.0,80.0,0.0,0.0,0.0,0.0,0.0,0.0,0.0,0.0,0.0
5,17,100,resample_pointwise,0.8,0.9393199323689648,22.60792038614452,36,-79.5,79.5,0.0,0.0,0.0,0.0,0.0,0.0,0.0,0.0,0.0
5,17,100,resample_pointwise,0.85,0.9393199323689648,24.474148282444915,36,-78.0,78.0,0.0,0.0,0.0,0.0,0.0,0.0,0.0,0.0,0.0
5,17,100,resample_pointwise,0.9,0.9393199323689648,26.790711819694828,36,-77.0,77.0,0.0,0.0,0.0,0.0,0.0,0.0,0.0,0.0,0.0
5,17,100,resample_pointwise,0.925,0.9393199323689648,28.23877092258994,36,-75.5,75.5,0.0,0.0,0.0,0.0,0.0,0.0,0.0,0.0,0.0
5,17,100,resample_pointwise,0.95,0.9393199323689648,30.079258304664883,36,-73.5,73.5,0.0,0.0,0.0,0.0,0.0,0.0,0.0,0.0,0.0
5,17,100,resample_pointwise,0.975,0.9393199323689648,32.833311804670295,36,-72.5,72.5,0.0,0.0,0.0,0.0,0.0,0.0,0.0,0.0,0.0
5,17,100,resample_pointwise,0.99,0.9393199323689648,35.896996980073425,36,-70.5,70.5,0.0,0.0,0.0,0.0,0.0,0.0,0.0,0.0,0.0
5,22,10,baseline,0.5,0.9228497600590624,3.5043597282456944,533,-68.0,68.0,0.1295971978984238,0.0694183864915572,0.9736842105263158,0.1330998248686515,0.0712945590994371,1.0,0.1330998248686515,0.0712945590994371,1.0
5,22,10,baseline,0.6,0.9228497600590624,3.937667806411804,442,-61.0,61.0,0.1541666666666666,0.083710407239819,0.9736842105263158,0.1583333333333333,0.085972850678733,1.0,0.1583333333333333,0.085972850678733,1.0
5,22,10,baseline,0.7,0.9228497600590624,4.5300537187676975,293,-62.0,62.0,0.2235649546827794,0.1262798634812286,0.9736842105263158,0.229607250755287,0.1296928327645051,1.0,0.229607250755287,0.1296928327645051,1.0
5,22,10,baseline,0.75,0.9228497600590624,4.959355797424081,226,-56.5,56.5,0.2803030303030303,0.163716814159292,0.9736842105263158,0.2878787878787879,0.168141592920354,1.0,0.2878787878787879,0.168141592920354,1.0
5,22,10,baseline,0.8,0.9228497600590624,5.596612994533803,160,-47.0,47.0,0.3737373737373737,0.23125,0.9736842105263158,0.3838383838383838,0.2375,1.0,0.3838383838383838,0.2375,1.0
5,22,10,baseline,0.85,0.9228497600590624,6.615075267438681,83,-26.0,26.0,0.6115702479338843,0.4457831325301205,0.9736842105263158,0.628099173553719,0.4578313253012048,1.0,0.628099173553719,0.4578313253012048,1.0
5,22,10,baseline,0.9,0.9228497600590624,14.120093827040192,36,0.0,1.0,0.9459459459459458,0.9722222222222222,0.9210526315789472,0.972972972972973,1.0,0.9473684210526316,0.972972972972973,1.0,0.9473684210526316
5,22,10,baseline,0.925,0.9228497600590624,26.91382756212521,36,2.0,2.0,0.9459459459459458,0.9722222222222222,0.9210526315789472,0.972972972972973,1.0,0.9473684210526316,0.972972972972973,1.0,0.9473684210526316
5,22,10,baseline,0.95,0.9228497600590624,37.25954100411631,36,5.0,5.0,0.5135135135135136,0.5277777777777778,0.5,0.9459459459459458,0.9722222222222222,0.9210526315789472,0.972972972972973,1.0,0.9473684210526316
5,22,10,baseline,0.975,0.9228497600590624,41.81594914515387,37,8.0,8.0,0.0266666666666666,0.027027027027027,0.0263157894736842,0.8,0.8108108108108109,0.7894736842105263,0.9333333333333332,0.945945945945946,0.9210526315789472
5,22,10,baseline,0.99,0.9228497600590624,43.92861701351664,20,9.0,9.0,0.0,0.0,0.0,0.4482758620689655,0.65,0.3421052631578947,0.6206896551724138,0.9,0.4736842105263157
5,22,10,resample_pointwise,0.5,0.9228497600590624,31.056741149081542,36,3.0,3.0,0.8648648648648649,0.8888888888888888,0.8421052631578947,0.972972972972973,1.0,0.9473684210526316,0.972972972972973,1.0,0.9473684210526316
5,22,10,resample_pointwise,0.6,0.9228497600590624,37.066456372875706,36,5.0,5.0,0.5135135135135136,0.5277777777777778,0.5,0.9459459459459458,0.9722222222222222,0.9210526315789472,0.972972972972973,1.0,0.9473684210526316
5,22,10,resample_pointwise,0.7,0.9228497600590624,41.70422519650749,37,8.0,8.0,0.0266666666666666,0.027027027027027,0.0263157894736842,0.8,0.8108108108108109,0.7894736842105263,0.96,0.972972972972973,0.9473684210526316
5,22,10,resample_pointwise,0.75,0.9228497600590624,43.77124162979045,22,9.0,9.0,0.0,0.0,0.0,0.4666666666666667,0.6363636363636364,0.3684210526315789,0.6666666666666666,0.9090909090909092,0.5263157894736842
5,22,10,resample_pointwise,0.8,0.9228497600590624,47.38862398315607,0,,,0.0,0.0,0.0,0.0,0.0,0.0,0.0,0.0,0.0
5,22,10,resample_pointwise,0.85,0.9228497600590624,50.93313888433911,0,,,0.0,0.0,0.0,0.0,0.0,0.0,0.0,0.0,0.0
5,22,10,resample_pointwise,0.9,0.9228497600590624,54.28457092661661,0,,,0.0,0.0,0.0,0.0,0.0,0.0,0.0,0.0,0.0
5,22,10,resample_pointwise,0.925,0.9228497600590624,57.44123208658938,0,,,0.0,0.0,0.0,0.0,0.0,0.0,0.0,0.0,0.0
5,22,10,resample_pointwise,0.95,0.9228497600590624,60.48957973797852,0,,,0.0,0.0,0.0,0.0,0.0,0.0,0.0,0.0,0.0
5,22,10,resample_pointwise,0.975,0.9228497600590624,65.31065489901047,0,,,0.0,0.0,0.0,0.0,0.0,0.0,0.0,0.0,0.0
5,22,10,resample_pointwise,0.99,0.9228497600590624,70.20975828432643,0,,,0.0,0.0,0.0,0.0,0.0,0.0,0.0,0.0,0.0
5,22,25,baseline,0.5,0.9228497600590624,2.7330197870960498,244,-73.5,73.5,0.1985815602836879,0.1147540983606557,0.7368421052631579,0.2624113475177305,0.151639344262295,0.9736842105263158,0.2695035460992908,0.1557377049180328,1.0
5,22,25,baseline,0.6,0.9228497600590624,3.177023909784113,180,-63.0,63.0,0.2568807339449541,0.1555555555555555,0.7368421052631579,0.3394495412844036,0.2055555555555555,0.9736842105263158,0.3486238532110092,0.2111111111111111,1.0
5,22,25,baseline,0.7,0.9228497600590624,3.8414093386401342,118,-43.0,43.0,0.358974358974359,0.2372881355932203,0.7368421052631579,0.4743589743589744,0.3135593220338983,0.9736842105263158,0.4871794871794871,0.3220338983050847,1.0
5,22,25,baseline,0.75,0.9228497600590624,4.440106776798428,71,-9.0,9.0,0.5137614678899082,0.3943661971830985,0.7368421052631579,0.6788990825688074,0.5211267605633803,0.9736842105263158,0.6972477064220183,0.5352112676056338,1.0
5,22,25,baseline,0.8,0.9228497600590624,9.18893038329093,36,-4.0,4.0,0.7297297297297298,0.75,0.7105263157894737,0.9459459459459458,0.9722222222222222,0.9210526315789472,0.972972972972973,1.0,0.9473684210526316
5,22,25,baseline,0.85,0.9228497600590624,26.68569801562561,36,-4.0,4.0,0.7837837837837838,0.8055555555555556,0.7631578947368421,0.972972972972973,1.0,0.9473684210526316,0.972972972972973,1.0,0.9473684210526316
5,22,25,baseline,0.9,0.9228497600590624,50.15470421032577,36,-2.0,2.0,0.972972972972973,1.0,0.9473684210526316,0.972972972972973,1.0,0.9473684210526316,0.972972972972973,1.0,0.9473684210526316
5,22,25,baseline,0.925,0.9228497600590624,62.80109011779684,36,1.5,1.5,0.972972972972973,1.0,0.9473684210526316,0.972972972972973,1.0,0.9473684210526316,0.972972972972973,1.0,0.9473684210526316
5,22,25,baseline,0.95,0.9228497600590624,71.22204044087768,36,5.0,5.0,0.5675675675675677,0.5833333333333334,0.5526315789473685,0.972972972972973,1.0,0.9473684210526316,0.972972972972973,1.0,0.9473684210526316
5,22,25,baseline,0.975,0.9228497600590624,75.94978543085054,34,8.0,8.0,0.0,0.0,0.0,0.8055555555555555,0.8529411764705882,0.7631578947368421,0.9166666666666669,0.9705882352941176,0.868421052631579
5,22,25,baseline,0.99,0.9228497600590624,77.49488530923206,19,9.0,9.0,0.0,0.0,0.0,0.4561403508771929,0.6842105263157895,0.3421052631578947,0.6666666666666666,1.0,0.5
5,22,25,resample_pointwise,0.5,0.9228497600590624,23.17632293879197,36,-4.0,4.0,0.7567567567567567,0.7777777777777778,0.7368421052631579,0.972972972972973,1.0,0.9473684210526316,0.972972972972973,1.0,0.9473684210526316
5,22,25,resample_pointwise,0.6,0.9228497600590624,26.77220061803822,36,-4.0,4.0,0.7837837837837838,0.8055555555555556,0.7631578947368421,0.972972972972973,1.0,0.9473684210526316,0.972972972972973,1.0,0.9473684210526316
5,22,25,resample_pointwise,0.7,0.9228497600590624,30.80096152000171,36,-4.0,4.0,0.7837837837837838,0.8055555555555556,0.7631578947368421,0.972972972972973,1.0,0.9473684210526316,0.972972972972973,1.0,0.9473684210526316
5,22,25,resample_pointwise,0.75,0.9228497600590624,32.858903720436246,36,-4.0,4.0,0.7837837837837838,0.8055555555555556,0.7631578947368421,0.972972972972973,1.0,0.9473684210526316,0.972972972972973,1.0,0.9473684210526316
5,22,25,resample_pointwise,0.8,0.9228497600590624,35.27325409075695,36,-4.0,4.0,0.8108108108108109,0.8333333333333334,0.7894736842105263,0.972972972972973,1.0,0.9473684210526316,0.972972972972973,1.0,0.9473684210526316
5,22,25,resample_pointwise,0.85,0.9228497600590624,37.8410718512356,36,-3.5,3.5,0.8918918918918918,0.9166666666666666,0.868421052631579,0.972972972972973,1.0,0.9473684210526316,0.972972972972973,1.0,0.9473684210526316
5,22,25,resample_pointwise,0.9,0.9228497600590624,41.13188735432029,36,-3.0,3.0,0.8918918918918918,0.9166666666666666,0.868421052631579,0.972972972972973,1.0,0.9473684210526316,0.972972972972973,1.0,0.9473684210526316
5,22,25,resample_pointwise,0.925,0.9228497600590624,43.13197451121877,36,-3.0,3.0,0.972972972972973,1.0,0.9473684210526316,0.972972972972973,1.0,0.9473684210526316,0.972972972972973,1.0,0.9473684210526316
5,22,25,resample_pointwise,0.95,0.9228497600590624,45.70853425872182,36,-3.0,3.0,0.972972972972973,1.0,0.9473684210526316,0.972972972972973,1.0,0.9473684210526316,0.972972972972973,1.0,0.9473684210526316
5,22,25,resample_pointwise,0.975,0.9228497600590624,49.466912270828765,36,-2.0,2.0,0.972972972972973,1.0,0.9473684210526316,0.972972972972973,1.0,0.9473684210526316,0.972972972972973,1.0,0.9473684210526316
5,22,25,resample_pointwise,0.99,0.9228497600590624,53.5963207158654,36,-1.0,1.0,0.972972972972973,1.0,0.9473684210526316,0.972972972972973,1.0,0.9473684210526316,0.972972972972973,1.0,0.9473684210526316
5,22,50,baseline,0.5,0.9228497600590624,2.460127869254966,112,-82.0,82.0,0.0,0.0,0.0,0.0,0.0,0.0,0.0266666666666666,0.0178571428571428,0.0526315789473684
5,22,50,baseline,0.6,0.9228497600590624,3.65716290045359,44,-29.0,29.0,0.0,0.0,0.0,0.0,0.0,0.0,0.048780487804878,0.0454545454545454,0.0526315789473684
5,22,50,baseline,0.7,0.9228497600590624,25.615380064466294,36,-28.0,28.0,0.0,0.0,0.0,0.0,0.0,0.0,0.054054054054054,0.0555555555555555,0.0526315789473684
5,22,50,baseline,0.75,0.9228497600590624,42.98766132632286,36,-23.0,23.0,0.0,0.0,0.0,0.0,0.0,0.0,0.972972972972973,1.0,0.9473684210526316
5,22,50,baseline,0.8,0.9228497600590624,56.834090084305885,36,-15.0,15.0,0.054054054054054,0.0555555555555555,0.0526315789473684,0.1621621621621621,0.1666666666666666,0.1578947368421052,0.972972972972973,1.0,0.9473684210526316
5,22,50,baseline,0.85,0.9228497600590624,68.04483759543416,36,-7.5,7.5,0.4054054054054054,0.4166666666666667,0.3947368421052631,0.918918918918919,0.9444444444444444,0.8947368421052632,0.972972972972973,1.0,0.9473684210526316
5,22,50,baseline,0.9,0.9228497600590624,78.16190460371143,36,-1.0,1.0,0.972972972972973,1.0,0.9473684210526316,0.972972972972973,1.0,0.9473684210526316,0.972972972972973,1.0,0.9473684210526316
5,22,50,baseline,0.925,0.9228497600590624,82.75070409114863,36,2.0,2.0,0.9459459459459458,0.9722222222222222,0.9210526315789472,0.972972972972973,1.0,0.9473684210526316,0.972972972972973,1.0,0.9473684210526316
5,22,50,baseline,0.95,0.9228497600590624,86.12714058653704,36,5.0,5.0,0.6216216216216216,0.6388888888888888,0.6052631578947368,0.972972972972973,1.0,0.9473684210526316,0.972972972972973,1.0,0.9473684210526316
5,22,50,baseline,0.975,0.9228497600590624,88.25660384125717,24,7.5,7.5,0.1290322580645161,0.1666666666666666,0.1052631578947368,0.7741935483870968,1.0,0.631578947368421,0.7741935483870968,1.0,0.631578947368421
5,22,50,baseline,0.99,0.9228497600590624,89.3469884771147,12,9.0,9.0,0.0,0.0,0.0,0.4399999999999999,0.9166666666666666,0.2894736842105263,0.4799999999999999,1.0,0.3157894736842105
5,22,50,resample_pointwise,0.5,0.9228497600590624,17.76260354657578,36,-28.0,28.0,0.0,0.0,0.0,0.0,0.0,0.0,0.054054054054054,0.0555555555555555,0.0526315789473684
5,22,50,resample_pointwise,0.6,0.9228497600590624,20.87733090311091,36,-28.0,28.0,0.0,0.0,0.0,0.0,0.0,0.0,0.054054054054054,0.0555555555555555,0.0526315789473684
5,22,50,resample_pointwise,0.7,0.9228497600590624,24.182448753615105,36,-28.0,28.0,0.0,0.0,0.0,0.0,0.0,0.0,0.054054054054054,0.0555555555555555,0.0526315789473684
5,22,50,resample_pointwise,0.75,0.9228497600590624,25.97936099495466,36,-28.0,28.0,0.0,0.0,0.0,0.0,0.0,0.0,0.054054054054054,0.0555555555555555,0.0526315789473684
5,22,50,resample_pointwise,0.8,0.9228497600590624,27.937091466553383,36,-28.0,28.0,0.0,0.0,0.0,0.0,0.0,0.0,0.054054054054054,0.0555555555555555,0.0526315789473684
5,22,50,resample_pointwise,0.85,0.9228497600590624,30.17911048033826,36,-28.0,28.0,0.0,0.0,0.0,0.0,0.0,0.0,0.081081081081081,0.0833333333333333,0.0789473684210526
5,22,50,resample_pointwise,0.9,0.9228497600590624,32.88674823187434,36,-27.0,27.0,0.0,0.0,0.0,0.0,0.0,0.0,0.1621621621621621,0.1666666666666666,0.1578947368421052
5,22,50,resample_pointwise,0.925,0.9228497600590624,34.611577218493885,36,-27.0,27.0,0.0,0.0,0.0,0.0,0.0,0.0,0.2162162162162162,0.2222222222222222,0.2105263157894736
5,22,50,resample_pointwise,0.95,0.9228497600590624,36.78511400732284,36,-26.0,26.0,0.0,0.0,0.0,0.0,0.0,0.0,0.4324324324324324,0.4444444444444444,0.4210526315789473
5,22,50,resample_pointwise,0.975,0.9228497600590624,40.05605067178052,36,-24.0,24.0,0.0,0.0,0.0,0.0,0.0,0.0,0.8918918918918918,0.9166666666666666,0.868421052631579
5,22,50,resample_pointwise,0.99,0.9228497600590624,43.71071362836337,36,-23.0,23.0,0.0,0.0,0.0,0.0,0.0,0.0,0.972972972972973,1.0,0.9473684210526316
5,22,100,baseline,0.5,0.9228497600590624,41.98902264835037,36,-61.0,61.0,0.0,0.0,0.0,0.0,0.0,0.0,0.0,0.0,0.0
5,22,100,baseline,0.6,0.9228497600590624,57.42834533517884,36,-43.5,43.5,0.0,0.0,0.0,0.0,0.0,0.0,0.0,0.0,0.0
5,22,100,baseline,0.7,0.9228497600590624,69.66206517072803,36,-27.0,27.0,0.027027027027027,0.0277777777777777,0.0263157894736842,0.027027027027027,0.0277777777777777,0.0263157894736842,0.4324324324324324,0.4444444444444444,0.4210526315789473
5,22,100,baseline,0.75,0.9228497600590624,75.18517973814257,36,-18.0,18.0,0.1351351351351351,0.1388888888888889,0.131578947368421,0.2162162162162162,0.2222222222222222,0.2105263157894736,0.972972972972973,1.0,0.9473684210526316
5,22,100,baseline,0.8,0.9228497600590624,80.1428710183913,36,-11.0,11.0,0.2432432432432432,0.25,0.2368421052631578,0.4324324324324324,0.4444444444444444,0.4210526315789473,0.972972972972973,1.0,0.9473684210526316
5,22,100,baseline,0.85,0.9228497600590624,84.80199720125034,36,-5.0,5.0,0.5135135135135136,0.5277777777777778,0.5,0.8378378378378377,0.8611111111111112,0.8157894736842105,0.972972972972973,1.0,0.9473684210526316
5,22,100,baseline,0.9,0.9228497600590624,89.20147179102926,36,-1.0,1.5,0.972972972972973,1.0,0.9473684210526316,0.972972972972973,1.0,0.9473684210526316,0.972972972972973,1.0,0.9473684210526316
5,22,100,baseline,0.925,0.9228497600590624,91.37079100964304,36,2.0,2.0,0.918918918918919,0.9444444444444444,0.8947368421052632,0.972972972972973,1.0,0.9473684210526316,0.972972972972973,1.0,0.9473684210526316
5,22,100,baseline,0.95,0.9228497600590624,93.00046515316102,36,5.0,5.0,0.5675675675675677,0.5833333333333334,0.5526315789473685,0.9459459459459458,0.9722222222222222,0.9210526315789472,0.972972972972973,1.0,0.9473684210526316
5,22,100,baseline,0.975,0.9228497600590624,94.04818997044028,24,7.0,7.0,0.1935483870967742,0.25,0.1578947368421052,0.6774193548387096,0.875,0.5526315789473685,0.7741935483870968,1.0,0.631578947368421
5,22,100,baseline,0.99,0.9228497600590624,94.81800732888355,12,8.0,8.0,0.08,0.1666666666666666,0.0526315789473684,0.3999999999999999,0.8333333333333334,0.2631578947368421,0.4799999999999999,1.0,0.3157894736842105
5,22,100,resample_pointwise,0.5,0.9228497600590624,13.148764112429596,36,-78.0,78.0,0.0,0.0,0.0,0.0,0.0,0.0,0.0,0.0,0.0
5,22,100,resample_pointwise,0.6,0.9228497600590624,15.689689648302815,36,-78.0,78.0,0.0,0.0,0.0,0.0,0.0,0.0,0.0,0.0,0.0
5,22,100,resample_pointwise,0.7,0.9228497600590624,18.467841300148024,36,-78.0,78.0,0.0,0.0,0.0,0.0,0.0,0.0,0.0,0.0,0.0
5,22,100,resample_pointwise,0.75,0.9228497600590624,19.989174344730905,36,-77.0,77.0,0.0,0.0,0.0,0.0,0.0,0.0,0.0,0.0,0.0
5,22,100,resample_pointwise,0.8,0.9228497600590624,21.658413009823995,36,-77.0,77.0,0.0,0.0,0.0,0.0,0.0,0.0,0.0,0.0,0.0
5,22,100,resample_pointwise,0.85,0.9228497600590624,23.58035910127396,36,-76.0,76.0,0.0,0.0,0.0,0.0,0.0,0.0,0.0,0.0,0.0
5,22,100,resample_pointwise,0.9,0.9228497600590624,25.90148689346312,36,-75.0,75.0,0.0,0.0,0.0,0.0,0.0,0.0,0.0,0.0,0.0
5,22,100,resample_pointwise,0.925,0.9228497600590624,27.371688828241226,36,-74.0,74.0,0.0,0.0,0.0,0.0,0.0,0.0,0.0,0.0,0.0
5,22,100,resample_pointwise,0.95,0.9228497600590624,29.227918709739814,36,-73.0,73.0,0.0,0.0,0.0,0.0,0.0,0.0,0.0,0.0,0.0
5,22,100,resample_pointwise,0.975,0.9228497600590624,31.91332951133324,36,-71.0,71.0,0.0,0.0,0.0,0.0,0.0,0.0,0.0,0.0,0.0
5,22,100,resample_pointwise,0.99,0.9228497600590624,34.85834438076696,36,-68.0,68.0,0.0,0.0,0.0,0.0,0.0,0.0,0.0,0.0,0.0
5,27,10,baseline,0.5,0.906947215672048,3.302190116135763,481,-70.0,70.0,0.1464354527938343,0.079002079002079,1.0,0.1464354527938343,0.079002079002079,1.0,0.1464354527938343,0.079002079002079,1.0
5,27,10,baseline,0.6,0.906947215672048,3.792981380303581,405,-73.0,73.0,0.1715575620767494,0.0938271604938271,1.0,0.1715575620767494,0.0938271604938271,1.0,0.1715575620767494,0.0938271604938271,1.0
5,27,10,baseline,0.7,0.906947215672048,4.45431690678499,288,-69.0,69.0,0.2331288343558282,0.1319444444444444,1.0,0.2331288343558282,0.1319444444444444,1.0,0.2331288343558282,0.1319444444444444,1.0
5,27,10,baseline,0.75,0.906947215672048,4.932909768064269,205,-57.0,57.0,0.3127572016460905,0.1853658536585365,1.0,0.3127572016460905,0.1853658536585365,1.0,0.3127572016460905,0.1853658536585365,1.0
5,27,10,baseline,0.8,0.906947215672048,5.6087504247012125,140,-43.5,43.5,0.4269662921348314,0.2714285714285714,1.0,0.4269662921348314,0.2714285714285714,1.0,0.4269662921348314,0.2714285714285714,1.0
5,27,10,baseline,0.85,0.906947215672048,7.065246060857936,69,-3.0,3.0,0.7102803738317757,0.5507246376811594,1.0,0.7102803738317757,0.5507246376811594,1.0,0.7102803738317757,0.5507246376811594,1.0
5,27,10,baseline,0.9,0.906947215672048,18.04079077162244,36,0.0,1.0,0.9459459459459458,0.9722222222222222,0.9210526315789472,0.9459459459459458,0.9722222222222222,0.9210526315789472,0.972972972972973,1.0,0.9473684210526316
5,27,10,baseline,0.925,0.906947215672048,27.648357069541103,36,5.0,5.0,0.6486486486486486,0.6666666666666666,0.631578947368421,0.8918918918918918,0.9166666666666666,0.868421052631579,0.972972972972973,1.0,0.9473684210526316
5,27,10,baseline,0.95,0.906947215672048,33.209954375297166,43,8.0,8.0,0.1481481481481481,0.1395348837209302,0.1578947368421052,0.7407407407407408,0.6976744186046512,0.7894736842105263,0.8888888888888888,0.8372093023255814,0.9473684210526316
5,27,10,baseline,0.975,0.906947215672048,35.95812232176964,37,10.0,10.0,0.0,0.0,0.0,0.4,0.4054054054054054,0.3947368421052631,0.7466666666666667,0.7567567567567568,0.7368421052631579
5,27,10,baseline,0.99,0.906947215672048,37.66391425838894,17,9.0,9.0,0.0,0.0,0.0,0.2909090909090909,0.4705882352941176,0.2105263157894736,0.6181818181818182,1.0,0.4473684210526316
5,27,10,resample_pointwise,0.5,0.906947215672048,30.65105141017418,38,6.0,6.0,0.3947368421052631,0.3947368421052631,0.3947368421052631,0.8421052631578947,0.8421052631578947,0.8421052631578947,0.9473684210526316,0.9473684210526316,0.9473684210526316
5,27,10,resample_pointwise,0.6,0.906947215672048,36.07228991967349,38,11.0,11.0,0.0,0.0,0.0,0.3421052631578947,0.3421052631578947,0.3421052631578947,0.7368421052631579,0.7368421052631579,0.7368421052631579
5,27,10,resample_pointwise,0.7,0.906947215672048,41.19378507425249,0,,,0.0,0.0,0.0,0.0,0.0,0.0,0.0,0.0,0.0
5,27,10,resample_pointwise,0.75,0.906947215672048,43.29894230857174,0,,,0.0,0.0,0.0,0.0,0.0,0.0,0.0,0.0,0.0
5,27,10,resample_pointwise,0.8,0.906947215672048,46.53555961934835,0,,,0.0,0.0,0.0,0.0,0.0,0.0,0.0,0.0,0.0
5,27,10,resample_pointwise,0.85,0.906947215672048,50.28919211876975,0,,,0.0,0.0,0.0,0.0,0.0,0.0,0.0,0.0,0.0
5,27,10,resample_pointwise,0.9,0.906947215672048,53.74986531698562,0,,,0.0,0.0,0.0,0.0,0.0,0.0,0.0,0.0,0.0
5,27,10,resample_pointwise,0.925,0.906947215672048,56.63777553147826,0,,,0.0,0.0,0.0,0.0,0.0,0.0,0.0,0.0,0.0
5,27,10,resample_pointwise,0.95,0.906947215672048,59.98151091322015,0,,,0.0,0.0,0.0,0.0,0.0,0.0,0.0,0.0,0.0
5,27,10,resample_pointwise,0.975,0.906947215672048,64.58036151521831,0,,,0.0,0.0,0.0,0.0,0.0,0.0,0.0,0.0,0.0
5,27,10,resample_pointwise,0.99,0.906947215672048,69.61830612308216,0,,,0.0,0.0,0.0,0.0,0.0,0.0,0.0,0.0,0.0
5,27,25,baseline,0.5,0.906947215672048,2.602984642346669,242,-64.0,64.0,0.2285714285714286,0.1322314049586777,0.8421052631578947,0.2714285714285714,0.1570247933884297,1.0,0.2714285714285714,0.1570247933884297,1.0
5,27,25,baseline,0.6,0.906947215672048,3.049285214083275,206,-65.0,65.0,0.2622950819672131,0.1553398058252427,0.8421052631578947,0.3114754098360656,0.1844660194174757,1.0,0.3114754098360656,0.1844660194174757,1.0
5,27,25,baseline,0.7,0.906947215672048,3.694812569685874,110,-42.5,42.5,0.4324324324324324,0.2909090909090909,0.8421052631578947,0.5135135135135135,0.3454545454545454,1.0,0.5135135135135135,0.3454545454545454,1.0
5,27,25,baseline,0.75,0.906947215672048,4.448633241927855,64,-6.0,6.0,0.5882352941176471,0.46875,0.7894736842105263,0.7058823529411765,0.5625,0.9473684210526316,0.7058823529411765,0.5625,0.9473684210526316
5,27,25,baseline,0.8,0.906947215672048,10.4169592248323,36,-1.0,1.0,0.8108108108108109,0.8333333333333334,0.7894736842105263,0.972972972972973,1.0,0.9473684210526316,0.972972972972973,1.0,0.9473684210526316
5,27,25,baseline,0.85,0.906947215672048,27.15622950194452,36,-1.0,1.0,0.8108108108108109,0.8333333333333334,0.7894736842105263,0.972972972972973,1.0,0.9473684210526316,0.972972972972973,1.0,0.9473684210526316
5,27,25,baseline,0.9,0.906947215672048,48.226178978200295,36,1.0,1.0,0.972972972972973,1.0,0.9473684210526316,0.972972972972973,1.0,0.9473684210526316,0.972972972972973,1.0,0.9473684210526316
5,27,25,baseline,0.925,0.906947215672048,59.366330000315465,36,4.0,4.0,0.8918918918918918,0.9166666666666666,0.868421052631579,0.972972972972973,1.0,0.9473684210526316,0.972972972972973,1.0,0.9473684210526316
5,27,25,baseline,0.95,0.906947215672048,67.08212377781162,36,7.5,7.5,0.0,0.0,0.0,0.9459459459459458,0.9722222222222222,0.9210526315789472,0.972972972972973,1.0,0.9473684210526316
5,27,25,baseline,0.975,0.906947215672048,71.17204502034866,33,11.0,11.0,0.0,0.0,0.0,0.4225352112676056,0.4545454545454545,0.3947368421052631,0.9295774647887324,1.0,0.868421052631579
5,27,25,baseline,0.99,0.906947215672048,72.83437676818593,22,12.0,12.0,0.0,0.0,0.0,0.0999999999999999,0.1363636363636363,0.0789473684210526,0.7333333333333334,1.0,0.5789473684210527
5,27,25,resample_pointwise,0.5,0.906947215672048,22.26426545964203,36,-1.0,1.0,0.8108108108108109,0.8333333333333334,0.7894736842105263,0.972972972972973,1.0,0.9473684210526316,0.972972972972973,1.0,0.9473684210526316
5,27,25,resample_pointwise,0.6,0.906947215672048,25.923329568610384,36,-1.0,1.0,0.8108108108108109,0.8333333333333334,0.7894736842105263,0.972972972972973,1.0,0.9473684210526316,0.972972972972973,1.0,0.9473684210526316
5,27,25,resample_pointwise,0.7,0.906947215672048,29.919196229888875,36,-1.0,1.0,0.8108108108108109,0.8333333333333334,0.7894736842105263,0.972972972972973,1.0,0.9473684210526316,0.972972972972973,1.0,0.9473684210526316
5,27,25,resample_pointwise,0.75,0.906947215672048,32.05823390480837,36,-1.0,1.0,0.918918918918919,0.9444444444444444,0.8947368421052632,0.972972972972973,1.0,0.9473684210526316,0.972972972972973,1.0,0.9473684210526316
5,27,25,resample_pointwise,0.8,0.906947215672048,34.43933906998945,36,-1.0,1.0,0.9459459459459458,0.9722222222222222,0.9210526315789472,0.972972972972973,1.0,0.9473684210526316,0.972972972972973,1.0,0.9473684210526316
5,27,25,resample_pointwise,0.85,0.906947215672048,37.11853428229441,36,-0.5,1.0,0.972972972972973,1.0,0.9473684210526316,0.972972972972973,1.0,0.9473684210526316,0.972972972972973,1.0,0.9473684210526316
5,27,25,resample_pointwise,0.9,0.906947215672048,40.419872243201176,36,0.0,1.0,0.972972972972973,1.0,0.9473684210526316,0.972972972972973,1.0,0.9473684210526316,0.972972972972973,1.0,0.9473684210526316
5,27,25,resample_pointwise,0.925,0.906947215672048,42.500686302064366,36,0.0,1.0,0.972972972972973,1.0,0.9473684210526316,0.972972972972973,1.0,0.9473684210526316,0.972972972972973,1.0,0.9473684210526316
5,27,25,resample_pointwise,0.95,0.906947215672048,45.1332010431175,36,0.0,1.0,0.972972972972973,1.0,0.9473684210526316,0.972972972972973,1.0,0.9473684210526316,0.972972972972973,1.0,0.9473684210526316
5,27,25,resample_pointwise,0.975,0.906947215672048,48.99600703175744,36,1.0,1.0,0.972972972972973,1.0,0.9473684210526316,0.972972972972973,1.0,0.9473684210526316,0.972972972972973,1.0,0.9473684210526316
5,27,25,resample_pointwise,0.99,0.906947215672048,53.21108040966007,36,2.0,2.0,0.972972972972973,1.0,0.9473684210526316,0.972972972972973,1.0,0.9473684210526316,0.972972972972973,1.0,0.9473684210526316
5,27,50,baseline,0.5,0.906947215672048,2.4224149328907405,99,-59.0,59.0,0.0,0.0,0.0,0.0,0.0,0.0,0.4087591240875912,0.2828282828282828,0.7368421052631579
5,27,50,baseline,0.6,0.906947215672048,3.481796470068029,43,-24.0,24.0,0.0,0.0,0.0,0.0,0.0,0.0,0.6913580246913581,0.6511627906976745,0.7368421052631579
5,27,50,baseline,0.7,0.906947215672048,23.860785601608715,36,-23.0,23.0,0.0,0.0,0.0,0.0,0.0,0.0,0.8108108108108109,0.8333333333333334,0.7894736842105263
5,27,50,baseline,0.75,0.906947215672048,39.36030470907709,36,-21.0,21.0,0.0,0.0,0.0,0.0,0.0,0.0,0.972972972972973,1.0,0.9473684210526316
5,27,50,baseline,0.8,0.906947215672048,54.173775596227486,36,-14.0,14.0,0.0,0.0,0.0,0.1081081081081081,0.1111111111111111,0.1052631578947368,0.972972972972973,1.0,0.9473684210526316
5,27,50,baseline,0.85,0.906947215672048,66.31008770428272,36,-6.5,6.5,0.3243243243243243,0.3333333333333333,0.3157894736842105,0.972972972972973,1.0,0.9473684210526316,0.972972972972973,1.0,0.9473684210526316
5,27,50,baseline,0.9,0.906947215672048,76.8835399204704,36,0.0,1.0,0.972972972972973,1.0,0.9473684210526316,0.972972972972973,1.0,0.9473684210526316,0.972972972972973,1.0,0.9473684210526316
5,27,50,baseline,0.925,0.906947215672048,81.35819142317021,36,4.0,4.0,0.8108108108108109,0.8333333333333334,0.7894736842105263,0.972972972972973,1.0,0.9473684210526316,0.972972972972973,1.0,0.9473684210526316
5,27,50,baseline,0.95,0.906947215672048,84.37461354119274,36,7.0,7.0,0.027027027027027,0.0277777777777777,0.0263157894736842,0.9459459459459458,0.9722222222222222,0.9210526315789472,0.972972972972973,1.0,0.9473684210526316
5,27,50,baseline,0.975,0.906947215672048,86.06728721902924,27,10.0,10.0,0.0,0.0,0.0,0.4923076923076923,0.5925925925925926,0.4210526315789473,0.8307692307692308,1.0,0.7105263157894737
5,27,50,baseline,0.99,0.906947215672048,87.03706406197385,13,11.0,11.0,0.0,0.0,0.0,0.2352941176470588,0.4615384615384615,0.1578947368421052,0.5098039215686275,1.0,0.3421052631578947
5,27,50,resample_pointwise,0.5,0.906947215672048,16.94032497218542,36,-23.0,23.0,0.0,0.0,0.0,0.0,0.0,0.0,0.7837837837837838,0.8055555555555556,0.7631578947368421
5,27,50,resample_pointwise,0.6,0.906947215672048,20.04586491076421,36,-23.0,23.0,0.0,0.0,0.0,0.0,0.0,0.0,0.8108108108108109,0.8333333333333334,0.7894736842105263
5,27,50,resample_pointwise,0.7,0.906947215672048,23.39524110602596,36,-23.0,23.0,0.0,0.0,0.0,0.0,0.0,0.0,0.8108108108108109,0.8333333333333334,0.7894736842105263
5,27,50,resample_pointwise,0.75,0.906947215672048,25.241610966985192,36,-23.0,23.0,0.0,0.0,0.0,0.0,0.0,0.0,0.8108108108108109,0.8333333333333334,0.7894736842105263
5,27,50,resample_pointwise,0.8,0.906947215672048,27.24326448090661,36,-23.0,23.0,0.0,0.0,0.0,0.0,0.0,0.0,0.8648648648648649,0.8888888888888888,0.8421052631578947
5,27,50,resample_pointwise,0.85,0.906947215672048,29.526193393986365,36,-23.0,23.0,0.0,0.0,0.0,0.0,0.0,0.0,0.8918918918918918,0.9166666666666666,0.868421052631579
5,27,50,resample_pointwise,0.9,0.906947215672048,32.31409397533529,36,-23.0,23.0,0.0,0.0,0.0,0.0,0.0,0.0,0.972972972972973,1.0,0.9473684210526316
5,27,50,resample_pointwise,0.925,0.906947215672048,34.08217661385997,36,-23.0,23.0,0.0,0.0,0.0,0.0,0.0,0.0,0.972972972972973,1.0,0.9473684210526316
5,27,50,resample_pointwise,0.95,0.906947215672048,36.30057601213148,36,-23.0,23.0,0.0,0.0,0.0,0.0,0.0,0.0,0.972972972972973,1.0,0.9473684210526316
5,27,50,resample_pointwise,0.975,0.906947215672048,39.59371079282164,36,-21.0,21.0,0.0,0.0,0.0,0.0,0.0,0.0,0.972972972972973,1.0,0.9473684210526316
5,27,50,resample_pointwise,0.99,0.906947215672048,43.26157255351658,36,-19.0,19.0,0.0,0.0,0.0,0.0,0.0,0.0,0.972972972972973,1.0,0.9473684210526316
5,27,100,baseline,0.5,0.906947215672048,37.56755295621989,36,-62.0,62.0,0.0,0.0,0.0,0.0,0.0,0.0,0.0,0.0,0.0
5,27,100,baseline,0.6,0.906947215672048,55.03662301544252,36,-44.0,44.0,0.0,0.0,0.0,0.0,0.0,0.0,0.0,0.0,0.0
5,27,100,baseline,0.7,0.906947215672048,68.25461809079893,36,-25.5,25.5,0.0,0.0,0.0,0.0,0.0,0.0,0.4864864864864865,0.5,0.4736842105263157
5,27,100,baseline,0.75,0.906947215672048,73.93858032133792,36,-18.5,18.5,0.0,0.0,0.0,0.027027027027027,0.0277777777777777,0.0263157894736842,0.972972972972973,1.0,0.9473684210526316
5,27,100,baseline,0.8,0.906947215672048,79.12394602293848,36,-12.0,12.0,0.081081081081081,0.0833333333333333,0.0789473684210526,0.2972972972972973,0.3055555555555556,0.2894736842105263,0.972972972972973,1.0,0.9473684210526316
5,27,100,baseline,0.85,0.906947215672048,83.98387310297002,36,-4.0,4.0,0.6486486486486486,0.6666666666666666,0.631578947368421,0.972972972972973,1.0,0.9473684210526316,0.972972972972973,1.0,0.9473684210526316
5,27,100,baseline,0.9,0.906947215672048,88.50682907244916,36,0.0,1.0,0.972972972972973,1.0,0.9473684210526316,0.972972972972973,1.0,0.9473684210526316,0.972972972972973,1.0,0.9473684210526316
5,27,100,baseline,0.925,0.906947215672048,90.53837882577064,36,4.0,4.0,0.8108108108108109,0.8333333333333334,0.7894736842105263,0.972972972972973,1.0,0.9473684210526316,0.972972972972973,1.0,0.9473684210526316
5,27,100,baseline,0.95,0.906947215672048,91.94645986281984,35,7.0,7.0,0.2191780821917808,0.2285714285714285,0.2105263157894736,0.9315068493150684,0.9714285714285714,0.8947368421052632,0.958904109589041,1.0,0.9210526315789472
5,27,100,baseline,0.975,0.906947215672048,92.81822153493704,24,9.0,9.0,0.0,0.0,0.0,0.5806451612903226,0.75,0.4736842105263157,0.7741935483870968,1.0,0.631578947368421
5,27,100,baseline,0.99,0.906947215672048,93.38959029704608,14,10.5,10.5,0.0,0.0,0.0,0.2692307692307692,0.5,0.1842105263157894,0.5384615384615384,1.0,0.3684210526315789
5,27,100,resample_pointwise,0.5,0.906947215672048,12.447906650744104,36,-73.0,73.0,0.0,0.0,0.0,0.0,0.0,0.0,0.0,0.0,0.0
5,27,100,resample_pointwise,0.6,0.906947215672048,14.912808698569243,36,-73.0,73.0,0.0,0.0,0.0,0.0,0.0,0.0,0.0,0.0,0.0
5,27,100,resample_pointwise,0.7,0.906947215672048,17.655922287132036,36,-73.0,73.0,0.0,0.0,0.0,0.0,0.0,0.0,0.0,0.0,0.0
5,27,100,resample_pointwise,0.75,0.906947215672048,19.17665358334903,36,-73.0,73.0,0.0,0.0,0.0,0.0,0.0,0.0,0.0,0.0,0.0
5,27,100,resample_pointwise,0.8,0.906947215672048,20.881466010437272,36,-73.0,73.0,0.0,0.0,0.0,0.0,0.0,0.0,0.0,0.0,0.0
5,27,100,resample_pointwise,0.85,0.906947215672048,22.82799149180934,36,-72.0,72.0,0.0,0.0,0.0,0.0,0.0,0.0,0.0,0.0,0.0
5,27,100,resample_pointwise,0.9,0.906947215672048,25.21321097209934,36,-72.0,72.0,0.0,0.0,0.0,0.0,0.0,0.0,0.0,0.0,0.0
5,27,100,resample_pointwise,0.925,0.906947215672048,26.714177534193848,36,-71.0,71.0,0.0,0.0,0.0,0.0,0.0,0.0,0.0,0.0,0.0
5,27,100,resample_pointwise,0.95,0.906947215672048,28.60698960627112,36,-69.5,69.5,0.0,0.0,0.0,0.0,0.0,0.0,0.0,0.0,0.0
5,27,100,resample_pointwise,0.975,0.906947215672048,31.4244011058807,36,-65.5,65.5,0.0,0.0,0.0,0.0,0.0,0.0,0.0,0.0,0.0
5,27,100,resample_pointwise,0.99,0.906947215672048,34.61203062356385,36,-65.0,65.0,0.0,0.0,0.0,0.0,0.0,0.0,0.0,0.0,0.0
5,32,10,baseline,0.5,0.891583452211127,3.482109408174123,484,-63.0,63.0,0.1417624521072796,0.0764462809917355,0.9736842105263158,0.1455938697318007,0.0785123966942148,1.0,0.1455938697318007,0.0785123966942148,1.0
5,32,10,baseline,0.6,0.891583452211127,3.972678676018764,405,-64.0,64.0,0.1670428893905192,0.091358024691358,0.9736842105263158,0.1715575620767494,0.0938271604938271,1.0,0.1715575620767494,0.0938271604938271,1.0
5,32,10,baseline,0.7,0.891583452211127,4.588062742041237,278,-56.0,56.0,0.2341772151898734,0.1330935251798561,0.9736842105263158,0.240506329113924,0.1366906474820144,1.0,0.240506329113924,0.1366906474820144,1.0
5,32,10,baseline,0.75,0.891583452211127,5.043559795715872,202,-51.5,51.5,0.3083333333333333,0.1831683168316831,0.9736842105263158,0.3166666666666667,0.1881188118811881,1.0,0.3166666666666667,0.1881188118811881,1.0
5,32,10,baseline,0.8,0.891583452211127,5.766910673430878,130,-37.0,37.0,0.4404761904761904,0.2846153846153846,0.9736842105263158,0.4523809523809524,0.2923076923076923,1.0,0.4523809523809524,0.2923076923076923,1.0
5,32,10,baseline,0.85,0.891583452211127,7.317733335585761,49,-1.0,2.0,0.8045977011494253,0.7142857142857143,0.9210526315789472,0.8275862068965517,0.7346938775510204,0.9473684210526316,0.8275862068965517,0.7346938775510204,0.9473684210526316
5,32,10,baseline,0.9,0.891583452211127,20.588797701329085,36,3.0,3.0,0.6756756756756757,0.6944444444444444,0.6578947368421053,0.8648648648648649,0.8888888888888888,0.8421052631578947,0.972972972972973,1.0,0.9473684210526316
5,32,10,baseline,0.925,0.891583452211127,27.152963126318426,42,8.0,8.0,0.3,0.2857142857142857,0.3157894736842105,0.6749999999999999,0.6428571428571429,0.7105263157894737,0.95,0.9047619047619048,1.0
5,32,10,baseline,0.95,0.891583452211127,29.712681750814223,57,10.0,10.0,0.0631578947368421,0.0526315789473684,0.0789473684210526,0.5052631578947367,0.4210526315789473,0.631578947368421,0.8,0.6666666666666666,1.0
5,32,10,baseline,0.975,0.891583452211127,31.620173601637784,42,11.0,11.0,0.025,0.0238095238095238,0.0263157894736842,0.35,0.3333333333333333,0.3684210526315789,0.775,0.7380952380952381,0.8157894736842105
5,32,10,baseline,0.99,0.891583452211127,32.80992688039383,17,11.0,11.0,0.0,0.0,0.0,0.1818181818181818,0.2941176470588235,0.131578947368421,0.509090909090909,0.8235294117647058,0.3684210526315789
5,32,10,resample_pointwise,0.5,0.891583452211127,30.381332332845787,54,10.0,10.0,0.0652173913043478,0.0555555555555555,0.0789473684210526,0.4347826086956521,0.3703703703703703,0.5263157894736842,0.8260869565217391,0.7037037037037037,1.0
5,32,10,resample_pointwise,0.6,0.891583452211127,35.367282788072075,0,,,0.0,0.0,0.0,0.0,0.0,0.0,0.0,0.0,0.0
5,32,10,resample_pointwise,0.7,0.891583452211127,40.80661922116692,0,,,0.0,0.0,0.0,0.0,0.0,0.0,0.0,0.0,0.0
5,32,10,resample_pointwise,0.75,0.891583452211127,43.00791367945586,0,,,0.0,0.0,0.0,0.0,0.0,0.0,0.0,0.0,0.0
5,32,10,resample_pointwise,0.8,0.891583452211127,46.0122199371137,0,,,0.0,0.0,0.0,0.0,0.0,0.0,0.0,0.0,0.0
5,32,10,resample_pointwise,0.85,0.891583452211127,49.86460513648917,0,,,0.0,0.0,0.0,0.0,0.0,0.0,0.0,0.0,0.0
5,32,10,resample_pointwise,0.9,0.891583452211127,53.527969449088815,0,,,0.0,0.0,0.0,0.0,0.0,0.0,0.0,0.0,0.0
5,32,10,resample_pointwise,0.925,0.891583452211127,56.26595931417454,0,,,0.0,0.0,0.0,0.0,0.0,0.0,0.0,0.0,0.0
5,32,10,resample_pointwise,0.95,0.891583452211127,59.7349892469819,0,,,0.0,0.0,0.0,0.0,0.0,0.0,0.0,0.0,0.0
5,32,10,resample_pointwise,0.975,0.891583452211127,64.25101663496207,0,,,0.0,0.0,0.0,0.0,0.0,0.0,0.0,0.0,0.0
5,32,10,resample_pointwise,0.99,0.891583452211127,69.53000483922732,0,,,0.0,0.0,0.0,0.0,0.0,0.0,0.0,0.0,0.0
5,32,25,baseline,0.5,0.891583452211127,2.716267226558645,254,-66.0,66.0,0.184931506849315,0.1062992125984252,0.7105263157894737,0.2397260273972603,0.1377952755905512,0.9210526315789472,0.2602739726027397,0.1496062992125984,1.0
5,32,25,baseline,0.6,0.891583452211127,3.10480579904668,209,-59.0,59.0,0.2186234817813765,0.1291866028708134,0.7105263157894737,0.2834008097165992,0.1674641148325359,0.9210526315789472,0.3076923076923077,0.1818181818181818,1.0
5,32,25,baseline,0.7,0.891583452211127,3.826494347538669,97,-36.0,36.0,0.3999999999999999,0.2783505154639175,0.7105263157894737,0.5185185185185185,0.3608247422680412,0.9210526315789472,0.562962962962963,0.3917525773195876,1.0
5,32,25,baseline,0.75,0.891583452211127,4.864209144886443,54,-5.5,6.0,0.5652173913043478,0.4814814814814814,0.6842105263157895,0.7391304347826088,0.6296296296296297,0.8947368421052632,0.782608695652174,0.6666666666666666,0.9473684210526316
5,32,25,baseline,0.8,0.891583452211127,11.877375983538029,36,0.0,2.5,0.7027027027027027,0.7222222222222222,0.6842105263157895,0.918918918918919,0.9444444444444444,0.8947368421052632,0.972972972972973,1.0,0.9473684210526316
5,32,25,baseline,0.85,0.891583452211127,27.560888214877178,36,0.0,1.5,0.9459459459459458,0.9722222222222222,0.9210526315789472,0.972972972972973,1.0,0.9473684210526316,0.972972972972973,1.0,0.9473684210526316
5,32,25,baseline,0.9,0.891583452211127,46.59783826004022,36,3.0,3.0,0.8918918918918918,0.9166666666666666,0.868421052631579,0.972972972972973,1.0,0.9473684210526316,0.972972972972973,1.0,0.9473684210526316
5,32,25,baseline,0.925,0.891583452211127,55.70641297836131,36,7.0,7.0,0.081081081081081,0.0833333333333333,0.0789473684210526,0.972972972972973,1.0,0.9473684210526316,0.972972972972973,1.0,0.9473684210526316
5,32,25,baseline,0.95,0.891583452211127,62.51486970321639,36,10.0,10.0,0.0,0.0,0.0,0.6486486486486486,0.6666666666666666,0.631578947368421,0.972972972972973,1.0,0.9473684210526316
5,32,25,baseline,0.975,0.891583452211127,66.41582340831579,33,13.0,13.0,0.0,0.0,0.0,0.056338028169014,0.0606060606060606,0.0526315789473684,0.9014084507042254,0.9696969696969696,0.8421052631578947
5,32,25,baseline,0.99,0.891583452211127,68.00546794272374,15,14.0,14.0,0.0,0.0,0.0,0.0,0.0,0.0,0.5660377358490566,1.0,0.3947368421052631
5,32,25,resample_pointwise,0.5,0.891583452211127,21.77339712519383,36,0.0,2.0,0.8108108108108109,0.8333333333333334,0.7894736842105263,0.972972972972973,1.0,0.9473684210526316,0.972972972972973,1.0,0.9473684210526316
5,32,25,resample_pointwise,0.6,0.891583452211127,25.506742518312613,36,0.0,2.0,0.8918918918918918,0.9166666666666666,0.868421052631579,0.972972972972973,1.0,0.9473684210526316,0.972972972972973,1.0,0.9473684210526316
5,32,25,resample_pointwise,0.7,0.891583452211127,29.49458876027909,36,0.0,1.5,0.9459459459459458,0.9722222222222222,0.9210526315789472,0.972972972972973,1.0,0.9473684210526316,0.972972972972973,1.0,0.9473684210526316
5,32,25,resample_pointwise,0.75,0.891583452211127,31.66402302878288,36,0.0,1.5,0.9459459459459458,0.9722222222222222,0.9210526315789472,0.972972972972973,1.0,0.9473684210526316,0.972972972972973,1.0,0.9473684210526316
5,32,25,resample_pointwise,0.8,0.891583452211127,34.028488624509656,36,0.0,1.0,0.9459459459459458,0.9722222222222222,0.9210526315789472,0.972972972972973,1.0,0.9473684210526316,0.972972972972973,1.0,0.9473684210526316
5,32,25,resample_pointwise,0.85,0.891583452211127,36.740586699876495,36,0.5,1.0,0.918918918918919,0.9444444444444444,0.8947368421052632,0.972972972972973,1.0,0.9473684210526316,0.972972972972973,1.0,0.9473684210526316
5,32,25,resample_pointwise,0.9,0.891583452211127,40.029785621268495,36,1.0,1.0,0.918918918918919,0.9444444444444444,0.8947368421052632,0.972972972972973,1.0,0.9473684210526316,0.972972972972973,1.0,0.9473684210526316
5,32,25,resample_pointwise,0.925,0.891583452211127,42.08017311359168,36,2.0,2.0,0.918918918918919,0.9444444444444444,0.8947368421052632,0.972972972972973,1.0,0.9473684210526316,0.972972972972973,1.0,0.9473684210526316
5,32,25,resample_pointwise,0.95,0.891583452211127,44.66985958585367,36,2.5,2.5,0.8918918918918918,0.9166666666666666,0.868421052631579,0.972972972972973,1.0,0.9473684210526316,0.972972972972973,1.0,0.9473684210526316
5,32,25,resample_pointwise,0.975,0.891583452211127,48.50741216867778,36,3.5,3.5,0.8108108108108109,0.8333333333333334,0.7894736842105263,0.972972972972973,1.0,0.9473684210526316,0.972972972972973,1.0,0.9473684210526316
5,32,25,resample_pointwise,0.99,0.891583452211127,52.730317798990846,36,5.0,5.0,0.5675675675675677,0.5833333333333334,0.5526315789473685,0.972972972972973,1.0,0.9473684210526316,0.972972972972973,1.0,0.9473684210526316
5,32,50,baseline,0.5,0.891583452211127,2.470497823874392,108,-68.5,68.5,0.0,0.0,0.0,0.0,0.0,0.0,0.4931506849315068,0.3333333333333333,0.9473684210526316
5,32,50,baseline,0.6,0.891583452211127,3.873355889395776,47,-21.0,21.0,0.0,0.0,0.0,0.0,0.0,0.0,0.8,0.723404255319149,0.8947368421052632
5,32,50,baseline,0.7,0.891583452211127,22.77473757248176,36,-18.5,18.5,0.0,0.0,0.0,0.0,0.0,0.0,0.972972972972973,1.0,0.9473684210526316
5,32,50,baseline,0.75,0.891583452211127,36.94507239166787,36,-18.0,18.0,0.0,0.0,0.0,0.0,0.0,0.0,0.972972972972973,1.0,0.9473684210526316
5,32,50,baseline,0.8,0.891583452211127,52.25084431280363,36,-11.0,11.0,0.0,0.0,0.0,0.3243243243243243,0.3333333333333333,0.3157894736842105,0.972972972972973,1.0,0.9473684210526316
5,32,50,baseline,0.85,0.891583452211127,64.90207855849522,36,-4.0,4.0,0.8648648648648649,0.8888888888888888,0.8421052631578947,0.972972972972973,1.0,0.9473684210526316,0.972972972972973,1.0,0.9473684210526316
5,32,50,baseline,0.9,0.891583452211127,75.85471867255733,36,3.0,3.0,0.918918918918919,0.9444444444444444,0.8947368421052632,0.972972972972973,1.0,0.9473684210526316,0.972972972972973,1.0,0.9473684210526316
5,32,50,baseline,0.925,0.891583452211127,79.7820352817701,36,6.0,6.0,0.2702702702702702,0.2777777777777778,0.2631578947368421,0.9459459459459458,0.9722222222222222,0.9210526315789472,0.972972972972973,1.0,0.9473684210526316
5,32,50,baseline,0.95,0.891583452211127,82.4422068351234,36,10.0,10.0,0.0,0.0,0.0,0.6486486486486486,0.6666666666666666,0.631578947368421,0.972972972972973,1.0,0.9473684210526316
5,32,50,baseline,0.975,0.891583452211127,84.1067819065489,25,12.0,12.0,0.0,0.0,0.0,0.1269841269841269,0.16,0.1052631578947368,0.7936507936507937,1.0,0.6578947368421053
5,32,50,baseline,0.99,0.891583452211127,85.09249706656209,12,14.0,14.0,0.0,0.0,0.0,0.04,0.0833333333333333,0.0263157894736842,0.4799999999999999,1.0,0.3157894736842105
5,32,50,resample_pointwise,0.5,0.891583452211127,16.241016774436147,36,-19.0,19.0,0.0,0.0,0.0,0.0,0.0,0.0,0.918918918918919,0.9444444444444444,0.8947368421052632
5,32,50,resample_pointwise,0.6,0.891583452211127,19.28905372927589,36,-19.0,19.0,0.0,0.0,0.0,0.0,0.0,0.0,0.9459459459459458,0.9722222222222222,0.9210526315789472
5,32,50,resample_pointwise,0.7,0.891583452211127,22.625363646204395,36,-18.5,18.5,0.0,0.0,0.0,0.0,0.0,0.0,0.972972972972973,1.0,0.9473684210526316
5,32,50,resample_pointwise,0.75,0.891583452211127,24.45606485792227,36,-18.5,18.5,0.0,0.0,0.0,0.0,0.0,0.0,0.972972972972973,1.0,0.9473684210526316
5,32,50,resample_pointwise,0.8,0.891583452211127,26.464115906256044,36,-18.5,18.5,0.0,0.0,0.0,0.0,0.0,0.0,0.972972972972973,1.0,0.9473684210526316
5,32,50,resample_pointwise,0.85,0.891583452211127,28.763888677757947,36,-18.5,18.5,0.0,0.0,0.0,0.0,0.0,0.0,0.972972972972973,1.0,0.9473684210526316
5,32,50,resample_pointwise,0.9,0.891583452211127,31.56350437204778,36,-18.0,18.0,0.0,0.0,0.0,0.0,0.0,0.0,0.972972972972973,1.0,0.9473684210526316
5,32,50,resample_pointwise,0.925,0.891583452211127,33.31703936821408,36,-18.0,18.0,0.0,0.0,0.0,0.0,0.0,0.0,0.972972972972973,1.0,0.9473684210526316
5,32,50,resample_pointwise,0.95,0.891583452211127,35.54558108754091,36,-18.0,18.0,0.0,0.0,0.0,0.0,0.0,0.0,0.972972972972973,1.0,0.9473684210526316
5,32,50,resample_pointwise,0.975,0.891583452211127,38.802666753822,36,-18.0,18.0,0.0,0.0,0.0,0.027027027027027,0.0277777777777777,0.0263157894736842,0.972972972972973,1.0,0.9473684210526316
5,32,50,resample_pointwise,0.99,0.891583452211127,42.44593522977658,36,-17.0,17.0,0.0,0.0,0.0,0.027027027027027,0.0277777777777777,0.0263157894736842,0.972972972972973,1.0,0.9473684210526316
5,32,100,baseline,0.5,0.891583452211127,41.68074069301717,36,-55.0,55.0,0.0,0.0,0.0,0.0,0.0,0.0,0.0,0.0,0.0
5,32,100,baseline,0.6,0.891583452211127,56.80622503629689,36,-39.0,39.0,0.0,0.0,0.0,0.0,0.0,0.0,0.027027027027027,0.0277777777777777,0.0263157894736842
5,32,100,baseline,0.7,0.891583452211127,68.70846764577985,36,-24.0,24.0,0.081081081081081,0.0833333333333333,0.0789473684210526,0.1351351351351351,0.1388888888888889,0.131578947368421,0.7297297297297298,0.75,0.7105263157894737
5,32,100,baseline,0.75,0.891583452211127,73.99117587769183,36,-15.0,15.0,0.1891891891891891,0.1944444444444444,0.1842105263157894,0.2972972972972973,0.3055555555555556,0.2894736842105263,0.972972972972973,1.0,0.9473684210526316
5,32,100,baseline,0.8,0.891583452211127,78.94649097958798,36,-8.0,8.0,0.3513513513513513,0.3611111111111111,0.3421052631578947,0.6756756756756757,0.6944444444444444,0.6578947368421053,0.972972972972973,1.0,0.9473684210526316
5,32,100,baseline,0.85,0.891583452211127,83.67388678287227,36,-3.0,3.0,0.8648648648648649,0.8888888888888888,0.8421052631578947,0.972972972972973,1.0,0.9473684210526316,0.972972972972973,1.0,0.9473684210526316
5,32,100,baseline,0.9,0.891583452211127,88.3219061340714,36,3.0,3.0,0.9459459459459458,0.9722222222222222,0.9210526315789472,0.972972972972973,1.0,0.9473684210526316,0.972972972972973,1.0,0.9473684210526316
5,32,100,baseline,0.925,0.891583452211127,90.12428060365812,36,6.0,6.0,0.2432432432432432,0.25,0.2368421052631578,0.972972972972973,1.0,0.9473684210526316,0.972972972972973,1.0,0.9473684210526316
5,32,100,baseline,0.95,0.891583452211127,91.34515870704236,36,10.0,10.0,0.0,0.0,0.0,0.6216216216216216,0.6388888888888888,0.6052631578947368,0.972972972972973,1.0,0.9473684210526316
5,32,100,baseline,0.975,0.891583452211127,92.07171640294898,25,13.0,13.0,0.0,0.0,0.0,0.1904761904761904,0.24,0.1578947368421052,0.7936507936507937,1.0,0.6578947368421053
5,32,100,baseline,0.99,0.891583452211127,92.64562840007991,13,14.0,14.0,0.0,0.0,0.0,0.0392156862745098,0.0769230769230769,0.0263157894736842,0.5098039215686275,1.0,0.3421052631578947
5,32,100,resample_pointwise,0.5,0.891583452211127,12.100561178504362,36,-70.0,70.0,0.0,0.0,0.0,0.0,0.0,0.0,0.0,0.0,0.0
5,32,100,resample_pointwise,0.6,0.891583452211127,14.515625697287916,36,-69.5,69.5,0.0,0.0,0.0,0.0,0.0,0.0,0.0,0.0,0.0
5,32,100,resample_pointwise,0.7,0.891583452211127,17.198880086058427,36,-69.0,69.0,0.0,0.0,0.0,0.0,0.0,0.0,0.0,0.0,0.0
5,32,100,resample_pointwise,0.75,0.891583452211127,18.697577256130835,36,-69.0,69.0,0.0,0.0,0.0,0.0,0.0,0.0,0.0,0.0,0.0
5,32,100,resample_pointwise,0.8,0.891583452211127,20.350798118670703,36,-68.5,68.5,0.0,0.0,0.0,0.0,0.0,0.0,0.0,0.0,0.0
5,32,100,resample_pointwise,0.85,0.891583452211127,22.26731218160003,36,-68.0,68.0,0.0,0.0,0.0,0.0,0.0,0.0,0.0,0.0,0.0
5,32,100,resample_pointwise,0.9,0.891583452211127,24.65386412848824,36,-67.0,67.0,0.0,0.0,0.0,0.0,0.0,0.0,0.0,0.0,0.0
5,32,100,resample_pointwise,0.925,0.891583452211127,26.151606629055426,36,-67.0,67.0,0.0,0.0,0.0,0.0,0.0,0.0,0.0,0.0,0.0
5,32,100,resample_pointwise,0.95,0.891583452211127,28.04940098299379,36,-67.0,67.0,0.0,0.0,0.0,0.0,0.0,0.0,0.0,0.0,0.0
5,32,100,resample_pointwise,0.975,0.891583452211127,30.845626336728632,36,-65.0,65.0,0.0,0.0,0.0,0.0,0.0,0.0,0.0,0.0,0.0
5,32,100,resample_pointwise,0.99,0.891583452211127,33.9606111299525,36,-63.0,63.0,0.0,0.0,0.0,0.0,0.0,0.0,0.0,0.0,0.0
5,37,10,baseline,0.5,0.8767315448009819,3.4350528720693227,493,-63.0,63.0,0.1242937853107344,0.0669371196754563,0.868421052631579,0.135593220338983,0.0730223123732251,0.9473684210526316,0.1393596986817325,0.075050709939148,0.9736842105263158
5,37,10,baseline,0.6,0.8767315448009819,3.9449889235008375,374,-57.5,57.5,0.1601941747572815,0.088235294117647,0.868421052631579,0.174757281553398,0.0962566844919786,0.9473684210526316,0.1796116504854369,0.0989304812834224,0.9736842105263158
5,37,10,baseline,0.7,0.8767315448009819,4.700185143270903,248,-57.0,57.0,0.2307692307692307,0.1330645161290322,0.868421052631579,0.2447552447552447,0.1411290322580645,0.9210526315789472,0.2587412587412587,0.1491935483870967,0.9736842105263158
5,37,10,baseline,0.75,0.8767315448009819,5.276255610762574,194,-56.0,56.0,0.2844827586206896,0.1701030927835051,0.868421052631579,0.3017241379310345,0.1804123711340206,0.9210526315789472,0.3189655172413793,0.190721649484536,0.9736842105263158
5,37,10,baseline,0.8,0.8767315448009819,6.129053089149168,111,-39.0,39.0,0.4429530201342282,0.2972972972972973,0.868421052631579,0.4697986577181208,0.3153153153153153,0.9210526315789472,0.4966442953020134,0.3333333333333333,0.9736842105263158
5,37,10,baseline,0.85,0.8767315448009819,8.997479457734405,42,0.0,2.0,0.775,0.7380952380952381,0.8157894736842105,0.825,0.7857142857142857,0.868421052631579,0.875,0.8333333333333334,0.9210526315789472
5,37,10,baseline,0.9,0.8767315448009819,21.47774659477461,48,6.5,6.5,0.4418604651162791,0.3958333333333333,0.5,0.6744186046511628,0.6041666666666666,0.7631578947368421,0.8372093023255814,0.75,0.9473684210526316
5,37,10,baseline,0.925,0.8767315448009819,24.121396719776225,63,9.0,9.0,0.2376237623762376,0.1904761904761904,0.3157894736842105,0.5544554455445545,0.4444444444444444,0.7368421052631579,0.7128712871287128,0.5714285714285714,0.9473684210526316
5,37,10,baseline,0.95,0.8767315448009819,25.924936701205404,65,9.0,9.0,0.058252427184466,0.0461538461538461,0.0789473684210526,0.4854368932038836,0.3846153846153846,0.6578947368421053,0.6990291262135921,0.5538461538461539,0.9473684210526316
5,37,10,baseline,0.975,0.8767315448009819,27.51506155986107,41,11.0,11.0,0.0253164556962025,0.024390243902439,0.0263157894736842,0.2784810126582278,0.2682926829268293,0.2894736842105263,0.6075949367088608,0.5853658536585366,0.631578947368421
5,37,10,baseline,0.99,0.8767315448009819,29.271657380068696,19,13.0,13.0,0.0,0.0,0.0,0.175438596491228,0.2631578947368421,0.131578947368421,0.5263157894736843,0.7894736842105263,0.3947368421052631
5,37,10,resample_pointwise,0.5,0.8767315448009819,29.892210108181114,9,13.0,13.0,0.0,0.0,0.0,0.0851063829787234,0.2222222222222222,0.0526315789473684,0.2978723404255319,0.7777777777777778,0.1842105263157894
5,37,10,resample_pointwise,0.6,0.8767315448009819,34.60552196750107,0,,,0.0,0.0,0.0,0.0,0.0,0.0,0.0,0.0,0.0
5,37,10,resample_pointwise,0.7,0.8767315448009819,40.12490374859216,0,,,0.0,0.0,0.0,0.0,0.0,0.0,0.0,0.0,0.0
5,37,10,resample_pointwise,0.75,0.8767315448009819,42.4720272049409,0,,,0.0,0.0,0.0,0.0,0.0,0.0,0.0,0.0,0.0
5,37,10,resample_pointwise,0.8,0.8767315448009819,45.33933889455512,0,,,0.0,0.0,0.0,0.0,0.0,0.0,0.0,0.0,0.0
5,37,10,resample_pointwise,0.85,0.8767315448009819,49.128156510379874,0,,,0.0,0.0,0.0,0.0,0.0,0.0,0.0,0.0,0.0
5,37,10,resample_pointwise,0.9,0.8767315448009819,52.96663541898873,0,,,0.0,0.0,0.0,0.0,0.0,0.0,0.0,0.0,0.0
5,37,10,resample_pointwise,0.925,0.8767315448009819,55.59250571755928,0,,,0.0,0.0,0.0,0.0,0.0,0.0,0.0,0.0,0.0
5,37,10,resample_pointwise,0.95,0.8767315448009819,59.06922242099522,0,,,0.0,0.0,0.0,0.0,0.0,0.0,0.0,0.0,0.0
5,37,10,resample_pointwise,0.975,0.8767315448009819,63.63300551947548,0,,,0.0,0.0,0.0,0.0,0.0,0.0,0.0,0.0,0.0
5,37,10,resample_pointwise,0.99,0.8767315448009819,69.00221479144835,0,,,0.0,0.0,0.0,0.0,0.0,0.0,0.0,0.0,0.0
5,37,25,baseline,0.5,0.8767315448009819,2.896674203769506,263,-66.0,66.0,0.2126245847176079,0.1216730038022813,0.8421052631578947,0.2524916943521594,0.1444866920152091,1.0,0.2524916943521594,0.1444866920152091,1.0
5,37,25,baseline,0.6,0.8767315448009819,3.4115283174991418,194,-60.0,60.0,0.2758620689655172,0.1649484536082474,0.8421052631578947,0.3275862068965517,0.1958762886597938,1.0,0.3275862068965517,0.1958762886597938,1.0
5,37,25,baseline,0.7,0.8767315448009819,4.26516171513526,96,-48.5,48.5,0.4776119402985075,0.3333333333333333,0.8421052631578947,0.5671641791044776,0.3958333333333333,1.0,0.5671641791044776,0.3958333333333333,1.0
5,37,25,baseline,0.75,0.8767315448009819,5.597097588296384,44,-2.0,2.0,0.7804878048780488,0.7272727272727273,0.8421052631578947,0.9268292682926828,0.8636363636363636,1.0,0.9268292682926828,0.8636363636363636,1.0
5,37,25,baseline,0.8,0.8767315448009819,14.06443859012214,36,-1.5,2.0,0.8108108108108109,0.8333333333333334,0.7894736842105263,0.972972972972973,1.0,0.9473684210526316,0.972972972972973,1.0,0.9473684210526316
5,37,25,baseline,0.85,0.8767315448009819,28.57667207995351,36,-1.0,1.0,0.972972972972973,1.0,0.9473684210526316,0.972972972972973,1.0,0.9473684210526316,0.972972972972973,1.0,0.9473684210526316
5,37,25,baseline,0.9,0.8767315448009819,45.01747206432325,36,6.0,6.0,0.4054054054054054,0.4166666666666667,0.3947368421052631,0.918918918918919,0.9444444444444444,0.8947368421052632,0.972972972972973,1.0,0.9473684210526316
5,37,25,baseline,0.925,0.8767315448009819,51.49064810979026,36,9.0,9.0,0.0,0.0,0.0,0.7027027027027027,0.7222222222222222,0.6842105263157895,0.972972972972973,1.0,0.9473684210526316
5,37,25,baseline,0.95,0.8767315448009819,56.606185437352906,36,13.0,13.0,0.0,0.0,0.0,0.054054054054054,0.0555555555555555,0.0526315789473684,0.972972972972973,1.0,0.9473684210526316
5,37,25,baseline,0.975,0.8767315448009819,60.060220271998105,30,15.5,15.5,0.0,0.0,0.0,0.0,0.0,0.0,0.8823529411764706,1.0,0.7894736842105263
5,37,25,baseline,0.99,0.8767315448009819,61.7086385338588,15,16.0,16.0,0.0,0.0,0.0,0.0,0.0,0.0,0.4905660377358491,0.8666666666666667,0.3421052631578947
5,37,25,resample_pointwise,0.5,0.8767315448009819,20.9863195289376,36,-1.5,2.0,0.8108108108108109,0.8333333333333334,0.7894736842105263,0.972972972972973,1.0,0.9473684210526316,0.972972972972973,1.0,0.9473684210526316
5,37,25,resample_pointwise,0.6,0.8767315448009819,24.695252241169094,36,-1.0,1.0,0.9459459459459458,0.9722222222222222,0.9210526315789472,0.972972972972973,1.0,0.9473684210526316,0.972972972972973,1.0,0.9473684210526316
5,37,25,resample_pointwise,0.7,0.8767315448009819,28.699894378430365,36,-1.0,1.0,0.972972972972973,1.0,0.9473684210526316,0.972972972972973,1.0,0.9473684210526316,0.972972972972973,1.0,0.9473684210526316
5,37,25,resample_pointwise,0.75,0.8767315448009819,30.897976962025822,36,0.0,1.0,0.972972972972973,1.0,0.9473684210526316,0.972972972972973,1.0,0.9473684210526316,0.972972972972973,1.0,0.9473684210526316
5,37,25,resample_pointwise,0.8,0.8767315448009819,33.294097225879426,36,0.0,1.0,0.972972972972973,1.0,0.9473684210526316,0.972972972972973,1.0,0.9473684210526316,0.972972972972973,1.0,0.9473684210526316
5,37,25,resample_pointwise,0.85,0.8767315448009819,36.02878391553126,36,1.0,1.0,0.9459459459459458,0.9722222222222222,0.9210526315789472,0.972972972972973,1.0,0.9473684210526316,0.972972972972973,1.0,0.9473684210526316
5,37,25,resample_pointwise,0.9,0.8767315448009819,39.36565943309599,36,2.0,2.0,0.8918918918918918,0.9166666666666666,0.868421052631579,0.918918918918919,0.9444444444444444,0.8947368421052632,0.972972972972973,1.0,0.9473684210526316
5,37,25,resample_pointwise,0.925,0.8767315448009819,41.45643170245911,36,3.0,3.0,0.8648648648648649,0.8888888888888888,0.8421052631578947,0.918918918918919,0.9444444444444444,0.8947368421052632,0.972972972972973,1.0,0.9473684210526316
5,37,25,resample_pointwise,0.95,0.8767315448009819,44.08153125001401,36,5.0,5.0,0.5675675675675677,0.5833333333333334,0.5526315789473685,0.918918918918919,0.9444444444444444,0.8947368421052632,0.972972972972973,1.0,0.9473684210526316
5,37,25,resample_pointwise,0.975,0.8767315448009819,48.00344330686365,36,7.0,7.0,0.054054054054054,0.0555555555555555,0.0526315789473684,0.8648648648648649,0.8888888888888888,0.8421052631578947,0.972972972972973,1.0,0.9473684210526316
5,37,25,resample_pointwise,0.99,0.8767315448009819,52.364636460243005,36,10.0,10.0,0.0,0.0,0.0,0.6216216216216216,0.6388888888888888,0.6052631578947368,0.972972972972973,1.0,0.9473684210526316
5,37,50,baseline,0.5,0.8767315448009819,2.797476327669798,98,-71.5,71.5,0.0147058823529411,0.010204081632653,0.0263157894736842,0.0441176470588235,0.0306122448979591,0.0789473684210526,0.5588235294117647,0.3877551020408163,1.0
5,37,50,baseline,0.6,0.8767315448009819,4.249876233017375,40,-14.0,14.0,0.0256410256410256,0.025,0.0263157894736842,0.0769230769230769,0.075,0.0789473684210526,0.9230769230769232,0.9,0.9473684210526316
5,37,50,baseline,0.7,0.8767315448009819,22.43961040505772,36,-13.5,13.5,0.027027027027027,0.0277777777777777,0.0263157894736842,0.081081081081081,0.0833333333333333,0.0789473684210526,0.972972972972973,1.0,0.9473684210526316
5,37,50,baseline,0.75,0.8767315448009819,34.964779322843455,36,-13.0,13.0,0.027027027027027,0.0277777777777777,0.0263157894736842,0.1081081081081081,0.1111111111111111,0.1052631578947368,0.972972972972973,1.0,0.9473684210526316
5,37,50,baseline,0.8,0.8767315448009819,49.6388640359523,36,-9.5,9.5,0.081081081081081,0.0833333333333333,0.0789473684210526,0.7297297297297298,0.75,0.7105263157894737,0.972972972972973,1.0,0.9473684210526316
5,37,50,baseline,0.85,0.8767315448009819,62.91632175266221,36,-2.0,2.0,0.972972972972973,1.0,0.9473684210526316,0.972972972972973,1.0,0.9473684210526316,0.972972972972973,1.0,0.9473684210526316
5,37,50,baseline,0.9,0.8767315448009819,73.75415352015153,36,5.0,5.0,0.6216216216216216,0.6388888888888888,0.6052631578947368,0.972972972972973,1.0,0.9473684210526316,0.972972972972973,1.0,0.9473684210526316
5,37,50,baseline,0.925,0.8767315448009819,77.30915323899475,36,9.0,9.0,0.0,0.0,0.0,0.7567567567567567,0.7777777777777778,0.7368421052631579,0.972972972972973,1.0,0.9473684210526316
5,37,50,baseline,0.95,0.8767315448009819,79.72027013995914,36,13.0,13.0,0.0,0.0,0.0,0.1621621621621621,0.1666666666666666,0.1578947368421052,0.972972972972973,1.0,0.9473684210526316
5,37,50,baseline,0.975,0.8767315448009819,81.10351962853659,24,14.0,14.0,0.0,0.0,0.0,0.0,0.0,0.0,0.7741935483870968,1.0,0.631578947368421
5,37,50,baseline,0.99,0.8767315448009819,82.03877704235245,13,17.0,17.0,0.0,0.0,0.0,0.0,0.0,0.0,0.5098039215686275,1.0,0.3421052631578947
5,37,50,resample_pointwise,0.5,0.8767315448009819,15.518299310845794,36,-13.5,13.5,0.027027027027027,0.0277777777777777,0.0263157894736842,0.081081081081081,0.0833333333333333,0.0789473684210526,0.972972972972973,1.0,0.9473684210526316
5,37,50,resample_pointwise,0.6,0.8767315448009819,18.49233608186565,36,-13.5,13.5,0.027027027027027,0.0277777777777777,0.0263157894736842,0.081081081081081,0.0833333333333333,0.0789473684210526,0.972972972972973,1.0,0.9473684210526316
5,37,50,resample_pointwise,0.7,0.8767315448009819,21.791212414126715,36,-13.5,13.5,0.027027027027027,0.0277777777777777,0.0263157894736842,0.081081081081081,0.0833333333333333,0.0789473684210526,0.972972972972973,1.0,0.9473684210526316
5,37,50,resample_pointwise,0.75,0.8767315448009819,23.625312929947548,36,-13.5,13.5,0.027027027027027,0.0277777777777777,0.0263157894736842,0.081081081081081,0.0833333333333333,0.0789473684210526,0.972972972972973,1.0,0.9473684210526316
5,37,50,resample_pointwise,0.8,0.8767315448009819,25.638539255568155,36,-13.5,13.5,0.027027027027027,0.0277777777777777,0.0263157894736842,0.081081081081081,0.0833333333333333,0.0789473684210526,0.972972972972973,1.0,0.9473684210526316
5,37,50,resample_pointwise,0.85,0.8767315448009819,27.96980286816348,36,-13.5,13.5,0.027027027027027,0.0277777777777777,0.0263157894736842,0.081081081081081,0.0833333333333333,0.0789473684210526,0.972972972972973,1.0,0.9473684210526316
5,37,50,resample_pointwise,0.9,0.8767315448009819,30.826507990868887,36,-13.5,13.5,0.027027027027027,0.0277777777777777,0.0263157894736842,0.081081081081081,0.0833333333333333,0.0789473684210526,0.972972972972973,1.0,0.9473684210526316
5,37,50,resample_pointwise,0.925,0.8767315448009819,32.58608947770374,36,-13.0,13.0,0.027027027027027,0.0277777777777777,0.0263157894736842,0.1081081081081081,0.1111111111111111,0.1052631578947368,0.972972972972973,1.0,0.9473684210526316
5,37,50,resample_pointwise,0.95,0.8767315448009819,34.822760584432736,36,-13.0,13.0,0.027027027027027,0.0277777777777777,0.0263157894736842,0.1081081081081081,0.1111111111111111,0.1052631578947368,0.972972972972973,1.0,0.9473684210526316
5,37,50,resample_pointwise,0.975,0.8767315448009819,38.06516299420993,36,-13.0,13.0,0.027027027027027,0.0277777777777777,0.0263157894736842,0.1351351351351351,0.1388888888888889,0.131578947368421,0.972972972972973,1.0,0.9473684210526316
5,37,50,resample_pointwise,0.99,0.8767315448009819,41.69478428824936,36,-13.0,13.0,0.027027027027027,0.0277777777777777,0.0263157894736842,0.1351351351351351,0.1388888888888889,0.131578947368421,0.972972972972973,1.0,0.9473684210526316
5,37,100,baseline,0.5,0.8767315448009819,33.97461869980806,36,-58.0,58.0,0.0,0.0,0.0,0.0,0.0,0.0,0.027027027027027,0.0277777777777777,0.0263157894736842
5,37,100,baseline,0.6,0.8767315448009819,53.219419932119365,36,-39.5,39.5,0.0,0.0,0.0,0.0,0.0,0.0,0.054054054054054,0.0555555555555555,0.0526315789473684
5,37,100,baseline,0.7,0.8767315448009819,66.98614625696015,36,-20.0,20.0,0.081081081081081,0.0833333333333333,0.0789473684210526,0.1351351351351351,0.1388888888888889,0.131578947368421,0.8648648648648649,0.8888888888888888,0.8421052631578947
5,37,100,baseline,0.75,0.8767315448009819,72.76551402229768,36,-14.0,14.0,0.2432432432432432,0.25,0.2368421052631578,0.4054054054054054,0.4166666666666667,0.3947368421052631,0.972972972972973,1.0,0.9473684210526316
5,37,100,baseline,0.8,0.8767315448009819,78.05371892814243,36,-5.5,5.5,0.4864864864864865,0.5,0.4736842105263157,0.8648648648648649,0.8888888888888888,0.8421052631578947,0.972972972972973,1.0,0.9473684210526316
5,37,100,baseline,0.85,0.8767315448009819,82.88572641453848,36,-1.0,2.0,0.972972972972973,1.0,0.9473684210526316,0.972972972972973,1.0,0.9473684210526316,0.972972972972973,1.0,0.9473684210526316
5,37,100,baseline,0.9,0.8767315448009819,87.34427466077624,36,5.0,5.0,0.5945945945945946,0.6111111111111112,0.5789473684210527,0.9459459459459458,0.9722222222222222,0.9210526315789472,0.972972972972973,1.0,0.9473684210526316
5,37,100,baseline,0.925,0.8767315448009819,88.97674871959651,36,8.5,8.5,0.054054054054054,0.0555555555555555,0.0526315789473684,0.7297297297297298,0.75,0.7105263157894737,0.972972972972973,1.0,0.9473684210526316
5,37,100,baseline,0.95,0.8767315448009819,90.03958900361327,34,14.0,14.0,0.0,0.0,0.0,0.25,0.2647058823529412,0.2368421052631578,0.9444444444444444,1.0,0.8947368421052632
5,37,100,baseline,0.975,0.8767315448009819,90.7628312732698,22,14.0,14.0,0.0,0.0,0.0,0.0999999999999999,0.1363636363636363,0.0789473684210526,0.7333333333333334,1.0,0.5789473684210527
5,37,100,baseline,0.99,0.8767315448009819,91.39067729795524,8,14.0,14.0,0.0,0.0,0.0,0.0434782608695652,0.125,0.0263157894736842,0.3478260869565217,1.0,0.2105263157894736
5,37,100,resample_pointwise,0.5,0.8767315448009819,11.416862219907507,36,-63.0,63.0,0.0,0.0,0.0,0.0,0.0,0.0,0.027027027027027,0.0277777777777777,0.0263157894736842
5,37,100,resample_pointwise,0.6,0.8767315448009819,13.692210284083792,36,-63.0,63.0,0.0,0.0,0.0,0.0,0.0,0.0,0.027027027027027,0.0277777777777777,0.0263157894736842
5,37,100,resample_pointwise,0.7,0.8767315448009819,16.280693678150186,36,-62.0,62.0,0.0,0.0,0.0,0.0,0.0,0.0,0.027027027027027,0.0277777777777777,0.0263157894736842
5,37,100,resample_pointwise,0.75,0.8767315448009819,17.7516374184049,36,-62.0,62.0,0.0,0.0,0.0,0.0,0.0,0.0,0.027027027027027,0.0277777777777777,0.0263157894736842
5,37,100,resample_pointwise,0.8,0.8767315448009819,19.401133339241262,36,-62.0,62.0,0.0,0.0,0.0,0.0,0.0,0.0,0.027027027027027,0.0277777777777777,0.0263157894736842
5,37,100,resample_pointwise,0.85,0.8767315448009819,21.34186576986261,36,-62.0,62.0,0.0,0.0,0.0,0.0,0.0,0.0,0.027027027027027,0.0277777777777777,0.0263157894736842
5,37,100,resample_pointwise,0.9,0.8767315448009819,23.717984934004235,36,-62.0,62.0,0.0,0.0,0.0,0.0,0.0,0.0,0.027027027027027,0.0277777777777777,0.0263157894736842
5,37,100,resample_pointwise,0.925,0.8767315448009819,25.226611509004044,36,-62.0,62.0,0.0,0.0,0.0,0.0,0.0,0.0,0.027027027027027,0.0277777777777777,0.0263157894736842
5,37,100,resample_pointwise,0.95,0.8767315448009819,27.141708012725232,36,-62.0,62.0,0.0,0.0,0.0,0.0,0.0,0.0,0.027027027027027,0.0277777777777777,0.0263157894736842
5,37,100,resample_pointwise,0.975,0.8767315448009819,29.93502833556455,36,-62.0,62.0,0.0,0.0,0.0,0.0,0.0,0.0,0.027027027027027,0.0277777777777777,0.0263157894736842
5,37,100,resample_pointwise,0.99,0.8767315448009819,33.05392476336284,36,-58.0,58.0,0.0,0.0,0.0,0.0,0.0,0.0,0.027027027027027,0.0277777777777777,0.0263157894736842
5,43,10,baseline,0.5,0.8595495960116899,3.4917923117561918,445,-61.0,61.0,0.1366459627329192,0.0741573033707865,0.868421052631579,0.1532091097308488,0.0831460674157303,0.9736842105263158,0.1573498964803312,0.0853932584269663,1.0
5,43,10,baseline,0.6,0.8595495960116899,4.060773158102852,349,-60.0,60.0,0.1705426356589147,0.0945558739255014,0.868421052631579,0.1912144702842377,0.1060171919770773,0.9736842105263158,0.1963824289405684,0.1088825214899713,1.0
5,43,10,baseline,0.7,0.8595495960116899,4.808059685076659,247,-56.0,56.0,0.2385964912280701,0.1376518218623481,0.8947368421052632,0.2596491228070175,0.1497975708502024,0.9736842105263158,0.2666666666666667,0.1538461538461538,1.0
5,43,10,baseline,0.75,0.8595495960116899,5.377035516948174,168,-45.5,45.5,0.3300970873786407,0.2023809523809523,0.8947368421052632,0.3592233009708738,0.2202380952380952,0.9736842105263158,0.3689320388349514,0.2261904761904762,1.0
5,43,10,baseline,0.8,0.8595495960116899,6.332047724296542,94,-13.0,14.0,0.5151515151515151,0.3617021276595745,0.8947368421052632,0.5454545454545454,0.3829787234042553,0.9473684210526316,0.5757575757575757,0.4042553191489361,1.0
5,43,10,baseline,0.85,0.8595495960116899,10.90709379465746,42,0.5,2.0,0.7500000000000001,0.7142857142857143,0.7894736842105263,0.825,0.7857142857142857,0.868421052631579,0.9,0.8571428571428571,0.9473684210526316
5,43,10,baseline,0.9,0.8595495960116899,20.242251885679877,61,11.0,11.0,0.1818181818181818,0.1475409836065573,0.2368421052631578,0.5252525252525253,0.4262295081967213,0.6842105263157895,0.7070707070707071,0.5737704918032787,0.9210526315789472
5,43,10,baseline,0.925,0.8595495960116899,21.70681832905881,82,12.0,12.0,0.0999999999999999,0.073170731707317,0.1578947368421052,0.3999999999999999,0.2926829268292683,0.631578947368421,0.6333333333333334,0.4634146341463415,1.0
5,43,10,baseline,0.95,0.8595495960116899,22.94212424893241,70,12.0,12.0,0.0555555555555555,0.0428571428571428,0.0789473684210526,0.3333333333333333,0.2571428571428571,0.4736842105263157,0.6851851851851852,0.5285714285714286,0.9736842105263158
5,43,10,baseline,0.975,0.8595495960116899,24.55765522388702,40,14.5,14.5,0.0256410256410256,0.025,0.0263157894736842,0.1538461538461538,0.15,0.1578947368421052,0.6666666666666667,0.65,0.6842105263157895
5,43,10,baseline,0.99,0.8595495960116899,25.97661205248124,20,13.5,13.5,0.0344827586206896,0.05,0.0263157894736842,0.1379310344827586,0.2,0.1052631578947368,0.4137931034482758,0.6,0.3157894736842105
5,43,10,resample_pointwise,0.5,0.8595495960116899,29.479564795732852,0,,,0.0,0.0,0.0,0.0,0.0,0.0,0.0,0.0,0.0
5,43,10,resample_pointwise,0.6,0.8595495960116899,33.996118452782824,0,,,0.0,0.0,0.0,0.0,0.0,0.0,0.0,0.0,0.0
5,43,10,resample_pointwise,0.7,0.8595495960116899,39.53342255572304,0,,,0.0,0.0,0.0,0.0,0.0,0.0,0.0,0.0,0.0
5,43,10,resample_pointwise,0.75,0.8595495960116899,42.06298088942203,0,,,0.0,0.0,0.0,0.0,0.0,0.0,0.0,0.0,0.0
5,43,10,resample_pointwise,0.8,0.8595495960116899,44.82142488184474,0,,,0.0,0.0,0.0,0.0,0.0,0.0,0.0,0.0,0.0
5,43,10,resample_pointwise,0.85,0.8595495960116899,48.535992797423845,0,,,0.0,0.0,0.0,0.0,0.0,0.0,0.0,0.0,0.0
5,43,10,resample_pointwise,0.9,0.8595495960116899,52.56801828507387,0,,,0.0,0.0,0.0,0.0,0.0,0.0,0.0,0.0,0.0
5,43,10,resample_pointwise,0.925,0.8595495960116899,55.09088595764664,0,,,0.0,0.0,0.0,0.0,0.0,0.0,0.0,0.0,0.0
5,43,10,resample_pointwise,0.95,0.8595495960116899,58.61027141783089,0,,,0.0,0.0,0.0,0.0,0.0,0.0,0.0,0.0,0.0
5,43,10,resample_pointwise,0.975,0.8595495960116899,63.244679582129066,0,,,0.0,0.0,0.0,0.0,0.0,0.0,0.0,0.0,0.0
5,43,10,resample_pointwise,0.99,0.8595495960116899,68.70437068690418,0,,,0.0,0.0,0.0,0.0,0.0,0.0,0.0,0.0,0.0
5,43,25,baseline,0.5,0.8595495960116899,2.724181193705807,261,-64.0,64.0,0.1806020066889632,0.1034482758620689,0.7105263157894737,0.2408026755852843,0.1379310344827586,0.9473684210526316,0.254180602006689,0.1455938697318007,1.0
5,43,25,baseline,0.6,0.8595495960116899,3.207133360606594,174,-61.5,61.5,0.2547169811320754,0.1551724137931034,0.7105263157894737,0.3396226415094339,0.2068965517241379,0.9473684210526316,0.3584905660377358,0.2183908045977011,1.0
5,43,25,baseline,0.7,0.8595495960116899,4.20644295477063,82,-31.5,31.5,0.45,0.3292682926829268,0.7105263157894737,0.6,0.4390243902439024,0.9473684210526316,0.6333333333333334,0.4634146341463415,1.0
5,43,25,baseline,0.75,0.8595495960116899,6.079419930726366,40,-3.0,3.5,0.6923076923076923,0.675,0.7105263157894737,0.9230769230769232,0.9,0.9473684210526316,0.9743589743589745,0.95,1.0
5,43,25,baseline,0.8,0.8595495960116899,15.18200631217667,36,-2.5,3.0,0.6756756756756757,0.6944444444444444,0.6578947368421053,0.9459459459459458,0.9722222222222222,0.9210526315789472,0.972972972972973,1.0,0.9473684210526316
5,43,25,baseline,0.85,0.8595495960116899,29.227589215286468,36,1.0,1.0,0.8918918918918918,0.9166666666666666,0.868421052631579,0.9459459459459458,0.9722222222222222,0.9210526315789472,0.972972972972973,1.0,0.9473684210526316
5,43,25,baseline,0.9,0.8595495960116899,42.90634491411286,36,9.0,9.0,0.0,0.0,0.0,0.8108108108108109,0.8333333333333334,0.7894736842105263,0.972972972972973,1.0,0.9473684210526316
5,43,25,baseline,0.925,0.8595495960116899,48.013899910820776,36,12.0,12.0,0.0,0.0,0.0,0.2162162162162162,0.2222222222222222,0.2105263157894736,0.972972972972973,1.0,0.9473684210526316
5,43,25,baseline,0.95,0.8595495960116899,51.907328772345686,36,16.0,16.0,0.0,0.0,0.0,0.0,0.0,0.0,0.972972972972973,1.0,0.9473684210526316
5,43,25,baseline,0.975,0.8595495960116899,54.3820070783887,27,18.0,18.0,0.0,0.0,0.0,0.0,0.0,0.0,0.7999999999999999,0.9629629629629628,0.6842105263157895
5,43,25,baseline,0.99,0.8595495960116899,55.99822777781701,14,19.0,19.0,0.0,0.0,0.0,0.0,0.0,0.0,0.5,0.9285714285714286,0.3421052631578947
5,43,25,resample_pointwise,0.5,0.8595495960116899,20.222284602243786,36,-1.0,2.0,0.8108108108108109,0.8333333333333334,0.7894736842105263,0.9459459459459458,0.9722222222222222,0.9210526315789472,0.972972972972973,1.0,0.9473684210526316
5,43,25,resample_pointwise,0.6,0.8595495960116899,23.875552093534257,36,-0.5,1.5,0.8918918918918918,0.9166666666666666,0.868421052631579,0.9459459459459458,0.9722222222222222,0.9210526315789472,0.972972972972973,1.0,0.9473684210526316
5,43,25,resample_pointwise,0.7,0.8595495960116899,27.835040989200564,36,0.5,1.0,0.8918918918918918,0.9166666666666666,0.868421052631579,0.9459459459459458,0.9722222222222222,0.9210526315789472,0.972972972972973,1.0,0.9473684210526316
5,43,25,resample_pointwise,0.75,0.8595495960116899,30.03338162627444,36,1.0,1.0,0.8918918918918918,0.9166666666666666,0.868421052631579,0.9459459459459458,0.9722222222222222,0.9210526315789472,0.972972972972973,1.0,0.9473684210526316
5,43,25,resample_pointwise,0.8,0.8595495960116899,32.42721819872452,36,2.0,2.0,0.7567567567567567,0.7777777777777778,0.7368421052631579,0.918918918918919,0.9444444444444444,0.8947368421052632,0.972972972972973,1.0,0.9473684210526316
5,43,25,resample_pointwise,0.85,0.8595495960116899,35.16596009881921,36,4.0,4.0,0.6486486486486486,0.6666666666666666,0.631578947368421,0.8918918918918918,0.9166666666666666,0.868421052631579,0.972972972972973,1.0,0.9473684210526316
5,43,25,resample_pointwise,0.9,0.8595495960116899,38.51045858459508,36,5.0,5.0,0.5135135135135136,0.5277777777777778,0.5,0.8648648648648649,0.8888888888888888,0.8421052631578947,0.972972972972973,1.0,0.9473684210526316
5,43,25,resample_pointwise,0.925,0.8595495960116899,40.61925258662324,36,7.5,7.5,0.2162162162162162,0.2222222222222222,0.2105263157894736,0.8378378378378377,0.8611111111111112,0.8157894736842105,0.972972972972973,1.0,0.9473684210526316
5,43,25,resample_pointwise,0.95,0.8595495960116899,43.30736850936729,36,9.0,9.0,0.0,0.0,0.0,0.8108108108108109,0.8333333333333334,0.7894736842105263,0.972972972972973,1.0,0.9473684210526316
5,43,25,resample_pointwise,0.975,0.8595495960116899,47.24112550766975,36,11.5,11.5,0.0,0.0,0.0,0.3783783783783783,0.3888888888888889,0.3684210526315789,0.972972972972973,1.0,0.9473684210526316
5,43,25,resample_pointwise,0.99,0.8595495960116899,51.64068107231643,36,16.0,16.0,0.0,0.0,0.0,0.0,0.0,0.0,0.972972972972973,1.0,0.9473684210526316
5,43,50,baseline,0.5,0.8595495960116899,2.7135418465140315,94,-63.5,63.5,0.0909090909090909,0.0638297872340425,0.1578947368421052,0.4696969696969697,0.3297872340425531,0.8157894736842105,0.5454545454545454,0.3829787234042553,0.9473684210526316
5,43,50,baseline,0.6,0.8595495960116899,5.193325337302201,38,-7.5,7.5,0.1578947368421052,0.1578947368421052,0.1578947368421052,0.8157894736842104,0.8157894736842105,0.8157894736842105,0.9473684210526316,0.9473684210526316,0.9473684210526316
5,43,50,baseline,0.7,0.8595495960116899,22.24255344479192,36,-7.0,7.0,0.1621621621621621,0.1666666666666666,0.1578947368421052,0.8378378378378377,0.8611111111111112,0.8157894736842105,0.972972972972973,1.0,0.9473684210526316
5,43,50,baseline,0.75,0.8595495960116899,33.68730166911631,36,-7.0,7.0,0.1621621621621621,0.1666666666666666,0.1578947368421052,0.8378378378378377,0.8611111111111112,0.8157894736842105,0.972972972972973,1.0,0.9473684210526316
5,43,50,baseline,0.8,0.8595495960116899,46.799261856006005,36,-6.5,6.5,0.2702702702702702,0.2777777777777778,0.2631578947368421,0.972972972972973,1.0,0.9473684210526316,0.972972972972973,1.0,0.9473684210526316
5,43,50,baseline,0.85,0.8595495960116899,60.59737123240101,36,0.0,1.0,0.972972972972973,1.0,0.9473684210526316,0.972972972972973,1.0,0.9473684210526316,0.972972972972973,1.0,0.9473684210526316
5,43,50,baseline,0.9,0.8595495960116899,71.11829770911523,36,8.0,8.0,0.027027027027027,0.0277777777777777,0.0263157894736842,0.8918918918918918,0.9166666666666666,0.868421052631579,0.972972972972973,1.0,0.9473684210526316
5,43,50,baseline,0.925,0.8595495960116899,74.46400380455971,36,12.0,12.0,0.0,0.0,0.0,0.2162162162162162,0.2222222222222222,0.2105263157894736,0.972972972972973,1.0,0.9473684210526316
5,43,50,baseline,0.95,0.8595495960116899,76.47561248990944,38,15.0,15.0,0.0,0.0,0.0,0.0,0.0,0.0,0.9473684210526316,0.9473684210526316,0.9473684210526316
5,43,50,baseline,0.975,0.8595495960116899,78.08307931419003,23,17.0,17.0,0.0,0.0,0.0,0.0,0.0,0.0,0.7540983606557378,1.0,0.6052631578947368
5,43,50,baseline,0.99,0.8595495960116899,79.17070581060955,12,19.5,19.5,0.0,0.0,0.0,0.0,0.0,0.0,0.4799999999999999,1.0,0.3157894736842105
5,43,50,resample_pointwise,0.5,0.8595495960116899,15.06582007372544,36,-7.5,7.5,0.1621621621621621,0.1666666666666666,0.1578947368421052,0.7837837837837838,0.8055555555555556,0.7631578947368421,0.918918918918919,0.9444444444444444,0.8947368421052632
5,43,50,resample_pointwise,0.6,0.8595495960116899,17.9313704362158,36,-7.5,7.5,0.1621621621621621,0.1666666666666666,0.1578947368421052,0.8108108108108109,0.8333333333333334,0.7894736842105263,0.9459459459459458,0.9722222222222222,0.9210526315789472
5,43,50,resample_pointwise,0.7,0.8595495960116899,21.167112648083084,36,-7.0,7.0,0.1621621621621621,0.1666666666666666,0.1578947368421052,0.8378378378378377,0.8611111111111112,0.8157894736842105,0.972972972972973,1.0,0.9473684210526316
5,43,50,resample_pointwise,0.75,0.8595495960116899,22.976677184386723,36,-7.0,7.0,0.1621621621621621,0.1666666666666666,0.1578947368421052,0.8378378378378377,0.8611111111111112,0.8157894736842105,0.972972972972973,1.0,0.9473684210526316
5,43,50,resample_pointwise,0.8,0.8595495960116899,25.000866772093943,36,-7.0,7.0,0.1621621621621621,0.1666666666666666,0.1578947368421052,0.8378378378378377,0.8611111111111112,0.8157894736842105,0.972972972972973,1.0,0.9473684210526316
5,43,50,resample_pointwise,0.85,0.8595495960116899,27.309462330464303,36,-7.0,7.0,0.1621621621621621,0.1666666666666666,0.1578947368421052,0.8378378378378377,0.8611111111111112,0.8157894736842105,0.972972972972973,1.0,0.9473684210526316
5,43,50,resample_pointwise,0.9,0.8595495960116899,30.13681213055522,36,-7.0,7.0,0.1621621621621621,0.1666666666666666,0.1578947368421052,0.8378378378378377,0.8611111111111112,0.8157894736842105,0.972972972972973,1.0,0.9473684210526316
5,43,50,resample_pointwise,0.925,0.8595495960116899,31.90823700492053,36,-7.0,7.0,0.1621621621621621,0.1666666666666666,0.1578947368421052,0.8378378378378377,0.8611111111111112,0.8157894736842105,0.972972972972973,1.0,0.9473684210526316
5,43,50,resample_pointwise,0.95,0.8595495960116899,34.12171419819585,36,-7.0,7.0,0.1621621621621621,0.1666666666666666,0.1578947368421052,0.8378378378378377,0.8611111111111112,0.8157894736842105,0.972972972972973,1.0,0.9473684210526316
5,43,50,resample_pointwise,0.975,0.8595495960116899,37.47539683632133,36,-7.0,7.0,0.1621621621621621,0.1666666666666666,0.1578947368421052,0.918918918918919,0.9444444444444444,0.8947368421052632,0.972972972972973,1.0,0.9473684210526316
5,43,50,resample_pointwise,0.99,0.8595495960116899,41.18087549628997,36,-7.0,7.0,0.1621621621621621,0.1666666666666666,0.1578947368421052,0.9459459459459458,0.9722222222222222,0.9210526315789472,0.972972972972973,1.0,0.9473684210526316
5,43,100,baseline,0.5,0.8595495960116899,35.621769939626056,36,-53.5,53.5,0.0,0.0,0.0,0.0,0.0,0.0,0.0,0.0,0.0
5,43,100,baseline,0.6,0.8595495960116899,53.04889264227962,36,-36.5,36.5,0.0,0.0,0.0,0.0,0.0,0.0,0.0,0.0,0.0
5,43,100,baseline,0.7,0.8595495960116899,66.05610559280694,36,-18.0,18.0,0.1351351351351351,0.1388888888888889,0.131578947368421,0.2162162162162162,0.2222222222222222,0.2105263157894736,0.972972972972973,1.0,0.9473684210526316
5,43,100,baseline,0.75,0.8595495960116899,71.6943470419978,36,-10.0,10.0,0.2432432432432432,0.25,0.2368421052631578,0.5945945945945946,0.6111111111111112,0.5789473684210527,0.972972972972973,1.0,0.9473684210526316
5,43,100,baseline,0.8,0.8595495960116899,76.94782563954737,36,-3.5,3.5,0.5675675675675677,0.5833333333333334,0.5526315789473685,0.972972972972973,1.0,0.9473684210526316,0.972972972972973,1.0,0.9473684210526316
5,43,100,baseline,0.85,0.8595495960116899,82.02501748847389,36,0.0,1.0,0.9459459459459458,0.9722222222222222,0.9210526315789472,0.972972972972973,1.0,0.9473684210526316,0.972972972972973,1.0,0.9473684210526316
5,43,100,baseline,0.9,0.8595495960116899,86.35573037157543,36,8.0,8.0,0.027027027027027,0.0277777777777777,0.0263157894736842,0.8378378378378377,0.8611111111111112,0.8157894736842105,0.972972972972973,1.0,0.9473684210526316
5,43,100,baseline,0.925,0.8595495960116899,87.72924175554472,36,12.0,12.0,0.0,0.0,0.0,0.3513513513513513,0.3611111111111111,0.3421052631578947,0.972972972972973,1.0,0.9473684210526316
5,43,100,baseline,0.95,0.8595495960116899,88.67316714736647,34,15.0,15.0,0.0,0.0,0.0,0.0,0.0,0.0,0.9444444444444444,1.0,0.8947368421052632
5,43,100,baseline,0.975,0.8595495960116899,89.51372191750352,23,18.0,18.0,0.0,0.0,0.0,0.0,0.0,0.0,0.721311475409836,0.9565217391304348,0.5789473684210527
5,43,100,baseline,0.99,0.8595495960116899,90.05746353789057,10,19.5,19.5,0.0,0.0,0.0,0.0,0.0,0.0,0.4166666666666667,1.0,0.2631578947368421
5,43,100,resample_pointwise,0.5,0.8595495960116899,10.945600163723874,36,-58.0,58.0,0.0,0.0,0.0,0.0,0.0,0.0,0.0,0.0,0.0
5,43,100,resample_pointwise,0.6,0.8595495960116899,13.128370995471112,36,-57.5,57.5,0.0,0.0,0.0,0.0,0.0,0.0,0.0,0.0,0.0
5,43,100,resample_pointwise,0.7,0.8595495960116899,15.65590668044688,36,-57.0,57.0,0.0,0.0,0.0,0.0,0.0,0.0,0.0,0.0,0.0
5,43,100,resample_pointwise,0.75,0.8595495960116899,17.120529047911937,36,-57.0,57.0,0.0,0.0,0.0,0.0,0.0,0.0,0.0,0.0,0.0
5,43,100,resample_pointwise,0.8,0.8595495960116899,18.74758530228604,36,-57.0,57.0,0.0,0.0,0.0,0.0,0.0,0.0,0.0,0.0,0.0
5,43,100,resample_pointwise,0.85,0.8595495960116899,20.653149743396597,36,-57.0,57.0,0.0,0.0,0.0,0.0,0.0,0.0,0.0,0.0,0.0
5,43,100,resample_pointwise,0.9,0.8595495960116899,23.01508431091453,36,-57.0,57.0,0.0,0.0,0.0,0.0,0.0,0.0,0.0,0.0,0.0
5,43,100,resample_pointwise,0.925,0.8595495960116899,24.50875310142715,36,-57.0,57.0,0.0,0.0,0.0,0.0,0.0,0.0,0.0,0.0,0.0
5,43,100,resample_pointwise,0.95,0.8595495960116899,26.376025788899582,36,-57.0,57.0,0.0,0.0,0.0,0.0,0.0,0.0,0.0,0.0,0.0
5,43,100,resample_pointwise,0.975,0.8595495960116899,29.208518112796856,36,-57.0,57.0,0.0,0.0,0.0,0.0,0.0,0.0,0.0,0.0,0.0
5,43,100,resample_pointwise,0.99,0.8595495960116899,32.345006313489094,36,-56.0,56.0,0.0,0.0,0.0,0.0,0.0,0.0,0.0,0.0,0.0
5,48,10,baseline,0.5,0.8457374830852503,3.678563335406665,482,-73.0,73.0,0.1346153846153846,0.0726141078838174,0.9210526315789472,0.1423076923076923,0.0767634854771784,0.9736842105263158,0.1461538461538461,0.0788381742738589,1.0
5,48,10,baseline,0.6,0.8457374830852503,4.275395247593279,354,-69.5,69.5,0.1785714285714285,0.0988700564971751,0.9210526315789472,0.1887755102040816,0.1045197740112994,0.9736842105263158,0.1938775510204081,0.1073446327683615,1.0
5,48,10,baseline,0.7,0.8457374830852503,5.127562072566297,221,-77.0,77.0,0.2702702702702703,0.1583710407239819,0.9210526315789472,0.2702702702702703,0.1583710407239819,0.9210526315789472,0.277992277992278,0.1628959276018099,0.9473684210526316
5,48,10,baseline,0.75,0.8457374830852503,5.7907920366999965,146,-64.5,64.5,0.3804347826086955,0.2397260273972602,0.9210526315789472,0.3804347826086955,0.2397260273972602,0.9210526315789472,0.391304347826087,0.2465753424657534,0.9473684210526316
5,48,10,baseline,0.8,0.8457374830852503,7.224974557063558,77,-10.0,20.0,0.5565217391304348,0.4155844155844156,0.8421052631578947,0.5565217391304348,0.4155844155844156,0.8421052631578947,0.5913043478260869,0.4415584415584415,0.8947368421052632
5,48,10,baseline,0.85,0.8457374830852503,13.279834867355635,38,4.5,4.5,0.5526315789473685,0.5526315789473685,0.5526315789473685,0.6052631578947368,0.6052631578947368,0.6052631578947368,0.8421052631578947,0.8421052631578947,0.8421052631578947
5,48,10,baseline,0.9,0.8457374830852503,18.670457175757587,91,12.0,12.0,0.2945736434108527,0.2087912087912088,0.5,0.4496124031007751,0.3186813186813186,0.7631578947368421,0.5581395348837208,0.3956043956043956,0.9473684210526316
5,48,10,baseline,0.925,0.8457374830852503,19.994182559590357,93,12.0,12.0,0.1679389312977099,0.1182795698924731,0.2894736842105263,0.4122137404580153,0.2903225806451613,0.7105263157894737,0.564885496183206,0.3978494623655914,0.9736842105263158
5,48,10,baseline,0.95,0.8457374830852503,21.15966801231752,84,12.0,12.0,0.0983606557377049,0.0714285714285714,0.1578947368421052,0.3606557377049181,0.2619047619047619,0.5789473684210527,0.6065573770491804,0.4404761904761904,0.9736842105263158
5,48,10,baseline,0.975,0.8457374830852503,22.567926440767604,48,14.5,14.5,0.0232558139534883,0.0208333333333333,0.0263157894736842,0.2558139534883721,0.2291666666666666,0.2894736842105263,0.6976744186046512,0.625,0.7894736842105263
5,48,10,baseline,0.99,0.8457374830852503,23.85037738252555,19,15.0,15.0,0.0,0.0,0.0,0.1403508771929824,0.2105263157894736,0.1052631578947368,0.3859649122807018,0.5789473684210527,0.2894736842105263
5,48,10,resample_pointwise,0.5,0.8457374830852503,29.0404300094182,0,,,0.0,0.0,0.0,0.0,0.0,0.0,0.0,0.0,0.0
5,48,10,resample_pointwise,0.6,0.8457374830852503,33.424100838482616,0,,,0.0,0.0,0.0,0.0,0.0,0.0,0.0,0.0,0.0
5,48,10,resample_pointwise,0.7,0.8457374830852503,38.86199864736651,0,,,0.0,0.0,0.0,0.0,0.0,0.0,0.0,0.0,0.0
5,48,10,resample_pointwise,0.75,0.8457374830852503,41.5374680593859,0,,,0.0,0.0,0.0,0.0,0.0,0.0,0.0,0.0,0.0
5,48,10,resample_pointwise,0.8,0.8457374830852503,44.291761774014894,0,,,0.0,0.0,0.0,0.0,0.0,0.0,0.0,0.0,0.0
5,48,10,resample_pointwise,0.85,0.8457374830852503,47.9067278999656,0,,,0.0,0.0,0.0,0.0,0.0,0.0,0.0,0.0,0.0
5,48,10,resample_pointwise,0.9,0.8457374830852503,52.09923078770577,0,,,0.0,0.0,0.0,0.0,0.0,0.0,0.0,0.0,0.0
5,48,10,resample_pointwise,0.925,0.8457374830852503,54.558637922217,0,,,0.0,0.0,0.0,0.0,0.0,0.0,0.0,0.0,0.0
5,48,10,resample_pointwise,0.95,0.8457374830852503,58.02198940342332,0,,,0.0,0.0,0.0,0.0,0.0,0.0,0.0,0.0,0.0
5,48,10,resample_pointwise,0.975,0.8457374830852503,62.75331629736303,0,,,0.0,0.0,0.0,0.0,0.0,0.0,0.0,0.0,0.0
5,48,10,resample_pointwise,0.99,0.8457374830852503,68.18926231281516,0,,,0.0,0.0,0.0,0.0,0.0,0.0,0.0,0.0,0.0
5,48,25,baseline,0.5,0.8457374830852503,2.9930840360726068,235,-74.0,74.0,0.2271062271062271,0.1319148936170212,0.8157894736842105,0.2710622710622711,0.1574468085106383,0.9736842105263158,0.2783882783882784,0.1617021276595744,1.0
5,48,25,baseline,0.6,0.8457374830852503,3.5583935350110543,152,-77.0,77.0,0.3263157894736842,0.2039473684210526,0.8157894736842105,0.3894736842105263,0.2434210526315789,0.9736842105263158,0.4,0.25,1.0
5,48,25,baseline,0.7,0.8457374830852503,4.884349314233447,77,-23.0,23.0,0.5043478260869565,0.3766233766233766,0.7631578947368421,0.608695652173913,0.4545454545454545,0.9210526315789472,0.6260869565217391,0.4675324675324675,0.9473684210526316
5,48,25,baseline,0.75,0.8457374830852503,7.131579352065636,40,-2.0,3.0,0.7692307692307692,0.75,0.7894736842105263,0.9230769230769232,0.9,0.9473684210526316,0.9230769230769232,0.9,0.9473684210526316
5,48,25,baseline,0.8,0.8457374830852503,17.066439483185288,36,-1.0,2.0,0.8918918918918918,0.9166666666666666,0.868421052631579,0.972972972972973,1.0,0.9473684210526316,0.972972972972973,1.0,0.9473684210526316
5,48,25,baseline,0.85,0.8457374830852503,30.31332777280665,36,3.0,3.0,0.6756756756756757,0.6944444444444444,0.6578947368421053,0.9459459459459458,0.9722222222222222,0.9210526315789472,0.972972972972973,1.0,0.9473684210526316
5,48,25,baseline,0.9,0.8457374830852503,41.63830221547147,36,12.0,12.0,0.0,0.0,0.0,0.3243243243243243,0.3333333333333333,0.3157894736842105,0.972972972972973,1.0,0.9473684210526316
5,48,25,baseline,0.925,0.8457374830852503,45.22889273880991,36,15.0,15.0,0.0,0.0,0.0,0.027027027027027,0.0277777777777777,0.0263157894736842,0.9459459459459458,0.9722222222222222,0.9210526315789472
5,48,25,baseline,0.95,0.8457374830852503,47.92887884633215,36,19.0,19.0,0.0,0.0,0.0,0.0,0.0,0.0,0.918918918918919,0.9444444444444444,0.8947368421052632
5,48,25,baseline,0.975,0.8457374830852503,49.99747341024928,29,20.0,20.0,0.0,0.0,0.0,0.0,0.0,0.0,0.716417910447761,0.8275862068965517,0.631578947368421
5,48,25,baseline,0.99,0.8457374830852503,51.30326356397972,16,21.5,21.5,0.0,0.0,0.0,0.0,0.0,0.0,0.5185185185185185,0.875,0.3684210526315789
5,48,25,resample_pointwise,0.5,0.8457374830852503,19.789055099736203,36,-1.0,2.0,0.918918918918919,0.9444444444444444,0.8947368421052632,0.972972972972973,1.0,0.9473684210526316,0.972972972972973,1.0,0.9473684210526316
5,48,25,resample_pointwise,0.6,0.8457374830852503,23.3734637361054,36,-1.0,2.0,0.918918918918919,0.9444444444444444,0.8947368421052632,0.9459459459459458,0.9722222222222222,0.9210526315789472,0.972972972972973,1.0,0.9473684210526316
5,48,25,resample_pointwise,0.7,0.8457374830852503,27.326040881261225,36,1.5,1.5,0.8648648648648649,0.8888888888888888,0.8421052631578947,0.9459459459459458,0.9722222222222222,0.9210526315789472,0.972972972972973,1.0,0.9473684210526316
5,48,25,resample_pointwise,0.75,0.8457374830852503,29.509208844344087,36,2.0,2.0,0.7297297297297298,0.75,0.7105263157894737,0.9459459459459458,0.9722222222222222,0.9210526315789472,0.972972972972973,1.0,0.9473684210526316
5,48,25,resample_pointwise,0.8,0.8457374830852503,31.92004431983432,36,4.0,4.0,0.6486486486486486,0.6666666666666666,0.631578947368421,0.9459459459459458,0.9722222222222222,0.9210526315789472,0.972972972972973,1.0,0.9473684210526316
5,48,25,resample_pointwise,0.85,0.8457374830852503,34.65015426122092,36,6.0,6.0,0.4594594594594595,0.4722222222222222,0.4473684210526316,0.8918918918918918,0.9166666666666666,0.868421052631579,0.972972972972973,1.0,0.9473684210526316
5,48,25,resample_pointwise,0.9,0.8457374830852503,38.00790353585432,36,7.5,7.5,0.1081081081081081,0.1111111111111111,0.1052631578947368,0.7837837837837838,0.8055555555555556,0.7631578947368421,0.972972972972973,1.0,0.9473684210526316
5,48,25,resample_pointwise,0.925,0.8457374830852503,40.10802934330233,36,10.0,10.0,0.0,0.0,0.0,0.5405405405405405,0.5555555555555556,0.5263157894736842,0.972972972972973,1.0,0.9473684210526316
5,48,25,resample_pointwise,0.95,0.8457374830852503,42.7889900619453,36,13.0,13.0,0.0,0.0,0.0,0.1891891891891891,0.1944444444444444,0.1842105263157894,0.972972972972973,1.0,0.9473684210526316
5,48,25,resample_pointwise,0.975,0.8457374830852503,46.71971991139717,37,17.0,17.0,0.0,0.0,0.0,0.0266666666666666,0.027027027027027,0.0263157894736842,0.9066666666666668,0.918918918918919,0.8947368421052632
5,48,25,resample_pointwise,0.99,0.8457374830852503,51.13720729315595,17,21.0,21.0,0.0,0.0,0.0,0.0,0.0,0.0,0.509090909090909,0.8235294117647058,0.3684210526315789
5,48,50,baseline,0.5,0.8457374830852503,3.0977012872307093,69,-47.0,47.0,0.3738317757009345,0.2898550724637681,0.5263157894736842,0.5046728971962617,0.391304347826087,0.7105263157894737,0.6355140186915887,0.4927536231884058,0.8947368421052632
5,48,50,baseline,0.6,0.8457374830852503,5.384882776110913,36,-4.5,4.5,0.5405405405405405,0.5555555555555556,0.5263157894736842,0.7297297297297298,0.75,0.7105263157894737,0.972972972972973,1.0,0.9473684210526316
5,48,50,baseline,0.7,0.8457374830852503,22.000103915979256,36,-4.0,4.0,0.5675675675675677,0.5833333333333334,0.5526315789473685,0.7567567567567567,0.7777777777777778,0.7368421052631579,0.972972972972973,1.0,0.9473684210526316
5,48,50,baseline,0.75,0.8457374830852503,33.02240066354272,36,-4.0,4.0,0.5945945945945946,0.6111111111111112,0.5789473684210527,0.8378378378378377,0.8611111111111112,0.8157894736842105,0.972972972972973,1.0,0.9473684210526316
5,48,50,baseline,0.8,0.8457374830852503,45.4780681069001,36,-3.5,4.0,0.8378378378378377,0.8611111111111112,0.8157894736842105,0.972972972972973,1.0,0.9473684210526316,0.972972972972973,1.0,0.9473684210526316
5,48,50,baseline,0.85,0.8457374830852503,58.882958290779705,36,2.0,2.0,0.9459459459459458,0.9722222222222222,0.9210526315789472,0.9459459459459458,0.9722222222222222,0.9210526315789472,0.972972972972973,1.0,0.9473684210526316
5,48,50,baseline,0.9,0.8457374830852503,69.17802212679649,36,10.0,10.0,0.0,0.0,0.0,0.5135135135135136,0.5277777777777778,0.5,0.972972972972973,1.0,0.9473684210526316
5,48,50,baseline,0.925,0.8457374830852503,72.24589844468525,36,14.0,14.0,0.0,0.0,0.0,0.0,0.0,0.0,0.972972972972973,1.0,0.9473684210526316
5,48,50,baseline,0.95,0.8457374830852503,74.41561464782687,34,17.0,17.0,0.0,0.0,0.0,0.0,0.0,0.0,0.9444444444444444,1.0,0.8947368421052632
5,48,50,baseline,0.975,0.8457374830852503,75.84367821692824,28,21.0,21.0,0.0,0.0,0.0,0.0,0.0,0.0,0.7575757575757577,0.8928571428571429,0.6578947368421053
5,48,50,baseline,0.99,0.8457374830852503,76.60866295406325,11,21.0,21.0,0.0,0.0,0.0,0.0,0.0,0.0,0.4081632653061224,0.9090909090909092,0.2631578947368421
5,48,50,resample_pointwise,0.5,0.8457374830852503,14.598519243052836,36,-4.5,4.5,0.5405405405405405,0.5555555555555556,0.5263157894736842,0.7297297297297298,0.75,0.7105263157894737,0.972972972972973,1.0,0.9473684210526316
5,48,50,resample_pointwise,0.6,0.8457374830852503,17.349318292591835,36,-4.5,4.5,0.5405405405405405,0.5555555555555556,0.5263157894736842,0.7297297297297298,0.75,0.7105263157894737,0.972972972972973,1.0,0.9473684210526316
5,48,50,resample_pointwise,0.7,0.8457374830852503,20.531621860776287,36,-4.5,4.5,0.5405405405405405,0.5555555555555556,0.5263157894736842,0.7297297297297298,0.75,0.7105263157894737,0.972972972972973,1.0,0.9473684210526316
5,48,50,resample_pointwise,0.75,0.8457374830852503,22.326183318079718,36,-4.0,4.0,0.5675675675675677,0.5833333333333334,0.5526315789473685,0.7567567567567567,0.7777777777777778,0.7368421052631579,0.972972972972973,1.0,0.9473684210526316
5,48,50,resample_pointwise,0.8,0.8457374830852503,24.343195011827348,36,-4.0,4.0,0.5675675675675677,0.5833333333333334,0.5526315789473685,0.7567567567567567,0.7777777777777778,0.7368421052631579,0.972972972972973,1.0,0.9473684210526316
5,48,50,resample_pointwise,0.85,0.8457374830852503,26.643188711635627,36,-4.0,4.0,0.5675675675675677,0.5833333333333334,0.5526315789473685,0.7837837837837838,0.8055555555555556,0.7631578947368421,0.972972972972973,1.0,0.9473684210526316
5,48,50,resample_pointwise,0.9,0.8457374830852503,29.479918295380976,36,-4.0,4.0,0.5675675675675677,0.5833333333333334,0.5526315789473685,0.7837837837837838,0.8055555555555556,0.7631578947368421,0.972972972972973,1.0,0.9473684210526316
5,48,50,resample_pointwise,0.925,0.8457374830852503,31.26106535327019,36,-4.0,4.0,0.5945945945945946,0.6111111111111112,0.5789473684210527,0.8108108108108109,0.8333333333333334,0.7894736842105263,0.972972972972973,1.0,0.9473684210526316
5,48,50,resample_pointwise,0.95,0.8457374830852503,33.54937197273566,36,-4.0,4.0,0.6216216216216216,0.6388888888888888,0.6052631578947368,0.8648648648648649,0.8888888888888888,0.8421052631578947,0.972972972972973,1.0,0.9473684210526316
5,48,50,resample_pointwise,0.975,0.8457374830852503,36.8856184681575,36,-4.0,4.0,0.6756756756756757,0.6944444444444444,0.6578947368421053,0.918918918918919,0.9444444444444444,0.8947368421052632,0.972972972972973,1.0,0.9473684210526316
5,48,50,resample_pointwise,0.99,0.8457374830852503,40.596441310659706,36,-4.0,4.0,0.7027027027027027,0.7222222222222222,0.6842105263157895,0.972972972972973,1.0,0.9473684210526316,0.972972972972973,1.0,0.9473684210526316
5,48,100,baseline,0.5,0.8457374830852503,27.05608630787698,36,-53.0,53.0,0.0,0.0,0.0,0.0,0.0,0.0,0.0,0.0,0.0
5,48,100,baseline,0.6,0.8457374830852503,48.627325517207375,36,-35.0,35.0,0.0,0.0,0.0,0.0,0.0,0.0,0.0,0.0,0.0
5,48,100,baseline,0.7,0.8457374830852503,64.421301148946,36,-17.5,17.5,0.081081081081081,0.0833333333333333,0.0789473684210526,0.1891891891891891,0.1944444444444444,0.1842105263157894,0.972972972972973,1.0,0.9473684210526316
5,48,100,baseline,0.75,0.8457374830852503,70.64528359249533,36,-10.0,10.0,0.2702702702702702,0.2777777777777778,0.2631578947368421,0.5135135135135136,0.5277777777777778,0.5,0.972972972972973,1.0,0.9473684210526316
5,48,100,baseline,0.8,0.8457374830852503,76.26470310409746,36,-4.0,4.0,0.7837837837837838,0.8055555555555556,0.7631578947368421,0.972972972972973,1.0,0.9473684210526316,0.972972972972973,1.0,0.9473684210526316
5,48,100,baseline,0.85,0.8457374830852503,81.55658113586603,36,2.0,2.0,0.8918918918918918,0.9166666666666666,0.868421052631579,0.972972972972973,1.0,0.9473684210526316,0.972972972972973,1.0,0.9473684210526316
5,48,100,baseline,0.9,0.8457374830852503,85.59835477272944,36,11.0,11.0,0.0,0.0,0.0,0.4324324324324324,0.4444444444444444,0.4210526315789473,0.972972972972973,1.0,0.9473684210526316
5,48,100,baseline,0.925,0.8457374830852503,86.8493115293266,36,15.0,15.0,0.0,0.0,0.0,0.027027027027027,0.0277777777777777,0.0263157894736842,0.972972972972973,1.0,0.9473684210526316
5,48,100,baseline,0.95,0.8457374830852503,87.74216525223368,36,18.0,18.0,0.0,0.0,0.0,0.0,0.0,0.0,0.9459459459459458,0.9722222222222222,0.9210526315789472
5,48,100,baseline,0.975,0.8457374830852503,88.36043674273466,24,19.0,19.0,0.0,0.0,0.0,0.0,0.0,0.0,0.6774193548387096,0.875,0.5526315789473685
5,48,100,baseline,0.99,0.8457374830852503,88.80932353673725,9,21.0,21.0,0.0,0.0,0.0,0.0,0.0,0.0,0.3829787234042552,1.0,0.2368421052631578
5,48,100,resample_pointwise,0.5,0.8457374830852503,10.553585094471202,36,-53.0,53.0,0.0,0.0,0.0,0.0,0.0,0.0,0.0,0.0,0.0
5,48,100,resample_pointwise,0.6,0.8457374830852503,12.617678751417207,36,-53.0,53.0,0.0,0.0,0.0,0.0,0.0,0.0,0.0,0.0,0.0
5,48,100,resample_pointwise,0.7,0.8457374830852503,15.047861307232312,36,-53.0,53.0,0.0,0.0,0.0,0.0,0.0,0.0,0.0,0.0,0.0
5,48,100,resample_pointwise,0.75,0.8457374830852503,16.45569291276809,36,-53.0,53.0,0.0,0.0,0.0,0.0,0.0,0.0,0.0,0.0,0.0
5,48,100,resample_pointwise,0.8,0.8457374830852503,18.049325451338618,36,-53.0,53.0,0.0,0.0,0.0,0.0,0.0,0.0,0.0,0.0,0.0
5,48,100,resample_pointwise,0.85,0.8457374830852503,19.94376801129171,36,-53.0,53.0,0.0,0.0,0.0,0.0,0.0,0.0,0.0,0.0,0.0
5,48,100,resample_pointwise,0.9,0.8457374830852503,22.31470975848629,36,-53.0,53.0,0.0,0.0,0.0,0.0,0.0,0.0,0.0,0.0,0.0
5,48,100,resample_pointwise,0.925,0.8457374830852503,23.80087952982496,36,-53.0,53.0,0.0,0.0,0.0,0.0,0.0,0.0,0.0,0.0,0.0
5,48,100,resample_pointwise,0.95,0.8457374830852503,25.68129957648646,36,-53.0,53.0,0.0,0.0,0.0,0.0,0.0,0.0,0.0,0.0,0.0
5,48,100,resample_pointwise,0.975,0.8457374830852503,28.49563484888979,36,-52.0,52.0,0.0,0.0,0.0,0.0,0.0,0.0,0.0,0.0,0.0
5,48,100,resample_pointwise,0.99,0.8457374830852503,31.63551145647229,36,-51.0,51.0,0.0,0.0,0.0,0.0,0.0,0.0,0.0,0.0,0.0
5,53,10,baseline,0.5,0.8323622440486099,3.590023486730421,480,-64.0,64.0,0.1119691119691119,0.0604166666666666,0.7631578947368421,0.1196911196911197,0.0645833333333333,0.8157894736842105,0.1428571428571428,0.0770833333333333,0.9736842105263158
5,53,10,baseline,0.6,0.8323622440486099,4.192552034736116,366,-60.5,60.5,0.1485148514851484,0.081967213114754,0.7894736842105263,0.1534653465346534,0.0846994535519125,0.8157894736842105,0.1831683168316832,0.1010928961748633,0.9736842105263158
5,53,10,baseline,0.7,0.8323622440486099,5.0415960268343065,212,-51.0,51.0,0.24,0.1415094339622641,0.7894736842105263,0.2479999999999999,0.1462264150943396,0.8157894736842105,0.296,0.1745283018867924,0.9736842105263158
5,53,10,baseline,0.75,0.8323622440486099,5.720929486736022,136,-41.5,41.5,0.3448275862068966,0.2205882352941176,0.7894736842105263,0.3563218390804598,0.2279411764705882,0.8157894736842105,0.4137931034482758,0.2647058823529412,0.9473684210526316
5,53,10,baseline,0.8,0.8323622440486099,7.051103451995502,63,0.0,8.0,0.5346534653465346,0.4285714285714285,0.7105263157894737,0.5544554455445545,0.4444444444444444,0.7368421052631579,0.6732673267326732,0.5396825396825397,0.8947368421052632
5,53,10,baseline,0.85,0.8323622440486099,14.389620064951478,48,8.0,8.0,0.3488372093023256,0.3125,0.3947368421052631,0.5348837209302326,0.4791666666666667,0.6052631578947368,0.744186046511628,0.6666666666666666,0.8421052631578947
5,53,10,baseline,0.9,0.8323622440486099,17.368839531114663,103,13.0,13.0,0.1418439716312056,0.0970873786407767,0.2631578947368421,0.3262411347517731,0.2233009708737864,0.6052631578947368,0.5390070921985816,0.3689320388349514,1.0
5,53,10,baseline,0.925,0.8323622440486099,18.292140186755617,101,16.0,16.0,0.0431654676258992,0.0297029702970297,0.0789473684210526,0.2446043165467626,0.1683168316831683,0.4473684210526316,0.5035971223021584,0.3465346534653465,0.9210526315789472
5,53,10,baseline,0.95,0.8323622440486099,19.14588580499667,85,17.0,17.0,0.0,0.0,0.0,0.2113821138211382,0.1529411764705882,0.3421052631578947,0.5365853658536586,0.388235294117647,0.868421052631579
5,53,10,baseline,0.975,0.8323622440486099,20.44534702106807,42,17.0,17.0,0.025,0.0238095238095238,0.0263157894736842,0.2,0.1904761904761904,0.2105263157894736,0.525,0.5,0.5526315789473685
5,53,10,baseline,0.99,0.8323622440486099,22.084366981036347,19,15.0,15.0,0.0,0.0,0.0,0.0350877192982456,0.0526315789473684,0.0263157894736842,0.3157894736842105,0.4736842105263157,0.2368421052631578
5,53,10,resample_pointwise,0.5,0.8323622440486099,28.56636003029353,0,,,0.0,0.0,0.0,0.0,0.0,0.0,0.0,0.0,0.0
5,53,10,resample_pointwise,0.6,0.8323622440486099,32.97428210230573,0,,,0.0,0.0,0.0,0.0,0.0,0.0,0.0,0.0,0.0
5,53,10,resample_pointwise,0.7,0.8323622440486099,38.32258166001597,0,,,0.0,0.0,0.0,0.0,0.0,0.0,0.0,0.0,0.0
5,53,10,resample_pointwise,0.75,0.8323622440486099,41.04027862541799,0,,,0.0,0.0,0.0,0.0,0.0,0.0,0.0,0.0,0.0
5,53,10,resample_pointwise,0.8,0.8323622440486099,43.8319643078872,0,,,0.0,0.0,0.0,0.0,0.0,0.0,0.0,0.0,0.0
5,53,10,resample_pointwise,0.85,0.8323622440486099,47.36307659072919,0,,,0.0,0.0,0.0,0.0,0.0,0.0,0.0,0.0,0.0
5,53,10,resample_pointwise,0.9,0.8323622440486099,51.605156427711925,0,,,0.0,0.0,0.0,0.0,0.0,0.0,0.0,0.0,0.0
5,53,10,resample_pointwise,0.925,0.8323622440486099,54.06201390264289,0,,,0.0,0.0,0.0,0.0,0.0,0.0,0.0,0.0,0.0
5,53,10,resample_pointwise,0.95,0.8323622440486099,57.47340495588576,0,,,0.0,0.0,0.0,0.0,0.0,0.0,0.0,0.0,0.0
5,53,10,resample_pointwise,0.975,0.8323622440486099,62.25002195179341,0,,,0.0,0.0,0.0,0.0,0.0,0.0,0.0,0.0,0.0
5,53,10,resample_pointwise,0.99,0.8323622440486099,67.67853768387987,0,,,0.0,0.0,0.0,0.0,0.0,0.0,0.0,0.0,0.0
5,53,25,baseline,0.5,0.8323622440486099,2.791951964861197,259,-66.0,66.0,0.1683501683501683,0.0965250965250965,0.6578947368421053,0.2289562289562289,0.1312741312741312,0.8947368421052632,0.2558922558922559,0.1467181467181467,1.0
5,53,25,baseline,0.6,0.8323622440486099,3.3266759719795727,167,-69.0,69.0,0.2439024390243902,0.1497005988023952,0.6578947368421053,0.3317073170731707,0.2035928143712574,0.8947368421052632,0.3512195121951219,0.2155688622754491,0.9473684210526316
5,53,25,baseline,0.7,0.8323622440486099,4.317069661086711,61,-7.0,7.0,0.5050505050505051,0.4098360655737705,0.6578947368421053,0.686868686868687,0.5573770491803278,0.8947368421052632,0.7272727272727273,0.5901639344262295,0.9473684210526316
5,53,25,baseline,0.75,0.8323622440486099,7.772453209234311,36,-1.0,3.0,0.6756756756756757,0.6944444444444444,0.6578947368421053,0.918918918918919,0.9444444444444444,0.8947368421052632,0.972972972972973,1.0,0.9473684210526316
5,53,25,baseline,0.8,0.8323622440486099,17.712428643824875,36,0.0,2.0,0.918918918918919,0.9444444444444444,0.8947368421052632,0.972972972972973,1.0,0.9473684210526316,0.972972972972973,1.0,0.9473684210526316
5,53,25,baseline,0.85,0.8323622440486099,30.416690226551413,36,6.0,6.0,0.3513513513513513,0.3611111111111111,0.3421052631578947,0.8648648648648649,0.8888888888888888,0.8421052631578947,0.972972972972973,1.0,0.9473684210526316
5,53,25,baseline,0.9,0.8323622440486099,39.65870687157702,36,13.0,13.0,0.0,0.0,0.0,0.1081081081081081,0.1111111111111111,0.1052631578947368,0.972972972972973,1.0,0.9473684210526316
5,53,25,baseline,0.925,0.8323622440486099,42.88366998771796,36,17.0,17.0,0.0,0.0,0.0,0.0,0.0,0.0,0.9459459459459458,0.9722222222222222,0.9210526315789472
5,53,25,baseline,0.95,0.8323622440486099,44.79153642062795,44,21.0,21.0,0.0,0.0,0.0,0.0,0.0,0.0,0.7073170731707317,0.6590909090909091,0.7631578947368421
5,53,25,baseline,0.975,0.8323622440486099,45.9918077078682,30,23.0,23.0,0.0,0.0,0.0,0.0,0.0,0.0,0.5588235294117647,0.6333333333333333,0.5
5,53,25,baseline,0.99,0.8323622440486099,47.23285767900565,16,20.5,20.5,0.0,0.0,0.0,0.0,0.0,0.0,0.3333333333333333,0.5625,0.2368421052631578
5,53,25,resample_pointwise,0.5,0.8323622440486099,19.365976980058257,36,1.0,1.5,0.918918918918919,0.9444444444444444,0.8947368421052632,0.972972972972973,1.0,0.9473684210526316,0.972972972972973,1.0,0.9473684210526316
5,53,25,resample_pointwise,0.6,0.8323622440486099,22.861777267982344,36,1.0,1.0,0.8918918918918918,0.9166666666666666,0.868421052631579,0.972972972972973,1.0,0.9473684210526316,0.972972972972973,1.0,0.9473684210526316
5,53,25,resample_pointwise,0.7,0.8323622440486099,26.80553085874674,36,3.0,3.0,0.7027027027027027,0.7222222222222222,0.6842105263157895,0.9459459459459458,0.9722222222222222,0.9210526315789472,0.972972972972973,1.0,0.9473684210526316
5,53,25,resample_pointwise,0.75,0.8323622440486099,28.986241022588302,36,4.0,4.0,0.5945945945945946,0.6111111111111112,0.5789473684210527,0.9459459459459458,0.9722222222222222,0.9210526315789472,0.972972972972973,1.0,0.9473684210526316
5,53,25,resample_pointwise,0.8,0.8323622440486099,31.40725074250386,36,6.0,6.0,0.2972972972972973,0.3055555555555556,0.2894736842105263,0.8648648648648649,0.8888888888888888,0.8421052631578947,0.972972972972973,1.0,0.9473684210526316
5,53,25,resample_pointwise,0.85,0.8323622440486099,34.168392453153494,36,8.0,8.0,0.081081081081081,0.0833333333333333,0.0789473684210526,0.7567567567567567,0.7777777777777778,0.7368421052631579,0.972972972972973,1.0,0.9473684210526316
5,53,25,resample_pointwise,0.9,0.8323622440486099,37.55710366429342,36,12.0,12.0,0.0,0.0,0.0,0.2702702702702702,0.2777777777777778,0.2631578947368421,0.972972972972973,1.0,0.9473684210526316
5,53,25,resample_pointwise,0.925,0.8323622440486099,39.66941865802465,36,13.0,13.0,0.0,0.0,0.0,0.1081081081081081,0.1111111111111111,0.1052631578947368,0.972972972972973,1.0,0.9473684210526316
5,53,25,resample_pointwise,0.95,0.8323622440486099,42.39281906980296,36,16.0,16.0,0.0,0.0,0.0,0.0,0.0,0.0,0.9459459459459458,0.9722222222222222,0.9210526315789472
5,53,25,resample_pointwise,0.975,0.8323622440486099,46.38476113846029,25,23.0,23.0,0.0,0.0,0.0,0.0,0.0,0.0,0.5079365079365079,0.64,0.4210526315789473
5,53,25,resample_pointwise,0.99,0.8323622440486099,50.77400358818999,0,,,0.0,0.0,0.0,0.0,0.0,0.0,0.0,0.0,0.0
5,53,50,baseline,0.5,0.8323622440486099,2.804764656975373,85,-71.0,71.0,0.4552845528455284,0.3294117647058823,0.7368421052631579,0.5365853658536586,0.388235294117647,0.868421052631579,0.5853658536585366,0.4235294117647059,0.9473684210526316
5,53,50,baseline,0.6,0.8323622440486099,5.652453553103298,36,-1.0,3.0,0.7567567567567567,0.7777777777777778,0.7368421052631579,0.8918918918918918,0.9166666666666666,0.868421052631579,0.972972972972973,1.0,0.9473684210526316
5,53,50,baseline,0.7,0.8323622440486099,21.800602605613985,36,-1.0,3.0,0.7567567567567567,0.7777777777777778,0.7368421052631579,0.8918918918918918,0.9166666666666666,0.868421052631579,0.972972972972973,1.0,0.9473684210526316
5,53,50,baseline,0.75,0.8323622440486099,32.23429459517902,36,-1.0,2.5,0.7837837837837838,0.8055555555555556,0.7631578947368421,0.918918918918919,0.9444444444444444,0.8947368421052632,0.972972972972973,1.0,0.9473684210526316
5,53,50,baseline,0.8,0.8323622440486099,44.09473482574277,36,0.0,2.0,0.9459459459459458,0.9722222222222222,0.9210526315789472,0.972972972972973,1.0,0.9473684210526316,0.972972972972973,1.0,0.9473684210526316
5,53,50,baseline,0.85,0.8323622440486099,56.64666394460736,36,4.0,4.0,0.8378378378378377,0.8611111111111112,0.8157894736842105,0.972972972972973,1.0,0.9473684210526316,0.972972972972973,1.0,0.9473684210526316
5,53,50,baseline,0.9,0.8323622440486099,66.44663947551126,36,12.0,12.0,0.0,0.0,0.0,0.054054054054054,0.0555555555555555,0.0526315789473684,0.972972972972973,1.0,0.9473684210526316
5,53,50,baseline,0.925,0.8323622440486099,69.62207127274488,36,16.0,16.0,0.0,0.0,0.0,0.0,0.0,0.0,0.972972972972973,1.0,0.9473684210526316
5,53,50,baseline,0.95,0.8323622440486099,71.8429541215362,36,21.0,21.0,0.0,0.0,0.0,0.0,0.0,0.0,0.9459459459459458,0.9722222222222222,0.9210526315789472
5,53,50,baseline,0.975,0.8323622440486099,73.06082366812743,29,24.0,24.0,0.0,0.0,0.0,0.0,0.0,0.0,0.6268656716417911,0.7241379310344828,0.5526315789473685
5,53,50,baseline,0.99,0.8323622440486099,73.87785600739531,16,24.5,24.5,0.0,0.0,0.0,0.0,0.0,0.0,0.3333333333333333,0.5625,0.2368421052631578
5,53,50,resample_pointwise,0.5,0.8323622440486099,14.12902764853911,36,-1.0,3.0,0.7567567567567567,0.7777777777777778,0.7368421052631579,0.8918918918918918,0.9166666666666666,0.868421052631579,0.972972972972973,1.0,0.9473684210526316
5,53,50,resample_pointwise,0.6,0.8323622440486099,16.820844974579938,36,-1.0,3.0,0.7567567567567567,0.7777777777777778,0.7368421052631579,0.8918918918918918,0.9166666666666666,0.868421052631579,0.972972972972973,1.0,0.9473684210526316
5,53,50,resample_pointwise,0.7,0.8323622440486099,19.932831912721596,36,-1.0,3.0,0.7567567567567567,0.7777777777777778,0.7368421052631579,0.8918918918918918,0.9166666666666666,0.868421052631579,0.972972972972973,1.0,0.9473684210526316
5,53,50,resample_pointwise,0.75,0.8323622440486099,21.68414398477859,36,-1.0,3.0,0.7567567567567567,0.7777777777777778,0.7368421052631579,0.8918918918918918,0.9166666666666666,0.868421052631579,0.972972972972973,1.0,0.9473684210526316
5,53,50,resample_pointwise,0.8,0.8323622440486099,23.66264277126607,36,-1.0,3.0,0.7567567567567567,0.7777777777777778,0.7368421052631579,0.8918918918918918,0.9166666666666666,0.868421052631579,0.972972972972973,1.0,0.9473684210526316
5,53,50,resample_pointwise,0.85,0.8323622440486099,25.957923528577503,36,-1.0,2.5,0.7837837837837838,0.8055555555555556,0.7631578947368421,0.918918918918919,0.9444444444444444,0.8947368421052632,0.972972972972973,1.0,0.9473684210526316
5,53,50,resample_pointwise,0.9,0.8323622440486099,28.784462516189464,36,-1.0,2.5,0.7837837837837838,0.8055555555555556,0.7631578947368421,0.918918918918919,0.9444444444444444,0.8947368421052632,0.972972972972973,1.0,0.9473684210526316
5,53,50,resample_pointwise,0.925,0.8323622440486099,30.56024696974654,36,-1.0,2.5,0.7837837837837838,0.8055555555555556,0.7631578947368421,0.918918918918919,0.9444444444444444,0.8947368421052632,0.972972972972973,1.0,0.9473684210526316
5,53,50,resample_pointwise,0.95,0.8323622440486099,32.80908865104376,36,-1.0,2.5,0.7837837837837838,0.8055555555555556,0.7631578947368421,0.918918918918919,0.9444444444444444,0.8947368421052632,0.972972972972973,1.0,0.9473684210526316
5,53,50,resample_pointwise,0.975,0.8323622440486099,36.13732135598643,36,-1.0,2.0,0.8378378378378377,0.8611111111111112,0.8157894736842105,0.972972972972973,1.0,0.9473684210526316,0.972972972972973,1.0,0.9473684210526316
5,53,50,resample_pointwise,0.99,0.8323622440486099,39.86327005928274,36,-1.0,2.0,0.918918918918919,0.9444444444444444,0.8947368421052632,0.972972972972973,1.0,0.9473684210526316,0.972972972972973,1.0,0.9473684210526316
5,53,100,baseline,0.5,0.8323622440486099,28.2854694492139,36,-48.0,48.0,0.0,0.0,0.0,0.0,0.0,0.0,0.0,0.0,0.0
5,53,100,baseline,0.6,0.8323622440486099,48.10890122913884,36,-36.0,36.0,0.0,0.0,0.0,0.0,0.0,0.0,0.0,0.0,0.0
5,53,100,baseline,0.7,0.8323622440486099,63.217707560473805,36,-18.0,18.0,0.027027027027027,0.0277777777777777,0.0263157894736842,0.1621621621621621,0.1666666666666666,0.1578947368421052,0.972972972972973,1.0,0.9473684210526316
5,53,100,baseline,0.75,0.8323622440486099,69.4830751509148,36,-8.0,8.0,0.3513513513513513,0.3611111111111111,0.3421052631578947,0.8378378378378377,0.8611111111111112,0.8157894736842105,0.972972972972973,1.0,0.9473684210526316
5,53,100,baseline,0.8,0.8323622440486099,75.29337199216567,36,-2.0,2.0,0.972972972972973,1.0,0.9473684210526316,0.972972972972973,1.0,0.9473684210526316,0.972972972972973,1.0,0.9473684210526316
5,53,100,baseline,0.85,0.8323622440486099,80.56921753095543,36,4.5,4.5,0.6756756756756757,0.6944444444444444,0.6578947368421053,0.972972972972973,1.0,0.9473684210526316,0.972972972972973,1.0,0.9473684210526316
5,53,100,baseline,0.9,0.8323622440486099,84.31655125504311,36,13.5,13.5,0.0,0.0,0.0,0.1891891891891891,0.1944444444444444,0.1842105263157894,0.972972972972973,1.0,0.9473684210526316
5,53,100,baseline,0.925,0.8323622440486099,85.63287906893494,36,17.0,17.0,0.0,0.0,0.0,0.0,0.0,0.0,0.972972972972973,1.0,0.9473684210526316
5,53,100,baseline,0.95,0.8323622440486099,86.49784117506954,36,19.5,19.5,0.0,0.0,0.0,0.0,0.0,0.0,0.8108108108108109,0.8333333333333334,0.7894736842105263
5,53,100,baseline,0.975,0.8323622440486099,87.17478459596842,24,22.0,22.0,0.0,0.0,0.0,0.0,0.0,0.0,0.5806451612903226,0.75,0.4736842105263157
5,53,100,baseline,0.99,0.8323622440486099,87.66010636900656,8,22.0,22.0,0.0,0.0,0.0,0.0,0.0,0.0,0.3478260869565217,1.0,0.2105263157894736
5,53,100,resample_pointwise,0.5,0.8323622440486099,10.218931750812722,36,-49.5,49.5,0.0,0.0,0.0,0.0,0.0,0.0,0.0,0.0,0.0
5,53,100,resample_pointwise,0.6,0.8323622440486099,12.222604139734775,36,-49.5,49.5,0.0,0.0,0.0,0.0,0.0,0.0,0.0,0.0,0.0
5,53,100,resample_pointwise,0.7,0.8323622440486099,14.593838377469789,36,-49.5,49.5,0.0,0.0,0.0,0.0,0.0,0.0,0.0,0.0,0.0
5,53,100,resample_pointwise,0.75,0.8323622440486099,15.977808675712264,36,-49.5,49.5,0.0,0.0,0.0,0.0,0.0,0.0,0.0,0.0,0.0
5,53,100,resample_pointwise,0.8,0.8323622440486099,17.555385406999548,36,-49.0,49.0,0.0,0.0,0.0,0.0,0.0,0.0,0.0,0.0,0.0
5,53,100,resample_pointwise,0.85,0.8323622440486099,19.44645763910976,36,-49.0,49.0,0.0,0.0,0.0,0.0,0.0,0.0,0.0,0.0,0.0
5,53,100,resample_pointwise,0.9,0.8323622440486099,21.81551737808086,36,-49.0,49.0,0.0,0.0,0.0,0.0,0.0,0.0,0.0,0.0,0.0
5,53,100,resample_pointwise,0.925,0.8323622440486099,23.331150071790603,36,-49.0,49.0,0.0,0.0,0.0,0.0,0.0,0.0,0.0,0.0,0.0
5,53,100,resample_pointwise,0.95,0.8323622440486099,25.26991735028012,36,-48.5,48.5,0.0,0.0,0.0,0.0,0.0,0.0,0.0,0.0,0.0
5,53,100,resample_pointwise,0.975,0.8323622440486099,28.136967681174333,36,-48.0,48.0,0.0,0.0,0.0,0.0,0.0,0.0,0.0,0.0,0.0
5,53,100,resample_pointwise,0.99,0.8323622440486099,31.32292851144556,36,-47.5,47.5,0.0,0.0,0.0,0.0,0.0,0.0,0.0,0.0,0.0
5,58,10,baseline,0.5,0.8194034742707309,3.785558004313385,487,-63.0,63.0,0.0952380952380952,0.0513347022587269,0.6578947368421053,0.1066666666666666,0.0574948665297741,0.7368421052631579,0.1295238095238095,0.0698151950718685,0.8947368421052632
5,58,10,baseline,0.6,0.8194034742707309,4.389549715604277,355,-55.0,55.0,0.1272264631043257,0.0704225352112676,0.6578947368421053,0.1424936386768448,0.0788732394366197,0.7368421052631579,0.1730279898218829,0.0957746478873239,0.8947368421052632
5,58,10,baseline,0.7,0.8194034742707309,5.235964513014391,211,-51.0,51.0,0.2088353413654618,0.1232227488151658,0.6842105263157895,0.2329317269076305,0.1374407582938388,0.7631578947368421,0.2570281124497992,0.1516587677725118,0.8421052631578947
5,58,10,baseline,0.75,0.8194034742707309,5.9560603717143445,142,-37.5,37.5,0.2888888888888889,0.1830985915492957,0.6842105263157895,0.311111111111111,0.1971830985915492,0.7368421052631579,0.3555555555555555,0.2253521126760563,0.8421052631578947
5,58,10,baseline,0.8,0.8194034742707309,7.625041878068226,51,1.0,7.0,0.5168539325842696,0.4509803921568627,0.6052631578947368,0.6067415730337078,0.5294117647058824,0.7105263157894737,0.6966292134831461,0.6078431372549019,0.8157894736842105
5,58,10,baseline,0.85,0.8194034742707309,13.949182973875777,76,12.0,12.0,0.2456140350877192,0.1842105263157894,0.3684210526315789,0.4561403508771929,0.3421052631578947,0.6842105263157895,0.5964912280701755,0.4473684210526316,0.8947368421052632
5,58,10,baseline,0.9,0.8194034742707309,16.470341613227074,119,16.0,16.0,0.0764331210191082,0.0504201680672268,0.1578947368421052,0.2802547770700637,0.1848739495798319,0.5789473684210527,0.4713375796178344,0.3109243697478991,0.9736842105263158
5,58,10,baseline,0.925,0.8194034742707309,17.48353733490281,99,17.0,17.0,0.0437956204379562,0.0303030303030303,0.0789473684210526,0.2481751824817518,0.1717171717171717,0.4473684210526316,0.5401459854014599,0.3737373737373737,0.9736842105263158
5,58,10,baseline,0.95,0.8194034742707309,18.471134171806813,86,20.5,20.5,0.032258064516129,0.0232558139534883,0.0526315789473684,0.1612903225806451,0.1162790697674418,0.2631578947368421,0.532258064516129,0.3837209302325581,0.868421052631579
5,58,10,baseline,0.975,0.8194034742707309,19.62067676486889,55,20.0,20.0,0.0,0.0,0.0,0.064516129032258,0.0545454545454545,0.0789473684210526,0.5161290322580645,0.4363636363636363,0.631578947368421
5,58,10,baseline,0.99,0.8194034742707309,20.600296755295112,18,16.0,16.0,0.0,0.0,0.0,0.0,0.0,0.0,0.3214285714285714,0.5,0.2368421052631578
5,58,10,resample_pointwise,0.5,0.8194034742707309,28.219849464426368,0,,,0.0,0.0,0.0,0.0,0.0,0.0,0.0,0.0,0.0
5,58,10,resample_pointwise,0.6,0.8194034742707309,32.54209807957286,0,,,0.0,0.0,0.0,0.0,0.0,0.0,0.0,0.0,0.0
5,58,10,resample_pointwise,0.7,0.8194034742707309,37.809539060938775,0,,,0.0,0.0,0.0,0.0,0.0,0.0,0.0,0.0,0.0
5,58,10,resample_pointwise,0.75,0.8194034742707309,40.58452534555073,0,,,0.0,0.0,0.0,0.0,0.0,0.0,0.0,0.0,0.0
5,58,10,resample_pointwise,0.8,0.8194034742707309,43.42603838549749,0,,,0.0,0.0,0.0,0.0,0.0,0.0,0.0,0.0,0.0
5,58,10,resample_pointwise,0.85,0.8194034742707309,46.93849562232964,0,,,0.0,0.0,0.0,0.0,0.0,0.0,0.0,0.0,0.0
5,58,10,resample_pointwise,0.9,0.8194034742707309,51.22180087124014,0,,,0.0,0.0,0.0,0.0,0.0,0.0,0.0,0.0,0.0
5,58,10,resample_pointwise,0.925,0.8194034742707309,53.70190184726814,0,,,0.0,0.0,0.0,0.0,0.0,0.0,0.0,0.0,0.0
5,58,10,resample_pointwise,0.95,0.8194034742707309,57.11027684177191,0,,,0.0,0.0,0.0,0.0,0.0,0.0,0.0,0.0,0.0
5,58,10,resample_pointwise,0.975,0.8194034742707309,61.90485292217636,0,,,0.0,0.0,0.0,0.0,0.0,0.0,0.0,0.0,0.0
5,58,10,resample_pointwise,0.99,0.8194034742707309,67.375772969627,0,,,0.0,0.0,0.0,0.0,0.0,0.0,0.0,0.0,0.0
5,58,25,baseline,0.5,0.8194034742707309,2.992215716758034,253,-71.0,71.0,0.1924398625429553,0.1106719367588932,0.7368421052631579,0.2474226804123711,0.1422924901185771,0.9473684210526316,0.261168384879725,0.150197628458498,1.0
5,58,25,baseline,0.6,0.8194034742707309,3.499719064693307,172,-69.0,69.0,0.2666666666666667,0.1627906976744186,0.7368421052631579,0.3428571428571428,0.2093023255813953,0.9473684210526316,0.3619047619047619,0.2209302325581395,1.0
5,58,25,baseline,0.7,0.8194034742707309,4.8737600676061215,67,-6.0,6.0,0.5333333333333332,0.417910447761194,0.7368421052631579,0.6857142857142856,0.5373134328358209,0.9473684210526316,0.7238095238095238,0.5671641791044776,1.0
5,58,25,baseline,0.75,0.8194034742707309,8.713773637475958,36,0.0,3.0,0.7837837837837838,0.8055555555555556,0.7631578947368421,0.972972972972973,1.0,0.9473684210526316,0.972972972972973,1.0,0.9473684210526316
5,58,25,baseline,0.8,0.8194034742707309,18.910597407779758,36,1.0,2.0,0.8918918918918918,0.9166666666666666,0.868421052631579,0.972972972972973,1.0,0.9473684210526316,0.972972972972973,1.0,0.9473684210526316
5,58,25,baseline,0.85,0.8194034742707309,30.709707837440856,36,7.0,7.0,0.1891891891891891,0.1944444444444444,0.1842105263157894,0.7297297297297298,0.75,0.7105263157894737,0.972972972972973,1.0,0.9473684210526316
5,58,25,baseline,0.9,0.8194034742707309,38.262413981194165,36,16.0,16.0,0.0,0.0,0.0,0.0,0.0,0.0,0.8378378378378377,0.8611111111111112,0.8157894736842105
5,58,25,baseline,0.925,0.8194034742707309,40.520254094517504,38,18.5,18.5,0.0,0.0,0.0,0.0,0.0,0.0,0.7368421052631579,0.7368421052631579,0.7368421052631579
5,58,25,baseline,0.95,0.8194034742707309,42.24197747657689,48,22.5,22.5,0.0,0.0,0.0,0.0,0.0,0.0,0.6511627906976745,0.5833333333333334,0.7368421052631579
5,58,25,baseline,0.975,0.8194034742707309,43.33346935948006,30,24.0,24.0,0.0,0.0,0.0,0.0,0.0,0.0,0.4705882352941176,0.5333333333333333,0.4210526315789473
5,58,25,baseline,0.99,0.8194034742707309,44.14032088125508,12,24.0,24.0,0.0,0.0,0.0,0.0,0.0,0.0,0.1999999999999999,0.4166666666666667,0.131578947368421
5,58,25,resample_pointwise,0.5,0.8194034742707309,19.04891937991618,36,1.0,2.0,0.8918918918918918,0.9166666666666666,0.868421052631579,0.972972972972973,1.0,0.9473684210526316,0.972972972972973,1.0,0.9473684210526316
5,58,25,resample_pointwise,0.6,0.8194034742707309,22.502082455300613,36,2.0,2.0,0.8648648648648649,0.8888888888888888,0.8421052631578947,0.972972972972973,1.0,0.9473684210526316,0.972972972972973,1.0,0.9473684210526316
5,58,25,resample_pointwise,0.7,0.8194034742707309,26.43488993506164,36,4.0,4.0,0.5675675675675677,0.5833333333333334,0.5526315789473685,0.8918918918918918,0.9166666666666666,0.868421052631579,0.972972972972973,1.0,0.9473684210526316
5,58,25,resample_pointwise,0.75,0.8194034742707309,28.62282921544085,36,6.0,6.0,0.4054054054054054,0.4166666666666667,0.3947368421052631,0.8108108108108109,0.8333333333333334,0.7894736842105263,0.972972972972973,1.0,0.9473684210526316
5,58,25,resample_pointwise,0.8,0.8194034742707309,31.02872224790926,36,8.0,8.0,0.1351351351351351,0.1388888888888889,0.131578947368421,0.6756756756756757,0.6944444444444444,0.6578947368421053,0.972972972972973,1.0,0.9473684210526316
5,58,25,resample_pointwise,0.85,0.8194034742707309,33.83092083823723,36,11.0,11.0,0.027027027027027,0.0277777777777777,0.0263157894736842,0.4324324324324324,0.4444444444444444,0.4210526315789473,0.9459459459459458,0.9722222222222222,0.9210526315789472
5,58,25,resample_pointwise,0.9,0.8194034742707309,37.223230995699474,36,16.0,16.0,0.0,0.0,0.0,0.0,0.0,0.0,0.8378378378378377,0.8611111111111112,0.8157894736842105
5,58,25,resample_pointwise,0.925,0.8194034742707309,39.36136505537783,40,17.0,17.0,0.0,0.0,0.0,0.0,0.0,0.0,0.7948717948717949,0.775,0.8157894736842105
5,58,25,resample_pointwise,0.95,0.8194034742707309,42.061511590720535,42,21.5,21.5,0.0,0.0,0.0,0.0,0.0,0.0,0.6749999999999999,0.6428571428571429,0.7105263157894737
5,58,25,resample_pointwise,0.975,0.8194034742707309,46.05299711095544,0,,,0.0,0.0,0.0,0.0,0.0,0.0,0.0,0.0,0.0
5,58,25,resample_pointwise,0.99,0.8194034742707309,50.41439631279962,0,,,0.0,0.0,0.0,0.0,0.0,0.0,0.0,0.0,0.0
5,58,50,baseline,0.5,0.8194034742707309,2.8432414386977003,85,-65.0,65.0,0.3414634146341463,0.2470588235294117,0.5526315789473685,0.5040650406504065,0.3647058823529411,0.8157894736842105,0.6178861788617886,0.4470588235294118,1.0
5,58,50,baseline,0.6,0.8194034742707309,6.045439533537162,36,-5.0,5.0,0.5135135135135136,0.5277777777777778,0.5,0.7837837837837838,0.8055555555555556,0.7631578947368421,0.972972972972973,1.0,0.9473684210526316
5,58,50,baseline,0.7,0.8194034742707309,21.6803458119285,36,-4.0,5.0,0.5675675675675677,0.5833333333333334,0.5526315789473685,0.8378378378378377,0.8611111111111112,0.8157894736842105,0.972972972972973,1.0,0.9473684210526316
5,58,50,baseline,0.75,0.8194034742707309,31.77187043441114,36,-2.0,4.0,0.7027027027027027,0.7222222222222222,0.6842105263157895,0.972972972972973,1.0,0.9473684210526316,0.972972972972973,1.0,0.9473684210526316
5,58,50,baseline,0.8,0.8194034742707309,43.43241290427391,36,1.0,2.0,0.9459459459459458,0.9722222222222222,0.9210526315789472,0.972972972972973,1.0,0.9473684210526316,0.972972972972973,1.0,0.9473684210526316
5,58,50,baseline,0.85,0.8194034742707309,55.25914776939,36,7.0,7.0,0.1621621621621621,0.1666666666666666,0.1578947368421052,0.918918918918919,0.9444444444444444,0.8947368421052632,0.972972972972973,1.0,0.9473684210526316
5,58,50,baseline,0.9,0.8194034742707309,64.45403236876501,36,15.0,15.0,0.0,0.0,0.0,0.0,0.0,0.0,0.972972972972973,1.0,0.9473684210526316
5,58,50,baseline,0.925,0.8194034742707309,67.63289366584063,36,19.0,19.0,0.0,0.0,0.0,0.0,0.0,0.0,0.972972972972973,1.0,0.9473684210526316
5,58,50,baseline,0.95,0.8194034742707309,69.83106529186803,36,24.0,24.0,0.0,0.0,0.0,0.0,0.0,0.0,0.7297297297297298,0.75,0.7105263157894737
5,58,50,baseline,0.975,0.8194034742707309,70.96154263496436,29,26.0,26.0,0.0,0.0,0.0,0.0,0.0,0.0,0.2985074626865672,0.3448275862068966,0.2631578947368421
5,58,50,baseline,0.99,0.8194034742707309,71.71400259845213,18,27.0,27.0,0.0,0.0,0.0,0.0,0.0,0.0,0.1428571428571428,0.2222222222222222,0.1052631578947368
5,58,50,resample_pointwise,0.5,0.8194034742707309,14.005353567511111,36,-5.0,5.0,0.5135135135135136,0.5277777777777778,0.5,0.7837837837837838,0.8055555555555556,0.7631578947368421,0.972972972972973,1.0,0.9473684210526316
5,58,50,resample_pointwise,0.6,0.8194034742707309,16.63838930423155,36,-4.5,5.0,0.5405405405405405,0.5555555555555556,0.5263157894736842,0.8108108108108109,0.8333333333333334,0.7894736842105263,0.972972972972973,1.0,0.9473684210526316
5,58,50,resample_pointwise,0.7,0.8194034742707309,19.703550665962695,36,-4.0,5.0,0.5675675675675677,0.5833333333333334,0.5526315789473685,0.8378378378378377,0.8611111111111112,0.8157894736842105,0.972972972972973,1.0,0.9473684210526316
5,58,50,resample_pointwise,0.75,0.8194034742707309,21.460580384133312,36,-4.0,5.0,0.5675675675675677,0.5833333333333334,0.5526315789473685,0.8378378378378377,0.8611111111111112,0.8157894736842105,0.972972972972973,1.0,0.9473684210526316
5,58,50,resample_pointwise,0.8,0.8194034742707309,23.430029092243814,36,-4.0,5.0,0.5675675675675677,0.5833333333333334,0.5526315789473685,0.8378378378378377,0.8611111111111112,0.8157894736842105,0.972972972972973,1.0,0.9473684210526316
5,58,50,resample_pointwise,0.85,0.8194034742707309,25.72074913937695,36,-3.5,4.0,0.6486486486486486,0.6666666666666666,0.631578947368421,0.918918918918919,0.9444444444444444,0.8947368421052632,0.972972972972973,1.0,0.9473684210526316
5,58,50,resample_pointwise,0.9,0.8194034742707309,28.54738784386953,36,-3.5,4.0,0.6756756756756757,0.6944444444444444,0.6578947368421053,0.9459459459459458,0.9722222222222222,0.9210526315789472,0.972972972972973,1.0,0.9473684210526316
5,58,50,resample_pointwise,0.925,0.8194034742707309,30.331467600034085,36,-2.0,4.0,0.7027027027027027,0.7222222222222222,0.6842105263157895,0.972972972972973,1.0,0.9473684210526316,0.972972972972973,1.0,0.9473684210526316
5,58,50,resample_pointwise,0.95,0.8194034742707309,32.58997920337234,36,-2.0,4.0,0.7297297297297298,0.75,0.7105263157894737,0.972972972972973,1.0,0.9473684210526316,0.972972972972973,1.0,0.9473684210526316
5,58,50,resample_pointwise,0.975,0.8194034742707309,35.95347097733057,36,-1.0,4.0,0.7297297297297298,0.75,0.7105263157894737,0.972972972972973,1.0,0.9473684210526316,0.972972972972973,1.0,0.9473684210526316
5,58,50,resample_pointwise,0.99,0.8194034742707309,39.625452491714825,36,0.0,3.5,0.8378378378378377,0.8611111111111112,0.8157894736842105,0.972972972972973,1.0,0.9473684210526316,0.972972972972973,1.0,0.9473684210526316
5,58,100,baseline,0.5,0.8194034742707309,29.65944104678127,36,-43.0,43.0,0.0,0.0,0.0,0.0,0.0,0.0,0.027027027027027,0.0277777777777777,0.0263157894736842
5,58,100,baseline,0.6,0.8194034742707309,47.80388521087334,36,-32.5,32.5,0.0,0.0,0.0,0.0,0.0,0.0,0.081081081081081,0.0833333333333333,0.0789473684210526
5,58,100,baseline,0.7,0.8194034742707309,62.468753807582026,36,-15.0,15.0,0.1081081081081081,0.1111111111111111,0.1052631578947368,0.2162162162162162,0.2222222222222222,0.2105263157894736,0.972972972972973,1.0,0.9473684210526316
5,58,100,baseline,0.75,0.8194034742707309,68.77336314295873,36,-7.0,7.0,0.4054054054054054,0.4166666666666667,0.3947368421052631,0.8648648648648649,0.8888888888888888,0.8421052631578947,0.972972972972973,1.0,0.9473684210526316
5,58,100,baseline,0.8,0.8194034742707309,74.67514895182768,36,0.0,1.0,0.972972972972973,1.0,0.9473684210526316,0.972972972972973,1.0,0.9473684210526316,0.972972972972973,1.0,0.9473684210526316
5,58,100,baseline,0.85,0.8194034742707309,79.91339052093038,36,7.0,7.0,0.2162162162162162,0.2222222222222222,0.2105263157894736,0.8648648648648649,0.8888888888888888,0.8421052631578947,0.972972972972973,1.0,0.9473684210526316
5,58,100,baseline,0.9,0.8194034742707309,83.56609289416583,36,15.5,15.5,0.0,0.0,0.0,0.027027027027027,0.0277777777777777,0.0263157894736842,0.972972972972973,1.0,0.9473684210526316
5,58,100,baseline,0.925,0.8194034742707309,84.76664155458742,36,19.0,19.0,0.0,0.0,0.0,0.0,0.0,0.0,0.9459459459459458,0.9722222222222222,0.9210526315789472
5,58,100,baseline,0.95,0.8194034742707309,85.5842187913735,36,23.5,23.5,0.0,0.0,0.0,0.0,0.0,0.0,0.6486486486486486,0.6666666666666666,0.631578947368421
5,58,100,baseline,0.975,0.8194034742707309,86.1938272761584,22,23.0,23.0,0.0,0.0,0.0,0.0,0.0,0.0,0.5333333333333333,0.7272727272727273,0.4210526315789473
5,58,100,baseline,0.99,0.8194034742707309,86.79129658862936,12,26.5,26.5,0.0,0.0,0.0,0.0,0.0,0.0,0.1999999999999999,0.4166666666666667,0.131578947368421
5,58,100,resample_pointwise,0.5,0.8194034742707309,10.02385704946138,36,-46.0,46.0,0.0,0.0,0.0,0.0,0.0,0.0,0.027027027027027,0.0277777777777777,0.0263157894736842
5,58,100,resample_pointwise,0.6,0.8194034742707309,11.968892125537591,36,-46.0,46.0,0.0,0.0,0.0,0.0,0.0,0.0,0.027027027027027,0.0277777777777777,0.0263157894736842
5,58,100,resample_pointwise,0.7,0.8194034742707309,14.272077554275686,36,-46.0,46.0,0.0,0.0,0.0,0.0,0.0,0.0,0.027027027027027,0.0277777777777777,0.0263157894736842
5,58,100,resample_pointwise,0.75,0.8194034742707309,15.61227859087782,36,-46.0,46.0,0.0,0.0,0.0,0.0,0.0,0.0,0.027027027027027,0.0277777777777777,0.0263157894736842
5,58,100,resample_pointwise,0.8,0.8194034742707309,17.159461968923075,36,-46.0,46.0,0.0,0.0,0.0,0.0,0.0,0.0,0.027027027027027,0.0277777777777777,0.0263157894736842
5,58,100,resample_pointwise,0.85,0.8194034742707309,18.99663588131872,36,-46.0,46.0,0.0,0.0,0.0,0.0,0.0,0.0,0.027027027027027,0.0277777777777777,0.0263157894736842
5,58,100,resample_pointwise,0.9,0.8194034742707309,21.303587211909083,36,-46.0,46.0,0.0,0.0,0.0,0.0,0.0,0.0,0.027027027027027,0.0277777777777777,0.0263157894736842
5,58,100,resample_pointwise,0.925,0.8194034742707309,22.784273147995744,36,-45.5,45.5,0.0,0.0,0.0,0.0,0.0,0.0,0.027027027027027,0.0277777777777777,0.0263157894736842
5,58,100,resample_pointwise,0.95,0.8194034742707309,24.653552606146874,36,-45.0,45.0,0.0,0.0,0.0,0.0,0.0,0.0,0.027027027027027,0.0277777777777777,0.0263157894736842
5,58,100,resample_pointwise,0.975,0.8194034742707309,27.47340073886179,36,-43.5,43.5,0.0,0.0,0.0,0.0,0.0,0.0,0.027027027027027,0.0277777777777777,0.0263157894736842
5,58,100,resample_pointwise,0.99,0.8194034742707309,30.56761330743597,36,-43.0,43.0,0.0,0.0,0.0,0.0,0.0,0.0,0.027027027027027,0.0277777777777777,0.0263157894736842
5,64,10,baseline,0.5,0.8043758043758044,3.7210461115687856,461,-66.0,66.0,0.0881763527054108,0.0477223427331887,0.5789473684210527,0.1042084168336673,0.0563991323210412,0.6842105263157895,0.1322645290581162,0.071583514099783,0.868421052631579
5,64,10,baseline,0.6,0.8043758043758044,4.367534352288846,329,-59.0,59.0,0.1198910081743869,0.0668693009118541,0.5789473684210527,0.1471389645776566,0.0820668693009118,0.7105263157894737,0.1743869209809264,0.0972644376899696,0.8421052631578947
5,64,10,baseline,0.7,0.8043758043758044,5.316981374291257,199,-55.0,55.0,0.1772151898734177,0.1055276381909547,0.5526315789473685,0.2025316455696202,0.1206030150753768,0.631578947368421,0.2447257383966244,0.1457286432160804,0.7631578947368421
5,64,10,baseline,0.75,0.8043758043758044,6.194682003356225,117,-48.0,48.0,0.2451612903225806,0.1623931623931624,0.5,0.2838709677419355,0.188034188034188,0.5789473684210527,0.3483870967741935,0.2307692307692307,0.7105263157894737
5,64,10,baseline,0.8,0.8043758043758044,9.16088391987025,42,3.5,9.0,0.45,0.4285714285714285,0.4736842105263157,0.525,0.5,0.5526315789473685,0.625,0.5952380952380952,0.6578947368421053
5,64,10,baseline,0.85,0.8043758043758044,13.47565239098351,111,14.0,14.0,0.2281879194630872,0.1531531531531531,0.4473684210526316,0.4026845637583892,0.2702702702702703,0.7894736842105263,0.4966442953020134,0.3333333333333333,0.9736842105263158
5,64,10,baseline,0.9,0.8043758043758044,15.340017231642292,133,17.0,17.0,0.1052631578947368,0.0676691729323308,0.2368421052631578,0.3391812865497076,0.2180451127819548,0.7631578947368421,0.4210526315789473,0.2706766917293233,0.9473684210526316
5,64,10,baseline,0.925,0.8043758043758044,16.178039666868322,119,18.0,18.0,0.0891719745222929,0.0588235294117647,0.1842105263157894,0.3184713375796179,0.2100840336134453,0.6578947368421053,0.4585987261146496,0.3025210084033613,0.9473684210526316
5,64,10,baseline,0.95,0.8043758043758044,16.96449205095473,99,19.0,19.0,0.0145985401459854,0.0101010101010101,0.0263157894736842,0.2627737226277372,0.1818181818181818,0.4736842105263157,0.4525547445255474,0.3131313131313131,0.8157894736842105
5,64,10,baseline,0.975,0.8043758043758044,18.03602100198452,55,18.0,18.0,0.021505376344086,0.0181818181818181,0.0263157894736842,0.1935483870967741,0.1636363636363636,0.2368421052631578,0.4301075268817204,0.3636363636363636,0.5263157894736842
5,64,10,baseline,0.99,0.8043758043758044,19.053034990589342,23,11.0,11.0,0.0327868852459016,0.0434782608695652,0.0263157894736842,0.2622950819672131,0.3478260869565217,0.2105263157894736,0.3278688524590163,0.4347826086956521,0.2631578947368421
5,64,10,resample_pointwise,0.5,0.8043758043758044,27.639986870952725,0,,,0.0,0.0,0.0,0.0,0.0,0.0,0.0,0.0,0.0
5,64,10,resample_pointwise,0.6,0.8043758043758044,31.953721528864403,0,,,0.0,0.0,0.0,0.0,0.0,0.0,0.0,0.0,0.0
5,64,10,resample_pointwise,0.7,0.8043758043758044,37.11622697903816,0,,,0.0,0.0,0.0,0.0,0.0,0.0,0.0,0.0,0.0
5,64,10,resample_pointwise,0.75,0.8043758043758044,39.95894886878609,0,,,0.0,0.0,0.0,0.0,0.0,0.0,0.0,0.0,0.0
5,64,10,resample_pointwise,0.8,0.8043758043758044,42.85266767634607,0,,,0.0,0.0,0.0,0.0,0.0,0.0,0.0,0.0,0.0
5,64,10,resample_pointwise,0.85,0.8043758043758044,46.28885399824669,0,,,0.0,0.0,0.0,0.0,0.0,0.0,0.0,0.0,0.0
5,64,10,resample_pointwise,0.9,0.8043758043758044,50.62926402530575,0,,,0.0,0.0,0.0,0.0,0.0,0.0,0.0,0.0,0.0
5,64,10,resample_pointwise,0.925,0.8043758043758044,53.14081160791949,0,,,0.0,0.0,0.0,0.0,0.0,0.0,0.0,0.0,0.0
5,64,10,resample_pointwise,0.95,0.8043758043758044,56.44431949525791,0,,,0.0,0.0,0.0,0.0,0.0,0.0,0.0,0.0,0.0
5,64,10,resample_pointwise,0.975,0.8043758043758044,61.3518457066068,0,,,0.0,0.0,0.0,0.0,0.0,0.0,0.0,0.0,0.0
5,64,10,resample_pointwise,0.99,0.8043758043758044,66.7358222574109,0,,,0.0,0.0,0.0,0.0,0.0,0.0,0.0,0.0,0.0
5,64,25,baseline,0.5,0.8043758043758044,3.046270830940033,261,-73.0,73.0,0.1672240802675585,0.0957854406130268,0.6578947368421053,0.2341137123745819,0.1340996168582375,0.9210526315789472,0.254180602006689,0.1455938697318007,1.0
5,64,25,baseline,0.6,0.8043758043758044,3.569343228962005,170,-55.0,55.0,0.2211538461538461,0.1352941176470588,0.6052631578947368,0.3173076923076923,0.1941176470588235,0.868421052631579,0.3461538461538461,0.2117647058823529,0.9473684210526316
5,64,25,baseline,0.7,0.8043758043758044,4.84019167295159,47,-4.0,7.0,0.5411764705882353,0.4893617021276595,0.6052631578947368,0.7764705882352942,0.7021276595744681,0.868421052631579,0.8470588235294116,0.7659574468085106,0.9473684210526316
5,64,25,baseline,0.75,0.8043758043758044,10.230633195682865,36,0.0,3.0,0.7027027027027027,0.7222222222222222,0.6842105263157895,0.9459459459459458,0.9722222222222222,0.9210526315789472,0.972972972972973,1.0,0.9473684210526316
5,64,25,baseline,0.8,0.8043758043758044,20.629537238974283,36,2.0,2.5,0.8108108108108109,0.8333333333333334,0.7894736842105263,0.9459459459459458,0.9722222222222222,0.9210526315789472,0.972972972972973,1.0,0.9473684210526316
5,64,25,baseline,0.85,0.8043758043758044,30.47071492963592,36,10.0,10.0,0.0,0.0,0.0,0.5135135135135136,0.5277777777777778,0.5,0.8918918918918918,0.9166666666666666,0.868421052631579
5,64,25,baseline,0.9,0.8043758043758044,36.11270537150641,40,19.5,19.5,0.0,0.0,0.0,0.0,0.0,0.0,0.6410256410256411,0.625,0.6578947368421053
5,64,25,baseline,0.925,0.8043758043758044,37.27979689768442,61,23.0,23.0,0.0,0.0,0.0,0.0,0.0,0.0,0.5656565656565656,0.4590163934426229,0.7368421052631579
5,64,25,baseline,0.95,0.8043758043758044,38.0915643635394,54,25.0,25.0,0.0,0.0,0.0,0.0,0.0,0.0,0.4565217391304348,0.3888888888888889,0.5526315789473685
5,64,25,baseline,0.975,0.8043758043758044,39.24404857762999,34,24.0,24.0,0.0,0.0,0.0,0.0,0.0,0.0,0.4166666666666666,0.4411764705882353,0.3947368421052631
5,64,25,baseline,0.99,0.8043758043758044,40.27793854285082,13,27.0,27.0,0.0,0.0,0.0,0.0,0.0,0.0,0.196078431372549,0.3846153846153846,0.131578947368421
5,64,25,resample_pointwise,0.5,0.8043758043758044,18.667838535054724,36,1.0,2.0,0.8648648648648649,0.8888888888888888,0.8421052631578947,0.9459459459459458,0.9722222222222222,0.9210526315789472,0.972972972972973,1.0,0.9473684210526316
5,64,25,resample_pointwise,0.6,0.8043758043758044,22.04201170572372,36,3.0,3.0,0.7027027027027027,0.7222222222222222,0.6842105263157895,0.8918918918918918,0.9166666666666666,0.868421052631579,0.972972972972973,1.0,0.9473684210526316
5,64,25,resample_pointwise,0.7,0.8043758043758044,25.885546775850667,36,6.0,6.0,0.2702702702702702,0.2777777777777778,0.2631578947368421,0.8108108108108109,0.8333333333333334,0.7894736842105263,0.972972972972973,1.0,0.9473684210526316
5,64,25,resample_pointwise,0.75,0.8043758043758044,28.045656027155506,36,7.5,7.5,0.054054054054054,0.0555555555555555,0.0526315789473684,0.7567567567567567,0.7777777777777778,0.7368421052631579,0.972972972972973,1.0,0.9473684210526316
5,64,25,resample_pointwise,0.8,0.8043758043758044,30.447645568262683,36,10.0,10.0,0.0,0.0,0.0,0.5135135135135136,0.5277777777777778,0.5,0.8918918918918918,0.9166666666666666,0.868421052631579
5,64,25,resample_pointwise,0.85,0.8043758043758044,33.21599548732071,36,14.0,14.0,0.0,0.0,0.0,0.1621621621621621,0.1666666666666666,0.1578947368421052,0.8648648648648649,0.8888888888888888,0.8421052631578947
5,64,25,resample_pointwise,0.9,0.8043758043758044,36.6045676277835,47,20.0,20.0,0.0,0.0,0.0,0.0,0.0,0.0,0.5882352941176471,0.5319148936170213,0.6578947368421053
5,64,25,resample_pointwise,0.925,0.8043758043758044,38.71821224387772,32,24.0,24.0,0.0,0.0,0.0,0.0,0.0,0.0,0.3999999999999999,0.4375,0.3684210526315789
5,64,25,resample_pointwise,0.95,0.8043758043758044,41.39774587760473,1,30.0,30.0,0.0,0.0,0.0,0.0,0.0,0.0,0.0,0.0,0.0
5,64,25,resample_pointwise,0.975,0.8043758043758044,45.35425259257303,0,,,0.0,0.0,0.0,0.0,0.0,0.0,0.0,0.0,0.0
5,64,25,resample_pointwise,0.99,0.8043758043758044,49.65041599537942,0,,,0.0,0.0,0.0,0.0,0.0,0.0,0.0,0.0,0.0
5,64,50,baseline,0.5,0.8043758043758044,2.91609937660362,82,-65.5,65.5,0.2833333333333333,0.2073170731707317,0.4473684210526316,0.4999999999999999,0.3658536585365853,0.7894736842105263,0.5499999999999999,0.4024390243902439,0.868421052631579
5,64,50,baseline,0.6,0.8043758043758044,6.712906202162709,36,-5.0,6.0,0.4594594594594595,0.4722222222222222,0.4473684210526316,0.8108108108108109,0.8333333333333334,0.7894736842105263,0.8918918918918918,0.9166666666666666,0.868421052631579
5,64,50,baseline,0.7,0.8043758043758044,21.867020507850228,36,-3.0,5.0,0.5135135135135136,0.5277777777777778,0.5,0.918918918918919,0.9444444444444444,0.8947368421052632,0.972972972972973,1.0,0.9473684210526316
5,64,50,baseline,0.75,0.8043758043758044,31.58233516120649,36,-2.0,3.5,0.6756756756756757,0.6944444444444444,0.6578947368421053,0.9459459459459458,0.9722222222222222,0.9210526315789472,0.972972972972973,1.0,0.9473684210526316
5,64,50,baseline,0.8,0.8043758043758044,42.35970583384804,36,2.5,2.5,0.7027027027027027,0.7222222222222222,0.6842105263157895,0.9459459459459458,0.9722222222222222,0.9210526315789472,0.972972972972973,1.0,0.9473684210526316
5,64,50,baseline,0.85,0.8043758043758044,52.90855932590969,36,10.0,10.0,0.0,0.0,0.0,0.5945945945945946,0.6111111111111112,0.5789473684210527,0.972972972972973,1.0,0.9473684210526316
5,64,50,baseline,0.9,0.8043758043758044,61.213622334256925,36,17.5,17.5,0.0,0.0,0.0,0.0,0.0,0.0,0.972972972972973,1.0,0.9473684210526316
5,64,50,baseline,0.925,0.8043758043758044,64.14438422304545,36,21.0,21.0,0.0,0.0,0.0,0.0,0.0,0.0,0.8918918918918918,0.9166666666666666,0.868421052631579
5,64,50,baseline,0.95,0.8043758043758044,66.16966018276806,35,25.0,25.0,0.0,0.0,0.0,0.0,0.0,0.0,0.5753424657534247,0.6,0.5526315789473685
5,64,50,baseline,0.975,0.8043758043758044,67.44111388749623,24,27.5,27.5,0.0,0.0,0.0,0.0,0.0,0.0,0.2258064516129032,0.2916666666666667,0.1842105263157894
5,64,50,baseline,0.99,0.8043758043758044,68.38304575972666,15,30.0,30.0,0.0,0.0,0.0,0.0,0.0,0.0,0.0377358490566037,0.0666666666666666,0.0263157894736842
5,64,50,resample_pointwise,0.5,0.8043758043758044,13.591118012649495,36,-3.5,5.5,0.4864864864864865,0.5,0.4736842105263157,0.8918918918918918,0.9166666666666666,0.868421052631579,0.972972972972973,1.0,0.9473684210526316
5,64,50,resample_pointwise,0.6,0.8043758043758044,16.1043836296362,36,-3.5,5.5,0.4864864864864865,0.5,0.4736842105263157,0.8918918918918918,0.9166666666666666,0.868421052631579,0.972972972972973,1.0,0.9473684210526316
5,64,50,resample_pointwise,0.7,0.8043758043758044,19.066475822056564,36,-3.0,5.0,0.5135135135135136,0.5277777777777778,0.5,0.918918918918919,0.9444444444444444,0.8947368421052632,0.972972972972973,1.0,0.9473684210526316
5,64,50,resample_pointwise,0.75,0.8043758043758044,20.772739479083235,36,-3.0,5.0,0.5135135135135136,0.5277777777777778,0.5,0.918918918918919,0.9444444444444444,0.8947368421052632,0.972972972972973,1.0,0.9473684210526316
5,64,50,resample_pointwise,0.8,0.8043758043758044,22.709396131072875,36,-3.0,5.0,0.5135135135135136,0.5277777777777778,0.5,0.918918918918919,0.9444444444444444,0.8947368421052632,0.972972972972973,1.0,0.9473684210526316
5,64,50,resample_pointwise,0.85,0.8043758043758044,24.94734523551807,36,-3.0,5.0,0.5135135135135136,0.5277777777777778,0.5,0.918918918918919,0.9444444444444444,0.8947368421052632,0.972972972972973,1.0,0.9473684210526316
5,64,50,resample_pointwise,0.9,0.8043758043758044,27.752673796031047,36,-3.0,5.0,0.5135135135135136,0.5277777777777778,0.5,0.918918918918919,0.9444444444444444,0.8947368421052632,0.972972972972973,1.0,0.9473684210526316
5,64,50,resample_pointwise,0.925,0.8043758043758044,29.538875243362337,36,-3.0,5.0,0.5405405405405405,0.5555555555555556,0.5263157894736842,0.918918918918919,0.9444444444444444,0.8947368421052632,0.972972972972973,1.0,0.9473684210526316
5,64,50,resample_pointwise,0.95,0.8043758043758044,31.796822772221585,36,-1.5,3.0,0.7027027027027027,0.7222222222222222,0.6842105263157895,0.9459459459459458,0.9722222222222222,0.9210526315789472,0.972972972972973,1.0,0.9473684210526316
5,64,50,resample_pointwise,0.975,0.8043758043758044,35.17906858281751,36,-1.0,2.5,0.8648648648648649,0.8888888888888888,0.8421052631578947,0.9459459459459458,0.9722222222222222,0.9210526315789472,0.972972972972973,1.0,0.9473684210526316
5,64,50,resample_pointwise,0.99,0.8043758043758044,38.93586265917864,36,1.0,2.0,0.8378378378378377,0.8611111111111112,0.8157894736842105,0.9459459459459458,0.9722222222222222,0.9210526315789472,0.972972972972973,1.0,0.9473684210526316
5,64,100,baseline,0.5,0.8043758043758044,26.49626319184138,36,-38.5,38.5,0.0,0.0,0.0,0.0,0.0,0.0,0.027027027027027,0.0277777777777777,0.0263157894736842
5,64,100,baseline,0.6,0.8043758043758044,44.69161267692681,36,-30.0,30.0,0.0,0.0,0.0,0.0,0.0,0.0,0.027027027027027,0.0277777777777777,0.0263157894736842
5,64,100,baseline,0.7,0.8043758043758044,60.93775595887992,36,-13.5,13.5,0.081081081081081,0.0833333333333333,0.0789473684210526,0.3243243243243243,0.3333333333333333,0.3157894736842105,0.972972972972973,1.0,0.9473684210526316
5,64,100,baseline,0.75,0.8043758043758044,67.5036785268896,36,-5.0,5.0,0.5135135135135136,0.5277777777777778,0.5,0.972972972972973,1.0,0.9473684210526316,0.972972972972973,1.0,0.9473684210526316
5,64,100,baseline,0.8,0.8043758043758044,73.49175218608318,36,1.5,1.5,0.8918918918918918,0.9166666666666666,0.868421052631579,0.972972972972973,1.0,0.9473684210526316,0.972972972972973,1.0,0.9473684210526316
5,64,100,baseline,0.85,0.8043758043758044,78.66269225351763,36,9.5,9.5,0.0,0.0,0.0,0.5945945945945946,0.6111111111111112,0.5789473684210527,0.972972972972973,1.0,0.9473684210526316
5,64,100,baseline,0.9,0.8043758043758044,82.08664860049821,36,17.0,17.0,0.0,0.0,0.0,0.0,0.0,0.0,0.9459459459459458,0.9722222222222222,0.9210526315789472
5,64,100,baseline,0.925,0.8043758043758044,83.10681339238434,34,21.0,21.0,0.0,0.0,0.0,0.0,0.0,0.0,0.8333333333333333,0.8823529411764706,0.7894736842105263
5,64,100,baseline,0.95,0.8043758043758044,83.87510121366749,28,23.0,23.0,0.0,0.0,0.0,0.0,0.0,0.0,0.6060606060606061,0.7142857142857143,0.5263157894736842
5,64,100,baseline,0.975,0.8043758043758044,84.79705441283224,22,26.5,26.5,0.0,0.0,0.0,0.0,0.0,0.0,0.2666666666666666,0.3636363636363636,0.2105263157894736
5,64,100,baseline,0.99,0.8043758043758044,85.23986651308626,11,28.0,28.0,0.0,0.0,0.0,0.0,0.0,0.0,0.0816326530612244,0.1818181818181818,0.0526315789473684
5,64,100,resample_pointwise,0.5,0.8043758043758044,9.841329859655898,36,-41.0,41.0,0.0,0.0,0.0,0.0,0.0,0.0,0.027027027027027,0.0277777777777777,0.0263157894736842
5,64,100,resample_pointwise,0.6,0.8043758043758044,11.678052463783624,36,-41.0,41.0,0.0,0.0,0.0,0.0,0.0,0.0,0.027027027027027,0.0277777777777777,0.0263157894736842
5,64,100,resample_pointwise,0.7,0.8043758043758044,13.865485094322986,36,-41.0,41.0,0.0,0.0,0.0,0.0,0.0,0.0,0.027027027027027,0.0277777777777777,0.0263157894736842
5,64,100,resample_pointwise,0.75,0.8043758043758044,15.15924494351686,36,-41.0,41.0,0.0,0.0,0.0,0.0,0.0,0.0,0.027027027027027,0.0277777777777777,0.0263157894736842
5,64,100,resample_pointwise,0.8,0.8043758043758044,16.61618275896767,36,-41.0,41.0,0.0,0.0,0.0,0.0,0.0,0.0,0.027027027027027,0.0277777777777777,0.0263157894736842
5,64,100,resample_pointwise,0.85,0.8043758043758044,18.367378264374032,36,-40.5,40.5,0.0,0.0,0.0,0.0,0.0,0.0,0.027027027027027,0.0277777777777777,0.0263157894736842
5,64,100,resample_pointwise,0.9,0.8043758043758044,20.613857164991547,36,-40.5,40.5,0.0,0.0,0.0,0.0,0.0,0.0,0.027027027027027,0.0277777777777777,0.0263157894736842
5,64,100,resample_pointwise,0.925,0.8043758043758044,22.042675431277384,36,-40.0,40.0,0.0,0.0,0.0,0.0,0.0,0.0,0.027027027027027,0.0277777777777777,0.0263157894736842
5,64,100,resample_pointwise,0.95,0.8043758043758044,23.893415156405144,36,-39.0,39.0,0.0,0.0,0.0,0.0,0.0,0.0,0.027027027027027,0.0277777777777777,0.0263157894736842
5,64,100,resample_pointwise,0.975,0.8043758043758044,26.687749045108227,36,-38.0,38.0,0.0,0.0,0.0,0.0,0.0,0.0,0.027027027027027,0.0277777777777777,0.0263157894736842
5,64,100,resample_pointwise,0.99,0.8043758043758044,29.85588860290205,36,-37.5,37.5,0.0,0.0,0.0,0.0,0.0,0.0,0.027027027027027,0.0277777777777777,0.0263157894736842
5,69,10,baseline,0.5,0.7922674694977024,3.801646533564258,430,-60.5,60.5,0.1239316239316239,0.0674418604651162,0.7631578947368421,0.1367521367521367,0.0744186046511627,0.8421052631578947,0.1581196581196581,0.0860465116279069,0.9736842105263158
5,69,10,baseline,0.6,0.7922674694977024,4.512880724406458,319,-60.0,60.0,0.1456582633053221,0.0815047021943573,0.6842105263157895,0.1624649859943977,0.0909090909090909,0.7631578947368421,0.2072829131652661,0.115987460815047,0.9736842105263158
5,69,10,baseline,0.7,0.7922674694977024,5.680121748947099,171,-48.0,48.0,0.2583732057416267,0.1578947368421052,0.7105263157894737,0.2679425837320574,0.1637426900584795,0.7368421052631579,0.3349282296650717,0.2046783625730994,0.9210526315789472
5,69,10,baseline,0.75,0.7922674694977024,6.836341838209469,93,-21.0,25.0,0.3511450381679389,0.2473118279569892,0.6052631578947368,0.381679389312977,0.2688172043010752,0.6578947368421053,0.5038167938931298,0.3548387096774194,0.868421052631579
5,69,10,baseline,0.8,0.7922674694977024,10.164154934354798,59,9.0,13.0,0.3298969072164948,0.2711864406779661,0.4210526315789473,0.4329896907216495,0.3559322033898305,0.5526315789473685,0.5154639175257731,0.423728813559322,0.6578947368421053
5,69,10,baseline,0.85,0.7922674694977024,12.899255199230913,130,17.0,17.0,0.1547619047619047,0.1,0.3421052631578947,0.3571428571428571,0.2307692307692307,0.7894736842105263,0.4166666666666667,0.2692307692307692,0.9210526315789472
5,69,10,baseline,0.9,0.7922674694977024,14.344890409333084,128,20.0,20.0,0.072289156626506,0.046875,0.1578947368421052,0.253012048192771,0.1640625,0.5526315789473685,0.4216867469879518,0.2734375,0.9210526315789472
5,69,10,baseline,0.925,0.7922674694977024,15.03991466107012,126,20.0,20.0,0.0365853658536585,0.0238095238095238,0.0789473684210526,0.2439024390243902,0.1587301587301587,0.5263157894736842,0.4146341463414634,0.2698412698412698,0.8947368421052632
5,69,10,baseline,0.95,0.7922674694977024,15.718996541929355,96,20.0,20.0,0.044776119402985,0.03125,0.0789473684210526,0.2238805970149253,0.15625,0.3947368421052631,0.4029850746268656,0.28125,0.7105263157894737
5,69,10,baseline,0.975,0.7922674694977024,16.798432233375625,52,15.5,15.5,0.0444444444444444,0.0384615384615384,0.0526315789473684,0.1999999999999999,0.173076923076923,0.2368421052631578,0.3999999999999999,0.3461538461538461,0.4736842105263157
5,69,10,baseline,0.99,0.7922674694977024,17.853462447639117,25,12.0,12.0,0.0634920634920634,0.08,0.0526315789473684,0.1587301587301587,0.2,0.131578947368421,0.3174603174603174,0.4,0.2631578947368421
5,69,10,resample_pointwise,0.5,0.7922674694977024,27.0972579732274,0,,,0.0,0.0,0.0,0.0,0.0,0.0,0.0,0.0,0.0
5,69,10,resample_pointwise,0.6,0.7922674694977024,31.41063369845797,0,,,0.0,0.0,0.0,0.0,0.0,0.0,0.0,0.0,0.0
5,69,10,resample_pointwise,0.7,0.7922674694977024,36.50237853670099,0,,,0.0,0.0,0.0,0.0,0.0,0.0,0.0,0.0,0.0
5,69,10,resample_pointwise,0.75,0.7922674694977024,39.35362819863059,0,,,0.0,0.0,0.0,0.0,0.0,0.0,0.0,0.0,0.0
5,69,10,resample_pointwise,0.8,0.7922674694977024,42.30250005515583,0,,,0.0,0.0,0.0,0.0,0.0,0.0,0.0,0.0,0.0
5,69,10,resample_pointwise,0.85,0.7922674694977024,45.72890494312861,0,,,0.0,0.0,0.0,0.0,0.0,0.0,0.0,0.0,0.0
5,69,10,resample_pointwise,0.9,0.7922674694977024,50.055783921594426,0,,,0.0,0.0,0.0,0.0,0.0,0.0,0.0,0.0,0.0
5,69,10,resample_pointwise,0.925,0.7922674694977024,52.61623594753771,0,,,0.0,0.0,0.0,0.0,0.0,0.0,0.0,0.0,0.0
5,69,10,resample_pointwise,0.95,0.7922674694977024,55.93306521611753,0,,,0.0,0.0,0.0,0.0,0.0,0.0,0.0,0.0,0.0
5,69,10,resample_pointwise,0.975,0.7922674694977024,60.83983839124026,0,,,0.0,0.0,0.0,0.0,0.0,0.0,0.0,0.0,0.0
5,69,10,resample_pointwise,0.99,0.7922674694977024,66.25653102213957,0,,,0.0,0.0,0.0,0.0,0.0,0.0,0.0,0.0,0.0
5,69,25,baseline,0.5,0.7922674694977024,3.088661144438913,205,-62.0,62.0,0.2139917695473251,0.1268292682926829,0.6842105263157895,0.2880658436213992,0.1707317073170731,0.9210526315789472,0.3045267489711934,0.1804878048780487,0.9736842105263158
5,69,25,baseline,0.6,0.7922674694977024,3.765300441735775,146,-53.0,53.0,0.2934782608695652,0.184931506849315,0.7105263157894737,0.391304347826087,0.2465753424657534,0.9473684210526316,0.4130434782608695,0.2602739726027397,1.0
5,69,25,baseline,0.7,0.7922674694977024,5.566807470641577,56,-5.0,7.0,0.5319148936170213,0.4464285714285714,0.6578947368421053,0.7446808510638298,0.625,0.9210526315789472,0.7659574468085106,0.6428571428571429,0.9473684210526316
5,69,25,baseline,0.75,0.7922674694977024,11.696344289356954,36,0.5,2.0,0.7567567567567567,0.7777777777777778,0.7368421052631579,0.972972972972973,1.0,0.9473684210526316,0.972972972972973,1.0,0.9473684210526316
5,69,25,baseline,0.8,0.7922674694977024,21.712224043821088,36,5.0,5.0,0.6216216216216216,0.6388888888888888,0.6052631578947368,0.8648648648648649,0.8888888888888888,0.8421052631578947,0.9459459459459458,0.9722222222222222,0.9210526315789472
5,69,25,baseline,0.85,0.7922674694977024,29.81637630763941,36,13.5,13.5,0.0,0.0,0.0,0.2162162162162162,0.2222222222222222,0.2105263157894736,0.8918918918918918,0.9166666666666666,0.868421052631579
5,69,25,baseline,0.9,0.7922674694977024,34.166292534420485,47,22.0,22.0,0.0,0.0,0.0,0.0,0.0,0.0,0.611764705882353,0.5531914893617021,0.6842105263157895
5,69,25,baseline,0.925,0.7922674694977024,35.01782987910026,55,26.0,26.0,0.0,0.0,0.0,0.0,0.0,0.0,0.4516129032258065,0.3818181818181818,0.5526315789473685
5,69,25,baseline,0.95,0.7922674694977024,35.88066082147833,53,25.0,25.0,0.0,0.0,0.0,0.0,0.0,0.0,0.3516483516483517,0.3018867924528302,0.4210526315789473
5,69,25,baseline,0.975,0.7922674694977024,36.70780806968872,26,28.0,28.0,0.0,0.0,0.0,0.0,0.0,0.0,0.21875,0.2692307692307692,0.1842105263157894
5,69,25,baseline,0.99,0.7922674694977024,37.6711029106684,20,26.5,26.5,0.0,0.0,0.0,0.0,0.0,0.0,0.1724137931034483,0.25,0.131578947368421
5,69,25,resample_pointwise,0.5,0.7922674694977024,18.16692250815588,36,2.0,2.0,0.7837837837837838,0.8055555555555556,0.7631578947368421,0.9459459459459458,0.9722222222222222,0.9210526315789472,0.972972972972973,1.0,0.9473684210526316
5,69,25,resample_pointwise,0.6,0.7922674694977024,21.42892643236543,36,5.0,5.0,0.6486486486486486,0.6666666666666666,0.631578947368421,0.8918918918918918,0.9166666666666666,0.868421052631579,0.9459459459459458,0.9722222222222222,0.9210526315789472
5,69,25,resample_pointwise,0.7,0.7922674694977024,25.192864549359378,36,7.0,7.0,0.2432432432432432,0.25,0.2368421052631578,0.7297297297297298,0.75,0.7105263157894737,0.9459459459459458,0.9722222222222222,0.9210526315789472
5,69,25,resample_pointwise,0.75,0.7922674694977024,27.331259378689936,36,11.0,11.0,0.027027027027027,0.0277777777777777,0.0263157894736842,0.4324324324324324,0.4444444444444444,0.4210526315789473,0.918918918918919,0.9444444444444444,0.8947368421052632
5,69,25,resample_pointwise,0.8,0.7922674694977024,29.684927847515773,36,12.5,12.5,0.0,0.0,0.0,0.2432432432432432,0.25,0.2368421052631578,0.8918918918918918,0.9166666666666666,0.868421052631579
5,69,25,resample_pointwise,0.85,0.7922674694977024,32.45785308352265,36,17.0,17.0,0.0,0.0,0.0,0.0,0.0,0.0,0.8378378378378377,0.8611111111111112,0.8157894736842105
5,69,25,resample_pointwise,0.9,0.7922674694977024,35.86802869323728,51,25.0,25.0,0.0,0.0,0.0,0.0,0.0,0.0,0.3595505617977528,0.3137254901960784,0.4210526315789473
5,69,25,resample_pointwise,0.925,0.7922674694977024,38.00440991128403,10,26.5,26.5,0.0,0.0,0.0,0.0,0.0,0.0,0.125,0.3,0.0789473684210526
5,69,25,resample_pointwise,0.95,0.7922674694977024,40.69032587698637,0,,,0.0,0.0,0.0,0.0,0.0,0.0,0.0,0.0,0.0
5,69,25,resample_pointwise,0.975,0.7922674694977024,44.6765118993708,0,,,0.0,0.0,0.0,0.0,0.0,0.0,0.0,0.0,0.0
5,69,25,resample_pointwise,0.99,0.7922674694977024,49.09516087546743,0,,,0.0,0.0,0.0,0.0,0.0,0.0,0.0,0.0,0.0
5,69,50,baseline,0.5,0.7922674694977024,3.11761059790556,78,-62.5,62.5,0.3620689655172414,0.2692307692307692,0.5526315789473685,0.5517241379310346,0.4102564102564102,0.8421052631578947,0.6206896551724138,0.4615384615384615,0.9473684210526316
5,69,50,baseline,0.6,0.7922674694977024,6.875264699232286,36,-2.5,5.0,0.5675675675675677,0.5833333333333334,0.5526315789473685,0.8648648648648649,0.8888888888888888,0.8421052631578947,0.972972972972973,1.0,0.9473684210526316
5,69,50,baseline,0.7,0.7922674694977024,21.805094780807423,36,-0.5,4.0,0.6216216216216216,0.6388888888888888,0.6052631578947368,0.9459459459459458,0.9722222222222222,0.9210526315789472,0.972972972972973,1.0,0.9473684210526316
5,69,50,baseline,0.75,0.7922674694977024,31.169489133745824,36,0.0,3.0,0.7027027027027027,0.7222222222222222,0.6842105263157895,0.9459459459459458,0.9722222222222222,0.9210526315789472,0.972972972972973,1.0,0.9473684210526316
5,69,50,baseline,0.8,0.7922674694977024,41.77571456935076,36,5.0,5.0,0.5405405405405405,0.5555555555555556,0.5263157894736842,0.8108108108108109,0.8333333333333334,0.7894736842105263,0.972972972972973,1.0,0.9473684210526316
5,69,50,baseline,0.85,0.7922674694977024,51.25732137021112,36,13.0,13.0,0.0,0.0,0.0,0.1081081081081081,0.1111111111111111,0.1052631578947368,0.972972972972973,1.0,0.9473684210526316
5,69,50,baseline,0.9,0.7922674694977024,58.693747879178304,36,20.0,20.0,0.0,0.0,0.0,0.0,0.0,0.0,0.9459459459459458,0.9722222222222222,0.9210526315789472
5,69,50,baseline,0.925,0.7922674694977024,61.60400496685689,36,24.0,24.0,0.0,0.0,0.0,0.0,0.0,0.0,0.6486486486486486,0.6666666666666666,0.631578947368421
5,69,50,baseline,0.95,0.7922674694977024,63.658357868420566,36,29.0,29.0,0.0,0.0,0.0,0.0,0.0,0.0,0.1891891891891891,0.1944444444444444,0.1842105263157894
5,69,50,baseline,0.975,0.7922674694977024,64.87090010697011,21,30.0,30.0,0.0,0.0,0.0,0.0,0.0,0.0,0.1016949152542373,0.1428571428571428,0.0789473684210526
5,69,50,baseline,0.99,0.7922674694977024,66.0587467820009,10,30.0,30.0,0.0,0.0,0.0,0.0,0.0,0.0,0.0,0.0,0.0
5,69,50,resample_pointwise,0.5,0.7922674694977024,13.230426581371416,36,-2.5,5.0,0.5675675675675677,0.5833333333333334,0.5526315789473685,0.8648648648648649,0.8888888888888888,0.8421052631578947,0.972972972972973,1.0,0.9473684210526316
5,69,50,resample_pointwise,0.6,0.7922674694977024,15.689084477636868,36,-2.0,4.5,0.5945945945945946,0.6111111111111112,0.5789473684210527,0.8918918918918918,0.9166666666666666,0.868421052631579,0.972972972972973,1.0,0.9473684210526316
5,69,50,resample_pointwise,0.7,0.7922674694977024,18.57340422707713,36,-1.5,4.0,0.6216216216216216,0.6388888888888888,0.6052631578947368,0.918918918918919,0.9444444444444444,0.8947368421052632,0.972972972972973,1.0,0.9473684210526316
5,69,50,resample_pointwise,0.75,0.7922674694977024,20.23601801417876,36,-0.5,4.0,0.6216216216216216,0.6388888888888888,0.6052631578947368,0.9459459459459458,0.9722222222222222,0.9210526315789472,0.972972972972973,1.0,0.9473684210526316
5,69,50,resample_pointwise,0.8,0.7922674694977024,22.13371502573406,36,-0.5,4.0,0.6216216216216216,0.6388888888888888,0.6052631578947368,0.9459459459459458,0.9722222222222222,0.9210526315789472,0.972972972972973,1.0,0.9473684210526316
5,69,50,resample_pointwise,0.85,0.7922674694977024,24.369748523087505,36,-0.5,4.0,0.6216216216216216,0.6388888888888888,0.6052631578947368,0.9459459459459458,0.9722222222222222,0.9210526315789472,0.972972972972973,1.0,0.9473684210526316
5,69,50,resample_pointwise,0.9,0.7922674694977024,27.169414655599947,36,0.0,3.5,0.6486486486486486,0.6666666666666666,0.631578947368421,0.9459459459459458,0.9722222222222222,0.9210526315789472,0.972972972972973,1.0,0.9473684210526316
5,69,50,resample_pointwise,0.925,0.7922674694977024,28.957964738362875,36,0.0,3.5,0.6486486486486486,0.6666666666666666,0.631578947368421,0.9459459459459458,0.9722222222222222,0.9210526315789472,0.972972972972973,1.0,0.9473684210526316
5,69,50,resample_pointwise,0.95,0.7922674694977024,31.238347544317744,36,0.0,3.0,0.7027027027027027,0.7222222222222222,0.6842105263157895,0.9459459459459458,0.9722222222222222,0.9210526315789472,0.972972972972973,1.0,0.9473684210526316
5,69,50,resample_pointwise,0.975,0.7922674694977024,34.6254839780018,36,1.0,2.5,0.7837837837837838,0.8055555555555556,0.7631578947368421,0.9459459459459458,0.9722222222222222,0.9210526315789472,0.972972972972973,1.0,0.9473684210526316
5,69,50,resample_pointwise,0.99,0.7922674694977024,38.38443846621129,36,2.0,2.0,0.7567567567567567,0.7777777777777778,0.7368421052631579,0.9459459459459458,0.9722222222222222,0.9210526315789472,0.972972972972973,1.0,0.9473684210526316
5,69,100,baseline,0.5,0.7922674694977024,27.36795419838108,36,-33.0,33.0,0.0,0.0,0.0,0.0,0.0,0.0,0.054054054054054,0.0555555555555555,0.0526315789473684
5,69,100,baseline,0.6,0.7922674694977024,43.68684786647493,36,-29.0,29.0,0.0,0.0,0.0,0.0,0.0,0.0,0.081081081081081,0.0833333333333333,0.0789473684210526
5,69,100,baseline,0.7,0.7922674694977024,59.64092791163968,36,-11.5,11.5,0.1351351351351351,0.1388888888888889,0.131578947368421,0.4324324324324324,0.4444444444444444,0.4210526315789473,0.972972972972973,1.0,0.9473684210526316
5,69,100,baseline,0.75,0.7922674694977024,66.32281959564337,36,-4.0,4.0,0.6486486486486486,0.6666666666666666,0.631578947368421,0.972972972972973,1.0,0.9473684210526316,0.972972972972973,1.0,0.9473684210526316
5,69,100,baseline,0.8,0.7922674694977024,72.52713665348759,36,4.0,4.0,0.7297297297297298,0.75,0.7105263157894737,0.918918918918919,0.9444444444444444,0.8947368421052632,0.972972972972973,1.0,0.9473684210526316
5,69,100,baseline,0.85,0.7922674694977024,77.44997963060158,36,12.0,12.0,0.0,0.0,0.0,0.3513513513513513,0.3611111111111111,0.3421052631578947,0.972972972972973,1.0,0.9473684210526316
5,69,100,baseline,0.9,0.7922674694977024,80.70890119961722,36,20.0,20.0,0.0,0.0,0.0,0.0,0.0,0.0,0.9459459459459458,0.9722222222222222,0.9210526315789472
5,69,100,baseline,0.925,0.7922674694977024,81.82172310949323,36,25.0,25.0,0.0,0.0,0.0,0.0,0.0,0.0,0.5675675675675677,0.5833333333333334,0.5526315789473685
5,69,100,baseline,0.95,0.7922674694977024,82.58092930268018,32,27.0,27.0,0.0,0.0,0.0,0.0,0.0,0.0,0.2571428571428571,0.28125,0.2368421052631578
5,69,100,baseline,0.975,0.7922674694977024,83.39942828518156,26,30.0,30.0,0.0,0.0,0.0,0.0,0.0,0.0,0.0,0.0,0.0
5,69,100,baseline,0.99,0.7922674694977024,83.71229796487872,14,31.0,31.0,0.0,0.0,0.0,0.0,0.0,0.0,0.0,0.0,0.0
5,69,100,resample_pointwise,0.5,0.7922674694977024,9.48150400441831,36,-35.5,35.5,0.0,0.0,0.0,0.0,0.0,0.0,0.054054054054054,0.0555555555555555,0.0526315789473684
5,69,100,resample_pointwise,0.6,0.7922674694977024,11.260850422226332,36,-35.5,35.5,0.0,0.0,0.0,0.0,0.0,0.0,0.054054054054054,0.0555555555555555,0.0526315789473684
5,69,100,resample_pointwise,0.7,0.7922674694977024,13.403453890064451,36,-35.0,35.0,0.0,0.0,0.0,0.0,0.0,0.0,0.054054054054054,0.0555555555555555,0.0526315789473684
5,69,100,resample_pointwise,0.75,0.7922674694977024,14.659812850449145,36,-35.0,35.0,0.0,0.0,0.0,0.0,0.0,0.0,0.054054054054054,0.0555555555555555,0.0526315789473684
5,69,100,resample_pointwise,0.8,0.7922674694977024,16.12060144818896,36,-35.0,35.0,0.0,0.0,0.0,0.0,0.0,0.0,0.054054054054054,0.0555555555555555,0.0526315789473684
5,69,100,resample_pointwise,0.85,0.7922674694977024,17.861551279253067,36,-35.0,35.0,0.0,0.0,0.0,0.0,0.0,0.0,0.054054054054054,0.0555555555555555,0.0526315789473684
5,69,100,resample_pointwise,0.9,0.7922674694977024,20.066594658687517,36,-34.0,34.0,0.0,0.0,0.0,0.0,0.0,0.0,0.054054054054054,0.0555555555555555,0.0526315789473684
5,69,100,resample_pointwise,0.925,0.7922674694977024,21.4822692721974,36,-34.0,34.0,0.0,0.0,0.0,0.0,0.0,0.0,0.054054054054054,0.0555555555555555,0.0526315789473684
5,69,100,resample_pointwise,0.95,0.7922674694977024,23.309002973573207,36,-34.0,34.0,0.0,0.0,0.0,0.0,0.0,0.0,0.054054054054054,0.0555555555555555,0.0526315789473684
5,69,100,resample_pointwise,0.975,0.7922674694977024,26.08454234456064,36,-33.0,33.0,0.0,0.0,0.0,0.0,0.0,0.0,0.054054054054054,0.0555555555555555,0.0526315789473684
5,69,100,resample_pointwise,0.99,0.7922674694977024,29.294823407454725,36,-33.0,33.0,0.0,0.0,0.0,0.0,0.0,0.0,0.054054054054054,0.0555555555555555,0.0526315789473684
5,74,10,baseline,0.5,0.7805182641273806,3.657752970649014,430,-65.0,65.0,0.094017094017094,0.0511627906976744,0.5789473684210527,0.1153846153846154,0.0627906976744186,0.7105263157894737,0.1538461538461538,0.0837209302325581,0.9473684210526316
5,74,10,baseline,0.6,0.7805182641273806,4.389376900272943,289,-65.0,65.0,0.1223241590214067,0.0692041522491349,0.5263157894736842,0.128440366972477,0.0726643598615917,0.5526315789473685,0.1773700305810397,0.1003460207612456,0.7631578947368421
5,74,10,baseline,0.7,0.7805182641273806,5.624754676887479,164,-55.5,55.5,0.1881188118811881,0.1158536585365853,0.5,0.198019801980198,0.1219512195121951,0.5263157894736842,0.2772277227722772,0.1707317073170731,0.7368421052631579
5,74,10,baseline,0.75,0.7805182641273806,6.880701266941574,85,-10.0,27.0,0.2926829268292683,0.2117647058823529,0.4736842105263157,0.3252032520325203,0.2352941176470588,0.5263157894736842,0.4390243902439024,0.3176470588235294,0.7105263157894737
5,74,10,baseline,0.8,0.7805182641273806,10.331309997842,91,15.0,15.0,0.3100775193798449,0.2197802197802197,0.5263157894736842,0.372093023255814,0.2637362637362637,0.631578947368421,0.5116279069767442,0.3626373626373626,0.868421052631579
5,74,10,baseline,0.85,0.7805182641273806,12.272378282298064,157,17.0,17.0,0.2051282051282051,0.1273885350318471,0.5263157894736842,0.3076923076923077,0.1910828025477707,0.7894736842105263,0.3897435897435897,0.2420382165605095,1.0
5,74,10,baseline,0.9,0.7805182641273806,13.460442571550804,156,19.0,19.0,0.134020618556701,0.0833333333333333,0.3421052631578947,0.2577319587628866,0.1602564102564102,0.6578947368421053,0.3814432989690722,0.2371794871794871,0.9736842105263158
5,74,10,baseline,0.925,0.7805182641273806,14.278036021273858,130,19.5,19.5,0.1428571428571428,0.0923076923076923,0.3157894736842105,0.2142857142857143,0.1384615384615384,0.4736842105263157,0.3928571428571428,0.2538461538461538,0.868421052631579
5,74,10,baseline,0.95,0.7805182641273806,15.125429818952824,100,17.5,17.5,0.144927536231884,0.1,0.2631578947368421,0.2463768115942029,0.17,0.4473684210526316,0.391304347826087,0.27,0.7105263157894737
5,74,10,baseline,0.975,0.7805182641273806,16.23236902195109,47,16.0,16.0,0.0470588235294117,0.0425531914893617,0.0526315789473684,0.188235294117647,0.1702127659574468,0.2105263157894736,0.3764705882352941,0.3404255319148936,0.4210526315789473
5,74,10,baseline,0.99,0.7805182641273806,17.48637545029329,25,18.0,18.0,0.0317460317460317,0.04,0.0263157894736842,0.1587301587301587,0.2,0.131578947368421,0.3492063492063492,0.44,0.2894736842105263
5,74,10,resample_pointwise,0.5,0.7805182641273806,26.743662600119308,0,,,0.0,0.0,0.0,0.0,0.0,0.0,0.0,0.0,0.0
5,74,10,resample_pointwise,0.6,0.7805182641273806,31.06821084294381,0,,,0.0,0.0,0.0,0.0,0.0,0.0,0.0,0.0,0.0
5,74,10,resample_pointwise,0.7,0.7805182641273806,36.11379408654983,0,,,0.0,0.0,0.0,0.0,0.0,0.0,0.0,0.0,0.0
5,74,10,resample_pointwise,0.75,0.7805182641273806,38.938739171164734,0,,,0.0,0.0,0.0,0.0,0.0,0.0,0.0,0.0,0.0
5,74,10,resample_pointwise,0.8,0.7805182641273806,41.92835002507225,0,,,0.0,0.0,0.0,0.0,0.0,0.0,0.0,0.0,0.0
5,74,10,resample_pointwise,0.85,0.7805182641273806,45.32597070369477,0,,,0.0,0.0,0.0,0.0,0.0,0.0,0.0,0.0,0.0
5,74,10,resample_pointwise,0.9,0.7805182641273806,49.67530166991792,0,,,0.0,0.0,0.0,0.0,0.0,0.0,0.0,0.0,0.0
5,74,10,resample_pointwise,0.925,0.7805182641273806,52.267108153869856,0,,,0.0,0.0,0.0,0.0,0.0,0.0,0.0,0.0,0.0
5,74,10,resample_pointwise,0.95,0.7805182641273806,55.58051937727623,0,,,0.0,0.0,0.0,0.0,0.0,0.0,0.0,0.0,0.0
5,74,10,resample_pointwise,0.975,0.7805182641273806,60.545849619470125,0,,,0.0,0.0,0.0,0.0,0.0,0.0,0.0,0.0,0.0
5,74,10,resample_pointwise,0.99,0.7805182641273806,66.03009941310516,0,,,0.0,0.0,0.0,0.0,0.0,0.0,0.0,0.0,0.0
5,74,25,baseline,0.5,0.7805182641273806,2.915442029774944,239,-75.0,75.0,0.1660649819494584,0.0962343096234309,0.6052631578947368,0.223826714801444,0.1297071129707113,0.8157894736842105,0.259927797833935,0.1506276150627615,0.9473684210526316
5,74,25,baseline,0.6,0.7805182641273806,3.539141720434854,145,-72.0,72.0,0.2513661202185792,0.1586206896551724,0.6052631578947368,0.3387978142076502,0.2137931034482758,0.8157894736842105,0.3934426229508196,0.2482758620689655,0.9473684210526316
5,74,25,baseline,0.7,0.7805182641273806,5.976275794110888,40,-1.0,4.5,0.6153846153846154,0.6,0.631578947368421,0.8717948717948718,0.85,0.8947368421052632,0.9230769230769232,0.9,0.9473684210526316
5,74,25,baseline,0.75,0.7805182641273806,12.932684623882286,36,1.0,3.0,0.7837837837837838,0.8055555555555556,0.7631578947368421,0.918918918918919,0.9444444444444444,0.8947368421052632,0.972972972972973,1.0,0.9473684210526316
5,74,25,baseline,0.8,0.7805182641273806,22.508425547091623,36,7.0,7.0,0.3783783783783783,0.3888888888888889,0.3684210526315789,0.7567567567567567,0.7777777777777778,0.7368421052631579,0.918918918918919,0.9444444444444444,0.8947368421052632
5,74,25,baseline,0.85,0.7805182641273806,29.26997768732295,43,16.0,16.0,0.0,0.0,0.0,0.074074074074074,0.0697674418604651,0.0789473684210526,0.6913580246913581,0.6511627906976745,0.7368421052631579
5,74,25,baseline,0.9,0.7805182641273806,31.88139329035957,73,24.0,24.0,0.0,0.0,0.0,0.0,0.0,0.0,0.5045045045045046,0.3835616438356164,0.7368421052631579
5,74,25,baseline,0.925,0.7805182641273806,32.57214070413761,64,25.0,25.0,0.0,0.0,0.0,0.0,0.0,0.0,0.411764705882353,0.328125,0.5526315789473685
5,74,25,baseline,0.95,0.7805182641273806,33.19673901923055,69,26.0,26.0,0.0,0.0,0.0,0.0,0.0,0.0,0.3551401869158878,0.2753623188405797,0.5
5,74,25,baseline,0.975,0.7805182641273806,34.10643951650259,34,26.5,26.5,0.0,0.0,0.0,0.0,0.0,0.0,0.25,0.2647058823529412,0.2368421052631578
5,74,25,baseline,0.99,0.7805182641273806,34.93215795924445,16,29.0,29.0,0.0,0.0,0.0,0.0,0.0,0.0,0.111111111111111,0.1875,0.0789473684210526
5,74,25,resample_pointwise,0.5,0.7805182641273806,17.897122419756258,36,3.0,3.0,0.6756756756756757,0.6944444444444444,0.6578947368421053,0.8918918918918918,0.9166666666666666,0.868421052631579,0.9459459459459458,0.9722222222222222,0.9210526315789472
5,74,25,resample_pointwise,0.6,0.7805182641273806,21.084746547434104,36,5.0,5.0,0.5135135135135136,0.5277777777777778,0.5,0.8108108108108109,0.8333333333333334,0.7894736842105263,0.918918918918919,0.9444444444444444,0.8947368421052632
5,74,25,resample_pointwise,0.7,0.7805182641273806,24.8020907749655,36,9.0,9.0,0.2162162162162162,0.2222222222222222,0.2105263157894736,0.6216216216216216,0.6388888888888888,0.6052631578947368,0.8648648648648649,0.8888888888888888,0.8421052631578947
5,74,25,resample_pointwise,0.75,0.7805182641273806,26.92269239133076,36,12.0,12.0,0.054054054054054,0.0555555555555555,0.0526315789473684,0.2702702702702702,0.2777777777777778,0.2631578947368421,0.7567567567567567,0.7777777777777778,0.7368421052631579
5,74,25,resample_pointwise,0.8,0.7805182641273806,29.299954543274023,43,16.0,16.0,0.0,0.0,0.0,0.074074074074074,0.0697674418604651,0.0789473684210526,0.6913580246913581,0.6511627906976745,0.7368421052631579
5,74,25,resample_pointwise,0.85,0.7805182641273806,32.03385532460891,74,23.0,23.0,0.0,0.0,0.0,0.0,0.0,0.0,0.5,0.3783783783783784,0.7368421052631579
5,74,25,resample_pointwise,0.9,0.7805182641273806,35.43167691207909,9,30.0,30.0,0.0,0.0,0.0,0.0,0.0,0.0,0.0425531914893617,0.1111111111111111,0.0263157894736842
5,74,25,resample_pointwise,0.925,0.7805182641273806,37.55152924297135,0,,,0.0,0.0,0.0,0.0,0.0,0.0,0.0,0.0,0.0
5,74,25,resample_pointwise,0.95,0.7805182641273806,40.27041195372011,0,,,0.0,0.0,0.0,0.0,0.0,0.0,0.0,0.0,0.0
5,74,25,resample_pointwise,0.975,0.7805182641273806,44.29192220666581,0,,,0.0,0.0,0.0,0.0,0.0,0.0,0.0,0.0,0.0
5,74,25,resample_pointwise,0.99,0.7805182641273806,48.738103928950544,0,,,0.0,0.0,0.0,0.0,0.0,0.0,0.0,0.0,0.0
5,74,50,baseline,0.5,0.7805182641273806,3.012879263792714,76,-48.0,48.0,0.2982456140350877,0.2236842105263158,0.4473684210526316,0.4210526315789473,0.3157894736842105,0.631578947368421,0.5438596491228069,0.4078947368421052,0.8157894736842105
5,74,50,baseline,0.6,0.7805182641273806,7.919610313578132,36,-4.0,5.5,0.4864864864864865,0.5,0.4736842105263157,0.6756756756756757,0.6944444444444444,0.6578947368421053,0.8648648648648649,0.8888888888888888,0.8421052631578947
5,74,50,baseline,0.7,0.7805182641273806,22.467612357822222,36,-2.0,3.0,0.6756756756756757,0.6944444444444444,0.6578947368421053,0.918918918918919,0.9444444444444444,0.8947368421052632,0.972972972972973,1.0,0.9473684210526316
5,74,50,baseline,0.75,0.7805182641273806,31.560490890905765,36,0.0,2.0,0.8108108108108109,0.8333333333333334,0.7894736842105263,0.9459459459459458,0.9722222222222222,0.9210526315789472,0.972972972972973,1.0,0.9473684210526316
5,74,50,baseline,0.8,0.7805182641273806,41.41933811430654,36,6.0,6.0,0.3513513513513513,0.3611111111111111,0.3421052631578947,0.7567567567567567,0.7777777777777778,0.7368421052631579,0.972972972972973,1.0,0.9473684210526316
5,74,50,baseline,0.85,0.7805182641273806,49.48973586345221,36,16.5,16.5,0.0,0.0,0.0,0.0,0.0,0.0,0.972972972972973,1.0,0.9473684210526316
5,74,50,baseline,0.9,0.7805182641273806,55.93077065256813,36,24.0,24.0,0.0,0.0,0.0,0.0,0.0,0.0,0.8648648648648649,0.8888888888888888,0.8421052631578947
5,74,50,baseline,0.925,0.7805182641273806,58.45315889520247,36,26.0,26.0,0.0,0.0,0.0,0.0,0.0,0.0,0.4324324324324324,0.4444444444444444,0.4210526315789473
5,74,50,baseline,0.95,0.7805182641273806,60.56061597288705,35,31.0,31.0,0.0,0.0,0.0,0.0,0.0,0.0,0.0,0.0,0.0
5,74,50,baseline,0.975,0.7805182641273806,61.88725612932075,31,34.0,34.0,0.0,0.0,0.0,0.0,0.0,0.0,0.0,0.0,0.0
5,74,50,baseline,0.99,0.7805182641273806,62.66042290662205,12,34.0,34.0,0.0,0.0,0.0,0.0,0.0,0.0,0.0,0.0,0.0
5,74,50,resample_pointwise,0.5,0.7805182641273806,12.948134662563673,36,-2.5,4.5,0.5675675675675677,0.5833333333333334,0.5526315789473685,0.7837837837837838,0.8055555555555556,0.7631578947368421,0.972972972972973,1.0,0.9473684210526316
5,74,50,resample_pointwise,0.6,0.7805182641273806,15.296755055522311,36,-2.0,3.5,0.5945945945945946,0.6111111111111112,0.5789473684210527,0.8108108108108109,0.8333333333333334,0.7894736842105263,0.972972972972973,1.0,0.9473684210526316
5,74,50,resample_pointwise,0.7,0.7805182641273806,18.109858980270417,36,-2.0,3.0,0.6216216216216216,0.6388888888888888,0.6052631578947368,0.8378378378378377,0.8611111111111112,0.8157894736842105,0.972972972972973,1.0,0.9473684210526316
5,74,50,resample_pointwise,0.75,0.7805182641273806,19.769690687982877,36,-2.0,3.0,0.6216216216216216,0.6388888888888888,0.6052631578947368,0.8378378378378377,0.8611111111111112,0.8157894736842105,0.972972972972973,1.0,0.9473684210526316
5,74,50,resample_pointwise,0.8,0.7805182641273806,21.631060014186275,36,-2.0,3.0,0.6756756756756757,0.6944444444444444,0.6578947368421053,0.8918918918918918,0.9166666666666666,0.868421052631579,0.972972972972973,1.0,0.9473684210526316
5,74,50,resample_pointwise,0.85,0.7805182641273806,23.838781027994344,36,-2.0,3.0,0.7027027027027027,0.7222222222222222,0.6842105263157895,0.9459459459459458,0.9722222222222222,0.9210526315789472,0.972972972972973,1.0,0.9473684210526316
5,74,50,resample_pointwise,0.9,0.7805182641273806,26.64069384540254,36,-1.5,3.0,0.7297297297297298,0.75,0.7105263157894737,0.972972972972973,1.0,0.9473684210526316,0.972972972972973,1.0,0.9473684210526316
5,74,50,resample_pointwise,0.925,0.7805182641273806,28.42921333080624,36,-1.0,3.0,0.7567567567567567,0.7777777777777778,0.7368421052631579,0.972972972972973,1.0,0.9473684210526316,0.972972972972973,1.0,0.9473684210526316
5,74,50,resample_pointwise,0.95,0.7805182641273806,30.744298146932408,36,-0.5,2.5,0.7837837837837838,0.8055555555555556,0.7631578947368421,0.972972972972973,1.0,0.9473684210526316,0.972972972972973,1.0,0.9473684210526316
5,74,50,resample_pointwise,0.975,0.7805182641273806,34.21431675056322,36,1.0,2.0,0.8108108108108109,0.8333333333333334,0.7894736842105263,0.9459459459459458,0.9722222222222222,0.9210526315789472,0.972972972972973,1.0,0.9473684210526316
5,74,50,resample_pointwise,0.99,0.7805182641273806,38.13952623156355,36,4.0,4.0,0.6756756756756757,0.6944444444444444,0.6578947368421053,0.8648648648648649,0.8888888888888888,0.8421052631578947,0.972972972972973,1.0,0.9473684210526316
5,74,100,baseline,0.5,0.7805182641273806,24.4916217757485,36,-29.0,29.0,0.0,0.0,0.0,0.0,0.0,0.0,0.2432432432432432,0.25,0.2368421052631578
5,74,100,baseline,0.6,0.7805182641273806,41.07564179299676,36,-26.5,26.5,0.0,0.0,0.0,0.0,0.0,0.0,0.2702702702702702,0.2777777777777778,0.2631578947368421
5,74,100,baseline,0.7,0.7805182641273806,58.190403376458704,36,-11.0,11.0,0.2702702702702702,0.2777777777777778,0.2631578947368421,0.4324324324324324,0.4444444444444444,0.4210526315789473,0.972972972972973,1.0,0.9473684210526316
5,74,100,baseline,0.75,0.7805182641273806,65.34636399610876,36,-2.0,3.0,0.9459459459459458,0.9722222222222222,0.9210526315789472,0.972972972972973,1.0,0.9473684210526316,0.972972972972973,1.0,0.9473684210526316
5,74,100,baseline,0.8,0.7805182641273806,71.65399069555046,36,5.0,5.0,0.5405405405405405,0.5555555555555556,0.5263157894736842,0.8648648648648649,0.8888888888888888,0.8421052631578947,0.972972972972973,1.0,0.9473684210526316
5,74,100,baseline,0.85,0.7805182641273806,76.40133435542677,36,14.5,14.5,0.0,0.0,0.0,0.054054054054054,0.0555555555555555,0.0526315789473684,0.972972972972973,1.0,0.9473684210526316
5,74,100,baseline,0.9,0.7805182641273806,79.61792431534275,36,23.0,23.0,0.0,0.0,0.0,0.0,0.0,0.0,0.7567567567567567,0.7777777777777778,0.7368421052631579
5,74,100,baseline,0.925,0.7805182641273806,80.6493869772393,36,26.0,26.0,0.0,0.0,0.0,0.0,0.0,0.0,0.4324324324324324,0.4444444444444444,0.4210526315789473
5,74,100,baseline,0.95,0.7805182641273806,81.3031133971806,32,29.0,29.0,0.0,0.0,0.0,0.0,0.0,0.0,0.1999999999999999,0.21875,0.1842105263157894
5,74,100,baseline,0.975,0.7805182641273806,81.98727499449099,21,33.0,33.0,0.0,0.0,0.0,0.0,0.0,0.0,0.0677966101694915,0.0952380952380952,0.0526315789473684
5,74,100,baseline,0.99,0.7805182641273806,82.50955541614387,11,34.0,34.0,0.0,0.0,0.0,0.0,0.0,0.0,0.0,0.0,0.0
5,74,100,resample_pointwise,0.5,0.7805182641273806,9.46113624265272,36,-29.0,29.0,0.0,0.0,0.0,0.0,0.0,0.0,0.2432432432432432,0.25,0.2368421052631578
5,74,100,resample_pointwise,0.6,0.7805182641273806,11.191709911918414,36,-29.0,29.0,0.0,0.0,0.0,0.0,0.0,0.0,0.2432432432432432,0.25,0.2368421052631578
5,74,100,resample_pointwise,0.7,0.7805182641273806,13.278656561327772,36,-29.0,29.0,0.0,0.0,0.0,0.0,0.0,0.0,0.2432432432432432,0.25,0.2368421052631578
5,74,100,resample_pointwise,0.75,0.7805182641273806,14.50359635750544,36,-29.0,29.0,0.0,0.0,0.0,0.0,0.0,0.0,0.2432432432432432,0.25,0.2368421052631578
5,74,100,resample_pointwise,0.8,0.7805182641273806,15.92677492147787,36,-29.0,29.0,0.0,0.0,0.0,0.0,0.0,0.0,0.2432432432432432,0.25,0.2368421052631578
5,74,100,resample_pointwise,0.85,0.7805182641273806,17.629757971978655,36,-29.0,29.0,0.0,0.0,0.0,0.0,0.0,0.0,0.2432432432432432,0.25,0.2368421052631578
5,74,100,resample_pointwise,0.9,0.7805182641273806,19.838775591757862,36,-29.0,29.0,0.0,0.0,0.0,0.0,0.0,0.0,0.2432432432432432,0.25,0.2368421052631578
5,74,100,resample_pointwise,0.925,0.7805182641273806,21.260887459175027,36,-29.0,29.0,0.0,0.0,0.0,0.0,0.0,0.0,0.2432432432432432,0.25,0.2368421052631578
5,74,100,resample_pointwise,0.95,0.7805182641273806,23.126578205057,36,-29.0,29.0,0.0,0.0,0.0,0.0,0.0,0.0,0.2432432432432432,0.25,0.2368421052631578
5,74,100,resample_pointwise,0.975,0.7805182641273806,25.94859135683673,36,-29.0,29.0,0.0,0.0,0.0,0.0,0.0,0.0,0.2432432432432432,0.25,0.2368421052631578
5,74,100,resample_pointwise,0.99,0.7805182641273806,29.12738237688217,36,-29.0,29.0,0.0,0.0,0.0,0.0,0.0,0.0,0.2432432432432432,0.25,0.2368421052631578
5,79,10,baseline,0.5,0.7691124442393478,3.832289224664428,437,-65.0,65.0,0.0631578947368421,0.034324942791762,0.3947368421052631,0.0884210526315789,0.0480549199084668,0.5526315789473685,0.1347368421052631,0.0732265446224256,0.8421052631578947
5,79,10,baseline,0.6,0.7691124442393478,4.593257088445824,283,-64.0,64.0,0.0934579439252336,0.0530035335689045,0.3947368421052631,0.1246105919003115,0.0706713780918728,0.5263157894736842,0.1931464174454828,0.1095406360424028,0.8157894736842105
5,79,10,baseline,0.7,0.7691124442393478,5.86266051579746,157,-50.0,50.0,0.1641025641025641,0.1019108280254777,0.4210526315789473,0.2051282051282051,0.1273885350318471,0.5263157894736842,0.2974358974358974,0.1847133757961783,0.7631578947368421
5,79,10,baseline,0.75,0.7691124442393478,7.192177725967721,85,0.0,30.0,0.2764227642276423,0.2,0.4473684210526316,0.3252032520325203,0.2352941176470588,0.5263157894736842,0.4552845528455284,0.3294117647058823,0.7368421052631579
5,79,10,baseline,0.8,0.7691124442393478,10.019269481144828,121,19.0,19.0,0.1886792452830188,0.1239669421487603,0.3947368421052631,0.3396226415094339,0.2231404958677686,0.7105263157894737,0.4654088050314465,0.3057851239669421,0.9736842105263158
5,79,10,baseline,0.85,0.7691124442393478,11.556182283635591,155,19.0,19.0,0.1139896373056994,0.0709677419354838,0.2894736842105263,0.2797927461139896,0.1741935483870967,0.7105263157894737,0.3937823834196891,0.2451612903225806,1.0
5,79,10,baseline,0.9,0.7691124442393478,12.886221117582174,152,21.0,21.0,0.0736842105263157,0.0460526315789473,0.1842105263157894,0.2105263157894736,0.131578947368421,0.5263157894736842,0.3894736842105263,0.2434210526315789,0.9736842105263158
5,79,10,baseline,0.925,0.7691124442393478,13.49728297015265,132,20.5,20.5,0.0470588235294117,0.0303030303030303,0.1052631578947368,0.2235294117647059,0.1439393939393939,0.5,0.4,0.2575757575757575,0.8947368421052632
5,79,10,baseline,0.95,0.7691124442393478,14.359934612381569,93,24.0,24.0,0.0458015267175572,0.032258064516129,0.0789473684210526,0.1526717557251908,0.1075268817204301,0.2631578947368421,0.381679389312977,0.2688172043010752,0.6578947368421053
5,79,10,baseline,0.975,0.7691124442393478,15.292201623233218,55,24.0,24.0,0.021505376344086,0.0181818181818181,0.0263157894736842,0.1290322580645161,0.109090909090909,0.1578947368421052,0.3010752688172042,0.2545454545454545,0.3684210526315789
5,79,10,baseline,0.99,0.7691124442393478,16.255673774290734,25,31.0,31.0,0.0,0.0,0.0,0.0634920634920634,0.08,0.0526315789473684,0.1269841269841269,0.16,0.1052631578947368
5,79,10,resample_pointwise,0.5,0.7691124442393478,26.34054563493904,0,,,0.0,0.0,0.0,0.0,0.0,0.0,0.0,0.0,0.0
5,79,10,resample_pointwise,0.6,0.7691124442393478,30.63868543340288,0,,,0.0,0.0,0.0,0.0,0.0,0.0,0.0,0.0,0.0
5,79,10,resample_pointwise,0.7,0.7691124442393478,35.59572489815476,0,,,0.0,0.0,0.0,0.0,0.0,0.0,0.0,0.0,0.0
5,79,10,resample_pointwise,0.75,0.7691124442393478,38.41030517005736,0,,,0.0,0.0,0.0,0.0,0.0,0.0,0.0,0.0,0.0
5,79,10,resample_pointwise,0.8,0.7691124442393478,41.42937291705773,0,,,0.0,0.0,0.0,0.0,0.0,0.0,0.0,0.0,0.0
5,79,10,resample_pointwise,0.85,0.7691124442393478,44.81919674285119,0,,,0.0,0.0,0.0,0.0,0.0,0.0,0.0,0.0,0.0
5,79,10,resample_pointwise,0.9,0.7691124442393478,49.15759444970291,0,,,0.0,0.0,0.0,0.0,0.0,0.0,0.0,0.0,0.0
5,79,10,resample_pointwise,0.925,0.7691124442393478,51.788413006493805,0,,,0.0,0.0,0.0,0.0,0.0,0.0,0.0,0.0,0.0
5,79,10,resample_pointwise,0.95,0.7691124442393478,55.09880940355365,0,,,0.0,0.0,0.0,0.0,0.0,0.0,0.0,0.0,0.0
5,79,10,resample_pointwise,0.975,0.7691124442393478,60.06735724075588,0,,,0.0,0.0,0.0,0.0,0.0,0.0,0.0,0.0,0.0
5,79,10,resample_pointwise,0.99,0.7691124442393478,65.52843677575889,0,,,0.0,0.0,0.0,0.0,0.0,0.0,0.0,0.0,0.0
5,79,25,baseline,0.5,0.7691124442393478,3.1099391771965306,229,-72.0,72.0,0.1872659176029962,0.1091703056768559,0.6578947368421053,0.2397003745318351,0.1397379912663755,0.8421052631578947,0.2846441947565543,0.1659388646288209,1.0
5,79,25,baseline,0.6,0.7691124442393478,3.7501691265469153,161,-76.0,76.0,0.2512562814070351,0.15527950310559,0.6578947368421053,0.321608040201005,0.1987577639751552,0.8421052631578947,0.3819095477386934,0.2360248447204969,1.0
5,79,25,baseline,0.7,0.7691124442393478,6.275149027572553,39,-1.0,3.0,0.6493506493506495,0.6410256410256411,0.6578947368421053,0.8571428571428572,0.8461538461538461,0.868421052631579,0.935064935064935,0.9230769230769232,0.9473684210526316
5,79,25,baseline,0.75,0.7691124442393478,13.82918362880307,36,1.0,2.0,0.8108108108108109,0.8333333333333334,0.7894736842105263,0.8648648648648649,0.8888888888888888,0.8421052631578947,0.972972972972973,1.0,0.9473684210526316
5,79,25,baseline,0.8,0.7691124442393478,22.60357275319647,36,9.0,9.0,0.1081081081081081,0.1111111111111111,0.1052631578947368,0.6486486486486486,0.6666666666666666,0.631578947368421,0.9459459459459458,0.9722222222222222,0.9210526315789472
5,79,25,baseline,0.85,0.7691124442393478,28.28157098917376,38,23.0,23.0,0.0,0.0,0.0,0.0,0.0,0.0,0.5263157894736842,0.5263157894736842,0.5263157894736842
5,79,25,baseline,0.9,0.7691124442393478,30.339911568897243,67,26.0,26.0,0.0,0.0,0.0,0.0,0.0,0.0,0.4571428571428571,0.3582089552238806,0.631578947368421
5,79,25,baseline,0.925,0.7691124442393478,31.01969665132579,77,28.0,28.0,0.0,0.0,0.0,0.0,0.0,0.0,0.3478260869565217,0.2597402597402597,0.5263157894736842
5,79,25,baseline,0.95,0.7691124442393478,31.507808055061236,74,29.5,29.5,0.0,0.0,0.0,0.0,0.0,0.0,0.3035714285714286,0.2297297297297297,0.4473684210526316
5,79,25,baseline,0.975,0.7691124442393478,32.22908503457089,48,29.0,29.0,0.0,0.0,0.0,0.0,0.0,0.0,0.2093023255813953,0.1875,0.2368421052631578
5,79,25,baseline,0.99,0.7691124442393478,32.723111389813646,23,26.0,26.0,0.0,0.0,0.0,0.0,0.0,0.0,0.2295081967213114,0.3043478260869565,0.1842105263157894
5,79,25,resample_pointwise,0.5,0.7691124442393478,17.58424323996328,36,4.0,4.0,0.6756756756756757,0.6944444444444444,0.6578947368421053,0.8648648648648649,0.8888888888888888,0.8421052631578947,0.972972972972973,1.0,0.9473684210526316
5,79,25,resample_pointwise,0.6,0.7691124442393478,20.708393758261955,36,6.0,6.0,0.3783783783783783,0.3888888888888889,0.3684210526315789,0.7837837837837838,0.8055555555555556,0.7631578947368421,0.972972972972973,1.0,0.9473684210526316
5,79,25,resample_pointwise,0.7,0.7691124442393478,24.366999668195703,38,11.0,11.0,0.0,0.0,0.0,0.3684210526315789,0.3684210526315789,0.3684210526315789,0.868421052631579,0.868421052631579,0.868421052631579
5,79,25,resample_pointwise,0.75,0.7691124442393478,26.46005681541066,38,15.5,15.5,0.0,0.0,0.0,0.131578947368421,0.131578947368421,0.131578947368421,0.7631578947368421,0.7631578947368421,0.7631578947368421
5,79,25,resample_pointwise,0.8,0.7691124442393478,28.798607876213744,50,25.0,25.0,0.0,0.0,0.0,0.0,0.0,0.0,0.4772727272727273,0.42,0.5526315789473685
5,79,25,resample_pointwise,0.85,0.7691124442393478,31.528934906120405,72,29.5,29.5,0.0,0.0,0.0,0.0,0.0,0.0,0.3090909090909091,0.2361111111111111,0.4473684210526316
5,79,25,resample_pointwise,0.9,0.7691124442393478,34.87972912107473,0,,,0.0,0.0,0.0,0.0,0.0,0.0,0.0,0.0,0.0
5,79,25,resample_pointwise,0.925,0.7691124442393478,37.02210061560973,0,,,0.0,0.0,0.0,0.0,0.0,0.0,0.0,0.0,0.0
5,79,25,resample_pointwise,0.95,0.7691124442393478,39.735209950666096,0,,,0.0,0.0,0.0,0.0,0.0,0.0,0.0,0.0,0.0
5,79,25,resample_pointwise,0.975,0.7691124442393478,43.75873974585746,0,,,0.0,0.0,0.0,0.0,0.0,0.0,0.0,0.0,0.0
5,79,25,resample_pointwise,0.99,0.7691124442393478,48.23956601444445,0,,,0.0,0.0,0.0,0.0,0.0,0.0,0.0,0.0,0.0
5,79,50,baseline,0.5,0.7691124442393478,3.144954520511888,82,-83.5,83.5,0.3666666666666666,0.2682926829268293,0.5789473684210527,0.4666666666666667,0.3414634146341463,0.7368421052631579,0.5666666666666667,0.4146341463414634,0.8947368421052632
5,79,50,baseline,0.6,0.7691124442393478,8.238882878797062,36,-2.5,5.0,0.6216216216216216,0.6388888888888888,0.6052631578947368,0.7837837837837838,0.8055555555555556,0.7631578947368421,0.9459459459459458,0.9722222222222222,0.9210526315789472
5,79,50,baseline,0.7,0.7691124442393478,22.4223364129527,36,-1.5,4.0,0.7027027027027027,0.7222222222222222,0.6842105263157895,0.8918918918918918,0.9166666666666666,0.868421052631579,0.972972972972973,1.0,0.9473684210526316
5,79,50,baseline,0.75,0.7691124442393478,31.28633459803168,36,1.0,1.0,0.8648648648648649,0.8888888888888888,0.8421052631578947,0.918918918918919,0.9444444444444444,0.8947368421052632,0.972972972972973,1.0,0.9473684210526316
5,79,50,baseline,0.8,0.7691124442393478,40.6456515087987,36,8.0,8.0,0.027027027027027,0.0277777777777777,0.0263157894736842,0.6756756756756757,0.6944444444444444,0.6578947368421053,0.972972972972973,1.0,0.9473684210526316
5,79,50,baseline,0.85,0.7691124442393478,48.11068965981111,36,17.5,17.5,0.0,0.0,0.0,0.0,0.0,0.0,0.8378378378378377,0.8611111111111112,0.8157894736842105
5,79,50,baseline,0.9,0.7691124442393478,53.90236298922084,36,26.5,26.5,0.0,0.0,0.0,0.0,0.0,0.0,0.3783783783783783,0.3888888888888889,0.3684210526315789
5,79,50,baseline,0.925,0.7691124442393478,56.18882690135786,36,29.0,29.0,0.0,0.0,0.0,0.0,0.0,0.0,0.0,0.0,0.0
5,79,50,baseline,0.95,0.7691124442393478,58.19642739101204,36,33.0,33.0,0.0,0.0,0.0,0.0,0.0,0.0,0.0,0.0,0.0
5,79,50,baseline,0.975,0.7691124442393478,59.27921209607683,30,37.0,37.0,0.0,0.0,0.0,0.0,0.0,0.0,0.0,0.0,0.0
5,79,50,baseline,0.99,0.7691124442393478,60.16494812384639,14,38.0,38.0,0.0,0.0,0.0,0.0,0.0,0.0,0.0,0.0,0.0
5,79,50,resample_pointwise,0.5,0.7691124442393478,12.77839818883914,36,-2.0,4.5,0.6486486486486486,0.6666666666666666,0.631578947368421,0.8108108108108109,0.8333333333333334,0.7894736842105263,0.972972972972973,1.0,0.9473684210526316
5,79,50,resample_pointwise,0.6,0.7691124442393478,15.063898183654072,36,-2.0,4.5,0.6486486486486486,0.6666666666666666,0.631578947368421,0.8108108108108109,0.8333333333333334,0.7894736842105263,0.972972972972973,1.0,0.9473684210526316
5,79,50,resample_pointwise,0.7,0.7691124442393478,17.80581229238801,36,-2.0,4.0,0.6756756756756757,0.6944444444444444,0.6578947368421053,0.8648648648648649,0.8888888888888888,0.8421052631578947,0.972972972972973,1.0,0.9473684210526316
5,79,50,resample_pointwise,0.75,0.7691124442393478,19.40629730004361,36,-2.0,4.0,0.6756756756756757,0.6944444444444444,0.6578947368421053,0.8648648648648649,0.8888888888888888,0.8421052631578947,0.972972972972973,1.0,0.9473684210526316
5,79,50,resample_pointwise,0.8,0.7691124442393478,21.247694843683732,36,-1.5,4.0,0.7027027027027027,0.7222222222222222,0.6842105263157895,0.8918918918918918,0.9166666666666666,0.868421052631579,0.972972972972973,1.0,0.9473684210526316
5,79,50,resample_pointwise,0.85,0.7691124442393478,23.408651382874364,36,0.0,2.5,0.7567567567567567,0.7777777777777778,0.7368421052631579,0.8918918918918918,0.9166666666666666,0.868421052631579,0.972972972972973,1.0,0.9473684210526316
5,79,50,resample_pointwise,0.9,0.7691124442393478,26.15725922498884,36,0.0,2.0,0.8378378378378377,0.8611111111111112,0.8157894736842105,0.918918918918919,0.9444444444444444,0.8947368421052632,0.972972972972973,1.0,0.9473684210526316
5,79,50,resample_pointwise,0.925,0.7691124442393478,27.91920106162013,36,0.0,2.0,0.8378378378378377,0.8611111111111112,0.8157894736842105,0.918918918918919,0.9444444444444444,0.8947368421052632,0.972972972972973,1.0,0.9473684210526316
5,79,50,resample_pointwise,0.95,0.7691124442393478,30.164593788424128,36,0.5,2.0,0.8648648648648649,0.8888888888888888,0.8421052631578947,0.918918918918919,0.9444444444444444,0.8947368421052632,0.972972972972973,1.0,0.9473684210526316
5,79,50,resample_pointwise,0.975,0.7691124442393478,33.577541815969354,36,2.0,2.0,0.8108108108108109,0.8333333333333334,0.7894736842105263,0.8918918918918918,0.9166666666666666,0.868421052631579,0.972972972972973,1.0,0.9473684210526316
5,79,50,resample_pointwise,0.99,0.7691124442393478,37.42540817826181,36,5.5,5.5,0.4864864864864865,0.5,0.4736842105263157,0.8108108108108109,0.8333333333333334,0.7894736842105263,0.972972972972973,1.0,0.9473684210526316
5,79,100,baseline,0.5,0.7691124442393478,23.081154849111968,36,-25.5,25.5,0.0,0.0,0.0,0.0,0.0,0.0,0.4864864864864865,0.5,0.4736842105263157
5,79,100,baseline,0.6,0.7691124442393478,39.50842954344906,36,-22.5,22.5,0.0,0.0,0.0,0.0,0.0,0.0,0.7297297297297298,0.75,0.7105263157894737
5,79,100,baseline,0.7,0.7691124442393478,56.74753670577324,36,-9.0,9.0,0.2702702702702702,0.2777777777777778,0.2631578947368421,0.7297297297297298,0.75,0.7105263157894737,0.972972972972973,1.0,0.9473684210526316
5,79,100,baseline,0.75,0.7691124442393478,64.1802845092853,36,0.0,2.0,0.9459459459459458,0.9722222222222222,0.9210526315789472,0.972972972972973,1.0,0.9473684210526316,0.972972972972973,1.0,0.9473684210526316
5,79,100,baseline,0.8,0.7691124442393478,70.38629065065538,36,7.0,7.0,0.1621621621621621,0.1666666666666666,0.1578947368421052,0.918918918918919,0.9444444444444444,0.8947368421052632,0.972972972972973,1.0,0.9473684210526316
5,79,100,baseline,0.85,0.7691124442393478,75.08386594636981,36,16.0,16.0,0.0,0.0,0.0,0.0,0.0,0.0,0.972972972972973,1.0,0.9473684210526316
5,79,100,baseline,0.9,0.7691124442393478,78.26977033602273,36,25.0,25.0,0.0,0.0,0.0,0.0,0.0,0.0,0.5405405405405405,0.5555555555555556,0.5263157894736842
5,79,100,baseline,0.925,0.7691124442393478,79.3222743735449,36,30.0,30.0,0.0,0.0,0.0,0.0,0.0,0.0,0.054054054054054,0.0555555555555555,0.0526315789473684
5,79,100,baseline,0.95,0.7691124442393478,80.0324059469188,40,34.0,34.0,0.0,0.0,0.0,0.0,0.0,0.0,0.0,0.0,0.0
5,79,100,baseline,0.975,0.7691124442393478,80.47708264302172,28,35.0,35.0,0.0,0.0,0.0,0.0,0.0,0.0,0.0,0.0,0.0
5,79,100,baseline,0.99,0.7691124442393478,80.99254180853146,10,35.5,35.5,0.0,0.0,0.0,0.0,0.0,0.0,0.0,0.0,0.0
5,79,100,resample_pointwise,0.5,0.7691124442393478,9.152816365341668,36,-31.0,31.0,0.0,0.0,0.0,0.0,0.0,0.0,0.4054054054054054,0.4166666666666667,0.3947368421052631
5,79,100,resample_pointwise,0.6,0.7691124442393478,10.827012924182068,36,-31.0,31.0,0.0,0.0,0.0,0.0,0.0,0.0,0.4054054054054054,0.4166666666666667,0.3947368421052631
5,79,100,resample_pointwise,0.7,0.7691124442393478,12.84630937023116,36,-31.0,31.0,0.0,0.0,0.0,0.0,0.0,0.0,0.4054054054054054,0.4166666666666667,0.3947368421052631
5,79,100,resample_pointwise,0.75,0.7691124442393478,14.042871142626083,36,-30.5,30.5,0.0,0.0,0.0,0.0,0.0,0.0,0.4054054054054054,0.4166666666666667,0.3947368421052631
5,79,100,resample_pointwise,0.8,0.7691124442393478,15.407042195803486,36,-30.5,30.5,0.0,0.0,0.0,0.0,0.0,0.0,0.4054054054054054,0.4166666666666667,0.3947368421052631
5,79,100,resample_pointwise,0.85,0.7691124442393478,17.052342454940902,36,-28.0,28.0,0.0,0.0,0.0,0.0,0.0,0.0,0.4054054054054054,0.4166666666666667,0.3947368421052631
5,79,100,resample_pointwise,0.9,0.7691124442393478,19.163767767605524,36,-28.0,28.0,0.0,0.0,0.0,0.0,0.0,0.0,0.4054054054054054,0.4166666666666667,0.3947368421052631
5,79,100,resample_pointwise,0.925,0.7691124442393478,20.5427694818046,36,-28.0,28.0,0.0,0.0,0.0,0.0,0.0,0.0,0.4054054054054054,0.4166666666666667,0.3947368421052631
5,79,100,resample_pointwise,0.95,0.7691124442393478,22.336462740484446,36,-26.5,26.5,0.0,0.0,0.0,0.0,0.0,0.0,0.4594594594594595,0.4722222222222222,0.4473684210526316
5,79,100,resample_pointwise,0.975,0.7691124442393478,25.034546372503204,36,-25.5,25.5,0.0,0.0,0.0,0.0,0.0,0.0,0.4864864864864865,0.5,0.4736842105263157
5,79,100,resample_pointwise,0.99,0.7691124442393478,28.21881689936019,36,-24.5,24.5,0.0,0.0,0.0,0.0,0.0,0.0,0.5135135135135136,0.5277777777777778,0.5
5,84,10,baseline,0.5,0.7580351728320194,3.769561793416775,413,-62.0,62.0,0.0620842572062084,0.0338983050847457,0.3684210526315789,0.0975609756097561,0.0532687651331719,0.5789473684210527,0.1507760532150776,0.0823244552058111,0.8947368421052632
5,84,10,baseline,0.6,0.7580351728320194,4.537688512227667,291,-62.0,62.0,0.1094224924012158,0.0618556701030927,0.4736842105263157,0.121580547112462,0.0687285223367697,0.5263157894736842,0.1884498480243161,0.1065292096219931,0.8157894736842105
5,84,10,baseline,0.7,0.7580351728320194,5.7951379852322,134,-47.0,47.0,0.1976744186046511,0.126865671641791,0.4473684210526316,0.2325581395348837,0.1492537313432835,0.5263157894736842,0.3023255813953488,0.1940298507462686,0.6842105263157895
5,84,10,baseline,0.75,0.7580351728320194,7.504285148559924,71,3.0,26.0,0.2935779816513761,0.2253521126760563,0.4210526315789473,0.3486238532110091,0.2676056338028169,0.5,0.4403669724770642,0.3380281690140845,0.631578947368421
5,84,10,baseline,0.8,0.7580351728320194,9.606347339311858,131,15.0,15.0,0.2248520710059171,0.1450381679389313,0.5,0.3431952662721894,0.2213740458015267,0.7631578947368421,0.4378698224852071,0.2824427480916031,0.9736842105263158
5,84,10,baseline,0.85,0.7580351728320194,11.062132683729484,174,22.5,22.5,0.1132075471698113,0.0689655172413793,0.3157894736842105,0.2264150943396226,0.1379310344827586,0.631578947368421,0.3490566037735849,0.2126436781609195,0.9736842105263158
5,84,10,baseline,0.9,0.7580351728320194,12.283264961729746,158,22.0,22.0,0.0714285714285714,0.0443037974683544,0.1842105263157894,0.1938775510204081,0.120253164556962,0.5,0.3571428571428571,0.2215189873417721,0.9210526315789472
5,84,10,baseline,0.925,0.7580351728320194,12.878279835437349,129,25.0,25.0,0.0359281437125748,0.0232558139534883,0.0789473684210526,0.1197604790419161,0.0775193798449612,0.2631578947368421,0.3712574850299401,0.2403100775193798,0.8157894736842105
5,84,10,baseline,0.95,0.7580351728320194,13.563244508117208,97,21.0,21.0,0.0148148148148148,0.0103092783505154,0.0263157894736842,0.1185185185185185,0.0824742268041237,0.2105263157894736,0.3703703703703703,0.2577319587628865,0.6578947368421053
5,84,10,baseline,0.975,0.7580351728320194,14.662843762146828,61,25.0,25.0,0.0202020202020202,0.0163934426229508,0.0263157894736842,0.101010101010101,0.081967213114754,0.131578947368421,0.3232323232323232,0.2622950819672131,0.4210526315789473
5,84,10,baseline,0.99,0.7580351728320194,15.984217064526554,26,19.0,19.0,0.0,0.0,0.0,0.0937499999999999,0.1153846153846153,0.0789473684210526,0.28125,0.3461538461538461,0.2368421052631578
5,84,10,resample_pointwise,0.5,0.7580351728320194,26.08106168623141,0,,,0.0,0.0,0.0,0.0,0.0,0.0,0.0,0.0,0.0
5,84,10,resample_pointwise,0.6,0.7580351728320194,30.41084448698489,0,,,0.0,0.0,0.0,0.0,0.0,0.0,0.0,0.0,0.0
5,84,10,resample_pointwise,0.7,0.7580351728320194,35.32613654613462,0,,,0.0,0.0,0.0,0.0,0.0,0.0,0.0,0.0,0.0
5,84,10,resample_pointwise,0.75,0.7580351728320194,38.11119504955009,0,,,0.0,0.0,0.0,0.0,0.0,0.0,0.0,0.0,0.0
5,84,10,resample_pointwise,0.8,0.7580351728320194,41.147551956257416,0,,,0.0,0.0,0.0,0.0,0.0,0.0,0.0,0.0,0.0
5,84,10,resample_pointwise,0.85,0.7580351728320194,44.561230303706495,0,,,0.0,0.0,0.0,0.0,0.0,0.0,0.0,0.0,0.0
5,84,10,resample_pointwise,0.9,0.7580351728320194,48.86542633960516,0,,,0.0,0.0,0.0,0.0,0.0,0.0,0.0,0.0,0.0
5,84,10,resample_pointwise,0.925,0.7580351728320194,51.50319294016645,0,,,0.0,0.0,0.0,0.0,0.0,0.0,0.0,0.0,0.0
5,84,10,resample_pointwise,0.95,0.7580351728320194,54.80539309233707,0,,,0.0,0.0,0.0,0.0,0.0,0.0,0.0,0.0,0.0
5,84,10,resample_pointwise,0.975,0.7580351728320194,59.725331578092494,0,,,0.0,0.0,0.0,0.0,0.0,0.0,0.0,0.0,0.0
5,84,10,resample_pointwise,0.99,0.7580351728320194,65.15837997348979,0,,,0.0,0.0,0.0,0.0,0.0,0.0,0.0,0.0,0.0
5,84,25,baseline,0.5,0.7580351728320194,2.992259444990095,209,-63.0,63.0,0.1862348178137652,0.1100478468899521,0.6052631578947368,0.2753036437246963,0.1626794258373205,0.8947368421052632,0.2995951417004048,0.1770334928229665,0.9736842105263158
5,84,25,baseline,0.6,0.7580351728320194,3.649017922154001,112,-46.5,46.5,0.3066666666666666,0.2053571428571428,0.6052631578947368,0.4533333333333333,0.3035714285714285,0.8947368421052632,0.4933333333333333,0.3303571428571428,0.9736842105263158
5,84,25,baseline,0.7,0.7580351728320194,7.042976726900939,36,-1.0,4.0,0.6216216216216216,0.6388888888888888,0.6052631578947368,0.918918918918919,0.9444444444444444,0.8947368421052632,0.9459459459459458,0.9722222222222222,0.9210526315789472
5,84,25,baseline,0.75,0.7580351728320194,15.120255458551105,36,3.0,3.0,0.5945945945945946,0.6111111111111112,0.5789473684210527,0.8648648648648649,0.8888888888888888,0.8421052631578947,0.9459459459459458,0.9722222222222222,0.9210526315789472
5,84,25,baseline,0.8,0.7580351728320194,22.870235635779537,36,11.5,11.5,0.0,0.0,0.0,0.4054054054054054,0.4166666666666667,0.3947368421052631,0.918918918918919,0.9444444444444444,0.8947368421052632
5,84,25,baseline,0.85,0.7580351728320194,27.349672603134017,46,25.0,25.0,0.0,0.0,0.0,0.0,0.0,0.0,0.4523809523809523,0.4130434782608695,0.5
5,84,25,baseline,0.9,0.7580351728320194,29.01771456282193,76,29.0,29.0,0.0,0.0,0.0,0.0,0.0,0.0,0.2982456140350877,0.2236842105263158,0.4473684210526316
5,84,25,baseline,0.925,0.7580351728320194,29.56084196478512,71,31.0,31.0,0.0,0.0,0.0,0.0,0.0,0.0,0.2385321100917431,0.1830985915492957,0.3421052631578947
5,84,25,baseline,0.95,0.7580351728320194,30.109634913152668,57,34.0,34.0,0.0,0.0,0.0,0.0,0.0,0.0,0.1263157894736842,0.1052631578947368,0.1578947368421052
5,84,25,baseline,0.975,0.7580351728320194,30.737304273648768,43,35.0,35.0,0.0,0.0,0.0,0.0,0.0,0.0,0.074074074074074,0.0697674418604651,0.0789473684210526
5,84,25,baseline,0.99,0.7580351728320194,31.40554364246112,18,37.0,37.0,0.0,0.0,0.0,0.0,0.0,0.0,0.0357142857142857,0.0555555555555555,0.0263157894736842
5,84,25,resample_pointwise,0.5,0.7580351728320194,17.40711067010632,36,6.0,6.0,0.4324324324324324,0.4444444444444444,0.4210526315789473,0.8378378378378377,0.8611111111111112,0.8157894736842105,0.9459459459459458,0.9722222222222222,0.9210526315789472
5,84,25,resample_pointwise,0.6,0.7580351728320194,20.47618236982333,36,8.0,8.0,0.1351351351351351,0.1388888888888889,0.131578947368421,0.7297297297297298,0.75,0.7105263157894737,0.9459459459459458,0.9722222222222222,0.9210526315789472
5,84,25,resample_pointwise,0.7,0.7580351728320194,24.084742814077263,38,13.5,13.5,0.0,0.0,0.0,0.2894736842105263,0.2894736842105263,0.2894736842105263,0.868421052631579,0.868421052631579,0.868421052631579
5,84,25,resample_pointwise,0.75,0.7580351728320194,26.162831545586236,37,18.0,18.0,0.0,0.0,0.0,0.0533333333333333,0.054054054054054,0.0526315789473684,0.6133333333333333,0.6216216216216216,0.6052631578947368
5,84,25,resample_pointwise,0.8,0.7580351728320194,28.506866380588257,63,28.0,28.0,0.0,0.0,0.0,0.0,0.0,0.0,0.3366336633663366,0.2698412698412698,0.4473684210526316
5,84,25,resample_pointwise,0.85,0.7580351728320194,31.22749464283605,24,37.0,37.0,0.0,0.0,0.0,0.0,0.0,0.0,0.032258064516129,0.0416666666666666,0.0263157894736842
5,84,25,resample_pointwise,0.9,0.7580351728320194,34.59579636866479,0,,,0.0,0.0,0.0,0.0,0.0,0.0,0.0,0.0,0.0
5,84,25,resample_pointwise,0.925,0.7580351728320194,36.71724726929257,0,,,0.0,0.0,0.0,0.0,0.0,0.0,0.0,0.0,0.0
5,84,25,resample_pointwise,0.95,0.7580351728320194,39.44386792431362,0,,,0.0,0.0,0.0,0.0,0.0,0.0,0.0,0.0,0.0
5,84,25,resample_pointwise,0.975,0.7580351728320194,43.45530382095455,0,,,0.0,0.0,0.0,0.0,0.0,0.0,0.0,0.0,0.0
5,84,25,resample_pointwise,0.99,0.7580351728320194,47.9240025831163,0,,,0.0,0.0,0.0,0.0,0.0,0.0,0.0,0.0,0.0
5,84,50,baseline,0.5,0.7580351728320194,2.794382342963096,81,-61.0,61.0,0.2689075630252101,0.1975308641975308,0.4210526315789473,0.5042016806722688,0.3703703703703703,0.7894736842105263,0.6050420168067226,0.4444444444444444,0.9473684210526316
5,84,50,baseline,0.6,0.7580351728320194,8.239460967997932,36,-3.0,6.0,0.4324324324324324,0.4444444444444444,0.4210526315789473,0.8108108108108109,0.8333333333333334,0.7894736842105263,0.972972972972973,1.0,0.9473684210526316
5,84,50,baseline,0.7,0.7580351728320194,22.376551496961905,36,-1.0,5.0,0.5675675675675677,0.5833333333333334,0.5526315789473685,0.9459459459459458,0.9722222222222222,0.9210526315789472,0.972972972972973,1.0,0.9473684210526316
5,84,50,baseline,0.75,0.7580351728320194,31.320790356204224,36,4.0,4.0,0.6486486486486486,0.6666666666666666,0.631578947368421,0.8918918918918918,0.9166666666666666,0.868421052631579,0.972972972972973,1.0,0.9473684210526316
5,84,50,baseline,0.8,0.7580351728320194,40.011666845711645,36,10.0,10.0,0.0,0.0,0.0,0.5945945945945946,0.6111111111111112,0.5789473684210527,0.972972972972973,1.0,0.9473684210526316
5,84,50,baseline,0.85,0.7580351728320194,47.10422546750749,36,21.0,21.0,0.0,0.0,0.0,0.0,0.0,0.0,0.8648648648648649,0.8888888888888888,0.8421052631578947
5,84,50,baseline,0.9,0.7580351728320194,52.35087247654391,36,28.5,28.5,0.0,0.0,0.0,0.0,0.0,0.0,0.1891891891891891,0.1944444444444444,0.1842105263157894
5,84,50,baseline,0.925,0.7580351728320194,54.47322382580981,36,32.0,32.0,0.0,0.0,0.0,0.0,0.0,0.0,0.0,0.0,0.0
5,84,50,baseline,0.95,0.7580351728320194,56.16939950696171,36,36.0,36.0,0.0,0.0,0.0,0.0,0.0,0.0,0.0,0.0,0.0
5,84,50,baseline,0.975,0.7580351728320194,57.510327358526624,27,38.0,38.0,0.0,0.0,0.0,0.0,0.0,0.0,0.0,0.0,0.0
5,84,50,baseline,0.99,0.7580351728320194,58.23399813722939,16,38.0,38.0,0.0,0.0,0.0,0.0,0.0,0.0,0.0,0.0,0.0
5,84,50,resample_pointwise,0.5,0.7580351728320194,12.69383497613061,36,-3.0,6.0,0.4324324324324324,0.4444444444444444,0.4210526315789473,0.8108108108108109,0.8333333333333334,0.7894736842105263,0.972972972972973,1.0,0.9473684210526316
5,84,50,resample_pointwise,0.6,0.7580351728320194,14.963815976200552,36,-3.0,6.0,0.4324324324324324,0.4444444444444444,0.4210526315789473,0.8378378378378377,0.8611111111111112,0.8157894736842105,0.972972972972973,1.0,0.9473684210526316
5,84,50,resample_pointwise,0.7,0.7580351728320194,17.68216488595127,36,-1.5,5.0,0.5135135135135136,0.5277777777777778,0.5,0.918918918918919,0.9444444444444444,0.8947368421052632,0.972972972972973,1.0,0.9473684210526316
5,84,50,resample_pointwise,0.75,0.7580351728320194,19.26003281761335,36,-1.5,5.0,0.5135135135135136,0.5277777777777778,0.5,0.918918918918919,0.9444444444444444,0.8947368421052632,0.972972972972973,1.0,0.9473684210526316
5,84,50,resample_pointwise,0.8,0.7580351728320194,21.072737158676112,36,-1.0,5.0,0.5675675675675677,0.5833333333333334,0.5526315789473685,0.9459459459459458,0.9722222222222222,0.9210526315789472,0.972972972972973,1.0,0.9473684210526316
5,84,50,resample_pointwise,0.85,0.7580351728320194,23.224208832206354,36,-0.5,5.0,0.5675675675675677,0.5833333333333334,0.5526315789473685,0.9459459459459458,0.9722222222222222,0.9210526315789472,0.972972972972973,1.0,0.9473684210526316
5,84,50,resample_pointwise,0.9,0.7580351728320194,25.957549034316912,36,1.5,3.5,0.7027027027027027,0.7222222222222222,0.6842105263157895,0.9459459459459458,0.9722222222222222,0.9210526315789472,0.972972972972973,1.0,0.9473684210526316
5,84,50,resample_pointwise,0.925,0.7580351728320194,27.715311125411603,36,2.0,3.0,0.7297297297297298,0.75,0.7105263157894737,0.9459459459459458,0.9722222222222222,0.9210526315789472,0.972972972972973,1.0,0.9473684210526316
5,84,50,resample_pointwise,0.95,0.7580351728320194,29.975207311110108,36,3.0,3.5,0.6756756756756757,0.6944444444444444,0.6578947368421053,0.918918918918919,0.9444444444444444,0.8947368421052632,0.972972972972973,1.0,0.9473684210526316
5,84,50,resample_pointwise,0.975,0.7580351728320194,33.34777026517433,36,4.5,4.5,0.6216216216216216,0.6388888888888888,0.6052631578947368,0.8648648648648649,0.8888888888888888,0.8421052631578947,0.972972972972973,1.0,0.9473684210526316
5,84,50,resample_pointwise,0.99,0.7580351728320194,37.149827212578,36,8.0,8.0,0.1891891891891891,0.1944444444444444,0.1842105263157894,0.7027027027027027,0.7222222222222222,0.6842105263157895,0.972972972972973,1.0,0.9473684210526316
5,84,100,baseline,0.5,0.7580351728320194,24.61279986358873,36,-20.5,20.5,0.027027027027027,0.0277777777777777,0.0263157894736842,0.1351351351351351,0.1388888888888889,0.131578947368421,0.6756756756756757,0.6944444444444444,0.6578947368421053
5,84,100,baseline,0.6,0.7580351728320194,39.87785119228049,36,-17.5,17.5,0.027027027027027,0.0277777777777777,0.0263157894736842,0.1891891891891891,0.1944444444444444,0.1842105263157894,0.9459459459459458,0.9722222222222222,0.9210526315789472
5,84,100,baseline,0.7,0.7580351728320194,55.88418167693318,36,-7.5,7.5,0.2432432432432432,0.25,0.2368421052631578,0.9459459459459458,0.9722222222222222,0.9210526315789472,0.972972972972973,1.0,0.9473684210526316
5,84,100,baseline,0.75,0.7580351728320194,63.45844756274222,36,1.0,1.0,0.918918918918919,0.9444444444444444,0.8947368421052632,0.972972972972973,1.0,0.9473684210526316,0.972972972972973,1.0,0.9473684210526316
5,84,100,baseline,0.8,0.7580351728320194,69.59537586268809,36,9.5,9.5,0.0,0.0,0.0,0.6486486486486486,0.6666666666666666,0.631578947368421,0.972972972972973,1.0,0.9473684210526316
5,84,100,baseline,0.85,0.7580351728320194,74.17550388146194,36,18.0,18.0,0.0,0.0,0.0,0.0,0.0,0.0,0.918918918918919,0.9444444444444444,0.8947368421052632
5,84,100,baseline,0.9,0.7580351728320194,77.2140323618477,36,27.5,27.5,0.0,0.0,0.0,0.0,0.0,0.0,0.2972972972972973,0.3055555555555556,0.2894736842105263
5,84,100,baseline,0.925,0.7580351728320194,78.2410347533158,37,31.0,31.0,0.0,0.0,0.0,0.0,0.0,0.0,0.0533333333333333,0.054054054054054,0.0526315789473684
5,84,100,baseline,0.95,0.7580351728320194,78.96653705515024,32,35.0,35.0,0.0,0.0,0.0,0.0,0.0,0.0,0.0,0.0,0.0
5,84,100,baseline,0.975,0.7580351728320194,79.69201823318676,19,36.0,36.0,0.0,0.0,0.0,0.0,0.0,0.0,0.0,0.0,0.0
5,84,100,baseline,0.99,0.7580351728320194,80.27435391423468,18,38.0,38.0,0.0,0.0,0.0,0.0,0.0,0.0,0.0,0.0,0.0
5,84,100,resample_pointwise,0.5,0.7580351728320194,9.08679939009175,36,-20.5,20.5,0.027027027027027,0.0277777777777777,0.0263157894736842,0.1351351351351351,0.1388888888888889,0.131578947368421,0.5945945945945946,0.6111111111111112,0.5789473684210527
5,84,100,resample_pointwise,0.6,0.7580351728320194,10.745006880316517,36,-20.5,20.5,0.027027027027027,0.0277777777777777,0.0263157894736842,0.1351351351351351,0.1388888888888889,0.131578947368421,0.5945945945945946,0.6111111111111112,0.5789473684210527
5,84,100,resample_pointwise,0.7,0.7580351728320194,12.744728217483887,36,-20.5,20.5,0.027027027027027,0.0277777777777777,0.0263157894736842,0.1351351351351351,0.1388888888888889,0.131578947368421,0.5945945945945946,0.6111111111111112,0.5789473684210527
5,84,100,resample_pointwise,0.75,0.7580351728320194,13.932651775640522,36,-20.5,20.5,0.027027027027027,0.0277777777777777,0.0263157894736842,0.1351351351351351,0.1388888888888889,0.131578947368421,0.5945945945945946,0.6111111111111112,0.5789473684210527
5,84,100,resample_pointwise,0.8,0.7580351728320194,15.301264320388048,36,-20.5,20.5,0.027027027027027,0.0277777777777777,0.0263157894736842,0.1351351351351351,0.1388888888888889,0.131578947368421,0.5945945945945946,0.6111111111111112,0.5789473684210527
5,84,100,resample_pointwise,0.85,0.7580351728320194,16.936066566249924,36,-20.5,20.5,0.027027027027027,0.0277777777777777,0.0263157894736842,0.1351351351351351,0.1388888888888889,0.131578947368421,0.6486486486486486,0.6666666666666666,0.631578947368421
5,84,100,resample_pointwise,0.9,0.7580351728320194,19.01878726305434,36,-20.5,20.5,0.027027027027027,0.0277777777777777,0.0263157894736842,0.1351351351351351,0.1388888888888889,0.131578947368421,0.6486486486486486,0.6666666666666666,0.631578947368421
5,84,100,resample_pointwise,0.925,0.7580351728320194,20.381741462624483,36,-20.5,20.5,0.027027027027027,0.0277777777777777,0.0263157894736842,0.1351351351351351,0.1388888888888889,0.131578947368421,0.6756756756756757,0.6944444444444444,0.6578947368421053
5,84,100,resample_pointwise,0.95,0.7580351728320194,22.163283783825257,36,-20.5,20.5,0.027027027027027,0.0277777777777777,0.0263157894736842,0.1351351351351351,0.1388888888888889,0.131578947368421,0.6756756756756757,0.6944444444444444,0.6578947368421053
5,84,100,resample_pointwise,0.975,0.7580351728320194,24.91621186263639,36,-20.5,20.5,0.027027027027027,0.0277777777777777,0.0263157894736842,0.1351351351351351,0.1388888888888889,0.131578947368421,0.6756756756756757,0.6944444444444444,0.6578947368421053
5,84,100,resample_pointwise,0.99,0.7580351728320194,28.028111159468224,36,-20.0,20.0,0.027027027027027,0.0277777777777777,0.0263157894736842,0.1351351351351351,0.1388888888888889,0.131578947368421,0.7027027027027027,0.7222222222222222,0.6842105263157895
5,90,10,baseline,0.5,0.7451564828614009,4.0015528297048135,384,-51.0,51.0,0.0853080568720379,0.046875,0.4736842105263157,0.1184834123222748,0.0651041666666666,0.6578947368421053,0.1563981042654028,0.0859375,0.868421052631579
5,90,10,baseline,0.6,0.7451564828614009,4.846857350825808,271,-45.0,45.0,0.1100323624595469,0.062730627306273,0.4473684210526316,0.1359223300970874,0.077490774907749,0.5526315789473685,0.2006472491909385,0.1143911439114391,0.8157894736842105
5,90,10,baseline,0.7,0.7451564828614009,6.315680757182104,123,-20.0,35.0,0.1987577639751552,0.1300813008130081,0.4210526315789473,0.2360248447204969,0.1544715447154471,0.5,0.2732919254658385,0.1788617886178861,0.5789473684210527
5,90,10,baseline,0.75,0.7451564828614009,7.945415314971851,122,10.0,27.0,0.2375,0.1557377049180328,0.5,0.3125,0.2049180327868852,0.6578947368421053,0.3875,0.2540983606557377,0.8157894736842105
5,90,10,baseline,0.8,0.7451564828614009,9.49524807255388,162,20.0,22.0,0.18,0.1111111111111111,0.4736842105263157,0.29,0.1790123456790123,0.7631578947368421,0.37,0.228395061728395,0.9736842105263158
5,90,10,baseline,0.85,0.7451564828614009,10.645326248254154,189,22.0,23.0,0.0881057268722467,0.0529100529100529,0.2631578947368421,0.2378854625550661,0.1428571428571428,0.7105263157894737,0.3348017621145374,0.201058201058201,1.0
5,90,10,baseline,0.9,0.7451564828614009,11.722651807140286,175,23.0,24.0,0.0751173708920187,0.0457142857142857,0.2105263157894736,0.1784037558685446,0.1085714285714285,0.5,0.3192488262910798,0.1942857142857142,0.8947368421052632
5,90,10,baseline,0.925,0.7451564828614009,12.373405775250063,141,25.0,26.0,0.0558659217877095,0.0354609929078014,0.131578947368421,0.1899441340782122,0.1205673758865248,0.4473684210526316,0.3351955307262569,0.2127659574468085,0.7894736842105263
5,90,10,baseline,0.95,0.7451564828614009,12.995703189994984,106,27.0,27.0,0.0277777777777777,0.0188679245283018,0.0526315789473684,0.1249999999999999,0.0849056603773584,0.2368421052631578,0.3055555555555556,0.2075471698113207,0.5789473684210527
5,90,10,baseline,0.975,0.7451564828614009,14.083015125187236,53,28.0,28.0,0.0,0.0,0.0,0.0659340659340659,0.0566037735849056,0.0789473684210526,0.2637362637362637,0.2264150943396226,0.3157894736842105
5,90,10,baseline,0.99,0.7451564828614009,15.298000692569966,22,26.0,26.0,0.0,0.0,0.0,0.0333333333333333,0.0454545454545454,0.0263157894736842,0.1999999999999999,0.2727272727272727,0.1578947368421052
5,90,10,resample_pointwise,0.5,0.7451564828614009,25.66926941474601,0,,,0.0,0.0,0.0,0.0,0.0,0.0,0.0,0.0,0.0
5,90,10,resample_pointwise,0.6,0.7451564828614009,29.914586850208444,0,,,0.0,0.0,0.0,0.0,0.0,0.0,0.0,0.0,0.0
5,90,10,resample_pointwise,0.7,0.7451564828614009,34.79009059209478,0,,,0.0,0.0,0.0,0.0,0.0,0.0,0.0,0.0,0.0
5,90,10,resample_pointwise,0.75,0.7451564828614009,37.56897821107041,0,,,0.0,0.0,0.0,0.0,0.0,0.0,0.0,0.0,0.0
5,90,10,resample_pointwise,0.8,0.7451564828614009,40.643914587457225,0,,,0.0,0.0,0.0,0.0,0.0,0.0,0.0,0.0,0.0
5,90,10,resample_pointwise,0.85,0.7451564828614009,44.06212396428512,0,,,0.0,0.0,0.0,0.0,0.0,0.0,0.0,0.0,0.0
5,90,10,resample_pointwise,0.9,0.7451564828614009,48.37006241176574,0,,,0.0,0.0,0.0,0.0,0.0,0.0,0.0,0.0,0.0
5,90,10,resample_pointwise,0.925,0.7451564828614009,51.0644526393556,0,,,0.0,0.0,0.0,0.0,0.0,0.0,0.0,0.0,0.0
5,90,10,resample_pointwise,0.95,0.7451564828614009,54.40842096556173,0,,,0.0,0.0,0.0,0.0,0.0,0.0,0.0,0.0,0.0
5,90,10,resample_pointwise,0.975,0.7451564828614009,59.385650719640815,0,,,0.0,0.0,0.0,0.0,0.0,0.0,0.0,0.0,0.0
5,90,10,resample_pointwise,0.99,0.7451564828614009,64.79215391353107,0,,,0.0,0.0,0.0,0.0,0.0,0.0,0.0,0.0,0.0
5,90,25,baseline,0.5,0.7451564828614009,3.248618157837753,184,-48.0,48.0,0.2612612612612612,0.1576086956521739,0.7631578947368421,0.3243243243243243,0.1956521739130435,0.9473684210526316,0.3423423423423423,0.2065217391304347,1.0
5,90,25,baseline,0.6,0.7451564828614009,4.112697265349326,106,-30.5,30.5,0.4166666666666667,0.2830188679245283,0.7894736842105263,0.5138888888888888,0.3490566037735849,0.9736842105263158,0.5277777777777778,0.3584905660377358,1.0
5,90,25,baseline,0.7,0.7451564828614009,7.916367437885839,36,-0.5,3.0,0.8108108108108109,0.8333333333333334,0.7894736842105263,0.9459459459459458,0.9722222222222222,0.9210526315789472,0.972972972972973,1.0,0.9473684210526316
5,90,25,baseline,0.75,0.7451564828614009,15.946804399249263,36,4.0,4.0,0.5945945945945946,0.6111111111111112,0.5789473684210527,0.8378378378378377,0.8611111111111112,0.8157894736842105,0.9459459459459458,0.9722222222222222,0.9210526315789472
5,90,25,baseline,0.8,0.7451564828614009,22.90441806462933,36,16.0,16.0,0.0,0.0,0.0,0.1621621621621621,0.1666666666666666,0.1578947368421052,0.8108108108108109,0.8333333333333334,0.7894736842105263
5,90,25,baseline,0.85,0.7451564828614009,25.799266385870425,62,23.5,23.5,0.0,0.0,0.0,0.0,0.0,0.0,0.54,0.4354838709677419,0.7105263157894737
5,90,25,baseline,0.9,0.7451564828614009,27.05248265378724,80,28.0,28.0,0.0,0.0,0.0,0.0,0.0,0.0,0.3728813559322034,0.275,0.5789473684210527
5,90,25,baseline,0.925,0.7451564828614009,27.70892476291379,65,29.0,29.0,0.0,0.0,0.0,0.0,0.0,0.0,0.3300970873786408,0.2615384615384615,0.4473684210526316
5,90,25,baseline,0.95,0.7451564828614009,28.391556884130832,64,28.0,28.0,0.0,0.0,0.0,0.0,0.0,0.0,0.2745098039215686,0.21875,0.3684210526315789
5,90,25,baseline,0.975,0.7451564828614009,29.15314014530867,37,37.0,37.0,0.0,0.0,0.0,0.0,0.0,0.0,0.1066666666666666,0.1081081081081081,0.1052631578947368
5,90,25,baseline,0.99,0.7451564828614009,29.8611845315818,19,36.0,36.0,0.0,0.0,0.0,0.0,0.0,0.0,0.1052631578947368,0.1578947368421052,0.0789473684210526
5,90,25,resample_pointwise,0.5,0.7451564828614009,17.22448108478484,36,6.0,6.0,0.4594594594594595,0.4722222222222222,0.4473684210526316,0.7837837837837838,0.8055555555555556,0.7631578947368421,0.9459459459459458,0.9722222222222222,0.9210526315789472
5,90,25,resample_pointwise,0.6,0.7451564828614009,20.2251147307194,36,11.0,11.0,0.027027027027027,0.0277777777777777,0.0263157894736842,0.4594594594594595,0.4722222222222222,0.4473684210526316,0.8648648648648649,0.8888888888888888,0.8421052631578947
5,90,25,resample_pointwise,0.7,0.7451564828614009,23.752517744252916,43,17.0,17.0,0.0,0.0,0.0,0.0987654320987654,0.0930232558139534,0.1052631578947368,0.8395061728395061,0.7906976744186046,0.8947368421052632
5,90,25,resample_pointwise,0.75,0.7451564828614009,25.79903471506148,62,23.5,23.5,0.0,0.0,0.0,0.0,0.0,0.0,0.54,0.4354838709677419,0.7105263157894737
5,90,25,resample_pointwise,0.8,0.7451564828614009,28.115563555712715,58,28.0,28.0,0.0,0.0,0.0,0.0,0.0,0.0,0.2916666666666667,0.2413793103448276,0.3684210526315789
5,90,25,resample_pointwise,0.85,0.7451564828614009,30.834762600248983,4,37.5,37.5,0.0,0.0,0.0,0.0,0.0,0.0,0.0,0.0,0.0
5,90,25,resample_pointwise,0.9,0.7451564828614009,34.236422097541094,0,,,0.0,0.0,0.0,0.0,0.0,0.0,0.0,0.0,0.0
5,90,25,resample_pointwise,0.925,0.7451564828614009,36.39378782519904,0,,,0.0,0.0,0.0,0.0,0.0,0.0,0.0,0.0,0.0
5,90,25,resample_pointwise,0.95,0.7451564828614009,39.136289887443006,0,,,0.0,0.0,0.0,0.0,0.0,0.0,0.0,0.0,0.0
5,90,25,resample_pointwise,0.975,0.7451564828614009,43.17488366914307,0,,,0.0,0.0,0.0,0.0,0.0,0.0,0.0,0.0,0.0
5,90,25,resample_pointwise,0.99,0.7451564828614009,47.66530101133847,0,,,0.0,0.0,0.0,0.0,0.0,0.0,0.0,0.0,0.0
5,90,50,baseline,0.5,0.7451564828614009,3.610474951078676,59,-10.0,10.0,0.4123711340206185,0.3389830508474576,0.5263157894736842,0.6185567010309277,0.5084745762711864,0.7894736842105263,0.7422680412371134,0.6101694915254238,0.9473684210526316
5,90,50,baseline,0.6,0.7451564828614009,8.869303051151034,36,-2.0,4.0,0.5675675675675677,0.5833333333333334,0.5526315789473685,0.8378378378378377,0.8611111111111112,0.8157894736842105,0.972972972972973,1.0,0.9473684210526316
5,90,50,baseline,0.7,0.7451564828614009,22.8699508495714,36,-1.0,3.5,0.7027027027027027,0.7222222222222222,0.6842105263157895,0.972972972972973,1.0,0.9473684210526316,0.972972972972973,1.0,0.9473684210526316
5,90,50,baseline,0.75,0.7451564828614009,31.36552158314143,36,4.0,4.0,0.5945945945945946,0.6111111111111112,0.5789473684210527,0.8648648648648649,0.8888888888888888,0.8421052631578947,0.972972972972973,1.0,0.9473684210526316
5,90,50,baseline,0.8,0.7451564828614009,39.267720655549326,36,14.0,14.0,0.0,0.0,0.0,0.1621621621621621,0.1666666666666666,0.1578947368421052,0.972972972972973,1.0,0.9473684210526316
5,90,50,baseline,0.85,0.7451564828614009,45.35746700274526,36,22.0,22.0,0.0,0.0,0.0,0.0,0.0,0.0,0.7567567567567567,0.7777777777777778,0.7368421052631579
5,90,50,baseline,0.9,0.7451564828614009,49.91779500299685,36,31.0,31.0,0.0,0.0,0.0,0.0,0.0,0.0,0.054054054054054,0.0555555555555555,0.0526315789473684
5,90,50,baseline,0.925,0.7451564828614009,51.66595682982318,36,35.0,35.0,0.0,0.0,0.0,0.0,0.0,0.0,0.0,0.0,0.0
5,90,50,baseline,0.95,0.7451564828614009,52.93918459532927,38,39.0,39.0,0.0,0.0,0.0,0.0,0.0,0.0,0.0,0.0,0.0
5,90,50,baseline,0.975,0.7451564828614009,53.96249513421037,28,42.0,42.0,0.0,0.0,0.0,0.0,0.0,0.0,0.0,0.0,0.0
5,90,50,baseline,0.99,0.7451564828614009,54.98360481305606,14,40.5,40.5,0.0,0.0,0.0,0.0,0.0,0.0,0.0,0.0,0.0
5,90,50,resample_pointwise,0.5,0.7451564828614009,12.435855989597004,36,-2.0,4.0,0.5675675675675677,0.5833333333333334,0.5526315789473685,0.8378378378378377,0.8611111111111112,0.8157894736842105,0.972972972972973,1.0,0.9473684210526316
5,90,50,resample_pointwise,0.6,0.7451564828614009,14.593982158366446,36,-2.0,4.0,0.5675675675675677,0.5833333333333334,0.5526315789473685,0.8378378378378377,0.8611111111111112,0.8157894736842105,0.972972972972973,1.0,0.9473684210526316
5,90,50,resample_pointwise,0.7,0.7451564828614009,17.231248965238695,36,-2.0,4.0,0.5675675675675677,0.5833333333333334,0.5526315789473685,0.8648648648648649,0.8888888888888888,0.8421052631578947,0.972972972972973,1.0,0.9473684210526316
5,90,50,resample_pointwise,0.75,0.7451564828614009,18.79049198979842,36,-2.0,4.0,0.5675675675675677,0.5833333333333334,0.5526315789473685,0.918918918918919,0.9444444444444444,0.8947368421052632,0.972972972972973,1.0,0.9473684210526316
5,90,50,resample_pointwise,0.8,0.7451564828614009,20.573997289939708,36,-1.0,4.0,0.5945945945945946,0.6111111111111112,0.5789473684210527,0.9459459459459458,0.9722222222222222,0.9210526315789472,0.972972972972973,1.0,0.9473684210526316
5,90,50,resample_pointwise,0.85,0.7451564828614009,22.69257848449501,36,-1.0,3.5,0.7027027027027027,0.7222222222222222,0.6842105263157895,0.972972972972973,1.0,0.9473684210526316,0.972972972972973,1.0,0.9473684210526316
5,90,50,resample_pointwise,0.9,0.7451564828614009,25.37998143369019,36,-1.0,3.0,0.8108108108108109,0.8333333333333334,0.7894736842105263,0.972972972972973,1.0,0.9473684210526316,0.972972972972973,1.0,0.9473684210526316
5,90,50,resample_pointwise,0.925,0.7451564828614009,27.123313315608776,36,1.5,2.5,0.8378378378378377,0.8611111111111112,0.8157894736842105,0.9459459459459458,0.9722222222222222,0.9210526315789472,0.972972972972973,1.0,0.9473684210526316
5,90,50,resample_pointwise,0.95,0.7451564828614009,29.357589897316156,36,3.0,3.0,0.7297297297297298,0.75,0.7105263157894737,0.918918918918919,0.9444444444444444,0.8947368421052632,0.972972972972973,1.0,0.9473684210526316
5,90,50,resample_pointwise,0.975,0.7451564828614009,32.72122286023695,36,6.0,6.0,0.4324324324324324,0.4444444444444444,0.4210526315789473,0.7837837837837838,0.8055555555555556,0.7631578947368421,0.972972972972973,1.0,0.9473684210526316
5,90,50,resample_pointwise,0.99,0.7451564828614009,36.49345213141599,36,9.5,9.5,0.0,0.0,0.0,0.5405405405405405,0.5555555555555556,0.5263157894736842,0.972972972972973,1.0,0.9473684210526316
5,90,100,baseline,0.5,0.7451564828614009,24.11776381332322,36,-21.0,21.0,0.054054054054054,0.0555555555555555,0.0526315789473684,0.1891891891891891,0.1944444444444444,0.1842105263157894,0.5675675675675677,0.5833333333333334,0.5526315789473685
5,90,100,baseline,0.6,0.7451564828614009,38.43653276529838,36,-13.0,13.0,0.081081081081081,0.0833333333333333,0.0789473684210526,0.3243243243243243,0.3333333333333333,0.3157894736842105,0.972972972972973,1.0,0.9473684210526316
5,90,100,baseline,0.7,0.7451564828614009,54.22408955843178,36,-4.0,4.0,0.6756756756756757,0.6944444444444444,0.6578947368421053,0.972972972972973,1.0,0.9473684210526316,0.972972972972973,1.0,0.9473684210526316
5,90,100,baseline,0.75,0.7451564828614009,61.86343190124973,36,3.0,3.0,0.7837837837837838,0.8055555555555556,0.7631578947368421,0.9459459459459458,0.9722222222222222,0.9210526315789472,0.972972972972973,1.0,0.9473684210526316
5,90,100,baseline,0.8,0.7451564828614009,68.05144544918844,36,12.0,12.0,0.0,0.0,0.0,0.3243243243243243,0.3333333333333333,0.3157894736842105,0.972972972972973,1.0,0.9473684210526316
5,90,100,baseline,0.85,0.7451564828614009,72.57812486045049,36,20.0,20.0,0.0,0.0,0.0,0.0,0.0,0.0,0.8378378378378377,0.8611111111111112,0.8157894736842105
5,90,100,baseline,0.9,0.7451564828614009,75.64094379761394,36,30.0,30.0,0.0,0.0,0.0,0.0,0.0,0.0,0.027027027027027,0.0277777777777777,0.0263157894736842
5,90,100,baseline,0.925,0.7451564828614009,76.60726816017423,36,34.0,34.0,0.0,0.0,0.0,0.0,0.0,0.0,0.0,0.0,0.0
5,90,100,baseline,0.95,0.7451564828614009,77.26812225868592,39,39.0,39.0,0.0,0.0,0.0,0.0,0.0,0.0,0.0,0.0,0.0
5,90,100,baseline,0.975,0.7451564828614009,77.8646409534936,19,40.0,40.0,0.0,0.0,0.0,0.0,0.0,0.0,0.0,0.0,0.0
5,90,100,baseline,0.99,0.7451564828614009,78.63947147977588,6,38.0,38.0,0.0,0.0,0.0,0.0,0.0,0.0,0.0,0.0,0.0
5,90,100,resample_pointwise,0.5,0.7451564828614009,8.957312018863067,36,-21.0,21.0,0.054054054054054,0.0555555555555555,0.0526315789473684,0.1621621621621621,0.1666666666666666,0.1578947368421052,0.5405405405405405,0.5555555555555556,0.5263157894736842
5,90,100,resample_pointwise,0.6,0.7451564828614009,10.533329880793408,36,-21.0,21.0,0.054054054054054,0.0555555555555555,0.0526315789473684,0.1621621621621621,0.1666666666666666,0.1578947368421052,0.5405405405405405,0.5555555555555556,0.5263157894736842
5,90,100,resample_pointwise,0.7,0.7451564828614009,12.459162103314393,36,-21.0,21.0,0.054054054054054,0.0555555555555555,0.0526315789473684,0.1621621621621621,0.1666666666666666,0.1578947368421052,0.5405405405405405,0.5555555555555556,0.5263157894736842
5,90,100,resample_pointwise,0.75,0.7451564828614009,13.606013342368763,36,-21.0,21.0,0.054054054054054,0.0555555555555555,0.0526315789473684,0.1621621621621621,0.1666666666666666,0.1578947368421052,0.5405405405405405,0.5555555555555556,0.5263157894736842
5,90,100,resample_pointwise,0.8,0.7451564828614009,14.949106562822369,36,-21.0,21.0,0.054054054054054,0.0555555555555555,0.0526315789473684,0.1621621621621621,0.1666666666666666,0.1578947368421052,0.5405405405405405,0.5555555555555556,0.5263157894736842
5,90,100,resample_pointwise,0.85,0.7451564828614009,16.54206805539797,36,-21.0,21.0,0.054054054054054,0.0555555555555555,0.0526315789473684,0.1621621621621621,0.1666666666666666,0.1578947368421052,0.5405405405405405,0.5555555555555556,0.5263157894736842
5,90,100,resample_pointwise,0.9,0.7451564828614009,18.60431478216605,36,-21.0,21.0,0.054054054054054,0.0555555555555555,0.0526315789473684,0.1621621621621621,0.1666666666666666,0.1578947368421052,0.5405405405405405,0.5555555555555556,0.5263157894736842
5,90,100,resample_pointwise,0.925,0.7451564828614009,19.9404694367025,36,-21.0,21.0,0.054054054054054,0.0555555555555555,0.0526315789473684,0.1621621621621621,0.1666666666666666,0.1578947368421052,0.5405405405405405,0.5555555555555556,0.5263157894736842
5,90,100,resample_pointwise,0.95,0.7451564828614009,21.683913155960557,36,-21.0,21.0,0.054054054054054,0.0555555555555555,0.0526315789473684,0.1891891891891891,0.1944444444444444,0.1842105263157894,0.5675675675675677,0.5833333333333334,0.5526315789473685
5,90,100,resample_pointwise,0.975,0.7451564828614009,24.36065529184645,36,-21.0,21.0,0.054054054054054,0.0555555555555555,0.0526315789473684,0.1891891891891891,0.1944444444444444,0.1842105263157894,0.5675675675675677,0.5833333333333334,0.5526315789473685
5,90,100,resample_pointwise,0.99,0.7451564828614009,27.41760537580449,36,-21.0,21.0,0.054054054054054,0.0555555555555555,0.0526315789473684,0.1891891891891891,0.1944444444444444,0.1842105263157894,0.5675675675675677,0.5833333333333334,0.5526315789473685
5,95,10,baseline,0.5,0.7347538574577517,3.984044464062953,412,-59.0,59.0,0.0444444444444444,0.0242718446601941,0.2631578947368421,0.0666666666666666,0.0364077669902912,0.3947368421052631,0.1422222222222222,0.0776699029126213,0.8421052631578947
5,95,10,baseline,0.6,0.7347538574577517,4.766552857184565,289,-64.0,64.0,0.0856269113149847,0.0484429065743944,0.3684210526315789,0.091743119266055,0.0519031141868512,0.3947368421052631,0.18348623853211,0.1038062283737024,0.7894736842105263
5,95,10,baseline,0.7,0.7347538574577517,6.358803412959803,132,-36.0,42.0,0.0941176470588235,0.0606060606060606,0.2105263157894736,0.1294117647058823,0.0833333333333333,0.2894736842105263,0.2823529411764706,0.1818181818181818,0.631578947368421
5,95,10,baseline,0.75,0.7347538574577517,7.667910244933135,109,16.0,27.0,0.1768707482993197,0.1192660550458715,0.3421052631578947,0.2993197278911564,0.2018348623853211,0.5789473684210527,0.380952380952381,0.2568807339449541,0.7368421052631579
5,95,10,baseline,0.8,0.7347538574577517,9.13931387809515,165,20.0,20.0,0.147783251231527,0.0909090909090909,0.3947368421052631,0.2955665024630541,0.1818181818181818,0.7894736842105263,0.374384236453202,0.2303030303030303,1.0
5,95,10,baseline,0.85,0.7347538574577517,10.21296401188588,186,27.0,27.0,0.0892857142857142,0.053763440860215,0.2631578947368421,0.2142857142857142,0.1290322580645161,0.631578947368421,0.3125,0.1881720430107527,0.9210526315789472
5,95,10,baseline,0.9,0.7347538574577517,11.262017464927968,161,27.0,27.0,0.0402010050251256,0.0248447204968944,0.1052631578947368,0.1407035175879396,0.0869565217391304,0.3684210526315789,0.321608040201005,0.1987577639751552,0.8421052631578947
5,95,10,baseline,0.925,0.7347538574577517,11.912820744425815,142,29.0,29.0,0.0222222222222222,0.0140845070422535,0.0526315789473684,0.1333333333333333,0.0845070422535211,0.3157894736842105,0.2888888888888889,0.1830985915492957,0.6842105263157895
5,95,10,baseline,0.95,0.7347538574577517,12.629387939074933,116,30.0,30.0,0.0259740259740259,0.0172413793103448,0.0526315789473684,0.0909090909090909,0.0603448275862069,0.1842105263157894,0.2467532467532467,0.1637931034482758,0.5
5,95,10,baseline,0.975,0.7347538574577517,13.645569881594348,58,27.0,27.0,0.0208333333333333,0.0172413793103448,0.0263157894736842,0.0625,0.0517241379310344,0.0789473684210526,0.25,0.2068965517241379,0.3157894736842105
5,95,10,baseline,0.99,0.7347538574577517,14.74100204697745,24,24.5,24.5,0.0,0.0,0.0,0.064516129032258,0.0833333333333333,0.0526315789473684,0.1935483870967742,0.25,0.1578947368421052
5,95,10,resample_pointwise,0.5,0.7347538574577517,25.509257710137835,0,,,0.0,0.0,0.0,0.0,0.0,0.0,0.0,0.0,0.0
5,95,10,resample_pointwise,0.6,0.7347538574577517,29.751066240724683,0,,,0.0,0.0,0.0,0.0,0.0,0.0,0.0,0.0,0.0
5,95,10,resample_pointwise,0.7,0.7347538574577517,34.57597472648024,0,,,0.0,0.0,0.0,0.0,0.0,0.0,0.0,0.0,0.0
5,95,10,resample_pointwise,0.75,0.7347538574577517,37.34298475868819,0,,,0.0,0.0,0.0,0.0,0.0,0.0,0.0,0.0,0.0
5,95,10,resample_pointwise,0.8,0.7347538574577517,40.38653230160951,0,,,0.0,0.0,0.0,0.0,0.0,0.0,0.0,0.0,0.0
5,95,10,resample_pointwise,0.85,0.7347538574577517,43.82346006599392,0,,,0.0,0.0,0.0,0.0,0.0,0.0,0.0,0.0,0.0
5,95,10,resample_pointwise,0.9,0.7347538574577517,48.0681782823735,0,,,0.0,0.0,0.0,0.0,0.0,0.0,0.0,0.0,0.0
5,95,10,resample_pointwise,0.925,0.7347538574577517,50.74497869428258,0,,,0.0,0.0,0.0,0.0,0.0,0.0,0.0,0.0,0.0
5,95,10,resample_pointwise,0.95,0.7347538574577517,54.09238696911953,0,,,0.0,0.0,0.0,0.0,0.0,0.0,0.0,0.0,0.0
5,95,10,resample_pointwise,0.975,0.7347538574577517,59.12285793352511,0,,,0.0,0.0,0.0,0.0,0.0,0.0,0.0,0.0,0.0
5,95,10,resample_pointwise,0.99,0.7347538574577517,64.55712191142773,0,,,0.0,0.0,0.0,0.0,0.0,0.0,0.0,0.0,0.0
5,95,25,baseline,0.5,0.7347538574577517,3.175201473136533,227,-65.0,65.0,0.2188679245283018,0.1277533039647577,0.7631578947368421,0.2641509433962263,0.1541850220264317,0.9210526315789472,0.2867924528301886,0.1674008810572687,1.0
5,95,25,baseline,0.6,0.7347538574577517,3.910556065720215,125,-56.0,56.0,0.3558282208588957,0.232,0.7631578947368421,0.4294478527607362,0.28,0.9210526315789472,0.4662576687116564,0.304,1.0
5,95,25,baseline,0.7,0.7347538574577517,8.776838146403152,36,1.0,3.0,0.7837837837837838,0.8055555555555556,0.7631578947368421,0.918918918918919,0.9444444444444444,0.8947368421052632,0.972972972972973,1.0,0.9473684210526316
5,95,25,baseline,0.75,0.7347538574577517,16.623562872462283,36,7.5,7.5,0.2702702702702702,0.2777777777777778,0.2631578947368421,0.6756756756756757,0.6944444444444444,0.6578947368421053,0.8918918918918918,0.9166666666666666,0.868421052631579
5,95,25,baseline,0.8,0.7347538574577517,22.566418342029586,36,18.0,18.0,0.0,0.0,0.0,0.027027027027027,0.0277777777777777,0.0263157894736842,0.6486486486486486,0.6666666666666666,0.631578947368421
5,95,25,baseline,0.85,0.7347538574577517,24.90575281749598,73,27.0,27.0,0.0,0.0,0.0,0.0,0.0,0.0,0.4144144144144144,0.3150684931506849,0.6052631578947368
5,95,25,baseline,0.9,0.7347538574577517,26.201373440124016,94,30.0,30.0,0.0,0.0,0.0,0.0,0.0,0.0,0.2727272727272727,0.1914893617021276,0.4736842105263157
5,95,25,baseline,0.925,0.7347538574577517,26.58638940394744,95,31.0,31.0,0.0,0.0,0.0,0.0,0.0,0.0,0.2706766917293233,0.1894736842105263,0.4736842105263157
5,95,25,baseline,0.95,0.7347538574577517,27.08104387117241,69,31.0,31.0,0.0,0.0,0.0,0.0,0.0,0.0,0.2616822429906542,0.2028985507246377,0.3684210526315789
5,95,25,baseline,0.975,0.7347538574577517,27.721987726883626,42,29.5,29.5,0.0,0.0,0.0,0.0,0.0,0.0,0.2750000000000001,0.2619047619047619,0.2894736842105263
5,95,25,baseline,0.99,0.7347538574577517,28.34794986141101,23,31.0,31.0,0.0,0.0,0.0,0.0,0.0,0.0,0.0983606557377049,0.1304347826086956,0.0789473684210526
5,95,25,resample_pointwise,0.5,0.7347538574577517,16.98230090689748,36,8.0,8.0,0.2432432432432432,0.25,0.2368421052631578,0.6756756756756757,0.6944444444444444,0.6578947368421053,0.8918918918918918,0.9166666666666666,0.868421052631579
5,95,25,resample_pointwise,0.6,0.7347538574577517,19.89539897526672,36,13.0,13.0,0.0,0.0,0.0,0.3243243243243243,0.3333333333333333,0.3157894736842105,0.8108108108108109,0.8333333333333334,0.7894736842105263
5,95,25,resample_pointwise,0.7,0.7347538574577517,23.38134984047627,44,20.5,20.5,0.0,0.0,0.0,0.0,0.0,0.0,0.5121951219512196,0.4772727272727273,0.5526315789473685
5,95,25,resample_pointwise,0.75,0.7347538574577517,25.4058179726832,76,31.0,31.0,0.0,0.0,0.0,0.0,0.0,0.0,0.350877192982456,0.2631578947368421,0.5263157894736842
5,95,25,resample_pointwise,0.8,0.7347538574577517,27.69899769359071,43,30.0,30.0,0.0,0.0,0.0,0.0,0.0,0.0,0.2716049382716049,0.2558139534883721,0.2894736842105263
5,95,25,resample_pointwise,0.85,0.7347538574577517,30.393811881284236,0,,,0.0,0.0,0.0,0.0,0.0,0.0,0.0,0.0,0.0
5,95,25,resample_pointwise,0.9,0.7347538574577517,33.741970720420284,0,,,0.0,0.0,0.0,0.0,0.0,0.0,0.0,0.0,0.0
5,95,25,resample_pointwise,0.925,0.7347538574577517,35.85965142407483,0,,,0.0,0.0,0.0,0.0,0.0,0.0,0.0,0.0,0.0
5,95,25,resample_pointwise,0.95,0.7347538574577517,38.56401994814117,0,,,0.0,0.0,0.0,0.0,0.0,0.0,0.0,0.0,0.0
5,95,25,resample_pointwise,0.975,0.7347538574577517,42.5422142832111,0,,,0.0,0.0,0.0,0.0,0.0,0.0,0.0,0.0,0.0
5,95,25,resample_pointwise,0.99,0.7347538574577517,46.98287359258231,0,,,0.0,0.0,0.0,0.0,0.0,0.0,0.0,0.0,0.0
5,95,50,baseline,0.5,0.7347538574577517,3.2270536128818645,72,-34.0,34.0,0.3636363636363636,0.2777777777777778,0.5263157894736842,0.4727272727272728,0.3611111111111111,0.6842105263157895,0.6545454545454545,0.5,0.9473684210526316
5,95,50,baseline,0.6,0.7347538574577517,9.341544878247944,36,-2.0,4.5,0.5405405405405405,0.5555555555555556,0.5263157894736842,0.7027027027027027,0.7222222222222222,0.6842105263157895,0.972972972972973,1.0,0.9473684210526316
5,95,50,baseline,0.7,0.7347538574577517,23.25586669926585,36,0.5,3.0,0.7837837837837838,0.8055555555555556,0.7631578947368421,0.9459459459459458,0.9722222222222222,0.9210526315789472,0.972972972972973,1.0,0.9473684210526316
5,95,50,baseline,0.75,0.7347538574577517,31.39799415671232,36,7.0,7.0,0.3513513513513513,0.3611111111111111,0.3421052631578947,0.8108108108108109,0.8333333333333334,0.7894736842105263,0.972972972972973,1.0,0.9473684210526316
5,95,50,baseline,0.8,0.7347538574577517,38.61253944006479,36,16.0,16.0,0.0,0.0,0.0,0.027027027027027,0.0277777777777777,0.0263157894736842,0.9459459459459458,0.9722222222222222,0.9210526315789472
5,95,50,baseline,0.85,0.7347538574577517,44.245049950006766,36,24.0,24.0,0.0,0.0,0.0,0.0,0.0,0.0,0.6486486486486486,0.6666666666666666,0.631578947368421
5,95,50,baseline,0.9,0.7347538574577517,48.58619577559428,37,34.0,34.0,0.0,0.0,0.0,0.0,0.0,0.0,0.0266666666666666,0.027027027027027,0.0263157894736842
5,95,50,baseline,0.925,0.7347538574577517,49.98741783865684,36,38.0,38.0,0.0,0.0,0.0,0.0,0.0,0.0,0.0,0.0,0.0
5,95,50,baseline,0.95,0.7347538574577517,51.114922823536375,40,41.5,41.5,0.0,0.0,0.0,0.0,0.0,0.0,0.0,0.0,0.0
5,95,50,baseline,0.975,0.7347538574577517,51.92029163781544,29,44.0,44.0,0.0,0.0,0.0,0.0,0.0,0.0,0.0,0.0,0.0
5,95,50,baseline,0.99,0.7347538574577517,52.55403061679789,14,44.0,44.0,0.0,0.0,0.0,0.0,0.0,0.0,0.0,0.0,0.0
5,95,50,resample_pointwise,0.5,0.7347538574577517,12.32548730124534,36,-2.0,4.5,0.5405405405405405,0.5555555555555556,0.5263157894736842,0.7297297297297298,0.75,0.7105263157894737,0.972972972972973,1.0,0.9473684210526316
5,95,50,resample_pointwise,0.6,0.7347538574577517,14.479342072927157,36,-2.0,3.0,0.5945945945945946,0.6111111111111112,0.5789473684210527,0.7837837837837838,0.8055555555555556,0.7631578947368421,0.972972972972973,1.0,0.9473684210526316
5,95,50,resample_pointwise,0.7,0.7347538574577517,17.07467734099762,36,-2.0,3.0,0.6216216216216216,0.6388888888888888,0.6052631578947368,0.8378378378378377,0.8611111111111112,0.8157894736842105,0.972972972972973,1.0,0.9473684210526316
5,95,50,resample_pointwise,0.75,0.7347538574577517,18.624852679999695,36,-1.0,3.0,0.6216216216216216,0.6388888888888888,0.6052631578947368,0.918918918918919,0.9444444444444444,0.8947368421052632,0.972972972972973,1.0,0.9473684210526316
5,95,50,resample_pointwise,0.8,0.7347538574577517,20.389284072714094,36,-1.0,3.0,0.6486486486486486,0.6666666666666666,0.631578947368421,0.9459459459459458,0.9722222222222222,0.9210526315789472,0.972972972972973,1.0,0.9473684210526316
5,95,50,resample_pointwise,0.85,0.7347538574577517,22.49188988056986,36,0.5,3.0,0.7567567567567567,0.7777777777777778,0.7368421052631579,0.9459459459459458,0.9722222222222222,0.9210526315789472,0.972972972972973,1.0,0.9473684210526316
5,95,50,resample_pointwise,0.9,0.7347538574577517,25.168995151459765,36,1.0,3.0,0.7837837837837838,0.8055555555555556,0.7631578947368421,0.9459459459459458,0.9722222222222222,0.9210526315789472,0.972972972972973,1.0,0.9473684210526316
5,95,50,resample_pointwise,0.925,0.7347538574577517,26.89956841728967,36,2.0,2.0,0.7567567567567567,0.7777777777777778,0.7368421052631579,0.9459459459459458,0.9722222222222222,0.9210526315789472,0.972972972972973,1.0,0.9473684210526316
5,95,50,resample_pointwise,0.95,0.7347538574577517,29.153839352851943,36,5.5,5.5,0.4864864864864865,0.5,0.4736842105263157,0.8378378378378377,0.8611111111111112,0.8157894736842105,0.972972972972973,1.0,0.9473684210526316
5,95,50,resample_pointwise,0.975,0.7347538574577517,32.53055547966083,36,8.0,8.0,0.2432432432432432,0.25,0.2368421052631578,0.7027027027027027,0.7222222222222222,0.6842105263157895,0.972972972972973,1.0,0.9473684210526316
5,95,50,resample_pointwise,0.99,0.7347538574577517,36.30216027788494,36,12.0,12.0,0.0,0.0,0.0,0.2972972972972973,0.3055555555555556,0.2894736842105263,0.9459459459459458,0.9722222222222222,0.9210526315789472
5,95,100,baseline,0.5,0.7347538574577517,23.999380577849053,36,-9.5,9.5,0.2972972972972973,0.3055555555555556,0.2894736842105263,0.5135135135135136,0.5277777777777778,0.5,0.8378378378378377,0.8611111111111112,0.8157894736842105
5,95,100,baseline,0.6,0.7347538574577517,37.755779738570624,36,-6.5,6.5,0.3513513513513513,0.3611111111111111,0.3421052631578947,0.6216216216216216,0.6388888888888888,0.6052631578947368,0.972972972972973,1.0,0.9473684210526316
5,95,100,baseline,0.7,0.7347538574577517,53.10148049860727,36,-4.0,4.0,0.8378378378378377,0.8611111111111112,0.8157894736842105,0.972972972972973,1.0,0.9473684210526316,0.972972972972973,1.0,0.9473684210526316
5,95,100,baseline,0.75,0.7347538574577517,61.0043846504473,36,6.0,6.0,0.4594594594594595,0.4722222222222222,0.4473684210526316,0.9459459459459458,0.9722222222222222,0.9210526315789472,0.972972972972973,1.0,0.9473684210526316
5,95,100,baseline,0.8,0.7347538574577517,67.2021213846471,36,14.0,14.0,0.0,0.0,0.0,0.054054054054054,0.0555555555555555,0.0526315789473684,0.972972972972973,1.0,0.9473684210526316
5,95,100,baseline,0.85,0.7347538574577517,71.67224666291942,36,23.5,23.5,0.0,0.0,0.0,0.0,0.0,0.0,0.7567567567567567,0.7777777777777778,0.7368421052631579
5,95,100,baseline,0.9,0.7347538574577517,74.65771836856342,36,32.5,32.5,0.0,0.0,0.0,0.0,0.0,0.0,0.054054054054054,0.0555555555555555,0.0526315789473684
5,95,100,baseline,0.925,0.7347538574577517,75.67313484641576,36,37.0,37.0,0.0,0.0,0.0,0.0,0.0,0.0,0.0,0.0,0.0
5,95,100,baseline,0.95,0.7347538574577517,76.40809598887816,30,41.0,41.0,0.0,0.0,0.0,0.0,0.0,0.0,0.0,0.0,0.0
5,95,100,baseline,0.975,0.7347538574577517,76.97707522748397,20,42.0,42.0,0.0,0.0,0.0,0.0,0.0,0.0,0.0,0.0,0.0
5,95,100,baseline,0.99,0.7347538574577517,77.67275731639539,7,41.0,41.0,0.0,0.0,0.0,0.0,0.0,0.0,0.0,0.0,0.0
5,95,100,resample_pointwise,0.5,0.7347538574577517,8.911015068523538,36,-9.5,9.5,0.2972972972972973,0.3055555555555556,0.2894736842105263,0.5135135135135136,0.5277777777777778,0.5,0.7567567567567567,0.7777777777777778,0.7368421052631579
5,95,100,resample_pointwise,0.6,0.7347538574577517,10.46464459013092,36,-9.5,9.5,0.2972972972972973,0.3055555555555556,0.2894736842105263,0.5135135135135136,0.5277777777777778,0.5,0.7567567567567567,0.7777777777777778,0.7368421052631579
5,95,100,resample_pointwise,0.7,0.7347538574577517,12.342804705984443,36,-9.5,9.5,0.2972972972972973,0.3055555555555556,0.2894736842105263,0.5135135135135136,0.5277777777777778,0.5,0.7837837837837838,0.8055555555555556,0.7631578947368421
5,95,100,resample_pointwise,0.75,0.7347538574577517,13.455006458221591,36,-9.5,9.5,0.2972972972972973,0.3055555555555556,0.2894736842105263,0.5135135135135136,0.5277777777777778,0.5,0.7837837837837838,0.8055555555555556,0.7631578947368421
5,95,100,resample_pointwise,0.8,0.7347538574577517,14.757596508462616,36,-9.5,9.5,0.2972972972972973,0.3055555555555556,0.2894736842105263,0.5135135135135136,0.5277777777777778,0.5,0.7837837837837838,0.8055555555555556,0.7631578947368421
5,95,100,resample_pointwise,0.85,0.7347538574577517,16.31676877579584,36,-9.5,9.5,0.2972972972972973,0.3055555555555556,0.2894736842105263,0.5135135135135136,0.5277777777777778,0.5,0.8108108108108109,0.8333333333333334,0.7894736842105263
5,95,100,resample_pointwise,0.9,0.7347538574577517,18.337704080760403,36,-9.5,9.5,0.2972972972972973,0.3055555555555556,0.2894736842105263,0.5135135135135136,0.5277777777777778,0.5,0.8108108108108109,0.8333333333333334,0.7894736842105263
5,95,100,resample_pointwise,0.925,0.7347538574577517,19.67974091416552,36,-9.5,9.5,0.2972972972972973,0.3055555555555556,0.2894736842105263,0.5135135135135136,0.5277777777777778,0.5,0.8108108108108109,0.8333333333333334,0.7894736842105263
5,95,100,resample_pointwise,0.95,0.7347538574577517,21.428726738337552,36,-9.5,9.5,0.2972972972972973,0.3055555555555556,0.2894736842105263,0.5135135135135136,0.5277777777777778,0.5,0.8378378378378377,0.8611111111111112,0.8157894736842105
5,95,100,resample_pointwise,0.975,0.7347538574577517,24.12906148703056,36,-9.5,9.5,0.2972972972972973,0.3055555555555556,0.2894736842105263,0.5135135135135136,0.5277777777777778,0.5,0.8378378378378377,0.8611111111111112,0.8157894736842105
5,95,100,resample_pointwise,0.99,0.7347538574577517,27.174484182423623,36,-9.5,9.5,0.2972972972972973,0.3055555555555556,0.2894736842105263,0.5135135135135136,0.5277777777777778,0.5,0.8378378378378377,0.8611111111111112,0.8157894736842105
5,100,10,baseline,0.5,0.7246376811594203,3.8643186022723617,400,-66.0,66.0,0.0593607305936073,0.0325,0.3421052631578947,0.1004566210045661,0.055,0.5789473684210527,0.1232876712328767,0.0675,0.7105263157894737
5,100,10,baseline,0.6,0.7246376811594203,4.6415319667360455,258,-59.0,59.0,0.0945945945945946,0.0542635658914728,0.3684210526315789,0.1148648648648648,0.065891472868217,0.4473684210526316,0.1824324324324324,0.1046511627906976,0.7105263157894737
5,100,10,baseline,0.7,0.7246376811594203,6.328240521196942,156,-8.5,34.0,0.1443298969072165,0.0897435897435897,0.3684210526315789,0.2061855670103092,0.1282051282051282,0.5263157894736842,0.288659793814433,0.1794871794871795,0.7368421052631579
5,100,10,baseline,0.75,0.7246376811594203,7.662311375013914,160,21.0,28.0,0.1515151515151515,0.09375,0.3947368421052631,0.2727272727272727,0.16875,0.7105263157894737,0.3434343434343434,0.2125,0.8947368421052632
5,100,10,baseline,0.8,0.7246376811594203,8.897483537540518,200,25.0,25.5,0.1092436974789916,0.065,0.3421052631578947,0.226890756302521,0.135,0.7105263157894737,0.3109243697478991,0.185,0.9736842105263158
5,100,10,baseline,0.85,0.7246376811594203,10.001916544173255,204,24.5,24.5,0.0909090909090909,0.0539215686274509,0.2894736842105263,0.2231404958677686,0.1323529411764706,0.7105263157894737,0.3140495867768595,0.1862745098039215,1.0
5,100,10,baseline,0.9,0.7246376811594203,11.004938555569566,191,26.0,26.0,0.0349344978165938,0.0209424083769633,0.1052631578947368,0.131004366812227,0.0785340314136125,0.3947368421052631,0.3231441048034934,0.193717277486911,0.9736842105263158
5,100,10,baseline,0.925,0.7246376811594203,11.48302619772673,154,26.5,26.5,0.0312499999999999,0.0194805194805194,0.0789473684210526,0.1249999999999999,0.0779220779220779,0.3157894736842105,0.3645833333333333,0.2272727272727272,0.9210526315789472
5,100,10,baseline,0.95,0.7246376811594203,12.15237117806256,115,24.0,24.0,0.0261437908496732,0.017391304347826,0.0526315789473684,0.1437908496732026,0.0956521739130434,0.2894736842105263,0.3660130718954248,0.2434782608695652,0.7368421052631579
5,100,10,baseline,0.975,0.7246376811594203,13.114803373663646,62,26.0,26.0,0.0399999999999999,0.032258064516129,0.0526315789473684,0.14,0.1129032258064516,0.1842105263157894,0.3,0.2419354838709677,0.3947368421052631
5,100,10,baseline,0.99,0.7246376811594203,14.013809802388314,27,28.0,28.0,0.0307692307692307,0.037037037037037,0.0263157894736842,0.0923076923076923,0.1111111111111111,0.0789473684210526,0.2153846153846154,0.2592592592592592,0.1842105263157894
5,100,10,resample_pointwise,0.5,0.7246376811594203,25.203810284188968,0,,,0.0,0.0,0.0,0.0,0.0,0.0,0.0,0.0,0.0
5,100,10,resample_pointwise,0.6,0.7246376811594203,29.419413526372846,0,,,0.0,0.0,0.0,0.0,0.0,0.0,0.0,0.0,0.0
5,100,10,resample_pointwise,0.7,0.7246376811594203,34.20744510531895,0,,,0.0,0.0,0.0,0.0,0.0,0.0,0.0,0.0,0.0
5,100,10,resample_pointwise,0.75,0.7246376811594203,36.947323331983206,0,,,0.0,0.0,0.0,0.0,0.0,0.0,0.0,0.0,0.0
5,100,10,resample_pointwise,0.8,0.7246376811594203,40.00677610181578,0,,,0.0,0.0,0.0,0.0,0.0,0.0,0.0,0.0,0.0
5,100,10,resample_pointwise,0.85,0.7246376811594203,43.46324778315648,0,,,0.0,0.0,0.0,0.0,0.0,0.0,0.0,0.0,0.0
5,100,10,resample_pointwise,0.9,0.7246376811594203,47.7373113945461,0,,,0.0,0.0,0.0,0.0,0.0,0.0,0.0,0.0,0.0
5,100,10,resample_pointwise,0.925,0.7246376811594203,50.42790282110357,0,,,0.0,0.0,0.0,0.0,0.0,0.0,0.0,0.0,0.0
5,100,10,resample_pointwise,0.95,0.7246376811594203,53.79602642655393,0,,,0.0,0.0,0.0,0.0,0.0,0.0,0.0,0.0,0.0
5,100,10,resample_pointwise,0.975,0.7246376811594203,58.77169953636604,0,,,0.0,0.0,0.0,0.0,0.0,0.0,0.0,0.0,0.0
5,100,10,resample_pointwise,0.99,0.7246376811594203,64.20714221870446,0,,,0.0,0.0,0.0,0.0,0.0,0.0,0.0,0.0,0.0
5,100,25,baseline,0.5,0.7246376811594203,3.117135101319746,223,-68.0,68.0,0.1762452107279693,0.1031390134529148,0.6052631578947368,0.21455938697318,0.1255605381165919,0.7368421052631579,0.2681992337164751,0.1569506726457399,0.9210526315789472
5,100,25,baseline,0.6,0.7246376811594203,3.8777678589958975,114,-41.0,45.0,0.3026315789473684,0.2017543859649122,0.6052631578947368,0.3684210526315789,0.2456140350877192,0.7368421052631579,0.4605263157894737,0.3070175438596491,0.9210526315789472
5,100,25,baseline,0.7,0.7246376811594203,9.612721530862183,36,2.0,3.0,0.6216216216216216,0.6388888888888888,0.6052631578947368,0.8108108108108109,0.8333333333333334,0.7894736842105263,0.8918918918918918,0.9166666666666666,0.868421052631579
5,100,25,baseline,0.75,0.7246376811594203,17.623955759799472,36,9.0,9.0,0.1351351351351351,0.1388888888888889,0.131578947368421,0.5945945945945946,0.6111111111111112,0.5789473684210527,0.8378378378378377,0.8611111111111112,0.8157894736842105
5,100,25,baseline,0.8,0.7246376811594203,22.294200811086466,57,27.0,27.0,0.0,0.0,0.0,0.0210526315789473,0.0175438596491228,0.0263157894736842,0.5473684210526316,0.4561403508771929,0.6842105263157895
5,100,25,baseline,0.85,0.7246376811594203,23.89814094216504,106,27.0,27.0,0.0,0.0,0.0,0.0138888888888888,0.0094339622641509,0.0263157894736842,0.3888888888888889,0.2641509433962264,0.7368421052631579
5,100,25,baseline,0.9,0.7246376811594203,24.803891743881696,104,32.0,32.0,0.0,0.0,0.0,0.0,0.0,0.0,0.3098591549295774,0.2115384615384615,0.5789473684210527
5,100,25,baseline,0.925,0.7246376811594203,25.189376837010936,93,33.0,33.0,0.0,0.0,0.0,0.0,0.0,0.0,0.2900763358778626,0.2043010752688172,0.5
5,100,25,baseline,0.95,0.7246376811594203,25.65960619424104,71,34.0,34.0,0.0,0.0,0.0,0.0,0.0,0.0,0.2201834862385321,0.1690140845070422,0.3157894736842105
5,100,25,baseline,0.975,0.7246376811594203,26.34806036880344,47,33.0,33.0,0.0,0.0,0.0,0.0,0.0,0.0,0.2588235294117647,0.2340425531914893,0.2894736842105263
5,100,25,baseline,0.99,0.7246376811594203,27.005000393107625,22,26.0,26.0,0.0,0.0,0.0,0.0,0.0,0.0,0.1999999999999999,0.2727272727272727,0.1578947368421052
5,100,25,resample_pointwise,0.5,0.7246376811594203,16.828022495969826,36,8.0,8.0,0.1891891891891891,0.1944444444444444,0.1842105263157894,0.6216216216216216,0.6388888888888888,0.6052631578947368,0.8378378378378377,0.8611111111111112,0.8157894736842105
5,100,25,resample_pointwise,0.6,0.7246376811594203,19.71255880029467,36,14.5,14.5,0.0,0.0,0.0,0.3243243243243243,0.3333333333333333,0.3157894736842105,0.7027027027027027,0.7222222222222222,0.6842105263157895
5,100,25,resample_pointwise,0.7,0.7246376811594203,23.168349669170222,64,25.5,25.5,0.0,0.0,0.0,0.0196078431372549,0.015625,0.0263157894736842,0.5098039215686275,0.40625,0.6842105263157895
5,100,25,resample_pointwise,0.75,0.7246376811594203,25.18403397571693,95,33.0,33.0,0.0,0.0,0.0,0.0,0.0,0.0,0.2857142857142857,0.2,0.5
5,100,25,resample_pointwise,0.8,0.7246376811594203,27.475150460292134,9,27.0,27.0,0.0,0.0,0.0,0.0,0.0,0.0,0.0851063829787234,0.2222222222222222,0.0526315789473684
5,100,25,resample_pointwise,0.85,0.7246376811594203,30.16412314196053,0,,,0.0,0.0,0.0,0.0,0.0,0.0,0.0,0.0,0.0
5,100,25,resample_pointwise,0.9,0.7246376811594203,33.55157010787971,0,,,0.0,0.0,0.0,0.0,0.0,0.0,0.0,0.0,0.0
5,100,25,resample_pointwise,0.925,0.7246376811594203,35.693425879839,0,,,0.0,0.0,0.0,0.0,0.0,0.0,0.0,0.0,0.0
5,100,25,resample_pointwise,0.95,0.7246376811594203,38.43453151974626,0,,,0.0,0.0,0.0,0.0,0.0,0.0,0.0,0.0,0.0
5,100,25,resample_pointwise,0.975,0.7246376811594203,42.489350336592665,0,,,0.0,0.0,0.0,0.0,0.0,0.0,0.0,0.0,0.0
5,100,25,resample_pointwise,0.99,0.7246376811594203,46.93600345454739,0,,,0.0,0.0,0.0,0.0,0.0,0.0,0.0,0.0,0.0
5,100,50,baseline,0.5,0.7246376811594203,2.9911288573192367,56,-11.5,11.5,0.4468085106382978,0.375,0.5526315789473685,0.5744680851063829,0.4821428571428571,0.7105263157894737,0.7659574468085106,0.6428571428571429,0.9473684210526316
5,100,50,baseline,0.6,0.7246376811594203,9.938961453916532,36,-3.0,4.5,0.5675675675675677,0.5833333333333334,0.5526315789473685,0.7297297297297298,0.75,0.7105263157894737,0.972972972972973,1.0,0.9473684210526316
5,100,50,baseline,0.7,0.7246376811594203,23.35492662080018,36,1.0,3.0,0.7297297297297298,0.75,0.7105263157894737,0.918918918918919,0.9444444444444444,0.8947368421052632,0.972972972972973,1.0,0.9473684210526316
5,100,50,baseline,0.75,0.7246376811594203,31.431554037761387,36,8.0,8.0,0.1891891891891891,0.1944444444444444,0.1842105263157894,0.7837837837837838,0.8055555555555556,0.7631578947368421,0.972972972972973,1.0,0.9473684210526316
5,100,50,baseline,0.8,0.7246376811594203,38.01374444976989,36,17.5,17.5,0.0,0.0,0.0,0.0,0.0,0.0,0.8918918918918918,0.9166666666666666,0.868421052631579
5,100,50,baseline,0.85,0.7246376811594203,43.165389217530375,36,29.0,29.0,0.0,0.0,0.0,0.0,0.0,0.0,0.3243243243243243,0.3333333333333333,0.3157894736842105
5,100,50,baseline,0.9,0.7246376811594203,46.584081214931565,36,36.0,36.0,0.0,0.0,0.0,0.0,0.0,0.0,0.0,0.0,0.0
5,100,50,baseline,0.925,0.7246376811594203,47.94171610639272,36,41.0,41.0,0.0,0.0,0.0,0.0,0.0,0.0,0.0,0.0,0.0
5,100,50,baseline,0.95,0.7246376811594203,48.72168629557478,33,42.0,42.0,0.0,0.0,0.0,0.0,0.0,0.0,0.0,0.0,0.0
5,100,50,baseline,0.975,0.7246376811594203,49.641059527465295,32,46.0,46.0,0.0,0.0,0.0,0.0,0.0,0.0,0.0,0.0,0.0
5,100,50,baseline,0.99,0.7246376811594203,50.33514581419408,8,46.0,46.0,0.0,0.0,0.0,0.0,0.0,0.0,0.0,0.0,0.0
5,100,50,resample_pointwise,0.5,0.7246376811594203,12.150698358792798,36,-1.5,4.0,0.6486486486486486,0.6666666666666666,0.631578947368421,0.8108108108108109,0.8333333333333334,0.7894736842105263,0.972972972972973,1.0,0.9473684210526316
5,100,50,resample_pointwise,0.6,0.7246376811594203,14.231032458648162,36,-1.5,4.0,0.7027027027027027,0.7222222222222222,0.6842105263157895,0.8648648648648649,0.8888888888888888,0.8421052631578947,0.972972972972973,1.0,0.9473684210526316
5,100,50,resample_pointwise,0.7,0.7246376811594203,16.7716921891339,36,-0.5,3.0,0.7567567567567567,0.7777777777777778,0.7368421052631579,0.918918918918919,0.9444444444444444,0.8947368421052632,0.972972972972973,1.0,0.9473684210526316
5,100,50,resample_pointwise,0.75,0.7246376811594203,18.266087102044416,36,0.0,3.0,0.7567567567567567,0.7777777777777778,0.7368421052631579,0.918918918918919,0.9444444444444444,0.8947368421052632,0.972972972972973,1.0,0.9473684210526316
5,100,50,resample_pointwise,0.8,0.7246376811594203,19.995272922911344,36,0.0,3.0,0.7837837837837838,0.8055555555555556,0.7631578947368421,0.9459459459459458,0.9722222222222222,0.9210526315789472,0.972972972972973,1.0,0.9473684210526316
5,100,50,resample_pointwise,0.85,0.7246376811594203,22.076437831926096,36,0.0,3.0,0.8108108108108109,0.8333333333333334,0.7894736842105263,0.9459459459459458,0.9722222222222222,0.9210526315789472,0.972972972972973,1.0,0.9473684210526316
5,100,50,resample_pointwise,0.9,0.7246376811594203,24.72011160138296,36,2.0,2.0,0.7297297297297298,0.75,0.7105263157894737,0.918918918918919,0.9444444444444444,0.8947368421052632,0.972972972972973,1.0,0.9473684210526316
5,100,50,resample_pointwise,0.925,0.7246376811594203,26.422521178320583,36,3.5,3.5,0.6216216216216216,0.6388888888888888,0.6052631578947368,0.8918918918918918,0.9166666666666666,0.868421052631579,0.972972972972973,1.0,0.9473684210526316
5,100,50,resample_pointwise,0.95,0.7246376811594203,28.63161298688774,36,6.5,6.5,0.4324324324324324,0.4444444444444444,0.4210526315789473,0.8918918918918918,0.9166666666666666,0.868421052631579,0.972972972972973,1.0,0.9473684210526316
5,100,50,resample_pointwise,0.975,0.7246376811594203,31.93727724113104,36,9.0,9.0,0.054054054054054,0.0555555555555555,0.0526315789473684,0.6756756756756757,0.6944444444444444,0.6578947368421053,0.972972972972973,1.0,0.9473684210526316
5,100,50,resample_pointwise,0.99,0.7246376811594203,35.68815024447751,36,14.0,14.0,0.0,0.0,0.0,0.054054054054054,0.0555555555555555,0.0526315789473684,0.918918918918919,0.9444444444444444,0.8947368421052632
5,100,100,baseline,0.5,0.7246376811594203,23.05203153923415,36,-8.0,8.0,0.3513513513513513,0.3611111111111111,0.3421052631578947,0.5945945945945946,0.6111111111111112,0.5789473684210527,0.8108108108108109,0.8333333333333334,0.7894736842105263
5,100,100,baseline,0.6,0.7246376811594203,36.84444493546296,36,-7.0,7.0,0.4054054054054054,0.4166666666666667,0.3947368421052631,0.7027027027027027,0.7222222222222222,0.6842105263157895,0.972972972972973,1.0,0.9473684210526316
5,100,100,baseline,0.7,0.7246376811594203,51.812297711567325,36,-0.5,1.0,0.918918918918919,0.9444444444444444,0.8947368421052632,0.972972972972973,1.0,0.9473684210526316,0.972972972972973,1.0,0.9473684210526316
5,100,100,baseline,0.75,0.7246376811594203,59.63993358230381,36,7.0,7.0,0.1621621621621621,0.1666666666666666,0.1578947368421052,0.8648648648648649,0.8888888888888888,0.8421052631578947,0.972972972972973,1.0,0.9473684210526316
5,100,100,baseline,0.8,0.7246376811594203,65.83684971415049,36,16.0,16.0,0.0,0.0,0.0,0.0,0.0,0.0,0.9459459459459458,0.9722222222222222,0.9210526315789472
5,100,100,baseline,0.85,0.7246376811594203,70.27990585313418,36,25.0,25.0,0.0,0.0,0.0,0.0,0.0,0.0,0.5945945945945946,0.6111111111111112,0.5789473684210527
5,100,100,baseline,0.9,0.7246376811594203,73.1983053699022,36,35.0,35.0,0.0,0.0,0.0,0.0,0.0,0.0,0.0,0.0,0.0
5,100,100,baseline,0.925,0.7246376811594203,74.1897412638932,36,40.0,40.0,0.0,0.0,0.0,0.0,0.0,0.0,0.0,0.0,0.0
5,100,100,baseline,0.95,0.7246376811594203,74.8326556096529,32,42.0,42.0,0.0,0.0,0.0,0.0,0.0,0.0,0.0,0.0,0.0
5,100,100,baseline,0.975,0.7246376811594203,75.46041777441499,26,46.0,46.0,0.0,0.0,0.0,0.0,0.0,0.0,0.0,0.0,0.0
5,100,100,baseline,0.99,0.7246376811594203,75.81626932317384,17,46.0,46.0,0.0,0.0,0.0,0.0,0.0,0.0,0.0,0.0,0.0
5,100,100,resample_pointwise,0.5,0.7246376811594203,8.698365671428887,36,-10.5,10.5,0.2972972972972973,0.3055555555555556,0.2894736842105263,0.4864864864864865,0.5,0.4736842105263157,0.7027027027027027,0.7222222222222222,0.6842105263157895
5,100,100,resample_pointwise,0.6,0.7246376811594203,10.212408467988585,36,-8.5,8.5,0.3243243243243243,0.3333333333333333,0.3157894736842105,0.5135135135135136,0.5277777777777778,0.5,0.7297297297297298,0.75,0.7105263157894737
5,100,100,resample_pointwise,0.7,0.7246376811594203,12.067014167841666,36,-8.0,8.0,0.3513513513513513,0.3611111111111111,0.3421052631578947,0.5405405405405405,0.5555555555555556,0.5263157894736842,0.7567567567567567,0.7777777777777778,0.7368421052631579
5,100,100,resample_pointwise,0.75,0.7246376811594203,13.184769524464016,36,-8.0,8.0,0.3513513513513513,0.3611111111111111,0.3421052631578947,0.5405405405405405,0.5555555555555556,0.5263157894736842,0.7567567567567567,0.7777777777777778,0.7368421052631579
5,100,100,resample_pointwise,0.8,0.7246376811594203,14.47973175876003,36,-8.0,8.0,0.3513513513513513,0.3611111111111111,0.3421052631578947,0.5675675675675677,0.5833333333333334,0.5526315789473685,0.7837837837837838,0.8055555555555556,0.7631578947368421
5,100,100,resample_pointwise,0.85,0.7246376811594203,16.032533682421487,36,-8.0,8.0,0.3513513513513513,0.3611111111111111,0.3421052631578947,0.5945945945945946,0.6111111111111112,0.5789473684210527,0.8108108108108109,0.8333333333333334,0.7894736842105263
5,100,100,resample_pointwise,0.9,0.7246376811594203,18.041711058859896,36,-8.0,8.0,0.3513513513513513,0.3611111111111111,0.3421052631578947,0.5945945945945946,0.6111111111111112,0.5789473684210527,0.8108108108108109,0.8333333333333334,0.7894736842105263
5,100,100,resample_pointwise,0.925,0.7246376811594203,19.38682167543203,36,-8.0,8.0,0.3513513513513513,0.3611111111111111,0.3421052631578947,0.5945945945945946,0.6111111111111112,0.5789473684210527,0.8108108108108109,0.8333333333333334,0.7894736842105263
5,100,100,resample_pointwise,0.95,0.7246376811594203,21.13051181178116,36,-8.0,8.0,0.3513513513513513,0.3611111111111111,0.3421052631578947,0.5945945945945946,0.6111111111111112,0.5789473684210527,0.8108108108108109,0.8333333333333334,0.7894736842105263
5,100,100,resample_pointwise,0.975,0.7246376811594203,23.77230992870885,36,-8.0,8.0,0.3513513513513513,0.3611111111111111,0.3421052631578947,0.5945945945945946,0.6111111111111112,0.5789473684210527,0.8108108108108109,0.8333333333333334,0.7894736842105263
5,100,100,resample_pointwise,0.99,0.7246376811594203,26.85604074139764,36,-8.0,8.0,0.3513513513513513,0.3611111111111111,0.3421052631578947,0.5945945945945946,0.6111111111111112,0.5789473684210527,0.8378378378378377,0.8611111111111112,0.8157894736842105
20,1,10,baseline,0.5,0.9962143853357244,12.328739645125008,510,-72.0,72.0,0.0255474452554744,0.0137254901960784,0.1842105263157894,0.1313868613138686,0.0705882352941176,0.9473684210526316,0.1386861313868613,0.0745098039215686,1.0
20,1,10,baseline,0.6,0.9962143853357244,13.847368677368763,428,-72.0,72.0,0.0300429184549356,0.0163551401869158,0.1842105263157894,0.1545064377682403,0.0841121495327102,0.9473684210526316,0.1630901287553648,0.0887850467289719,1.0
20,1,10,baseline,0.7,0.9962143853357244,16.061915131996816,322,-74.0,74.0,0.0388888888888888,0.0217391304347826,0.1842105263157894,0.1999999999999999,0.1118012422360248,0.9473684210526316,0.2111111111111111,0.1180124223602484,1.0
20,1,10,baseline,0.75,0.9962143853357244,17.18341494609293,265,-70.0,70.0,0.0462046204620462,0.0264150943396226,0.1842105263157894,0.2376237623762375,0.1358490566037735,0.9473684210526316,0.2508250825082508,0.1433962264150943,1.0
20,1,10,baseline,0.8,0.9962143853357244,18.95377443979421,228,-67.0,67.0,0.0601503759398496,0.0350877192982456,0.2105263157894736,0.2706766917293233,0.1578947368421052,0.9473684210526316,0.2857142857142857,0.1666666666666666,1.0
20,1,10,baseline,0.85,0.9962143853357244,21.230300139811675,146,-57.5,57.5,0.0978260869565217,0.0616438356164383,0.2368421052631578,0.4021739130434782,0.2534246575342466,0.9736842105263158,0.4130434782608695,0.2602739726027397,1.0
20,1,10,baseline,0.9,0.9962143853357244,24.560275906150316,82,-17.5,17.5,0.1666666666666666,0.1219512195121951,0.2631578947368421,0.6166666666666667,0.4512195121951219,0.9736842105263158,0.6333333333333334,0.4634146341463415,1.0
20,1,10,baseline,0.925,0.9962143853357244,29.644319746055917,49,-7.0,7.0,0.2988505747126437,0.2653061224489796,0.3421052631578947,0.8505747126436782,0.7551020408163265,0.9736842105263158,0.8735632183908045,0.7755102040816326,1.0
20,1,10,baseline,0.95,0.9962143853357244,49.51831335562038,36,-3.0,3.0,0.8648648648648649,0.8888888888888888,0.8421052631578947,0.972972972972973,1.0,0.9473684210526316,0.972972972972973,1.0,0.9473684210526316
20,1,10,baseline,0.975,0.9962143853357244,72.50125411153486,36,-1.0,1.0,0.972972972972973,1.0,0.9473684210526316,0.972972972972973,1.0,0.9473684210526316,0.972972972972973,1.0,0.9473684210526316
20,1,10,baseline,0.99,0.9962143853357244,88.43957850632584,20,-1.0,1.0,0.6896551724137931,1.0,0.5263157894736842,0.6896551724137931,1.0,0.5263157894736842,0.6896551724137931,1.0,0.5263157894736842
20,1,10,resample_pointwise,0.5,0.9962143853357244,30.062245504697792,45,-6.0,6.0,0.3373493975903614,0.3111111111111111,0.3684210526315789,0.891566265060241,0.8222222222222222,0.9736842105263158,0.9156626506024096,0.8444444444444444,1.0
20,1,10,resample_pointwise,0.6,0.9962143853357244,34.242936834867415,39,-6.0,6.0,0.4415584415584415,0.4358974358974359,0.4473684210526316,0.9090909090909092,0.8974358974358975,0.9210526315789472,0.935064935064935,0.9230769230769232,0.9473684210526316
20,1,10,resample_pointwise,0.7,0.9962143853357244,39.00079838194193,36,-5.0,5.0,0.5675675675675677,0.5833333333333334,0.5526315789473685,0.9459459459459458,0.9722222222222222,0.9210526315789472,0.972972972972973,1.0,0.9473684210526316
20,1,10,resample_pointwise,0.75,0.9962143853357244,41.69328052436067,36,-4.0,4.0,0.6486486486486486,0.6666666666666666,0.631578947368421,0.9459459459459458,0.9722222222222222,0.9210526315789472,0.972972972972973,1.0,0.9473684210526316
20,1,10,resample_pointwise,0.8,0.9962143853357244,44.741988235275535,38,-3.5,3.5,0.7894736842105263,0.7894736842105263,0.7894736842105263,0.9473684210526316,0.9473684210526316,0.9473684210526316,0.9473684210526316,0.9473684210526316,0.9473684210526316
20,1,10,resample_pointwise,0.85,0.9962143853357244,48.29862205779048,36,-3.0,3.0,0.8378378378378377,0.8611111111111112,0.8157894736842105,0.972972972972973,1.0,0.9473684210526316,0.972972972972973,1.0,0.9473684210526316
20,1,10,resample_pointwise,0.9,0.9962143853357244,52.76744587732388,36,-3.0,3.0,0.8648648648648649,0.8888888888888888,0.8421052631578947,0.972972972972973,1.0,0.9473684210526316,0.972972972972973,1.0,0.9473684210526316
20,1,10,resample_pointwise,0.925,0.9962143853357244,55.642404768819965,36,-3.0,3.0,0.8918918918918918,0.9166666666666666,0.868421052631579,0.972972972972973,1.0,0.9473684210526316,0.972972972972973,1.0,0.9473684210526316
20,1,10,resample_pointwise,0.95,0.9962143853357244,59.37012144427123,36,-3.0,3.0,0.918918918918919,0.9444444444444444,0.8947368421052632,0.972972972972973,1.0,0.9473684210526316,0.972972972972973,1.0,0.9473684210526316
20,1,10,resample_pointwise,0.975,0.9962143853357244,65.07789009828815,36,-1.5,1.5,0.9459459459459458,0.9722222222222222,0.9210526315789472,0.972972972972973,1.0,0.9473684210526316,0.972972972972973,1.0,0.9473684210526316
20,1,10,resample_pointwise,0.99,0.9962143853357244,71.57086146535141,36,-1.0,1.0,0.972972972972973,1.0,0.9473684210526316,0.972972972972973,1.0,0.9473684210526316,0.972972972972973,1.0,0.9473684210526316
20,1,25,baseline,0.5,0.9962143853357244,10.06424002590753,283,-87.0,87.0,0.0062305295950155,0.0035335689045936,0.0263157894736842,0.0124610591900311,0.0070671378091872,0.0526315789473684,0.2305295950155763,0.1307420494699646,0.9736842105263158
20,1,25,baseline,0.6,0.9962143853357244,11.27560345632259,208,-82.5,82.5,0.008130081300813,0.0048076923076923,0.0263157894736842,0.016260162601626,0.0096153846153846,0.0526315789473684,0.3008130081300813,0.1778846153846154,0.9736842105263158
20,1,25,baseline,0.7,0.9962143853357244,13.298281414237458,168,-76.5,76.5,0.0097087378640776,0.0059523809523809,0.0263157894736842,0.0194174757281553,0.0119047619047619,0.0526315789473684,0.3592233009708738,0.2202380952380952,0.9736842105263158
20,1,25,baseline,0.75,0.9962143853357244,14.7696073731329,118,-54.0,54.0,0.0128205128205128,0.0084745762711864,0.0263157894736842,0.0256410256410256,0.0169491525423728,0.0526315789473684,0.4743589743589744,0.3135593220338983,0.9736842105263158
20,1,25,baseline,0.8,0.9962143853357244,17.687693188518114,61,-22.0,22.0,0.0202020202020202,0.0163934426229508,0.0263157894736842,0.0404040404040404,0.0327868852459016,0.0526315789473684,0.7474747474747474,0.6065573770491803,0.9736842105263158
20,1,25,baseline,0.85,0.9962143853357244,35.43257462000444,36,-15.0,15.0,0.1081081081081081,0.1111111111111111,0.1052631578947368,0.2432432432432432,0.25,0.2368421052631578,0.972972972972973,1.0,0.9473684210526316
20,1,25,baseline,0.9,0.9962143853357244,60.94410944106184,36,-8.0,8.0,0.2702702702702702,0.2777777777777778,0.2631578947368421,0.7837837837837838,0.8055555555555556,0.7631578947368421,0.972972972972973,1.0,0.9473684210526316
20,1,25,baseline,0.925,0.9962143853357244,71.86082547434523,36,-4.0,4.0,0.5405405405405405,0.5555555555555556,0.5263157894736842,0.972972972972973,1.0,0.9473684210526316,0.972972972972973,1.0,0.9473684210526316
20,1,25,baseline,0.95,0.9962143853357244,80.87533125433025,36,-2.0,2.0,0.8378378378378377,0.8611111111111112,0.8157894736842105,0.972972972972973,1.0,0.9473684210526316,0.972972972972973,1.0,0.9473684210526316
20,1,25,baseline,0.975,0.9962143853357244,90.07557232007991,34,-1.0,1.0,0.9166666666666669,0.9705882352941176,0.868421052631579,0.9444444444444444,1.0,0.8947368421052632,0.9444444444444444,1.0,0.8947368421052632
20,1,25,baseline,0.99,0.9962143853357244,96.6939366769839,20,-0.5,0.5,0.6896551724137931,1.0,0.5263157894736842,0.6896551724137931,1.0,0.5263157894736842,0.6896551724137931,1.0,0.5263157894736842
20,1,25,resample_pointwise,0.5,0.9962143853357244,20.67252714090678,46,-20.5,20.5,0.0238095238095238,0.0217391304347826,0.0263157894736842,0.0476190476190476,0.0434782608695652,0.0526315789473684,0.8809523809523809,0.8043478260869565,0.9736842105263158
20,1,25,resample_pointwise,0.6,0.9962143853357244,23.63251188004366,37,-19.0,19.0,0.0266666666666666,0.027027027027027,0.0263157894736842,0.0533333333333333,0.054054054054054,0.0526315789473684,0.9333333333333332,0.945945945945946,0.9210526315789472
20,1,25,resample_pointwise,0.7,0.9962143853357244,27.05716706383895,38,-17.5,17.5,0.0789473684210526,0.0789473684210526,0.0789473684210526,0.1052631578947368,0.1052631578947368,0.1052631578947368,0.9473684210526316,0.9473684210526316,0.9473684210526316
20,1,25,resample_pointwise,0.75,0.9962143853357244,28.99440658346747,36,-17.0,17.0,0.081081081081081,0.0833333333333333,0.0789473684210526,0.1081081081081081,0.1111111111111111,0.1052631578947368,0.972972972972973,1.0,0.9473684210526316
20,1,25,resample_pointwise,0.8,0.9962143853357244,31.20135934981617,36,-16.0,16.0,0.081081081081081,0.0833333333333333,0.0789473684210526,0.1621621621621621,0.1666666666666666,0.1578947368421052,0.972972972972973,1.0,0.9473684210526316
20,1,25,resample_pointwise,0.85,0.9962143853357244,33.76909173779422,36,-15.5,15.5,0.081081081081081,0.0833333333333333,0.0789473684210526,0.1891891891891891,0.1944444444444444,0.1842105263157894,0.972972972972973,1.0,0.9473684210526316
20,1,25,resample_pointwise,0.9,0.9962143853357244,37.03959114694445,36,-15.0,15.0,0.1081081081081081,0.1111111111111111,0.1052631578947368,0.2432432432432432,0.25,0.2368421052631578,0.972972972972973,1.0,0.9473684210526316
20,1,25,resample_pointwise,0.925,0.9962143853357244,39.15141756646784,36,-15.0,15.0,0.1081081081081081,0.1111111111111111,0.1052631578947368,0.2432432432432432,0.25,0.2368421052631578,0.972972972972973,1.0,0.9473684210526316
20,1,25,resample_pointwise,0.95,0.9962143853357244,41.86866553225606,36,-13.5,13.5,0.1351351351351351,0.1388888888888889,0.131578947368421,0.3513513513513513,0.3611111111111111,0.3421052631578947,0.972972972972973,1.0,0.9473684210526316
20,1,25,resample_pointwise,0.975,0.9962143853357244,45.98462633321144,36,-12.0,12.0,0.1891891891891891,0.1944444444444444,0.1842105263157894,0.4594594594594595,0.4722222222222222,0.4473684210526316,0.972972972972973,1.0,0.9473684210526316
20,1,25,resample_pointwise,0.99,0.9962143853357244,50.59987353833793,36,-10.0,10.0,0.2162162162162162,0.2222222222222222,0.2105263157894736,0.5405405405405405,0.5555555555555556,0.5263157894736842,0.972972972972973,1.0,0.9473684210526316
20,1,50,baseline,0.5,0.9962143853357244,9.5679520733552,142,-91.0,91.0,0.0111111111111111,0.0070422535211267,0.0263157894736842,0.0111111111111111,0.0070422535211267,0.0263157894736842,0.0111111111111111,0.0070422535211267,0.0263157894736842
20,1,50,baseline,0.6,0.9962143853357244,11.811468448222856,63,-47.0,47.0,0.0198019801980198,0.0158730158730158,0.0263157894736842,0.0198019801980198,0.0158730158730158,0.0263157894736842,0.0198019801980198,0.0158730158730158,0.0263157894736842
20,1,50,baseline,0.7,0.9962143853357244,34.570005985247974,36,-34.0,34.0,0.1351351351351351,0.1388888888888889,0.131578947368421,0.1621621621621621,0.1666666666666666,0.1578947368421052,0.1891891891891891,0.1944444444444444,0.1842105263157894
20,1,50,baseline,0.75,0.9962143853357244,48.74975772527669,36,-26.0,26.0,0.2162162162162162,0.2222222222222222,0.2105263157894736,0.2432432432432432,0.25,0.2368421052631578,0.4594594594594595,0.4722222222222222,0.4473684210526316
20,1,50,baseline,0.8,0.9962143853357244,60.54517181266692,36,-15.0,15.0,0.2972972972972973,0.3055555555555556,0.2894736842105263,0.3513513513513513,0.3611111111111111,0.3421052631578947,0.8918918918918918,0.9166666666666666,0.868421052631579
20,1,50,baseline,0.85,0.9962143853357244,70.7974066054047,36,-9.5,9.5,0.3513513513513513,0.3611111111111111,0.3421052631578947,0.5405405405405405,0.5555555555555556,0.5263157894736842,0.972972972972973,1.0,0.9473684210526316
20,1,50,baseline,0.9,0.9962143853357244,80.47617337922365,36,-4.5,4.5,0.5405405405405405,0.5555555555555556,0.5263157894736842,0.8378378378378377,0.8611111111111112,0.8157894736842105,0.972972972972973,1.0,0.9473684210526316
20,1,50,baseline,0.925,0.9962143853357244,85.2757664279831,36,-3.0,3.0,0.7027027027027027,0.7222222222222222,0.6842105263157895,0.918918918918919,0.9444444444444444,0.8947368421052632,0.972972972972973,1.0,0.9473684210526316
20,1,50,baseline,0.95,0.9962143853357244,89.71533478713536,36,-3.0,3.0,0.8648648648648649,0.8888888888888888,0.8421052631578947,0.972972972972973,1.0,0.9473684210526316,0.972972972972973,1.0,0.9473684210526316
20,1,50,baseline,0.975,0.9962143853357244,94.30090981582624,31,-1.0,1.0,0.8405797101449276,0.935483870967742,0.7631578947368421,0.898550724637681,1.0,0.8157894736842105,0.898550724637681,1.0,0.8157894736842105
20,1,50,baseline,0.99,0.9962143853357244,97.76717219465904,17,-1.0,1.0,0.6181818181818182,1.0,0.4473684210526316,0.6181818181818182,1.0,0.4473684210526316,0.6181818181818182,1.0,0.4473684210526316
20,1,50,resample_pointwise,0.5,0.9962143853357244,15.479782925463969,41,-43.0,43.0,0.0253164556962025,0.024390243902439,0.0263157894736842,0.0253164556962025,0.024390243902439,0.0263157894736842,0.0253164556962025,0.024390243902439,0.0263157894736842
20,1,50,resample_pointwise,0.6,0.9962143853357244,17.752112079201087,36,-42.0,42.0,0.027027027027027,0.0277777777777777,0.0263157894736842,0.027027027027027,0.0277777777777777,0.0263157894736842,0.027027027027027,0.0277777777777777,0.0263157894736842
20,1,50,resample_pointwise,0.7,0.9962143853357244,20.3683624379086,36,-39.5,39.5,0.081081081081081,0.0833333333333333,0.0789473684210526,0.1081081081081081,0.1111111111111111,0.1052631578947368,0.1081081081081081,0.1111111111111111,0.1052631578947368
20,1,50,resample_pointwise,0.75,0.9962143853357244,21.858055983632717,36,-39.0,39.0,0.081081081081081,0.0833333333333333,0.0789473684210526,0.1081081081081081,0.1111111111111111,0.1052631578947368,0.1081081081081081,0.1111111111111111,0.1052631578947368
20,1,50,resample_pointwise,0.8,0.9962143853357244,23.5684319092074,36,-38.0,38.0,0.1351351351351351,0.1388888888888889,0.131578947368421,0.1621621621621621,0.1666666666666666,0.1578947368421052,0.1621621621621621,0.1666666666666666,0.1578947368421052
20,1,50,resample_pointwise,0.85,0.9962143853357244,25.61105926776071,36,-36.0,36.0,0.1351351351351351,0.1388888888888889,0.131578947368421,0.1621621621621621,0.1666666666666666,0.1578947368421052,0.1621621621621621,0.1666666666666666,0.1578947368421052
20,1,50,resample_pointwise,0.9,0.9962143853357244,28.200381192848024,36,-36.0,36.0,0.1351351351351351,0.1388888888888889,0.131578947368421,0.1621621621621621,0.1666666666666666,0.1578947368421052,0.1621621621621621,0.1666666666666666,0.1578947368421052
20,1,50,resample_pointwise,0.925,0.9962143853357244,29.893759427270304,36,-36.0,36.0,0.1351351351351351,0.1388888888888889,0.131578947368421,0.1621621621621621,0.1666666666666666,0.1578947368421052,0.1621621621621621,0.1666666666666666,0.1578947368421052
20,1,50,resample_pointwise,0.95,0.9962143853357244,32.066609647296765,36,-35.0,35.0,0.1351351351351351,0.1388888888888889,0.131578947368421,0.1621621621621621,0.1666666666666666,0.1578947368421052,0.1621621621621621,0.1666666666666666,0.1578947368421052
20,1,50,resample_pointwise,0.975,0.9962143853357244,35.36491338689549,36,-34.0,34.0,0.1351351351351351,0.1388888888888889,0.131578947368421,0.1621621621621621,0.1666666666666666,0.1578947368421052,0.1891891891891891,0.1944444444444444,0.1842105263157894
20,1,50,resample_pointwise,0.99,0.9962143853357244,39.16467464570327,36,-32.0,32.0,0.1621621621621621,0.1666666666666666,0.1578947368421052,0.1891891891891891,0.1944444444444444,0.1842105263157894,0.2162162162162162,0.2222222222222222,0.2105263157894736
20,1,100,baseline,0.5,0.9962143853357244,40.43471788748539,36,-55.5,55.5,0.027027027027027,0.0277777777777777,0.0263157894736842,0.081081081081081,0.0833333333333333,0.0789473684210526,0.1621621621621621,0.1666666666666666,0.1578947368421052
20,1,100,baseline,0.6,0.9962143853357244,55.89296415615358,36,-29.0,29.0,0.054054054054054,0.0555555555555555,0.0526315789473684,0.1621621621621621,0.1666666666666666,0.1578947368421052,0.4054054054054054,0.4166666666666667,0.3947368421052631
20,1,100,baseline,0.7,0.9962143853357244,68.32965284824849,36,-21.5,21.5,0.1081081081081081,0.1111111111111111,0.1052631578947368,0.2432432432432432,0.25,0.2368421052631578,0.5945945945945946,0.6111111111111112,0.5789473684210527
20,1,100,baseline,0.75,0.9962143853357244,74.13835912088177,36,-17.0,17.0,0.1081081081081081,0.1111111111111111,0.1052631578947368,0.2702702702702702,0.2777777777777778,0.2631578947368421,0.7027027027027027,0.7222222222222222,0.6842105263157895
20,1,100,baseline,0.8,0.9962143853357244,79.67075984352964,36,-11.5,11.5,0.1891891891891891,0.1944444444444444,0.1842105263157894,0.3783783783783783,0.3888888888888889,0.3684210526315789,0.918918918918919,0.9444444444444444,0.8947368421052632
20,1,100,baseline,0.85,0.9962143853357244,85.16340444594516,36,-8.5,8.5,0.2702702702702702,0.2777777777777778,0.2631578947368421,0.5405405405405405,0.5555555555555556,0.5263157894736842,0.972972972972973,1.0,0.9473684210526316
20,1,100,baseline,0.9,0.9962143853357244,90.27253398647063,36,-6.0,6.0,0.4594594594594595,0.4722222222222222,0.4473684210526316,0.7837837837837838,0.8055555555555556,0.7631578947368421,0.972972972972973,1.0,0.9473684210526316
20,1,100,baseline,0.925,0.9962143853357244,92.74849662296236,36,-3.5,3.5,0.6756756756756757,0.6944444444444444,0.6578947368421053,0.918918918918919,0.9444444444444444,0.8947368421052632,0.972972972972973,1.0,0.9473684210526316
20,1,100,baseline,0.95,0.9962143853357244,95.07222141581153,35,-3.0,3.0,0.904109589041096,0.9428571428571428,0.868421052631579,0.958904109589041,1.0,0.9210526315789472,0.958904109589041,1.0,0.9210526315789472
20,1,100,baseline,0.975,0.9962143853357244,97.74522047875084,27,-2.0,2.0,0.8307692307692308,1.0,0.7105263157894737,0.8307692307692308,1.0,0.7105263157894737,0.8307692307692308,1.0,0.7105263157894737
20,1,100,baseline,0.99,0.9962143853357244,99.85106107757916,16,-0.5,0.5,0.5925925925925926,1.0,0.4210526315789473,0.5925925925925926,1.0,0.4210526315789473,0.5925925925925926,1.0,0.4210526315789473
20,1,100,resample_pointwise,0.5,0.9962143853357244,11.481263871788284,38,-86.0,86.0,0.0,0.0,0.0,0.0,0.0,0.0,0.0263157894736842,0.0263157894736842,0.0263157894736842
20,1,100,resample_pointwise,0.6,0.9962143853357244,13.143147243399053,38,-86.0,86.0,0.0,0.0,0.0,0.0,0.0,0.0,0.0263157894736842,0.0263157894736842,0.0263157894736842
20,1,100,resample_pointwise,0.7,0.9962143853357244,15.057709183500569,38,-86.0,86.0,0.0,0.0,0.0,0.0,0.0,0.0,0.0263157894736842,0.0263157894736842,0.0263157894736842
20,1,100,resample_pointwise,0.75,0.9962143853357244,16.187312156996953,36,-83.5,83.5,0.0,0.0,0.0,0.0,0.0,0.0,0.027027027027027,0.0277777777777777,0.0263157894736842
20,1,100,resample_pointwise,0.8,0.9962143853357244,17.49318419755733,36,-83.5,83.5,0.0,0.0,0.0,0.0,0.0,0.0,0.027027027027027,0.0277777777777777,0.0263157894736842
20,1,100,resample_pointwise,0.85,0.9962143853357244,19.061780237874736,36,-81.5,81.5,0.0,0.0,0.0,0.027027027027027,0.0277777777777777,0.0263157894736842,0.054054054054054,0.0555555555555555,0.0526315789473684
20,1,100,resample_pointwise,0.9,0.9962143853357244,21.062888185222768,36,-76.5,76.5,0.0,0.0,0.0,0.027027027027027,0.0277777777777777,0.0263157894736842,0.054054054054054,0.0555555555555555,0.0526315789473684
20,1,100,resample_pointwise,0.925,0.9962143853357244,22.349709525479604,36,-74.5,74.5,0.027027027027027,0.0277777777777777,0.0263157894736842,0.054054054054054,0.0555555555555555,0.0526315789473684,0.081081081081081,0.0833333333333333,0.0789473684210526
20,1,100,resample_pointwise,0.95,0.9962143853357244,24.00780116832023,36,-74.5,74.5,0.027027027027027,0.0277777777777777,0.0263157894736842,0.054054054054054,0.0555555555555555,0.0526315789473684,0.081081081081081,0.0833333333333333,0.0789473684210526
20,1,100,resample_pointwise,0.975,0.9962143853357244,26.508465021873327,37,-71.0,71.0,0.0266666666666666,0.027027027027027,0.0263157894736842,0.0533333333333333,0.054054054054054,0.0526315789473684,0.08,0.081081081081081,0.0789473684210526
20,1,100,resample_pointwise,0.99,0.9962143853357244,29.384645624428824,36,-67.0,67.0,0.027027027027027,0.0277777777777777,0.0263157894736842,0.054054054054054,0.0555555555555555,0.0526315789473684,0.081081081081081,0.0833333333333333,0.0789473684210526
20,6,10,baseline,0.5,0.9777082518576456,13.13824676605308,526,-75.0,75.0,0.1241134751773049,0.0665399239543726,0.9210526315789472,0.1276595744680851,0.0684410646387832,0.9473684210526316,0.1347517730496453,0.0722433460076045,1.0
20,6,10,baseline,0.6,0.9777082518576456,14.701479766024926,459,-75.0,75.0,0.1408450704225352,0.0762527233115468,0.9210526315789472,0.1448692152917505,0.0784313725490196,0.9473684210526316,0.1529175050301811,0.0827886710239651,1.0
20,6,10,baseline,0.7,0.9777082518576456,16.96434462462596,349,-65.0,65.0,0.1808785529715762,0.1002865329512893,0.9210526315789472,0.186046511627907,0.1031518624641833,0.9473684210526316,0.1963824289405684,0.1088825214899713,1.0
20,6,10,baseline,0.75,0.9777082518576456,18.29481288241687,300,-61.0,61.0,0.2071005917159763,0.1166666666666666,0.9210526315789472,0.2130177514792899,0.12,0.9473684210526316,0.2248520710059171,0.1266666666666666,1.0
20,6,10,baseline,0.8,0.9777082518576456,19.61115079563624,229,-49.0,49.0,0.2771535580524344,0.1615720524017467,0.9736842105263158,0.2846441947565543,0.1659388646288209,1.0,0.2846441947565543,0.1659388646288209,1.0
20,6,10,baseline,0.85,0.9777082518576456,22.017431913007574,166,-43.5,43.5,0.3627450980392157,0.2228915662650602,0.9736842105263158,0.3725490196078431,0.2289156626506024,1.0,0.3725490196078431,0.2289156626506024,1.0
20,6,10,baseline,0.9,0.9777082518576456,25.89696504468176,99,-27.0,27.0,0.5401459854014599,0.3737373737373737,0.9736842105263158,0.5547445255474452,0.3838383838383838,1.0,0.5547445255474452,0.3838383838383838,1.0
20,6,10,baseline,0.925,0.9777082518576456,29.13538684090789,63,-4.0,4.0,0.7524752475247524,0.6031746031746031,1.0,0.7524752475247524,0.6031746031746031,1.0,0.7524752475247524,0.6031746031746031,1.0
20,6,10,baseline,0.95,0.9777082518576456,40.93356122050163,36,-2.0,2.0,0.972972972972973,1.0,0.9473684210526316,0.972972972972973,1.0,0.9473684210526316,0.972972972972973,1.0,0.9473684210526316
20,6,10,baseline,0.975,0.9777082518576456,68.6832323493166,32,0.0,0.5,0.9142857142857144,1.0,0.8421052631578947,0.9142857142857144,1.0,0.8421052631578947,0.9142857142857144,1.0,0.8421052631578947
20,6,10,baseline,0.99,0.9777082518576456,82.11447027831625,19,2.0,2.0,0.6666666666666666,1.0,0.5,0.6666666666666666,1.0,0.5,0.6666666666666666,1.0,0.5
20,6,10,resample_pointwise,0.5,0.9777082518576456,30.053758812495303,56,-3.5,3.5,0.8085106382978724,0.6785714285714286,1.0,0.8085106382978724,0.6785714285714286,1.0,0.8085106382978724,0.6785714285714286,1.0
20,6,10,resample_pointwise,0.6,0.9777082518576456,34.1779396622141,41,-2.0,2.0,0.9113924050632912,0.8780487804878049,0.9473684210526316,0.9113924050632912,0.8780487804878049,0.9473684210526316,0.9367088607594938,0.902439024390244,0.9736842105263158
20,6,10,resample_pointwise,0.7,0.9777082518576456,38.89359674998414,38,-2.0,2.0,0.9473684210526316,0.9473684210526316,0.9473684210526316,0.9473684210526316,0.9473684210526316,0.9473684210526316,0.9736842105263158,0.9736842105263158,0.9736842105263158
20,6,10,resample_pointwise,0.75,0.9777082518576456,41.54772845715348,36,-1.0,1.5,0.972972972972973,1.0,0.9473684210526316,0.972972972972973,1.0,0.9473684210526316,0.972972972972973,1.0,0.9473684210526316
20,6,10,resample_pointwise,0.8,0.9777082518576456,44.56890378388801,36,-1.0,1.0,0.972972972972973,1.0,0.9473684210526316,0.972972972972973,1.0,0.9473684210526316,0.972972972972973,1.0,0.9473684210526316
20,6,10,resample_pointwise,0.85,0.9777082518576456,48.14175474946989,36,-1.0,1.0,0.972972972972973,1.0,0.9473684210526316,0.972972972972973,1.0,0.9473684210526316,0.972972972972973,1.0,0.9473684210526316
20,6,10,resample_pointwise,0.9,0.9777082518576456,52.646712892999055,36,-1.0,1.0,0.972972972972973,1.0,0.9473684210526316,0.972972972972973,1.0,0.9473684210526316,0.972972972972973,1.0,0.9473684210526316
20,6,10,resample_pointwise,0.925,0.9777082518576456,55.5143786214674,36,-1.0,1.0,0.972972972972973,1.0,0.9473684210526316,0.972972972972973,1.0,0.9473684210526316,0.972972972972973,1.0,0.9473684210526316
20,6,10,resample_pointwise,0.95,0.9777082518576456,59.24977356310333,36,0.0,1.0,0.972972972972973,1.0,0.9473684210526316,0.972972972972973,1.0,0.9473684210526316,0.972972972972973,1.0,0.9473684210526316
20,6,10,resample_pointwise,0.975,0.9777082518576456,65.03431843085332,36,0.0,1.0,0.972972972972973,1.0,0.9473684210526316,0.972972972972973,1.0,0.9473684210526316,0.972972972972973,1.0,0.9473684210526316
20,6,10,resample_pointwise,0.99,0.9777082518576456,71.62323019507609,30,1.0,1.0,0.8823529411764706,1.0,0.7894736842105263,0.8823529411764706,1.0,0.7894736842105263,0.8823529411764706,1.0,0.7894736842105263
20,6,25,baseline,0.5,0.9777082518576456,10.399645314349538,264,-75.0,75.0,0.0,0.0,0.0,0.0264900662251655,0.0151515151515151,0.1052631578947368,0.2450331125827814,0.1401515151515151,0.9736842105263158
20,6,25,baseline,0.6,0.9777082518576456,11.601071018410147,236,-73.5,73.5,0.0,0.0,0.0,0.0291970802919708,0.0169491525423728,0.1052631578947368,0.2773722627737226,0.1610169491525423,1.0
20,6,25,baseline,0.7,0.9777082518576456,13.467557673994376,167,-62.0,62.0,0.0,0.0,0.0,0.0390243902439024,0.0239520958083832,0.1052631578947368,0.3609756097560975,0.2215568862275449,0.9736842105263158
20,6,25,baseline,0.75,0.9777082518576456,14.71750807310985,125,-51.0,51.0,0.0,0.0,0.0,0.0490797546012269,0.032,0.1052631578947368,0.4539877300613497,0.296,0.9736842105263158
20,6,25,baseline,0.8,0.9777082518576456,16.945515638078703,76,-22.0,22.0,0.0,0.0,0.0,0.0701754385964912,0.0526315789473684,0.1052631578947368,0.6666666666666666,0.5,1.0
20,6,25,baseline,0.85,0.9777082518576456,29.364939137560075,36,-15.0,15.0,0.027027027027027,0.0277777777777777,0.0263157894736842,0.1351351351351351,0.1388888888888889,0.131578947368421,0.972972972972973,1.0,0.9473684210526316
20,6,25,baseline,0.9,0.9777082518576456,58.24571228446339,36,-5.0,5.0,0.5675675675675677,0.5833333333333334,0.5526315789473685,0.8918918918918918,0.9166666666666666,0.868421052631579,0.972972972972973,1.0,0.9473684210526316
20,6,25,baseline,0.925,0.9777082518576456,68.71753864165241,37,-4.0,4.0,0.8533333333333334,0.8648648648648649,0.8421052631578947,0.96,0.972972972972973,0.9473684210526316,0.96,0.972972972972973,0.9473684210526316
20,6,25,baseline,0.95,0.9777082518576456,78.99973404599905,36,-1.0,1.5,0.972972972972973,1.0,0.9473684210526316,0.972972972972973,1.0,0.9473684210526316,0.972972972972973,1.0,0.9473684210526316
20,6,25,baseline,0.975,0.9777082518576456,88.80783533994328,26,0.0,0.0,0.8125000000000001,1.0,0.6842105263157895,0.8125000000000001,1.0,0.6842105263157895,0.8125000000000001,1.0,0.6842105263157895
20,6,25,baseline,0.99,0.9777082518576456,96.45089623724476,17,1.0,1.0,0.6181818181818182,1.0,0.4473684210526316,0.6181818181818182,1.0,0.4473684210526316,0.6181818181818182,1.0,0.4473684210526316
20,6,25,resample_pointwise,0.5,0.9777082518576456,20.704489422541634,43,-17.0,17.0,0.0,0.0,0.0,0.0987654320987654,0.0930232558139534,0.1052631578947368,0.9382716049382716,0.8837209302325582,1.0
20,6,25,resample_pointwise,0.6,0.9777082518576456,23.59207747585612,36,-15.5,15.5,0.0,0.0,0.0,0.1081081081081081,0.1111111111111111,0.1052631578947368,0.972972972972973,1.0,0.9473684210526316
20,6,25,resample_pointwise,0.7,0.9777082518576456,26.9643524013945,36,-15.5,15.5,0.0,0.0,0.0,0.1081081081081081,0.1111111111111111,0.1052631578947368,0.972972972972973,1.0,0.9473684210526316
20,6,25,resample_pointwise,0.75,0.9777082518576456,28.911848586406546,36,-15.0,15.0,0.027027027027027,0.0277777777777777,0.0263157894736842,0.1351351351351351,0.1388888888888889,0.131578947368421,0.972972972972973,1.0,0.9473684210526316
20,6,25,resample_pointwise,0.8,0.9777082518576456,31.114762900146328,36,-14.0,14.0,0.054054054054054,0.0555555555555555,0.0526315789473684,0.1621621621621621,0.1666666666666666,0.1578947368421052,0.972972972972973,1.0,0.9473684210526316
20,6,25,resample_pointwise,0.85,0.9777082518576456,33.75668149920568,36,-13.5,13.5,0.081081081081081,0.0833333333333333,0.0789473684210526,0.2432432432432432,0.25,0.2368421052631578,0.972972972972973,1.0,0.9473684210526316
20,6,25,resample_pointwise,0.9,0.9777082518576456,37.0820545017491,36,-13.0,13.0,0.1621621621621621,0.1666666666666666,0.1578947368421052,0.3243243243243243,0.3333333333333333,0.3157894736842105,0.972972972972973,1.0,0.9473684210526316
20,6,25,resample_pointwise,0.925,0.9777082518576456,39.214991220231575,36,-12.0,12.0,0.1891891891891891,0.1944444444444444,0.1842105263157894,0.3783783783783783,0.3888888888888889,0.3684210526315789,0.972972972972973,1.0,0.9473684210526316
20,6,25,resample_pointwise,0.95,0.9777082518576456,41.95746859919443,36,-11.0,11.0,0.1891891891891891,0.1944444444444444,0.1842105263157894,0.4324324324324324,0.4444444444444444,0.4210526315789473,0.972972972972973,1.0,0.9473684210526316
20,6,25,resample_pointwise,0.975,0.9777082518576456,46.11443729196285,36,-10.0,10.0,0.2432432432432432,0.25,0.2368421052631578,0.5135135135135136,0.5277777777777778,0.5,0.972972972972973,1.0,0.9473684210526316
20,6,25,resample_pointwise,0.99,0.9777082518576456,50.8793381294444,36,-8.0,8.0,0.3243243243243243,0.3333333333333333,0.3157894736842105,0.6486486486486486,0.6666666666666666,0.631578947368421,0.972972972972973,1.0,0.9473684210526316
20,6,50,baseline,0.5,0.9777082518576456,9.418272192857897,126,-75.0,75.0,0.0,0.0,0.0,0.0,0.0,0.0,0.0,0.0,0.0
20,6,50,baseline,0.6,0.9777082518576456,11.5229783146583,80,-53.5,53.5,0.0,0.0,0.0,0.0,0.0,0.0,0.0,0.0,0.0
20,6,50,baseline,0.7,0.9777082518576456,32.84286589407934,36,-29.5,29.5,0.027027027027027,0.0277777777777777,0.0263157894736842,0.081081081081081,0.0833333333333333,0.0789473684210526,0.3243243243243243,0.3333333333333333,0.3157894736842105
20,6,50,baseline,0.75,0.9777082518576456,46.28112393331047,36,-25.0,25.0,0.027027027027027,0.0277777777777777,0.0263157894736842,0.1081081081081081,0.1111111111111111,0.1052631578947368,0.5405405405405405,0.5555555555555556,0.5263157894736842
20,6,50,baseline,0.8,0.9777082518576456,59.17312929583197,36,-17.0,17.0,0.1621621621621621,0.1666666666666666,0.1578947368421052,0.2432432432432432,0.25,0.2368421052631578,0.9459459459459458,0.9722222222222222,0.9210526315789472
20,6,50,baseline,0.85,0.9777082518576456,70.14225976360501,36,-9.0,9.0,0.3513513513513513,0.3611111111111111,0.3421052631578947,0.5135135135135136,0.5277777777777778,0.5,0.972972972972973,1.0,0.9473684210526316
20,6,50,baseline,0.9,0.9777082518576456,80.66951377382568,36,-4.5,4.5,0.6216216216216216,0.6388888888888888,0.6052631578947368,0.9459459459459458,0.9722222222222222,0.9210526315789472,0.972972972972973,1.0,0.9473684210526316
20,6,50,baseline,0.925,0.9777082518576456,85.36488393560418,36,-3.0,3.0,0.7567567567567567,0.7777777777777778,0.7368421052631579,0.972972972972973,1.0,0.9473684210526316,0.972972972972973,1.0,0.9473684210526316
20,6,50,baseline,0.95,0.9777082518576456,89.9872064960722,33,-1.0,1.0,0.9014084507042254,0.9696969696969696,0.8421052631578947,0.9295774647887324,1.0,0.868421052631579,0.9295774647887324,1.0,0.868421052631579
20,6,50,baseline,0.975,0.9777082518576456,95.23484106263808,22,0.0,1.0,0.7333333333333334,1.0,0.5789473684210527,0.7333333333333334,1.0,0.5789473684210527,0.7333333333333334,1.0,0.5789473684210527
20,6,50,baseline,0.99,0.9777082518576456,99.55819507781956,15,1.0,1.0,0.5660377358490566,1.0,0.3947368421052631,0.5660377358490566,1.0,0.3947368421052631,0.5660377358490566,1.0,0.3947368421052631
20,6,50,resample_pointwise,0.5,0.9777082518576456,15.361982803357648,40,-41.0,41.0,0.0,0.0,0.0,0.0,0.0,0.0,0.0512820512820512,0.05,0.0526315789473684
20,6,50,resample_pointwise,0.6,0.9777082518576456,17.533970445345886,36,-40.0,40.0,0.0,0.0,0.0,0.0,0.0,0.0,0.054054054054054,0.0555555555555555,0.0526315789473684
20,6,50,resample_pointwise,0.7,0.9777082518576456,20.0830887156052,36,-39.0,39.0,0.0,0.0,0.0,0.0,0.0,0.0,0.1081081081081081,0.1111111111111111,0.1052631578947368
20,6,50,resample_pointwise,0.75,0.9777082518576456,21.58269687079681,36,-38.0,38.0,0.0,0.0,0.0,0.027027027027027,0.0277777777777777,0.0263157894736842,0.1351351351351351,0.1388888888888889,0.131578947368421
20,6,50,resample_pointwise,0.8,0.9777082518576456,23.288443310188157,37,-37.0,37.0,0.0,0.0,0.0,0.0266666666666666,0.027027027027027,0.0263157894736842,0.1333333333333333,0.1351351351351351,0.131578947368421
20,6,50,resample_pointwise,0.85,0.9777082518576456,25.315127144401565,36,-35.5,35.5,0.0,0.0,0.0,0.027027027027027,0.0277777777777777,0.0263157894736842,0.1621621621621621,0.1666666666666666,0.1578947368421052
20,6,50,resample_pointwise,0.9,0.9777082518576456,27.902512836263767,37,-33.0,33.0,0.0,0.0,0.0,0.0266666666666666,0.027027027027027,0.0263157894736842,0.2133333333333333,0.2162162162162162,0.2105263157894736
20,6,50,resample_pointwise,0.925,0.9777082518576456,29.56588170857294,36,-31.0,31.0,0.027027027027027,0.0277777777777777,0.0263157894736842,0.054054054054054,0.0555555555555555,0.0526315789473684,0.2432432432432432,0.25,0.2368421052631578
20,6,50,resample_pointwise,0.95,0.9777082518576456,31.734088808084625,36,-29.5,29.5,0.027027027027027,0.0277777777777777,0.0263157894736842,0.081081081081081,0.0833333333333333,0.0789473684210526,0.3243243243243243,0.3333333333333333,0.3157894736842105
20,6,50,resample_pointwise,0.975,0.9777082518576456,35.11008930822815,36,-28.5,28.5,0.027027027027027,0.0277777777777777,0.0263157894736842,0.081081081081081,0.0833333333333333,0.0789473684210526,0.3783783783783783,0.3888888888888889,0.3684210526315789
20,6,50,resample_pointwise,0.99,0.9777082518576456,38.94095766979584,36,-26.0,26.0,0.027027027027027,0.0277777777777777,0.0263157894736842,0.081081081081081,0.0833333333333333,0.0789473684210526,0.4594594594594595,0.4722222222222222,0.4473684210526316
20,6,100,baseline,0.5,0.9777082518576456,39.346351745574886,36,-53.5,53.5,0.027027027027027,0.0277777777777777,0.0263157894736842,0.027027027027027,0.0277777777777777,0.0263157894736842,0.1081081081081081,0.1111111111111111,0.1052631578947368
20,6,100,baseline,0.6,0.9777082518576456,54.90109257736975,36,-38.0,38.0,0.1081081081081081,0.1111111111111111,0.1052631578947368,0.1621621621621621,0.1666666666666666,0.1578947368421052,0.3513513513513513,0.3611111111111111,0.3421052631578947
20,6,100,baseline,0.7,0.9777082518576456,67.90042477304117,36,-11.0,11.0,0.3243243243243243,0.3333333333333333,0.3157894736842105,0.4324324324324324,0.4444444444444444,0.4210526315789473,0.8648648648648649,0.8888888888888888,0.8421052631578947
20,6,100,baseline,0.75,0.9777082518576456,73.842434637833,36,-9.0,9.0,0.3783783783783783,0.3888888888888889,0.3684210526315789,0.5135135135135136,0.5277777777777778,0.5,0.9459459459459458,0.9722222222222222,0.9210526315789472
20,6,100,baseline,0.8,0.9777082518576456,79.38171139785908,36,-9.0,9.0,0.3783783783783783,0.3888888888888889,0.3684210526315789,0.5135135135135136,0.5277777777777778,0.5,0.972972972972973,1.0,0.9473684210526316
20,6,100,baseline,0.85,0.9777082518576456,85.09446493642409,36,-7.0,7.0,0.4324324324324324,0.4444444444444444,0.4210526315789473,0.6216216216216216,0.6388888888888888,0.6052631578947368,0.972972972972973,1.0,0.9473684210526316
20,6,100,baseline,0.9,0.9777082518576456,90.60821193453091,36,-4.5,4.5,0.5945945945945946,0.6111111111111112,0.5789473684210527,0.8918918918918918,0.9166666666666666,0.868421052631579,0.972972972972973,1.0,0.9473684210526316
20,6,100,baseline,0.925,0.9777082518576456,93.59507092369104,38,-3.5,3.5,0.868421052631579,0.868421052631579,0.868421052631579,1.0,1.0,1.0,1.0,1.0,1.0
20,6,100,baseline,0.95,0.9777082518576456,96.040553882143,34,-1.0,1.0,0.9166666666666669,0.9705882352941176,0.868421052631579,0.9444444444444444,1.0,0.8947368421052632,0.9444444444444444,1.0,0.8947368421052632
20,6,100,baseline,0.975,0.9777082518576456,99.00746645002069,27,0.0,1.0,0.8307692307692308,1.0,0.7105263157894737,0.8307692307692308,1.0,0.7105263157894737,0.8307692307692308,1.0,0.7105263157894737
20,6,100,baseline,0.99,0.9777082518576456,101.1162515822308,15,1.0,1.0,0.5660377358490566,1.0,0.3947368421052631,0.5660377358490566,1.0,0.3947368421052631,0.5660377358490566,1.0,0.3947368421052631
20,6,100,resample_pointwise,0.5,0.9777082518576456,11.21403185443406,38,-82.0,82.0,0.0,0.0,0.0,0.0,0.0,0.0,0.0,0.0,0.0
20,6,100,resample_pointwise,0.6,0.9777082518576456,12.813736099490706,36,-80.0,80.0,0.0,0.0,0.0,0.0,0.0,0.0,0.0,0.0,0.0
20,6,100,resample_pointwise,0.7,0.9777082518576456,14.752252067929184,36,-78.0,78.0,0.0,0.0,0.0,0.0,0.0,0.0,0.0,0.0,0.0
20,6,100,resample_pointwise,0.75,0.9777082518576456,15.909458147854409,36,-78.0,78.0,0.0,0.0,0.0,0.0,0.0,0.0,0.0,0.0,0.0
20,6,100,resample_pointwise,0.8,0.9777082518576456,17.235189687167207,36,-76.5,76.5,0.0,0.0,0.0,0.0,0.0,0.0,0.0,0.0,0.0
20,6,100,resample_pointwise,0.85,0.9777082518576456,18.814505797614544,36,-75.0,75.0,0.0,0.0,0.0,0.0,0.0,0.0,0.0,0.0,0.0
20,6,100,resample_pointwise,0.9,0.9777082518576456,20.817835005930057,36,-75.0,75.0,0.0,0.0,0.0,0.0,0.0,0.0,0.0,0.0,0.0
20,6,100,resample_pointwise,0.925,0.9777082518576456,22.10198199146609,36,-75.0,75.0,0.0,0.0,0.0,0.0,0.0,0.0,0.0,0.0,0.0
20,6,100,resample_pointwise,0.95,0.9777082518576456,23.78403208068676,36,-74.0,74.0,0.0,0.0,0.0,0.0,0.0,0.0,0.0,0.0,0.0
20,6,100,resample_pointwise,0.975,0.9777082518576456,26.382924302568668,36,-72.0,72.0,0.0,0.0,0.0,0.0,0.0,0.0,0.0,0.0,0.0
20,6,100,resample_pointwise,0.99,0.9777082518576456,29.406992478437555,36,-71.0,71.0,0.027027027027027,0.0277777777777777,0.0263157894736842,0.027027027027027,0.0277777777777777,0.0263157894736842,0.054054054054054,0.0555555555555555,0.0526315789473684
20,11,10,baseline,0.5,0.959877135726627,13.329634440795784,471,-71.0,71.0,0.1453831041257367,0.078556263269639,0.9736842105263158,0.1493123772102161,0.0806794055201698,1.0,0.1493123772102161,0.0806794055201698,1.0
20,11,10,baseline,0.6,0.959877135726627,15.300797149767437,428,-66.0,66.0,0.1587982832618026,0.0864485981308411,0.9736842105263158,0.1587982832618026,0.0864485981308411,0.9736842105263158,0.1630901287553648,0.0887850467289719,1.0
20,11,10,baseline,0.7,0.959877135726627,17.419420558716467,350,-56.0,56.0,0.1907216494845361,0.1057142857142857,0.9736842105263158,0.1907216494845361,0.1057142857142857,0.9736842105263158,0.1958762886597938,0.1085714285714285,1.0
20,11,10,baseline,0.75,0.959877135726627,18.85428910143117,287,-54.0,54.0,0.2276923076923077,0.1289198606271777,0.9736842105263158,0.2276923076923077,0.1289198606271777,0.9736842105263158,0.2338461538461538,0.1324041811846689,1.0
20,11,10,baseline,0.8,0.959877135726627,20.56670540142945,222,-48.0,48.0,0.2846153846153846,0.1666666666666666,0.9736842105263158,0.2846153846153846,0.1666666666666666,0.9736842105263158,0.2923076923076923,0.1711711711711711,1.0
20,11,10,baseline,0.85,0.959877135726627,22.77705780006289,157,-43.0,43.0,0.3897435897435897,0.2420382165605095,1.0,0.3897435897435897,0.2420382165605095,1.0,0.3897435897435897,0.2420382165605095,1.0
20,11,10,baseline,0.9,0.959877135726627,26.546065831375117,91,-29.0,29.0,0.5891472868217055,0.4175824175824176,1.0,0.5891472868217055,0.4175824175824176,1.0,0.5891472868217055,0.4175824175824176,1.0
20,11,10,baseline,0.925,0.959877135726627,29.82258994323533,62,-2.0,2.5,0.72,0.5806451612903226,0.9473684210526316,0.72,0.5806451612903226,0.9473684210526316,0.72,0.5806451612903226,0.9473684210526316
20,11,10,baseline,0.95,0.959877135726627,38.73715703733492,38,1.0,1.5,0.9473684210526316,0.9473684210526316,0.9473684210526316,0.9473684210526316,0.9473684210526316,0.9473684210526316,0.9473684210526316,0.9473684210526316,0.9473684210526316
20,11,10,baseline,0.975,0.959877135726627,59.20127306658903,35,3.0,3.0,0.7123287671232877,0.7428571428571429,0.6842105263157895,0.9315068493150684,0.9714285714285714,0.8947368421052632,0.9315068493150684,0.9714285714285714,0.8947368421052632
20,11,10,baseline,0.99,0.959877135726627,70.8555927031581,19,4.0,4.0,0.3859649122807018,0.5789473684210527,0.2894736842105263,0.6666666666666666,1.0,0.5,0.6666666666666666,1.0,0.5
20,11,10,resample_pointwise,0.5,0.959877135726627,29.23496851803093,68,-2.5,3.0,0.679245283018868,0.5294117647058824,0.9473684210526316,0.679245283018868,0.5294117647058824,0.9473684210526316,0.679245283018868,0.5294117647058824,0.9473684210526316
20,11,10,resample_pointwise,0.6,0.959877135726627,33.19235626012653,48,-1.0,2.0,0.8372093023255814,0.75,0.9473684210526316,0.8372093023255814,0.75,0.9473684210526316,0.8372093023255814,0.75,0.9473684210526316
20,11,10,resample_pointwise,0.7,0.959877135726627,37.74933865575596,41,0.0,2.0,0.9113924050632912,0.8780487804878049,0.9473684210526316,0.9113924050632912,0.8780487804878049,0.9473684210526316,0.9113924050632912,0.8780487804878049,0.9473684210526316
20,11,10,resample_pointwise,0.75,0.959877135726627,40.36516993501145,37,1.0,2.0,0.9333333333333332,0.945945945945946,0.9210526315789472,0.96,0.972972972972973,0.9473684210526316,0.96,0.972972972972973,0.9473684210526316
20,11,10,resample_pointwise,0.8,0.959877135726627,43.29723064648375,36,1.5,2.0,0.9459459459459458,0.9722222222222222,0.9210526315789472,0.972972972972973,1.0,0.9473684210526316,0.972972972972973,1.0,0.9473684210526316
20,11,10,resample_pointwise,0.85,0.959877135726627,46.76251483100145,37,2.0,2.0,0.88,0.8918918918918919,0.868421052631579,0.96,0.972972972972973,0.9473684210526316,0.96,0.972972972972973,0.9473684210526316
20,11,10,resample_pointwise,0.9,0.959877135726627,51.13105134806637,39,3.0,3.0,0.8051948051948051,0.7948717948717948,0.8157894736842105,0.935064935064935,0.9230769230769232,0.9473684210526316,0.935064935064935,0.9230769230769232,0.9473684210526316
20,11,10,resample_pointwise,0.925,0.959877135726627,53.91377353565867,36,3.0,3.0,0.7837837837837838,0.8055555555555556,0.7631578947368421,0.9459459459459458,0.9722222222222222,0.9210526315789472,0.9459459459459458,0.9722222222222222,0.9210526315789472
20,11,10,resample_pointwise,0.95,0.959877135726627,57.59295529177744,34,3.0,3.0,0.7222222222222222,0.7647058823529411,0.6842105263157895,0.9444444444444444,1.0,0.8947368421052632,0.9444444444444444,1.0,0.8947368421052632
20,11,10,resample_pointwise,0.975,0.959877135726627,63.12251687204265,35,3.0,3.0,0.6301369863013698,0.6571428571428571,0.6052631578947368,0.9315068493150684,0.9714285714285714,0.8947368421052632,0.9315068493150684,0.9714285714285714,0.8947368421052632
20,11,10,resample_pointwise,0.99,0.959877135726627,69.37708677051549,23,4.0,4.0,0.4918032786885246,0.6521739130434783,0.3947368421052631,0.721311475409836,0.9565217391304348,0.5789473684210527,0.721311475409836,0.9565217391304348,0.5789473684210527
20,11,25,baseline,0.5,0.959877135726627,10.983891345470544,308,-75.0,75.0,0.0231213872832369,0.0129870129870129,0.1052631578947368,0.0462427745664739,0.0259740259740259,0.2105263157894736,0.2196531791907514,0.1233766233766233,1.0
20,11,25,baseline,0.6,0.959877135726627,12.327641887241333,236,-66.5,66.5,0.0291970802919708,0.0169491525423728,0.1052631578947368,0.0583941605839416,0.0338983050847457,0.2105263157894736,0.2773722627737226,0.1610169491525423,1.0
20,11,25,baseline,0.7,0.959877135726627,14.11189302145662,171,-53.0,53.0,0.0382775119617224,0.023391812865497,0.1052631578947368,0.0765550239234449,0.0467836257309941,0.2105263157894736,0.3444976076555023,0.2105263157894736,0.9473684210526316
20,11,25,baseline,0.75,0.959877135726627,15.484335741644854,119,-53.0,53.0,0.0509554140127388,0.0336134453781512,0.1052631578947368,0.1019108280254777,0.0672268907563025,0.2105263157894736,0.4585987261146496,0.3025210084033613,0.9473684210526316
20,11,25,baseline,0.8,0.959877135726627,17.824158094789933,78,-31.5,31.5,0.0689655172413793,0.0512820512820512,0.1052631578947368,0.1379310344827586,0.1025641025641025,0.2105263157894736,0.6206896551724138,0.4615384615384615,0.9473684210526316
20,11,25,baseline,0.85,0.959877135726627,26.19680409488756,36,-12.0,12.0,0.1621621621621621,0.1666666666666666,0.1578947368421052,0.3243243243243243,0.3333333333333333,0.3157894736842105,0.972972972972973,1.0,0.9473684210526316
20,11,25,baseline,0.9,0.959877135726627,53.93479749805636,36,-3.5,4.0,0.6486486486486486,0.6666666666666666,0.631578947368421,0.972972972972973,1.0,0.9473684210526316,0.972972972972973,1.0,0.9473684210526316
20,11,25,baseline,0.925,0.959877135726627,64.35318344154288,36,-2.0,2.0,0.918918918918919,0.9444444444444444,0.8947368421052632,0.972972972972973,1.0,0.9473684210526316,0.972972972972973,1.0,0.9473684210526316
20,11,25,baseline,0.95,0.959877135726627,74.75221654344175,38,0.0,2.0,0.9210526315789472,0.9210526315789472,0.9210526315789472,0.9473684210526316,0.9473684210526316,0.9473684210526316,0.9473684210526316,0.9473684210526316,0.9473684210526316
20,11,25,baseline,0.975,0.959877135726627,82.67682691947468,27,3.0,3.0,0.7076923076923076,0.8518518518518519,0.6052631578947368,0.7692307692307692,0.925925925925926,0.6578947368421053,0.7692307692307692,0.925925925925926,0.6578947368421053
20,11,25,baseline,0.99,0.959877135726627,88.68482404427266,13,4.0,4.0,0.4313725490196079,0.8461538461538461,0.2894736842105263,0.5098039215686275,1.0,0.3421052631578947,0.5098039215686275,1.0,0.3421052631578947
20,11,25,resample_pointwise,0.5,0.959877135726627,19.955957145420157,56,-14.0,14.0,0.1063829787234042,0.0892857142857142,0.131578947368421,0.2127659574468085,0.1785714285714285,0.2631578947368421,0.7659574468085106,0.6428571428571429,0.9473684210526316
20,11,25,resample_pointwise,0.6,0.959877135726627,22.69750765897447,41,-13.0,13.0,0.1265822784810126,0.1219512195121951,0.131578947368421,0.2784810126582278,0.2682926829268293,0.2894736842105263,0.9113924050632912,0.8780487804878049,0.9473684210526316
20,11,25,resample_pointwise,0.7,0.959877135726627,25.923231917197317,36,-12.0,12.0,0.1621621621621621,0.1666666666666666,0.1578947368421052,0.3243243243243243,0.3333333333333333,0.3157894736842105,0.972972972972973,1.0,0.9473684210526316
20,11,25,resample_pointwise,0.75,0.959877135726627,27.81563480783762,36,-11.0,11.0,0.1621621621621621,0.1666666666666666,0.1578947368421052,0.4054054054054054,0.4166666666666667,0.3947368421052631,0.972972972972973,1.0,0.9473684210526316
20,11,25,resample_pointwise,0.8,0.959877135726627,29.960995795951284,36,-11.0,11.0,0.1621621621621621,0.1666666666666666,0.1578947368421052,0.4594594594594595,0.4722222222222222,0.4473684210526316,0.972972972972973,1.0,0.9473684210526316
20,11,25,resample_pointwise,0.85,0.959877135726627,32.484477816334035,36,-10.0,10.0,0.2162162162162162,0.2222222222222222,0.2105263157894736,0.5675675675675677,0.5833333333333334,0.5526315789473685,0.972972972972973,1.0,0.9473684210526316
20,11,25,resample_pointwise,0.9,0.959877135726627,35.66766741520777,36,-9.0,9.0,0.2432432432432432,0.25,0.2368421052631578,0.6486486486486486,0.6666666666666666,0.631578947368421,0.972972972972973,1.0,0.9473684210526316
20,11,25,resample_pointwise,0.925,0.959877135726627,37.710615905312594,36,-8.5,8.5,0.2432432432432432,0.25,0.2368421052631578,0.6756756756756757,0.6944444444444444,0.6578947368421053,0.972972972972973,1.0,0.9473684210526316
20,11,25,resample_pointwise,0.95,0.959877135726627,40.38274659889217,36,-7.5,7.5,0.3243243243243243,0.3333333333333333,0.3157894736842105,0.8108108108108109,0.8333333333333334,0.7894736842105263,0.972972972972973,1.0,0.9473684210526316
20,11,25,resample_pointwise,0.975,0.959877135726627,44.44921729215695,37,-7.0,7.0,0.4266666666666667,0.4324324324324324,0.4210526315789473,0.88,0.8918918918918919,0.868421052631579,0.96,0.972972972972973,0.9473684210526316
20,11,25,resample_pointwise,0.99,0.959877135726627,49.024356143075856,36,-5.0,5.0,0.5135135135135136,0.5277777777777778,0.5,0.9459459459459458,0.9722222222222222,0.9210526315789472,0.972972972972973,1.0,0.9473684210526316
20,11,50,baseline,0.5,0.959877135726627,9.626166207808549,129,-77.0,77.0,0.0,0.0,0.0,0.0,0.0,0.0,0.0239520958083832,0.0155038759689922,0.0526315789473684
20,11,50,baseline,0.6,0.959877135726627,12.244337416536036,81,-58.0,58.0,0.0,0.0,0.0,0.0,0.0,0.0,0.0336134453781512,0.0246913580246913,0.0526315789473684
20,11,50,baseline,0.7,0.959877135726627,28.107678218638448,36,-32.0,32.0,0.054054054054054,0.0555555555555555,0.0526315789473684,0.081081081081081,0.0833333333333333,0.0789473684210526,0.2702702702702702,0.2777777777777778,0.2631578947368421
20,11,50,baseline,0.75,0.959877135726627,42.940659284530525,36,-16.5,16.5,0.2432432432432432,0.25,0.2368421052631578,0.2972972972972973,0.3055555555555556,0.2894736842105263,0.7297297297297298,0.75,0.7105263157894737
20,11,50,baseline,0.8,0.959877135726627,55.861366172764605,36,-11.0,11.0,0.3243243243243243,0.3333333333333333,0.3157894736842105,0.4324324324324324,0.4444444444444444,0.4210526315789473,0.972972972972973,1.0,0.9473684210526316
20,11,50,baseline,0.85,0.959877135726627,67.03847159821386,36,-5.5,5.5,0.4864864864864865,0.5,0.4736842105263157,0.6486486486486486,0.6666666666666666,0.631578947368421,0.972972972972973,1.0,0.9473684210526316
20,11,50,baseline,0.9,0.959877135726627,77.50331582736982,36,-2.0,3.0,0.8108108108108109,0.8333333333333334,0.7894736842105263,0.9459459459459458,0.9722222222222222,0.9210526315789472,0.972972972972973,1.0,0.9473684210526316
20,11,50,baseline,0.925,0.959877135726627,82.48711667213904,36,-1.5,2.0,0.8378378378378377,0.8611111111111112,0.8157894736842105,0.972972972972973,1.0,0.9473684210526316,0.972972972972973,1.0,0.9473684210526316
20,11,50,baseline,0.95,0.959877135726627,86.77328329134443,35,1.0,2.0,0.8767123287671234,0.9142857142857144,0.8421052631578947,0.9315068493150684,0.9714285714285714,0.8947368421052632,0.9315068493150684,0.9714285714285714,0.8947368421052632
20,11,50,baseline,0.975,0.959877135726627,91.75318331365948,26,2.0,2.0,0.6562500000000001,0.8076923076923077,0.5526315789473685,0.78125,0.9615384615384616,0.6578947368421053,0.78125,0.9615384615384616,0.6578947368421053
20,11,50,baseline,0.99,0.959877135726627,95.10101043690182,11,4.0,4.0,0.3673469387755102,0.8181818181818182,0.2368421052631578,0.4489795918367347,1.0,0.2894736842105263,0.4489795918367347,1.0,0.2894736842105263
20,11,50,resample_pointwise,0.5,0.959877135726627,14.673604973212644,51,-38.0,38.0,0.0,0.0,0.0,0.0,0.0,0.0,0.0674157303370786,0.0588235294117647,0.0789473684210526
20,11,50,resample_pointwise,0.6,0.959877135726627,16.67974958631033,40,-36.0,36.0,0.0,0.0,0.0,0.0,0.0,0.0,0.1025641025641025,0.1,0.1052631578947368
20,11,50,resample_pointwise,0.7,0.959877135726627,19.131017131924636,36,-35.5,35.5,0.0,0.0,0.0,0.027027027027027,0.0277777777777777,0.0263157894736842,0.1891891891891891,0.1944444444444444,0.1842105263157894
20,11,50,resample_pointwise,0.75,0.959877135726627,20.58022122047391,36,-34.0,34.0,0.0,0.0,0.0,0.027027027027027,0.0277777777777777,0.0263157894736842,0.1891891891891891,0.1944444444444444,0.1842105263157894
20,11,50,resample_pointwise,0.8,0.959877135726627,22.248893524062964,36,-34.0,34.0,0.0,0.0,0.0,0.027027027027027,0.0277777777777777,0.0263157894736842,0.1891891891891891,0.1944444444444444,0.1842105263157894
20,11,50,resample_pointwise,0.85,0.959877135726627,24.204963592384267,36,-34.0,34.0,0.027027027027027,0.0277777777777777,0.0263157894736842,0.054054054054054,0.0555555555555555,0.0526315789473684,0.2432432432432432,0.25,0.2368421052631578
20,11,50,resample_pointwise,0.9,0.959877135726627,26.72350602173032,36,-33.0,33.0,0.054054054054054,0.0555555555555555,0.0526315789473684,0.081081081081081,0.0833333333333333,0.0789473684210526,0.2702702702702702,0.2777777777777778,0.2631578947368421
20,11,50,resample_pointwise,0.925,0.959877135726627,28.33904455226541,36,-32.0,32.0,0.054054054054054,0.0555555555555555,0.0526315789473684,0.081081081081081,0.0833333333333333,0.0789473684210526,0.2702702702702702,0.2777777777777778,0.2631578947368421
20,11,50,resample_pointwise,0.95,0.959877135726627,30.397037376690264,36,-31.0,31.0,0.054054054054054,0.0555555555555555,0.0526315789473684,0.081081081081081,0.0833333333333333,0.0789473684210526,0.2972972972972973,0.3055555555555556,0.2894736842105263
20,11,50,resample_pointwise,0.975,0.959877135726627,33.55931554949476,36,-27.0,27.0,0.081081081081081,0.0833333333333333,0.0789473684210526,0.1081081081081081,0.1111111111111111,0.1052631578947368,0.4324324324324324,0.4444444444444444,0.4210526315789473
20,11,50,resample_pointwise,0.99,0.959877135726627,37.17653323860831,36,-24.0,24.0,0.1351351351351351,0.1388888888888889,0.131578947368421,0.1621621621621621,0.1666666666666666,0.1578947368421052,0.5405405405405405,0.5555555555555556,0.5263157894736842
20,11,100,baseline,0.5,0.959877135726627,39.449408174066974,36,-58.0,58.0,0.0,0.0,0.0,0.027027027027027,0.0277777777777777,0.0263157894736842,0.054054054054054,0.0555555555555555,0.0526315789473684
20,11,100,baseline,0.6,0.959877135726627,54.46528838184461,36,-34.5,34.5,0.1081081081081081,0.1111111111111111,0.1052631578947368,0.1621621621621621,0.1666666666666666,0.1578947368421052,0.3513513513513513,0.3611111111111111,0.3421052631578947
20,11,100,baseline,0.7,0.959877135726627,66.85611897081905,36,-17.0,17.0,0.2702702702702702,0.2777777777777778,0.2631578947368421,0.3783783783783783,0.3888888888888889,0.3684210526315789,0.7027027027027027,0.7222222222222222,0.6842105263157895
20,11,100,baseline,0.75,0.959877135726627,72.42437786171293,36,-11.5,11.5,0.3243243243243243,0.3333333333333333,0.3157894736842105,0.4324324324324324,0.4444444444444444,0.4210526315789473,0.8378378378378377,0.8611111111111112,0.8157894736842105
20,11,100,baseline,0.8,0.959877135726627,77.8004899329217,36,-7.5,7.5,0.4054054054054054,0.4166666666666667,0.3947368421052631,0.5945945945945946,0.6111111111111112,0.5789473684210527,0.9459459459459458,0.9722222222222222,0.9210526315789472
20,11,100,baseline,0.85,0.959877135726627,82.73735546099843,37,-6.0,6.0,0.4799999999999999,0.4864864864864865,0.4736842105263157,0.6933333333333334,0.7027027027027027,0.6842105263157895,0.96,0.972972972972973,0.9473684210526316
20,11,100,baseline,0.9,0.959877135726627,87.83089549403056,36,-2.0,2.0,0.7837837837837838,0.8055555555555556,0.7631578947368421,0.918918918918919,0.9444444444444444,0.8947368421052632,0.972972972972973,1.0,0.9473684210526316
20,11,100,baseline,0.925,0.959877135726627,90.33050370100318,38,-0.5,2.0,0.8157894736842104,0.8157894736842105,0.8157894736842105,0.9473684210526316,0.9473684210526316,0.9473684210526316,0.9473684210526316,0.9473684210526316,0.9473684210526316
20,11,100,baseline,0.95,0.959877135726627,92.75466039561849,28,0.0,2.0,0.7878787878787878,0.9285714285714286,0.6842105263157895,0.8484848484848484,1.0,0.7368421052631579,0.8484848484848484,1.0,0.7368421052631579
20,11,100,baseline,0.975,0.959877135726627,95.1955722812266,20,2.0,2.0,0.6551724137931034,0.95,0.5,0.6896551724137931,1.0,0.5263157894736842,0.6896551724137931,1.0,0.5263157894736842
20,11,100,baseline,0.99,0.959877135726627,97.80002527024502,10,2.5,2.5,0.2916666666666666,0.7,0.1842105263157894,0.4166666666666667,1.0,0.2631578947368421,0.4166666666666667,1.0,0.2631578947368421
20,11,100,resample_pointwise,0.5,0.959877135726627,10.75574892507782,36,-82.5,82.5,0.0,0.0,0.0,0.0,0.0,0.0,0.0,0.0,0.0
20,11,100,resample_pointwise,0.6,0.959877135726627,12.252119309771304,36,-81.5,81.5,0.0,0.0,0.0,0.0,0.0,0.0,0.0,0.0,0.0
20,11,100,resample_pointwise,0.7,0.959877135726627,14.094106908892986,36,-78.5,78.5,0.0,0.0,0.0,0.0,0.0,0.0,0.0,0.0,0.0
20,11,100,resample_pointwise,0.75,0.959877135726627,15.195380630769192,36,-78.5,78.5,0.0,0.0,0.0,0.0,0.0,0.0,0.0,0.0,0.0
20,11,100,resample_pointwise,0.8,0.959877135726627,16.459348904476364,36,-78.5,78.5,0.0,0.0,0.0,0.0,0.0,0.0,0.0,0.0,0.0
20,11,100,resample_pointwise,0.85,0.959877135726627,17.982302873076556,36,-78.0,78.0,0.0,0.0,0.0,0.0,0.0,0.0,0.0,0.0,0.0
20,11,100,resample_pointwise,0.9,0.959877135726627,19.948332326001008,36,-77.0,77.0,0.0,0.0,0.0,0.0,0.0,0.0,0.0,0.0,0.0
20,11,100,resample_pointwise,0.925,0.959877135726627,21.208368846504747,36,-74.0,74.0,0.0,0.0,0.0,0.0,0.0,0.0,0.027027027027027,0.0277777777777777,0.0263157894736842
20,11,100,resample_pointwise,0.95,0.959877135726627,22.86368486321101,36,-71.5,71.5,0.0,0.0,0.0,0.0,0.0,0.0,0.027027027027027,0.0277777777777777,0.0263157894736842
20,11,100,resample_pointwise,0.975,0.959877135726627,25.33375036538247,36,-70.0,70.0,0.0,0.0,0.0,0.0,0.0,0.0,0.027027027027027,0.0277777777777777,0.0263157894736842
20,11,100,resample_pointwise,0.99,0.959877135726627,28.138128316730903,36,-68.0,68.0,0.0,0.0,0.0,0.0,0.0,0.0,0.027027027027027,0.0277777777777777,0.0263157894736842
20,17,10,baseline,0.5,0.9393199323689648,12.749329840680348,512,-64.0,64.0,0.1127272727272727,0.060546875,0.8157894736842105,0.1345454545454545,0.072265625,0.9736842105263158,0.1381818181818181,0.07421875,1.0
20,17,10,baseline,0.6,0.9393199323689648,14.541689184272684,434,-65.0,65.0,0.1313559322033898,0.0714285714285714,0.8157894736842105,0.1610169491525423,0.0875576036866359,1.0,0.1610169491525423,0.0875576036866359,1.0
20,17,10,baseline,0.7,0.9393199323689648,16.821311522030708,352,-61.0,61.0,0.158974358974359,0.0880681818181818,0.8157894736842105,0.1948717948717948,0.1079545454545454,1.0,0.1948717948717948,0.1079545454545454,1.0
20,17,10,baseline,0.75,0.9393199323689648,18.199637322470025,282,-61.0,61.0,0.20625,0.1170212765957446,0.868421052631579,0.2375,0.1347517730496454,1.0,0.2375,0.1347517730496454,1.0
20,17,10,baseline,0.8,0.9393199323689648,19.94229717310304,218,-60.0,60.0,0.25,0.146788990825688,0.8421052631578947,0.296875,0.1743119266055046,1.0,0.296875,0.1743119266055046,1.0
20,17,10,baseline,0.85,0.9393199323689648,22.237290901161483,166,-50.5,50.5,0.3137254901960785,0.1927710843373494,0.8421052631578947,0.3725490196078431,0.2289156626506024,1.0,0.3725490196078431,0.2289156626506024,1.0
20,17,10,baseline,0.9,0.9393199323689648,25.841131253372712,89,-18.0,18.0,0.4409448818897637,0.3146067415730337,0.7368421052631579,0.5669291338582677,0.4044943820224719,0.9473684210526316,0.5669291338582677,0.4044943820224719,0.9473684210526316
20,17,10,baseline,0.925,0.9393199323689648,30.0555980005493,54,1.0,6.0,0.5652173913043478,0.4814814814814814,0.6842105263157895,0.782608695652174,0.6666666666666666,0.9473684210526316,0.782608695652174,0.6666666666666666,0.9473684210526316
20,17,10,baseline,0.95,0.9393199323689648,38.97210140691429,36,5.0,5.0,0.5135135135135136,0.5277777777777778,0.5,0.972972972972973,1.0,0.9473684210526316,0.972972972972973,1.0,0.9473684210526316
20,17,10,baseline,0.975,0.9393199323689648,51.17811919327994,33,6.0,6.0,0.3380281690140845,0.3636363636363636,0.3157894736842105,0.8732394366197183,0.9393939393939394,0.8157894736842105,0.9014084507042254,0.9696969696969696,0.8421052631578947
20,17,10,baseline,0.99,0.9393199323689648,59.26353185525932,18,7.0,7.0,0.1428571428571428,0.2222222222222222,0.1052631578947368,0.6428571428571429,1.0,0.4736842105263157,0.6428571428571429,1.0,0.4736842105263157
20,17,10,resample_pointwise,0.5,0.9393199323689648,29.05969750378457,57,0.0,6.0,0.5473684210526316,0.4561403508771929,0.6842105263157895,0.7578947368421052,0.631578947368421,0.9473684210526316,0.7578947368421052,0.631578947368421,0.9473684210526316
20,17,10,resample_pointwise,0.6,0.9393199323689648,32.97980503705059,43,2.0,4.0,0.6172839506172839,0.5813953488372093,0.6578947368421053,0.8888888888888888,0.8372093023255814,0.9473684210526316,0.8888888888888888,0.8372093023255814,0.9473684210526316
20,17,10,resample_pointwise,0.7,0.9393199323689648,37.51239611303826,39,4.0,5.0,0.5974025974025974,0.5897435897435898,0.6052631578947368,0.935064935064935,0.9230769230769232,0.9473684210526316,0.935064935064935,0.9230769230769232,0.9473684210526316
20,17,10,resample_pointwise,0.75,0.9393199323689648,40.117846946784745,41,5.0,5.0,0.5063291139240507,0.4878048780487805,0.5263157894736842,0.9620253164556964,0.926829268292683,1.0,0.9620253164556964,0.926829268292683,1.0
20,17,10,resample_pointwise,0.8,0.9393199323689648,43.066216341278654,42,6.0,6.0,0.45,0.4285714285714285,0.4736842105263157,0.95,0.9047619047619048,1.0,0.95,0.9047619047619048,1.0
20,17,10,resample_pointwise,0.85,0.9393199323689648,46.59725271612636,40,5.5,5.5,0.4615384615384615,0.45,0.4736842105263157,0.9230769230769232,0.9,0.9473684210526316,0.9230769230769232,0.9,0.9473684210526316
20,17,10,resample_pointwise,0.9,0.9393199323689648,51.01836149112884,34,6.0,6.0,0.3333333333333333,0.3529411764705882,0.3157894736842105,0.8888888888888888,0.9411764705882352,0.8421052631578947,0.9166666666666669,0.9705882352941176,0.868421052631579
20,17,10,resample_pointwise,0.925,0.9393199323689648,53.87567429528711,30,6.0,6.0,0.2647058823529412,0.3,0.2368421052631578,0.8235294117647058,0.9333333333333332,0.7368421052631579,0.8823529411764706,1.0,0.7894736842105263
20,17,10,resample_pointwise,0.95,0.9393199323689648,57.58057385383992,21,7.0,7.0,0.135593220338983,0.1904761904761904,0.1052631578947368,0.711864406779661,1.0,0.5526315789473685,0.711864406779661,1.0,0.5526315789473685
20,17,10,resample_pointwise,0.975,0.9393199323689648,63.218985053379406,9,7.0,7.0,0.1276595744680851,0.3333333333333333,0.0789473684210526,0.3829787234042552,1.0,0.2368421052631578,0.3829787234042552,1.0,0.2368421052631578
20,17,10,resample_pointwise,0.99,0.9393199323689648,69.72519923102408,2,7.0,7.0,0.0,0.0,0.0,0.1,1.0,0.0526315789473684,0.1,1.0,0.0526315789473684
20,17,25,baseline,0.5,0.9393199323689648,10.47019091611974,269,-65.0,65.0,0.0781758957654723,0.0446096654275092,0.3157894736842105,0.2084690553745928,0.1189591078066914,0.8421052631578947,0.247557003257329,0.1412639405204461,1.0
20,17,25,baseline,0.6,0.9393199323689648,11.939799165611408,217,-58.0,58.0,0.0941176470588235,0.0552995391705069,0.3157894736842105,0.2509803921568627,0.1474654377880184,0.8421052631578947,0.2980392156862745,0.1751152073732718,1.0
20,17,25,baseline,0.7,0.9393199323689648,13.89789912988185,154,-56.5,56.5,0.1249999999999999,0.0779220779220779,0.3157894736842105,0.3333333333333333,0.2077922077922078,0.8421052631578947,0.3958333333333333,0.2467532467532467,1.0
20,17,25,baseline,0.75,0.9393199323689648,15.268132165810258,131,-54.0,54.0,0.1538461538461538,0.099236641221374,0.3421052631578947,0.3905325443786981,0.2519083969465648,0.868421052631579,0.4497041420118343,0.2900763358778626,1.0
20,17,25,baseline,0.8,0.9393199323689648,17.707294379841464,71,-13.0,13.0,0.2201834862385321,0.1690140845070422,0.3157894736842105,0.5688073394495413,0.4366197183098591,0.8157894736842105,0.6605504587155963,0.5070422535211268,0.9473684210526316
20,17,25,baseline,0.85,0.9393199323689648,23.869511688013823,36,-7.0,7.0,0.3513513513513513,0.3611111111111111,0.3421052631578947,0.8378378378378377,0.8611111111111112,0.8157894736842105,0.972972972972973,1.0,0.9473684210526316
20,17,25,baseline,0.9,0.9393199323689648,50.14953852602679,36,-1.0,2.0,0.8918918918918918,0.9166666666666666,0.868421052631579,0.972972972972973,1.0,0.9473684210526316,0.972972972972973,1.0,0.9473684210526316
20,17,25,baseline,0.925,0.9393199323689648,62.48850388470189,36,0.5,2.0,0.972972972972973,1.0,0.9473684210526316,0.972972972972973,1.0,0.9473684210526316,0.972972972972973,1.0,0.9473684210526316
20,17,25,baseline,0.95,0.9393199323689648,72.7374339446387,36,4.0,4.0,0.6486486486486486,0.6666666666666666,0.631578947368421,0.972972972972973,1.0,0.9473684210526316,0.972972972972973,1.0,0.9473684210526316
20,17,25,baseline,0.975,0.9393199323689648,79.07408887083791,26,6.0,6.0,0.3749999999999999,0.4615384615384615,0.3157894736842105,0.8125000000000001,1.0,0.6842105263157895,0.8125000000000001,1.0,0.6842105263157895
20,17,25,baseline,0.99,0.9393199323689648,84.12969345539777,16,7.0,7.0,0.111111111111111,0.1875,0.0789473684210526,0.5555555555555556,0.9375,0.3947368421052631,0.5555555555555556,0.9375,0.3947368421052631
20,17,25,resample_pointwise,0.5,0.9393199323689648,19.69877890022005,55,-10.0,10.0,0.2580645161290322,0.2181818181818181,0.3157894736842105,0.6666666666666666,0.5636363636363636,0.8157894736842105,0.7741935483870966,0.6545454545454545,0.9473684210526316
20,17,25,resample_pointwise,0.6,0.9393199323689648,22.35954616875133,38,-8.0,8.0,0.3157894736842105,0.3157894736842105,0.3157894736842105,0.8157894736842104,0.8157894736842105,0.8157894736842105,0.9473684210526316,0.9473684210526316,0.9473684210526316
20,17,25,resample_pointwise,0.7,0.9393199323689648,25.54050220745258,36,-7.0,7.0,0.3513513513513513,0.3611111111111111,0.3421052631578947,0.8918918918918918,0.9166666666666666,0.868421052631579,0.972972972972973,1.0,0.9473684210526316
20,17,25,resample_pointwise,0.75,0.9393199323689648,27.41041485692596,36,-7.0,7.0,0.3783783783783783,0.3888888888888889,0.3684210526315789,0.9459459459459458,0.9722222222222222,0.9210526315789472,0.972972972972973,1.0,0.9473684210526316
20,17,25,resample_pointwise,0.8,0.9393199323689648,29.54894947275339,36,-7.0,7.0,0.3783783783783783,0.3888888888888889,0.3684210526315789,0.9459459459459458,0.9722222222222222,0.9210526315789472,0.972972972972973,1.0,0.9473684210526316
20,17,25,resample_pointwise,0.85,0.9393199323689648,32.08658708528352,36,-6.0,6.0,0.4324324324324324,0.4444444444444444,0.4210526315789473,0.9459459459459458,0.9722222222222222,0.9210526315789472,0.972972972972973,1.0,0.9473684210526316
20,17,25,resample_pointwise,0.9,0.9393199323689648,35.30717014986135,36,-6.0,6.0,0.4324324324324324,0.4444444444444444,0.4210526315789473,0.972972972972973,1.0,0.9473684210526316,0.972972972972973,1.0,0.9473684210526316
20,17,25,resample_pointwise,0.925,0.9393199323689648,37.39221152632782,36,-5.0,5.0,0.5135135135135136,0.5277777777777778,0.5,0.972972972972973,1.0,0.9473684210526316,0.972972972972973,1.0,0.9473684210526316
20,17,25,resample_pointwise,0.95,0.9393199323689648,40.15302198504492,37,-4.0,4.0,0.6133333333333333,0.6216216216216216,0.6052631578947368,0.96,0.972972972972973,0.9473684210526316,0.96,0.972972972972973,0.9473684210526316
20,17,25,resample_pointwise,0.975,0.9393199323689648,44.318794575711046,36,-2.5,3.0,0.7027027027027027,0.7222222222222222,0.6842105263157895,0.972972972972973,1.0,0.9473684210526316,0.972972972972973,1.0,0.9473684210526316
20,17,25,resample_pointwise,0.99,0.9393199323689648,49.07640350691416,36,-1.0,2.0,0.8378378378378377,0.8611111111111112,0.8157894736842105,0.972972972972973,1.0,0.9473684210526316,0.972972972972973,1.0,0.9473684210526316
20,17,50,baseline,0.5,0.9393199323689648,9.833650343406736,142,-78.0,78.0,0.0,0.0,0.0,0.0,0.0,0.0,0.0777777777777777,0.0492957746478873,0.1842105263157894
20,17,50,baseline,0.6,0.9393199323689648,11.767180874497564,95,-60.0,60.0,0.0,0.0,0.0,0.0,0.0,0.0,0.1052631578947368,0.0736842105263157,0.1842105263157894
20,17,50,baseline,0.7,0.9393199323689648,23.37079445410397,36,-29.0,29.0,0.054054054054054,0.0555555555555555,0.0526315789473684,0.054054054054054,0.0555555555555555,0.0526315789473684,0.2972972972972973,0.3055555555555556,0.2894736842105263
20,17,50,baseline,0.75,0.9393199323689648,40.28675109033844,36,-18.0,18.0,0.1891891891891891,0.1944444444444444,0.1842105263157894,0.2432432432432432,0.25,0.2368421052631578,0.8918918918918918,0.9166666666666666,0.868421052631579
20,17,50,baseline,0.8,0.9393199323689648,53.899211159964494,36,-12.0,12.0,0.3513513513513513,0.3611111111111111,0.3421052631578947,0.4324324324324324,0.4444444444444444,0.4210526315789473,0.972972972972973,1.0,0.9473684210526316
20,17,50,baseline,0.85,0.9393199323689648,65.6113494494542,36,-2.5,4.0,0.6216216216216216,0.6388888888888888,0.6052631578947368,0.8378378378378377,0.8611111111111112,0.8157894736842105,0.972972972972973,1.0,0.9473684210526316
20,17,50,baseline,0.9,0.9393199323689648,76.04063002011657,36,-1.0,1.5,0.8378378378378377,0.8611111111111112,0.8157894736842105,0.972972972972973,1.0,0.9473684210526316,0.972972972972973,1.0,0.9473684210526316
20,17,50,baseline,0.925,0.9393199323689648,81.28311276475061,36,1.0,2.0,0.918918918918919,0.9444444444444444,0.8947368421052632,0.972972972972973,1.0,0.9473684210526316,0.972972972972973,1.0,0.9473684210526316
20,17,50,baseline,0.95,0.9393199323689648,86.14661673523551,36,3.0,3.0,0.7297297297297298,0.75,0.7105263157894737,0.9459459459459458,0.9722222222222222,0.9210526315789472,0.9459459459459458,0.9722222222222222,0.9210526315789472
20,17,50,baseline,0.975,0.9393199323689648,89.77782619624409,24,5.5,5.5,0.3870967741935484,0.5,0.3157894736842105,0.7419354838709677,0.9583333333333334,0.6052631578947368,0.7419354838709677,0.9583333333333334,0.6052631578947368
20,17,50,baseline,0.99,0.9393199323689648,92.38830772153317,15,7.0,7.0,0.1132075471698113,0.2,0.0789473684210526,0.5283018867924527,0.9333333333333332,0.3684210526315789,0.5283018867924527,0.9333333333333332,0.3684210526315789
20,17,50,resample_pointwise,0.5,0.9393199323689648,14.531767652038557,42,-33.0,33.0,0.0,0.0,0.0,0.0,0.0,0.0,0.175,0.1666666666666666,0.1842105263157894
20,17,50,resample_pointwise,0.6,0.9393199323689648,16.490081807308552,38,-32.0,32.0,0.0,0.0,0.0,0.0,0.0,0.0,0.1842105263157894,0.1842105263157894,0.1842105263157894
20,17,50,resample_pointwise,0.7,0.9393199323689648,18.89592531161753,36,-31.0,31.0,0.027027027027027,0.0277777777777777,0.0263157894736842,0.027027027027027,0.0277777777777777,0.0263157894736842,0.2432432432432432,0.25,0.2368421052631578
20,17,50,resample_pointwise,0.75,0.9393199323689648,20.31935935129397,36,-30.0,30.0,0.027027027027027,0.0277777777777777,0.0263157894736842,0.027027027027027,0.0277777777777777,0.0263157894736842,0.2702702702702702,0.2777777777777778,0.2631578947368421
20,17,50,resample_pointwise,0.8,0.9393199323689648,21.958627097949417,36,-30.0,30.0,0.027027027027027,0.0277777777777777,0.0263157894736842,0.027027027027027,0.0277777777777777,0.0263157894736842,0.2702702702702702,0.2777777777777778,0.2631578947368421
20,17,50,resample_pointwise,0.85,0.9393199323689648,23.932865072645946,36,-29.0,29.0,0.054054054054054,0.0555555555555555,0.0526315789473684,0.054054054054054,0.0555555555555555,0.0526315789473684,0.2972972972972973,0.3055555555555556,0.2894736842105263
20,17,50,resample_pointwise,0.9,0.9393199323689648,26.4565575073889,36,-26.0,26.0,0.054054054054054,0.0555555555555555,0.0526315789473684,0.054054054054054,0.0555555555555555,0.0526315789473684,0.4324324324324324,0.4444444444444444,0.4210526315789473
20,17,50,resample_pointwise,0.925,0.9393199323689648,28.082064314988987,36,-25.5,25.5,0.081081081081081,0.0833333333333333,0.0789473684210526,0.081081081081081,0.0833333333333333,0.0789473684210526,0.4864864864864865,0.5,0.4736842105263157
20,17,50,resample_pointwise,0.95,0.9393199323689648,30.217051438045207,36,-24.5,24.5,0.1081081081081081,0.1111111111111111,0.1052631578947368,0.1081081081081081,0.1111111111111111,0.1052631578947368,0.5405405405405405,0.5555555555555556,0.5263157894736842
20,17,50,resample_pointwise,0.975,0.9393199323689648,33.42859060969198,36,-24.0,24.0,0.1081081081081081,0.1111111111111111,0.1052631578947368,0.1621621621621621,0.1666666666666666,0.1578947368421052,0.5945945945945946,0.6111111111111112,0.5789473684210527
20,17,50,resample_pointwise,0.99,0.9393199323689648,37.1232636793475,36,-20.5,20.5,0.1621621621621621,0.1666666666666666,0.1578947368421052,0.2162162162162162,0.2222222222222222,0.2105263157894736,0.7837837837837838,0.8055555555555556,0.7631578947368421
20,17,100,baseline,0.5,0.9393199323689648,41.36599312121152,36,-46.5,46.5,0.081081081081081,0.0833333333333333,0.0789473684210526,0.081081081081081,0.0833333333333333,0.0789473684210526,0.1351351351351351,0.1388888888888889,0.131578947368421
20,17,100,baseline,0.6,0.9393199323689648,55.33736641640801,36,-32.5,32.5,0.1081081081081081,0.1111111111111111,0.1052631578947368,0.1351351351351351,0.1388888888888889,0.131578947368421,0.2702702702702702,0.2777777777777778,0.2631578947368421
20,17,100,baseline,0.7,0.9393199323689648,66.59747697615144,36,-21.5,21.5,0.2432432432432432,0.25,0.2368421052631578,0.3243243243243243,0.3333333333333333,0.3157894736842105,0.5945945945945946,0.6111111111111112,0.5789473684210527
20,17,100,baseline,0.75,0.9393199323689648,72.59690595545928,36,-10.0,10.0,0.3513513513513513,0.3611111111111111,0.3421052631578947,0.5135135135135136,0.5277777777777778,0.5,0.8378378378378377,0.8611111111111112,0.8157894736842105
20,17,100,baseline,0.8,0.9393199323689648,77.7941542857563,36,-5.0,5.0,0.5135135135135136,0.5277777777777778,0.5,0.7567567567567567,0.7777777777777778,0.7368421052631579,0.972972972972973,1.0,0.9473684210526316
20,17,100,baseline,0.85,0.9393199323689648,82.97090210353686,36,-4.0,4.0,0.6216216216216216,0.6388888888888888,0.6052631578947368,0.8918918918918918,0.9166666666666666,0.868421052631579,0.972972972972973,1.0,0.9473684210526316
20,17,100,baseline,0.9,0.9393199323689648,88.31708763730664,36,-1.0,2.0,0.8378378378378377,0.8611111111111112,0.8157894736842105,0.972972972972973,1.0,0.9473684210526316,0.972972972972973,1.0,0.9473684210526316
20,17,100,baseline,0.925,0.9393199323689648,90.69707516922206,36,1.0,2.0,0.8648648648648649,0.8888888888888888,0.8421052631578947,0.9459459459459458,0.9722222222222222,0.9210526315789472,0.972972972972973,1.0,0.9473684210526316
20,17,100,baseline,0.95,0.9393199323689648,92.99196797108786,32,2.0,2.0,0.6857142857142857,0.75,0.631578947368421,0.8857142857142857,0.96875,0.8157894736842105,0.9142857142857144,1.0,0.8421052631578947
20,17,100,baseline,0.975,0.9393199323689648,95.14002965242304,27,6.0,6.0,0.3384615384615384,0.4074074074074074,0.2894736842105263,0.7999999999999999,0.9629629629629628,0.6842105263157895,0.7999999999999999,0.9629629629629628,0.6842105263157895
20,17,100,baseline,0.99,0.9393199323689648,96.63614924634058,10,5.0,5.0,0.25,0.6,0.1578947368421052,0.4166666666666667,1.0,0.2631578947368421,0.4166666666666667,1.0,0.2631578947368421
20,17,100,resample_pointwise,0.5,0.9393199323689648,10.673113354658112,50,-82.0,82.0,0.0,0.0,0.0,0.0,0.0,0.0,0.0227272727272727,0.02,0.0263157894736842
20,17,100,resample_pointwise,0.6,0.9393199323689648,12.113780447669887,39,-80.0,80.0,0.0,0.0,0.0,0.0,0.0,0.0,0.0259740259740259,0.0256410256410256,0.0263157894736842
20,17,100,resample_pointwise,0.7,0.9393199323689648,13.88715211694499,40,-79.0,79.0,0.0,0.0,0.0,0.0,0.0,0.0,0.0256410256410256,0.025,0.0263157894736842
20,17,100,resample_pointwise,0.75,0.9393199323689648,14.955413493808356,36,-78.5,78.5,0.0,0.0,0.0,0.0,0.0,0.0,0.027027027027027,0.0277777777777777,0.0263157894736842
20,17,100,resample_pointwise,0.8,0.9393199323689648,16.19896140505713,36,-77.5,77.5,0.0,0.0,0.0,0.0,0.0,0.0,0.027027027027027,0.0277777777777777,0.0263157894736842
20,17,100,resample_pointwise,0.85,0.9393199323689648,17.716179756720095,36,-74.5,74.5,0.0,0.0,0.0,0.0,0.0,0.0,0.027027027027027,0.0277777777777777,0.0263157894736842
20,17,100,resample_pointwise,0.9,0.9393199323689648,19.659973538193103,36,-72.0,72.0,0.0,0.0,0.0,0.0,0.0,0.0,0.027027027027027,0.0277777777777777,0.0263157894736842
20,17,100,resample_pointwise,0.925,0.9393199323689648,20.94090490538292,36,-71.5,71.5,0.0,0.0,0.0,0.0,0.0,0.0,0.027027027027027,0.0277777777777777,0.0263157894736842
20,17,100,resample_pointwise,0.95,0.9393199323689648,22.570013672378828,36,-71.0,71.0,0.027027027027027,0.0277777777777777,0.0263157894736842,0.027027027027027,0.0277777777777777,0.0263157894736842,0.054054054054054,0.0555555555555555,0.0526315789473684
20,17,100,resample_pointwise,0.975,0.9393199323689648,25.060017937337552,36,-69.5,69.5,0.027027027027027,0.0277777777777777,0.0263157894736842,0.027027027027027,0.0277777777777777,0.0263157894736842,0.054054054054054,0.0555555555555555,0.0526315789473684
20,17,100,resample_pointwise,0.99,0.9393199323689648,27.9930545732824,36,-68.0,68.0,0.027027027027027,0.0277777777777777,0.0263157894736842,0.027027027027027,0.0277777777777777,0.0263157894736842,0.054054054054054,0.0555555555555555,0.0526315789473684
20,22,10,baseline,0.5,0.9228497600590624,13.723408244108532,479,-58.0,58.0,0.0967117988394584,0.0521920668058455,0.6578947368421053,0.1199226305609284,0.0647181628392484,0.8157894736842105,0.1470019342359768,0.0793319415448851,1.0
20,22,10,baseline,0.6,0.9228497600590624,15.809580982929331,445,-55.0,55.0,0.1076604554865424,0.0584269662921348,0.6842105263157895,0.1366459627329192,0.0741573033707865,0.868421052631579,0.1573498964803312,0.0853932584269663,1.0
20,22,10,baseline,0.7,0.9228497600590624,17.560777945512946,349,-49.0,49.0,0.1291989664082687,0.0716332378223495,0.6578947368421053,0.165374677002584,0.0916905444126074,0.8421052631578947,0.1963824289405684,0.1088825214899713,1.0
20,22,10,baseline,0.75,0.9228497600590624,18.80715755727032,272,-51.0,51.0,0.1548387096774193,0.088235294117647,0.631578947368421,0.1999999999999999,0.1139705882352941,0.8157894736842105,0.2451612903225806,0.1397058823529411,1.0
20,22,10,baseline,0.8,0.9228497600590624,20.606709761060763,212,-45.0,45.0,0.216,0.1273584905660377,0.7105263157894737,0.264,0.1556603773584905,0.868421052631579,0.3039999999999999,0.1792452830188679,1.0
20,22,10,baseline,0.85,0.9228497600590624,22.920683977170636,148,-38.0,38.0,0.2795698924731183,0.1756756756756756,0.6842105263157895,0.3440860215053763,0.2162162162162162,0.8421052631578947,0.3870967741935484,0.2432432432432432,0.9473684210526316
20,22,10,baseline,0.9,0.9228497600590624,26.449007636690418,92,-2.0,10.5,0.3846153846153846,0.2717391304347826,0.6578947368421053,0.4923076923076923,0.3478260869565217,0.8421052631578947,0.5538461538461538,0.391304347826087,0.9473684210526316
20,22,10,baseline,0.925,0.9228497600590624,30.73822912754857,65,4.0,6.0,0.5048543689320388,0.4,0.6842105263157895,0.6796116504854369,0.5384615384615384,0.9210526315789472,0.7378640776699029,0.5846153846153846,1.0
20,22,10,baseline,0.95,0.9228497600590624,36.33895192725217,55,5.0,5.0,0.4516129032258065,0.3818181818181818,0.5526315789473685,0.6881720430107526,0.5818181818181818,0.8421052631578947,0.8172043010752689,0.6909090909090909,1.0
20,22,10,baseline,0.975,0.9228497600590624,44.559170046748335,33,6.0,6.0,0.3098591549295775,0.3333333333333333,0.2894736842105263,0.5352112676056339,0.5757575757575758,0.5,0.8732394366197183,0.9393939393939394,0.8157894736842105
20,22,10,baseline,0.99,0.9228497600590624,53.77556921594603,18,7.0,7.0,0.1785714285714285,0.2777777777777778,0.131578947368421,0.2857142857142857,0.4444444444444444,0.2105263157894736,0.5714285714285714,0.8888888888888888,0.4210526315789473
20,22,10,resample_pointwise,0.5,0.9228497600590624,29.09405012204475,70,2.0,7.0,0.4814814814814815,0.3714285714285714,0.6842105263157895,0.6111111111111112,0.4714285714285714,0.868421052631579,0.7037037037037037,0.5428571428571428,1.0
20,22,10,resample_pointwise,0.6,0.9228497600590624,32.95682659093499,57,4.0,6.0,0.4631578947368421,0.3859649122807017,0.5789473684210527,0.6736842105263158,0.5614035087719298,0.8421052631578947,0.8,0.6666666666666666,1.0
20,22,10,resample_pointwise,0.7,0.9228497600590624,37.418481827500834,48,5.0,5.0,0.4883720930232558,0.4375,0.5526315789473685,0.7209302325581395,0.6458333333333334,0.8157894736842105,0.8837209302325582,0.7916666666666666,1.0
20,22,10,resample_pointwise,0.75,0.9228497600590624,40.00040757306799,41,6.0,6.0,0.3544303797468354,0.3414634146341463,0.3684210526315789,0.6329113924050632,0.6097560975609756,0.6578947368421053,0.9113924050632912,0.8780487804878049,0.9473684210526316
20,22,10,resample_pointwise,0.8,0.9228497600590624,42.93551603686604,36,6.5,6.5,0.3243243243243243,0.3333333333333333,0.3157894736842105,0.5945945945945946,0.6111111111111112,0.5789473684210527,0.918918918918919,0.9444444444444444,0.8947368421052632
20,22,10,resample_pointwise,0.85,0.9228497600590624,46.3950522364497,27,7.0,7.0,0.1846153846153846,0.2222222222222222,0.1578947368421052,0.4615384615384615,0.5555555555555556,0.3947368421052631,0.7999999999999999,0.9629629629629628,0.6842105263157895
20,22,10,resample_pointwise,0.9,0.9228497600590624,50.78342004699511,23,8.0,8.0,0.1639344262295081,0.217391304347826,0.131578947368421,0.4590163934426229,0.6086956521739131,0.3684210526315789,0.721311475409836,0.9565217391304348,0.5789473684210527
20,22,10,resample_pointwise,0.925,0.9228497600590624,53.63415567161842,18,7.0,7.0,0.1785714285714285,0.2777777777777778,0.131578947368421,0.2857142857142857,0.4444444444444444,0.2105263157894736,0.5714285714285714,0.8888888888888888,0.4210526315789473
20,22,10,resample_pointwise,0.95,0.9228497600590624,57.2931664300456,6,7.0,7.0,0.0909090909090909,0.3333333333333333,0.0526315789473684,0.1363636363636363,0.5,0.0789473684210526,0.2727272727272727,1.0,0.1578947368421052
20,22,10,resample_pointwise,0.975,0.9228497600590624,62.93940479160367,2,9.5,9.5,0.0,0.0,0.0,0.05,0.5,0.0263157894736842,0.1,1.0,0.0526315789473684
20,22,10,resample_pointwise,0.99,0.9228497600590624,69.4344298067719,0,,,0.0,0.0,0.0,0.0,0.0,0.0,0.0,0.0,0.0
20,22,25,baseline,0.5,0.9228497600590624,10.833768574628175,296,-61.0,61.0,0.1257485029940119,0.0709459459459459,0.5526315789473685,0.1916167664670658,0.1081081081081081,0.8421052631578947,0.2275449101796407,0.1283783783783783,1.0
20,22,25,baseline,0.6,0.9228497600590624,11.999352290912974,253,-60.0,60.0,0.1443298969072165,0.0830039525691699,0.5526315789473685,0.2199312714776632,0.1264822134387351,0.8421052631578947,0.261168384879725,0.150197628458498,1.0
20,22,25,baseline,0.7,0.9228497600590624,13.505008936524442,163,-47.0,47.0,0.208955223880597,0.1288343558282208,0.5526315789473685,0.3184079601990049,0.1963190184049079,0.8421052631578947,0.3781094527363184,0.2331288343558282,1.0
20,22,25,baseline,0.75,0.9228497600590624,14.96675308261465,108,-34.5,34.5,0.2602739726027397,0.1759259259259259,0.5,0.410958904109589,0.2777777777777778,0.7894736842105263,0.4931506849315068,0.3333333333333333,0.9473684210526316
20,22,25,baseline,0.8,0.9228497600590624,17.484667158069367,60,-9.5,9.5,0.3877551020408163,0.3166666666666666,0.5,0.6326530612244898,0.5166666666666667,0.8157894736842105,0.7346938775510204,0.6,0.9473684210526316
20,22,25,baseline,0.85,0.9228497600590624,25.439262223211795,36,-3.0,4.0,0.6216216216216216,0.6388888888888888,0.6052631578947368,0.918918918918919,0.9444444444444444,0.8947368421052632,0.972972972972973,1.0,0.9473684210526316
20,22,25,baseline,0.9,0.9228497600590624,49.20602553529598,36,0.0,2.0,0.8648648648648649,0.8888888888888888,0.8421052631578947,0.972972972972973,1.0,0.9473684210526316,0.972972972972973,1.0,0.9473684210526316
20,22,25,baseline,0.925,0.9228497600590624,61.06443661345759,36,2.0,2.0,0.8378378378378377,0.8611111111111112,0.8157894736842105,0.9459459459459458,0.9722222222222222,0.9210526315789472,0.972972972972973,1.0,0.9473684210526316
20,22,25,baseline,0.95,0.9228497600590624,69.63701246364695,37,6.0,6.0,0.4266666666666667,0.4324324324324324,0.4210526315789473,0.8266666666666665,0.8378378378378378,0.8157894736842105,0.96,0.972972972972973,0.9473684210526316
20,22,25,baseline,0.975,0.9228497600590624,75.11021440488565,28,7.5,7.5,0.1212121212121212,0.1428571428571428,0.1052631578947368,0.6060606060606061,0.7142857142857143,0.5263157894736842,0.7878787878787878,0.9285714285714286,0.6842105263157895
20,22,25,baseline,0.99,0.9228497600590624,79.96220255788643,12,8.0,8.0,0.04,0.0833333333333333,0.0263157894736842,0.3999999999999999,0.8333333333333334,0.2631578947368421,0.4799999999999999,1.0,0.3157894736842105
20,22,25,resample_pointwise,0.5,0.9228497600590624,19.912779768952305,42,-5.0,5.5,0.525,0.5,0.5526315789473685,0.825,0.7857142857142857,0.868421052631579,0.9,0.8571428571428571,0.9473684210526316
20,22,25,resample_pointwise,0.6,0.9228497600590624,22.54691492565955,42,-4.5,5.0,0.575,0.5476190476190477,0.6052631578947368,0.8500000000000001,0.8095238095238095,0.8947368421052632,0.9,0.8571428571428571,0.9473684210526316
20,22,25,resample_pointwise,0.7,0.9228497600590624,25.67396584176641,36,-3.0,4.0,0.6216216216216216,0.6388888888888888,0.6052631578947368,0.918918918918919,0.9444444444444444,0.8947368421052632,0.972972972972973,1.0,0.9473684210526316
20,22,25,resample_pointwise,0.75,0.9228497600590624,27.503363513661785,36,-3.0,4.0,0.6486486486486486,0.6666666666666666,0.631578947368421,0.9459459459459458,0.9722222222222222,0.9210526315789472,0.972972972972973,1.0,0.9473684210526316
20,22,25,resample_pointwise,0.8,0.9228497600590624,29.60797974058051,36,-3.0,4.0,0.6486486486486486,0.6666666666666666,0.631578947368421,0.9459459459459458,0.9722222222222222,0.9210526315789472,0.972972972972973,1.0,0.9473684210526316
20,22,25,resample_pointwise,0.85,0.9228497600590624,32.12649774830181,37,-2.0,3.0,0.7200000000000001,0.7297297297297297,0.7105263157894737,0.96,0.972972972972973,0.9473684210526316,0.96,0.972972972972973,0.9473684210526316
20,22,25,resample_pointwise,0.9,0.9228497600590624,35.32537335941003,36,-1.0,2.0,0.8378378378378377,0.8611111111111112,0.8157894736842105,0.972972972972973,1.0,0.9473684210526316,0.972972972972973,1.0,0.9473684210526316
20,22,25,resample_pointwise,0.925,0.9228497600590624,37.388783391000025,36,-0.5,2.0,0.8648648648648649,0.8888888888888888,0.8421052631578947,0.972972972972973,1.0,0.9473684210526316,0.972972972972973,1.0,0.9473684210526316
20,22,25,resample_pointwise,0.95,0.9228497600590624,40.06630087029345,36,-0.5,2.0,0.8648648648648649,0.8888888888888888,0.8421052631578947,0.972972972972973,1.0,0.9473684210526316,0.972972972972973,1.0,0.9473684210526316
20,22,25,resample_pointwise,0.975,0.9228497600590624,44.16200645435436,36,0.0,2.0,0.8648648648648649,0.8888888888888888,0.8421052631578947,0.972972972972973,1.0,0.9473684210526316,0.972972972972973,1.0,0.9473684210526316
20,22,25,resample_pointwise,0.99,0.9228497600590624,48.84787952548059,36,0.0,1.5,0.8648648648648649,0.8888888888888888,0.8421052631578947,0.972972972972973,1.0,0.9473684210526316,0.972972972972973,1.0,0.9473684210526316
20,22,50,baseline,0.5,0.9228497600590624,9.481058429267028,170,-76.5,76.5,0.0288461538461538,0.0176470588235294,0.0789473684210526,0.048076923076923,0.0294117647058823,0.131578947368421,0.173076923076923,0.1058823529411764,0.4736842105263157
20,22,50,baseline,0.6,0.9228497600590624,10.955737395485777,105,-74.0,74.0,0.0419580419580419,0.0285714285714285,0.0789473684210526,0.0699300699300699,0.0476190476190476,0.131578947368421,0.2657342657342657,0.1809523809523809,0.5
20,22,50,baseline,0.7,0.9228497600590624,21.01988878275065,38,-23.0,23.0,0.1052631578947368,0.1052631578947368,0.1052631578947368,0.1842105263157894,0.1842105263157894,0.1842105263157894,0.631578947368421,0.631578947368421,0.631578947368421
20,22,50,baseline,0.75,0.9228497600590624,37.39661058102898,36,-19.0,19.0,0.1621621621621621,0.1666666666666666,0.1578947368421052,0.2702702702702702,0.2777777777777778,0.2631578947368421,0.9459459459459458,0.9722222222222222,0.9210526315789472
20,22,50,baseline,0.8,0.9228497600590624,52.27969412132558,36,-8.5,8.5,0.2702702702702702,0.2777777777777778,0.2631578947368421,0.5675675675675677,0.5833333333333334,0.5526315789473685,0.972972972972973,1.0,0.9473684210526316
20,22,50,baseline,0.85,0.9228497600590624,64.93905998946204,38,-6.0,6.0,0.4210526315789473,0.4210526315789473,0.4210526315789473,0.9473684210526316,0.9473684210526316,0.9473684210526316,1.0,1.0,1.0
20,22,50,baseline,0.9,0.9228497600590624,76.49632352783722,37,1.0,2.0,0.6933333333333334,0.7027027027027027,0.6842105263157895,0.9333333333333332,0.945945945945946,0.9210526315789472,0.96,0.972972972972973,0.9473684210526316
20,22,50,baseline,0.925,0.9228497600590624,81.37453120561278,39,3.0,3.0,0.5714285714285715,0.5641025641025641,0.5789473684210527,0.935064935064935,0.9230769230769232,0.9473684210526316,0.935064935064935,0.9230769230769232,0.9473684210526316
20,22,50,baseline,0.95,0.9228497600590624,85.34341704222747,30,6.0,6.0,0.3529411764705882,0.4,0.3157894736842105,0.7647058823529413,0.8666666666666667,0.6842105263157895,0.8823529411764706,1.0,0.7894736842105263
20,22,50,baseline,0.975,0.9228497600590624,88.37509126604358,20,7.5,7.5,0.1724137931034483,0.25,0.131578947368421,0.6206896551724138,0.9,0.4736842105263157,0.6896551724137931,1.0,0.5263157894736842
20,22,50,baseline,0.99,0.9228497600590624,92.57113759646975,9,7.0,7.0,0.0851063829787234,0.2222222222222222,0.0526315789473684,0.3404255319148936,0.8888888888888888,0.2105263157894736,0.3829787234042552,1.0,0.2368421052631578
20,22,50,resample_pointwise,0.5,0.9228497600590624,14.779156944977853,41,-25.0,25.0,0.0759493670886076,0.073170731707317,0.0789473684210526,0.1265822784810126,0.1219512195121951,0.131578947368421,0.5316455696202531,0.5121951219512195,0.5526315789473685
20,22,50,resample_pointwise,0.6,0.9228497600590624,16.716006727135433,36,-23.0,23.0,0.081081081081081,0.0833333333333333,0.0789473684210526,0.1621621621621621,0.1666666666666666,0.1578947368421052,0.5945945945945946,0.6111111111111112,0.5789473684210527
20,22,50,resample_pointwise,0.7,0.9228497600590624,19.06542139865193,37,-23.0,23.0,0.1066666666666666,0.1081081081081081,0.1052631578947368,0.1866666666666666,0.1891891891891892,0.1842105263157894,0.64,0.6486486486486487,0.631578947368421
20,22,50,resample_pointwise,0.75,0.9228497600590624,20.46391512970592,37,-23.0,23.0,0.1066666666666666,0.1081081081081081,0.1052631578947368,0.1866666666666666,0.1891891891891892,0.1842105263157894,0.64,0.6486486486486487,0.631578947368421
20,22,50,resample_pointwise,0.8,0.9228497600590624,22.09135327804001,38,-23.0,23.0,0.1052631578947368,0.1052631578947368,0.1052631578947368,0.1842105263157894,0.1842105263157894,0.1842105263157894,0.631578947368421,0.631578947368421,0.631578947368421
20,22,50,resample_pointwise,0.85,0.9228497600590624,24.0422171552353,36,-22.5,22.5,0.1081081081081081,0.1111111111111111,0.1052631578947368,0.1891891891891891,0.1944444444444444,0.1842105263157894,0.6756756756756757,0.6944444444444444,0.6578947368421053
20,22,50,resample_pointwise,0.9,0.9228497600590624,26.537378868596655,36,-22.5,22.5,0.1081081081081081,0.1111111111111111,0.1052631578947368,0.1891891891891891,0.1944444444444444,0.1842105263157894,0.6756756756756757,0.6944444444444444,0.6578947368421053
20,22,50,resample_pointwise,0.925,0.9228497600590624,28.16795747779705,36,-22.5,22.5,0.1081081081081081,0.1111111111111111,0.1052631578947368,0.1891891891891891,0.1944444444444444,0.1842105263157894,0.7027027027027027,0.7222222222222222,0.6842105263157895
20,22,50,resample_pointwise,0.95,0.9228497600590624,30.312536063846007,36,-22.5,22.5,0.1081081081081081,0.1111111111111111,0.1052631578947368,0.1891891891891891,0.1944444444444444,0.1842105263157894,0.7297297297297298,0.75,0.7105263157894737
20,22,50,resample_pointwise,0.975,0.9228497600590624,33.56630875441046,36,-21.0,21.0,0.1081081081081081,0.1111111111111111,0.1052631578947368,0.2162162162162162,0.2222222222222222,0.2105263157894736,0.8378378378378377,0.8611111111111112,0.8157894736842105
20,22,50,resample_pointwise,0.99,0.9228497600590624,37.286897988090736,36,-19.0,19.0,0.1621621621621621,0.1666666666666666,0.1578947368421052,0.2702702702702702,0.2777777777777778,0.2631578947368421,0.9459459459459458,0.9722222222222222,0.9210526315789472
20,22,100,baseline,0.5,0.9228497600590624,33.592848955378344,36,-55.0,55.0,0.0,0.0,0.0,0.0,0.0,0.0,0.027027027027027,0.0277777777777777,0.0263157894736842
20,22,100,baseline,0.6,0.9228497600590624,51.0914152574899,36,-35.5,35.5,0.054054054054054,0.0555555555555555,0.0526315789473684,0.081081081081081,0.0833333333333333,0.0789473684210526,0.2162162162162162,0.2222222222222222,0.2105263157894736
20,22,100,baseline,0.7,0.9228497600590624,64.86800672133303,36,-20.0,20.0,0.1621621621621621,0.1666666666666666,0.1578947368421052,0.2432432432432432,0.25,0.2368421052631578,0.6486486486486486,0.6666666666666666,0.631578947368421
20,22,100,baseline,0.75,0.9228497600590624,71.14217147854981,36,-13.0,13.0,0.2702702702702702,0.2777777777777778,0.2631578947368421,0.4594594594594595,0.4722222222222222,0.4473684210526316,0.8648648648648649,0.8888888888888888,0.8421052631578947
20,22,100,baseline,0.8,0.9228497600590624,77.17855353415612,36,-6.5,6.5,0.4594594594594595,0.4722222222222222,0.4473684210526316,0.7297297297297298,0.75,0.7105263157894737,0.972972972972973,1.0,0.9473684210526316
20,22,100,baseline,0.85,0.9228497600590624,82.80259989786153,36,-2.5,4.0,0.6756756756756757,0.6944444444444444,0.6578947368421053,0.918918918918919,0.9444444444444444,0.8947368421052632,0.972972972972973,1.0,0.9473684210526316
20,22,100,baseline,0.9,0.9228497600590624,88.04009556970341,36,1.0,3.0,0.7297297297297298,0.75,0.7105263157894737,0.972972972972973,1.0,0.9473684210526316,0.972972972972973,1.0,0.9473684210526316
20,22,100,baseline,0.925,0.9228497600590624,90.47175917651668,35,2.0,3.0,0.6027397260273972,0.6285714285714286,0.5789473684210527,0.8493150684931505,0.8857142857142857,0.8157894736842105,0.9315068493150684,0.9714285714285714,0.8947368421052632
20,22,100,baseline,0.95,0.9228497600590624,92.2478189039538,27,3.0,3.0,0.4923076923076923,0.5925925925925926,0.4210526315789473,0.7692307692307692,0.925925925925926,0.6578947368421053,0.7999999999999999,0.9629629629629628,0.6842105263157895
20,22,100,baseline,0.975,0.9228497600590624,94.98170806995162,18,6.5,6.5,0.25,0.3888888888888889,0.1842105263157894,0.5714285714285714,0.8888888888888888,0.4210526315789473,0.6428571428571429,1.0,0.4736842105263157
20,22,100,baseline,0.99,0.9228497600590624,97.0781719225776,10,8.0,8.0,0.0833333333333333,0.2,0.0526315789473684,0.3333333333333333,0.8,0.2105263157894736,0.3333333333333333,0.8,0.2105263157894736
20,22,100,resample_pointwise,0.5,0.9228497600590624,10.754986734081632,38,-75.0,75.0,0.0,0.0,0.0,0.0,0.0,0.0,0.0,0.0,0.0
20,22,100,resample_pointwise,0.6,0.9228497600590624,12.134251053775936,36,-71.0,71.0,0.0,0.0,0.0,0.0,0.0,0.0,0.0,0.0,0.0
20,22,100,resample_pointwise,0.7,0.9228497600590624,13.84540840447972,36,-71.0,71.0,0.0,0.0,0.0,0.0,0.0,0.0,0.0,0.0,0.0
20,22,100,resample_pointwise,0.75,0.9228497600590624,14.879745943786569,36,-71.0,71.0,0.0,0.0,0.0,0.0,0.0,0.0,0.0,0.0,0.0
20,22,100,resample_pointwise,0.8,0.9228497600590624,16.090582443428456,36,-70.0,70.0,0.0,0.0,0.0,0.0,0.0,0.0,0.0,0.0,0.0
20,22,100,resample_pointwise,0.85,0.9228497600590624,17.535678944099267,36,-69.5,69.5,0.0,0.0,0.0,0.0,0.0,0.0,0.0,0.0,0.0
20,22,100,resample_pointwise,0.9,0.9228497600590624,19.410085245112796,36,-60.0,60.0,0.0,0.0,0.0,0.0,0.0,0.0,0.0,0.0,0.0
20,22,100,resample_pointwise,0.925,0.9228497600590624,20.631851459134648,36,-60.0,60.0,0.0,0.0,0.0,0.0,0.0,0.0,0.0,0.0,0.0
20,22,100,resample_pointwise,0.95,0.9228497600590624,22.232353438032696,36,-59.5,59.5,0.0,0.0,0.0,0.0,0.0,0.0,0.0,0.0,0.0
20,22,100,resample_pointwise,0.975,0.9228497600590624,24.74494683536946,36,-58.5,58.5,0.0,0.0,0.0,0.0,0.0,0.0,0.0,0.0,0.0
20,22,100,resample_pointwise,0.99,0.9228497600590624,27.69075601065869,36,-57.0,57.0,0.0,0.0,0.0,0.0,0.0,0.0,0.027027027027027,0.0277777777777777,0.0263157894736842
20,27,10,baseline,0.5,0.906947215672048,13.584978510044856,534,-71.0,71.0,0.0734265734265734,0.0393258426966292,0.5526315789473685,0.0979020979020979,0.0524344569288389,0.7368421052631579,0.1328671328671328,0.0711610486891385,1.0
20,27,10,baseline,0.6,0.906947215672048,15.466660241440596,437,-68.0,68.0,0.0884210526315789,0.0480549199084668,0.5526315789473685,0.1263157894736842,0.068649885583524,0.7894736842105263,0.16,0.0869565217391304,1.0
20,27,10,baseline,0.7,0.906947215672048,17.773072369854532,344,-60.0,60.0,0.1256544502617801,0.0697674418604651,0.631578947368421,0.1623036649214659,0.0901162790697674,0.8157894736842105,0.1989528795811518,0.1104651162790697,1.0
20,27,10,baseline,0.75,0.906947215672048,19.40741859741843,285,-54.0,54.0,0.1424148606811145,0.0807017543859649,0.6052631578947368,0.1919504643962848,0.1087719298245614,0.8157894736842105,0.2352941176470588,0.1333333333333333,1.0
20,27,10,baseline,0.8,0.906947215672048,21.416856474825217,226,-50.0,50.0,0.1590909090909091,0.0929203539823008,0.5526315789473685,0.2348484848484848,0.1371681415929203,0.8157894736842105,0.2878787878787879,0.168141592920354,1.0
20,27,10,baseline,0.85,0.906947215672048,23.69866139349067,178,-35.5,35.5,0.1759259259259259,0.1067415730337078,0.5,0.287037037037037,0.1741573033707865,0.8157894736842105,0.3518518518518518,0.2134831460674157,1.0
20,27,10,baseline,0.9,0.906947215672048,27.08942785586784,115,-13.0,13.0,0.2352941176470588,0.1565217391304348,0.4736842105263157,0.3660130718954248,0.2434782608695652,0.7368421052631579,0.4836601307189542,0.3217391304347826,0.9736842105263158
20,27,10,baseline,0.925,0.906947215672048,29.316247512979636,76,3.5,8.5,0.2807017543859649,0.2105263157894736,0.4210526315789473,0.4736842105263157,0.3552631578947368,0.7105263157894737,0.631578947368421,0.4736842105263157,0.9473684210526316
20,27,10,baseline,0.95,0.906947215672048,34.1983220212964,58,6.0,8.0,0.25,0.2068965517241379,0.3157894736842105,0.5416666666666666,0.4482758620689655,0.6842105263157895,0.75,0.6206896551724138,0.9473684210526316
20,27,10,baseline,0.975,0.906947215672048,40.99919577985134,40,9.0,9.5,0.1538461538461538,0.15,0.1578947368421052,0.4102564102564102,0.4,0.4210526315789473,0.8205128205128205,0.8,0.8421052631578947
20,27,10,baseline,0.99,0.906947215672048,45.79932936100837,17,11.0,11.0,0.0,0.0,0.0,0.2181818181818181,0.3529411764705882,0.1578947368421052,0.6181818181818182,1.0,0.4473684210526316
20,27,10,resample_pointwise,0.5,0.906947215672048,28.64913655273677,83,2.0,10.0,0.2809917355371901,0.2048192771084337,0.4473684210526316,0.4462809917355371,0.3253012048192771,0.7105263157894737,0.5950413223140496,0.4337349397590361,0.9473684210526316
20,27,10,resample_pointwise,0.6,0.906947215672048,32.49382614320975,63,6.0,8.0,0.297029702970297,0.238095238095238,0.3947368421052631,0.5544554455445545,0.4444444444444444,0.7368421052631579,0.7128712871287128,0.5714285714285714,0.9473684210526316
20,27,10,resample_pointwise,0.7,0.906947215672048,36.95539465742748,51,7.0,9.0,0.1573033707865168,0.1372549019607843,0.1842105263157894,0.449438202247191,0.392156862745098,0.5263157894736842,0.7640449438202247,0.6666666666666666,0.8947368421052632
20,27,10,resample_pointwise,0.75,0.906947215672048,39.50783317235023,52,8.0,8.5,0.1777777777777777,0.1538461538461538,0.2105263157894736,0.4222222222222221,0.3653846153846153,0.5,0.7999999999999999,0.6923076923076923,0.9473684210526316
20,27,10,resample_pointwise,0.8,0.906947215672048,42.43659639800202,29,10.0,10.0,0.0895522388059701,0.1034482758620689,0.0789473684210526,0.3582089552238805,0.4137931034482758,0.3157894736842105,0.716417910447761,0.8275862068965517,0.631578947368421
20,27,10,resample_pointwise,0.85,0.906947215672048,45.90623904413654,17,11.0,11.0,0.0,0.0,0.0,0.2181818181818181,0.3529411764705882,0.1578947368421052,0.6181818181818182,1.0,0.4473684210526316
20,27,10,resample_pointwise,0.9,0.906947215672048,50.35676139198242,8,11.0,11.0,0.0,0.0,0.0,0.0869565217391304,0.25,0.0526315789473684,0.3478260869565217,1.0,0.2105263157894736
20,27,10,resample_pointwise,0.925,0.906947215672048,53.22855755611662,3,11.0,11.0,0.0,0.0,0.0,0.048780487804878,0.3333333333333333,0.0263157894736842,0.1463414634146341,1.0,0.0789473684210526
20,27,10,resample_pointwise,0.95,0.906947215672048,56.88727575543128,2,9.5,9.5,0.0,0.0,0.0,0.05,0.5,0.0263157894736842,0.1,1.0,0.0526315789473684
20,27,10,resample_pointwise,0.975,0.906947215672048,62.49721552142322,0,,,0.0,0.0,0.0,0.0,0.0,0.0,0.0,0.0,0.0
20,27,10,resample_pointwise,0.99,0.906947215672048,69.02240722181821,0,,,0.0,0.0,0.0,0.0,0.0,0.0,0.0,0.0,0.0
20,27,25,baseline,0.5,0.906947215672048,10.984855940829329,285,-62.0,62.0,0.1547987616099071,0.087719298245614,0.6578947368421053,0.2167182662538699,0.1228070175438596,0.9210526315789472,0.2352941176470588,0.1333333333333333,1.0
20,27,25,baseline,0.6,0.906947215672048,12.319768363956914,247,-59.0,59.0,0.1754385964912281,0.1012145748987854,0.6578947368421053,0.2456140350877193,0.1417004048582996,0.9210526315789472,0.2666666666666667,0.1538461538461538,1.0
20,27,25,baseline,0.7,0.906947215672048,14.32337715665916,142,-57.0,57.0,0.2888888888888889,0.1830985915492957,0.6842105263157895,0.4,0.2535211267605634,0.9473684210526316,0.4222222222222221,0.2676056338028169,1.0
20,27,25,baseline,0.75,0.906947215672048,15.987827155038072,109,-54.0,54.0,0.3401360544217687,0.2293577981651376,0.6578947368421053,0.4625850340136055,0.3119266055045872,0.8947368421052632,0.4897959183673469,0.3302752293577982,0.9473684210526316
20,27,25,baseline,0.8,0.906947215672048,18.41301763580206,77,-13.0,13.0,0.4521739130434783,0.3376623376623376,0.6842105263157895,0.608695652173913,0.4545454545454545,0.9210526315789472,0.6260869565217391,0.4675324675324675,0.9473684210526316
20,27,25,baseline,0.85,0.906947215672048,25.638174467916805,36,-1.5,3.0,0.8378378378378377,0.8611111111111112,0.8157894736842105,0.972972972972973,1.0,0.9473684210526316,0.972972972972973,1.0,0.9473684210526316
20,27,25,baseline,0.9,0.906947215672048,45.92549046950274,36,2.0,2.0,0.8378378378378377,0.8611111111111112,0.8157894736842105,0.9459459459459458,0.9722222222222222,0.9210526315789472,0.972972972972973,1.0,0.9473684210526316
20,27,25,baseline,0.925,0.906947215672048,56.59491860034388,36,5.0,5.0,0.5945945945945946,0.6111111111111112,0.5789473684210527,0.918918918918919,0.9444444444444444,0.8947368421052632,0.972972972972973,1.0,0.9473684210526316
20,27,25,baseline,0.95,0.906947215672048,64.06934062379104,40,9.0,9.0,0.1794871794871795,0.175,0.1842105263157894,0.6666666666666667,0.65,0.6842105263157895,0.9743589743589745,0.95,1.0
20,27,25,baseline,0.975,0.906947215672048,68.82238494823306,24,9.0,9.0,0.032258064516129,0.0416666666666666,0.0263157894736842,0.5161290322580646,0.6666666666666666,0.4210526315789473,0.7419354838709677,0.9583333333333334,0.6052631578947368
20,27,25,baseline,0.99,0.906947215672048,75.78009016442401,9,10.0,10.0,0.0425531914893617,0.1111111111111111,0.0263157894736842,0.2553191489361702,0.6666666666666666,0.1578947368421052,0.3829787234042552,1.0,0.2368421052631578
20,27,25,resample_pointwise,0.5,0.906947215672048,19.575139310689345,62,-7.0,7.0,0.5200000000000001,0.4193548387096774,0.6842105263157895,0.7000000000000001,0.5645161290322581,0.9210526315789472,0.72,0.5806451612903226,0.9473684210526316
20,27,25,resample_pointwise,0.6,0.906947215672048,22.109797989749023,44,-4.0,4.0,0.6829268292682926,0.6363636363636364,0.7368421052631579,0.8780487804878049,0.8181818181818182,0.9473684210526316,0.8780487804878049,0.8181818181818182,0.9473684210526316
20,27,25,resample_pointwise,0.7,0.906947215672048,25.1399979832607,36,-1.5,3.0,0.8378378378378377,0.8611111111111112,0.8157894736842105,0.972972972972973,1.0,0.9473684210526316,0.972972972972973,1.0,0.9473684210526316
20,27,25,resample_pointwise,0.75,0.906947215672048,26.925295518834748,36,-1.5,3.0,0.8378378378378377,0.8611111111111112,0.8157894736842105,0.972972972972973,1.0,0.9473684210526316,0.972972972972973,1.0,0.9473684210526316
20,27,25,resample_pointwise,0.8,0.906947215672048,29.006056480906228,36,-1.0,2.0,0.8648648648648649,0.8888888888888888,0.8421052631578947,0.972972972972973,1.0,0.9473684210526316,0.972972972972973,1.0,0.9473684210526316
20,27,25,resample_pointwise,0.85,0.906947215672048,31.48416416469456,36,-0.5,2.0,0.918918918918919,0.9444444444444444,0.8947368421052632,0.972972972972973,1.0,0.9473684210526316,0.972972972972973,1.0,0.9473684210526316
20,27,25,resample_pointwise,0.9,0.906947215672048,34.68524806300019,37,0.0,2.0,0.9066666666666668,0.918918918918919,0.8947368421052632,0.96,0.972972972972973,0.9473684210526316,0.96,0.972972972972973,0.9473684210526316
20,27,25,resample_pointwise,0.925,0.906947215672048,36.760117835784975,36,0.0,2.0,0.8918918918918918,0.9166666666666666,0.868421052631579,0.9459459459459458,0.9722222222222222,0.9210526315789472,0.972972972972973,1.0,0.9473684210526316
20,27,25,resample_pointwise,0.95,0.906947215672048,39.47327810663909,36,0.5,2.0,0.918918918918919,0.9444444444444444,0.8947368421052632,0.9459459459459458,0.9722222222222222,0.9210526315789472,0.972972972972973,1.0,0.9473684210526316
20,27,25,resample_pointwise,0.975,0.906947215672048,43.58579316616186,36,1.5,2.0,0.8918918918918918,0.9166666666666666,0.868421052631579,0.9459459459459458,0.9722222222222222,0.9210526315789472,0.972972972972973,1.0,0.9473684210526316
20,27,25,resample_pointwise,0.99,0.906947215672048,48.246541856394686,36,3.0,3.0,0.7837837837837838,0.8055555555555556,0.7631578947368421,0.9459459459459458,0.9722222222222222,0.9210526315789472,0.972972972972973,1.0,0.9473684210526316
20,27,50,baseline,0.5,0.906947215672048,9.700313771496493,131,-82.0,82.0,0.0236686390532544,0.015267175572519,0.0526315789473684,0.0828402366863905,0.0534351145038167,0.1842105263157894,0.2958579881656805,0.1908396946564885,0.6578947368421053
20,27,50,baseline,0.6,0.906947215672048,11.77619191720536,86,-53.0,53.0,0.032258064516129,0.0232558139534883,0.0526315789473684,0.1129032258064516,0.0813953488372093,0.1842105263157894,0.4032258064516129,0.2906976744186046,0.6578947368421053
20,27,50,baseline,0.7,0.906947215672048,19.95122257082167,38,-19.5,19.5,0.0526315789473684,0.0526315789473684,0.0526315789473684,0.2368421052631578,0.2368421052631578,0.2368421052631578,0.7894736842105263,0.7894736842105263,0.7894736842105263
20,27,50,baseline,0.75,0.906947215672048,34.397476487919775,36,-16.5,16.5,0.1081081081081081,0.1111111111111111,0.1052631578947368,0.2702702702702702,0.2777777777777778,0.2631578947368421,0.972972972972973,1.0,0.9473684210526316
20,27,50,baseline,0.8,0.906947215672048,49.03336121490212,36,-8.0,8.0,0.2702702702702702,0.2777777777777778,0.2631578947368421,0.6486486486486486,0.6666666666666666,0.631578947368421,0.972972972972973,1.0,0.9473684210526316
20,27,50,baseline,0.85,0.906947215672048,62.26610207173911,36,-5.0,5.0,0.5135135135135136,0.5277777777777778,0.5,0.9459459459459458,0.9722222222222222,0.9210526315789472,0.972972972972973,1.0,0.9473684210526316
20,27,50,baseline,0.9,0.906947215672048,73.84482058102955,36,2.5,3.0,0.7297297297297298,0.75,0.7105263157894737,0.972972972972973,1.0,0.9473684210526316,0.972972972972973,1.0,0.9473684210526316
20,27,50,baseline,0.925,0.906947215672048,79.0252918877367,38,6.0,6.0,0.3684210526315789,0.3684210526315789,0.3684210526315789,0.8421052631578947,0.8421052631578947,0.8421052631578947,0.9473684210526316,0.9473684210526316,0.9473684210526316
20,27,50,baseline,0.95,0.906947215672048,82.26575698583008,34,8.5,8.5,0.1388888888888888,0.1470588235294117,0.131578947368421,0.6388888888888888,0.6764705882352942,0.6052631578947368,0.9444444444444444,1.0,0.8947368421052632
20,27,50,baseline,0.975,0.906947215672048,85.40202682334136,19,10.0,10.0,0.0701754385964912,0.1052631578947368,0.0526315789473684,0.350877192982456,0.5263157894736842,0.2631578947368421,0.6666666666666666,1.0,0.5
20,27,50,baseline,0.99,0.906947215672048,88.76578372445073,8,10.5,10.5,0.0,0.0,0.0,0.1739130434782608,0.5,0.1052631578947368,0.3478260869565217,1.0,0.2105263157894736
20,27,50,resample_pointwise,0.5,0.906947215672048,14.51980423985052,51,-25.0,25.0,0.0449438202247191,0.0392156862745098,0.0526315789473684,0.1573033707865168,0.1372549019607843,0.1842105263157894,0.6067415730337078,0.5294117647058824,0.7105263157894737
20,27,50,resample_pointwise,0.6,0.906947215672048,16.333063416712,38,-22.0,22.0,0.0526315789473684,0.0526315789473684,0.0526315789473684,0.2105263157894736,0.2105263157894736,0.2105263157894736,0.7368421052631579,0.7368421052631579,0.7368421052631579
20,27,50,resample_pointwise,0.7,0.906947215672048,18.562593682268112,39,-22.0,22.0,0.0519480519480519,0.0512820512820512,0.0526315789473684,0.2337662337662337,0.2307692307692307,0.2368421052631578,0.7532467532467534,0.7435897435897436,0.7631578947368421
20,27,50,resample_pointwise,0.75,0.906947215672048,19.9041973773928,38,-19.5,19.5,0.0526315789473684,0.0526315789473684,0.0526315789473684,0.2368421052631578,0.2368421052631578,0.2368421052631578,0.7894736842105263,0.7894736842105263,0.7894736842105263
20,27,50,resample_pointwise,0.8,0.906947215672048,21.46904866523215,36,-19.5,19.5,0.054054054054054,0.0555555555555555,0.0526315789473684,0.2162162162162162,0.2222222222222222,0.2105263157894736,0.8108108108108109,0.8333333333333334,0.7894736842105263
20,27,50,resample_pointwise,0.85,0.906947215672048,23.36496641260105,36,-19.5,19.5,0.054054054054054,0.0555555555555555,0.0526315789473684,0.2162162162162162,0.2222222222222222,0.2105263157894736,0.8108108108108109,0.8333333333333334,0.7894736842105263
20,27,50,resample_pointwise,0.9,0.906947215672048,25.831064951930134,36,-19.0,19.0,0.054054054054054,0.0555555555555555,0.0526315789473684,0.2162162162162162,0.2222222222222222,0.2105263157894736,0.8648648648648649,0.8888888888888888,0.8421052631578947
20,27,50,resample_pointwise,0.925,0.906947215672048,27.44033278615762,36,-17.0,17.0,0.081081081081081,0.0833333333333333,0.0789473684210526,0.2432432432432432,0.25,0.2368421052631578,0.918918918918919,0.9444444444444444,0.8947368421052632
20,27,50,resample_pointwise,0.95,0.906947215672048,29.54783880601155,36,-17.0,17.0,0.081081081081081,0.0833333333333333,0.0789473684210526,0.2432432432432432,0.25,0.2368421052631578,0.9459459459459458,0.9722222222222222,0.9210526315789472
20,27,50,resample_pointwise,0.975,0.906947215672048,32.76575930263841,36,-16.5,16.5,0.1081081081081081,0.1111111111111111,0.1052631578947368,0.2702702702702702,0.2777777777777778,0.2631578947368421,0.9459459459459458,0.9722222222222222,0.9210526315789472
20,27,50,resample_pointwise,0.99,0.906947215672048,36.45831666785269,36,-16.0,16.0,0.1081081081081081,0.1111111111111111,0.1052631578947368,0.2702702702702702,0.2777777777777778,0.2631578947368421,0.972972972972973,1.0,0.9473684210526316
20,27,100,baseline,0.5,0.906947215672048,34.34989431142754,36,-49.0,49.0,0.027027027027027,0.0277777777777777,0.0263157894736842,0.1351351351351351,0.1388888888888889,0.131578947368421,0.1621621621621621,0.1666666666666666,0.1578947368421052
20,27,100,baseline,0.6,0.906947215672048,50.87077109735673,36,-28.5,28.5,0.081081081081081,0.0833333333333333,0.0789473684210526,0.1891891891891891,0.1944444444444444,0.1842105263157894,0.3243243243243243,0.3333333333333333,0.3157894736842105
20,27,100,baseline,0.7,0.906947215672048,64.59881770052294,36,-18.5,18.5,0.1351351351351351,0.1388888888888889,0.131578947368421,0.2972972972972973,0.3055555555555556,0.2894736842105263,0.7027027027027027,0.7222222222222222,0.6842105263157895
20,27,100,baseline,0.75,0.906947215672048,70.57471189046396,36,-13.5,13.5,0.1891891891891891,0.1944444444444444,0.1842105263157894,0.4324324324324324,0.4444444444444444,0.4210526315789473,0.972972972972973,1.0,0.9473684210526316
20,27,100,baseline,0.8,0.906947215672048,76.59598681789346,36,-6.5,6.5,0.4594594594594595,0.4722222222222222,0.4473684210526316,0.7567567567567567,0.7777777777777778,0.7368421052631579,0.972972972972973,1.0,0.9473684210526316
20,27,100,baseline,0.85,0.906947215672048,81.91558290234832,36,-2.0,4.5,0.6486486486486486,0.6666666666666666,0.631578947368421,0.8918918918918918,0.9166666666666666,0.868421052631579,0.972972972972973,1.0,0.9473684210526316
20,27,100,baseline,0.9,0.906947215672048,87.28357032022876,36,3.0,3.0,0.6756756756756757,0.6944444444444444,0.6578947368421053,0.8918918918918918,0.9166666666666666,0.868421052631579,0.972972972972973,1.0,0.9473684210526316
20,27,100,baseline,0.925,0.906947215672048,89.43527677791444,35,5.0,5.0,0.4931506849315068,0.5142857142857142,0.4736842105263157,0.7945205479452055,0.8285714285714286,0.7631578947368421,0.9315068493150684,0.9714285714285714,0.8947368421052632
20,27,100,baseline,0.95,0.906947215672048,91.61797059715296,28,6.0,6.0,0.3333333333333333,0.3928571428571428,0.2894736842105263,0.6666666666666667,0.7857142857142857,0.5789473684210527,0.8484848484848484,1.0,0.7368421052631579
20,27,100,baseline,0.975,0.906947215672048,93.72241971412365,26,10.0,10.0,0.0937499999999999,0.1153846153846153,0.0789473684210526,0.34375,0.4230769230769231,0.2894736842105263,0.6875,0.8461538461538461,0.5789473684210527
20,27,100,baseline,0.99,0.906947215672048,95.13357956314486,10,11.5,11.5,0.0416666666666666,0.1,0.0263157894736842,0.1666666666666666,0.4,0.1052631578947368,0.4166666666666667,1.0,0.2631578947368421
20,27,100,resample_pointwise,0.5,0.906947215672048,10.625647469584528,40,-67.5,67.5,0.0,0.0,0.0,0.0,0.0,0.0,0.0,0.0,0.0
20,27,100,resample_pointwise,0.6,0.906947215672048,11.9050470385284,36,-65.0,65.0,0.0,0.0,0.0,0.0,0.0,0.0,0.0,0.0,0.0
20,27,100,resample_pointwise,0.7,0.906947215672048,13.491221772047748,36,-65.0,65.0,0.0,0.0,0.0,0.0,0.0,0.0,0.0,0.0,0.0
20,27,100,resample_pointwise,0.75,0.906947215672048,14.46146318168832,36,-65.0,65.0,0.0,0.0,0.0,0.0,0.0,0.0,0.0,0.0,0.0
20,27,100,resample_pointwise,0.8,0.906947215672048,15.605245578495513,36,-65.0,65.0,0.0,0.0,0.0,0.0,0.0,0.0,0.0,0.0,0.0
20,27,100,resample_pointwise,0.85,0.906947215672048,16.996307271172384,36,-63.5,63.5,0.0,0.0,0.0,0.0,0.0,0.0,0.0,0.0,0.0
20,27,100,resample_pointwise,0.9,0.906947215672048,18.823971848725503,36,-63.5,63.5,0.0,0.0,0.0,0.0,0.0,0.0,0.0,0.0,0.0
20,27,100,resample_pointwise,0.925,0.906947215672048,20.03776805068025,36,-63.5,63.5,0.0,0.0,0.0,0.0,0.0,0.0,0.0,0.0,0.0
20,27,100,resample_pointwise,0.95,0.906947215672048,21.65329692278447,36,-63.0,63.0,0.0,0.0,0.0,0.0,0.0,0.0,0.0,0.0,0.0
20,27,100,resample_pointwise,0.975,0.906947215672048,24.14284969939042,36,-60.5,60.5,0.0,0.0,0.0,0.0,0.0,0.0,0.0,0.0,0.0
20,27,100,resample_pointwise,0.99,0.906947215672048,27.016401268369226,36,-56.5,56.5,0.027027027027027,0.0277777777777777,0.0263157894736842,0.054054054054054,0.0555555555555555,0.0526315789473684,0.054054054054054,0.0555555555555555,0.0526315789473684
20,32,10,baseline,0.5,0.891583452211127,13.537507741681214,524,-66.5,66.5,0.0711743772241993,0.0381679389312977,0.5263157894736842,0.092526690391459,0.049618320610687,0.6842105263157895,0.1352313167259786,0.0725190839694656,1.0
20,32,10,baseline,0.6,0.891583452211127,15.443664919701735,464,-66.0,66.0,0.0756972111553784,0.0409482758620689,0.5,0.1115537848605577,0.0603448275862069,0.7368421052631579,0.1513944223107569,0.0818965517241379,1.0
20,32,10,baseline,0.7,0.891583452211127,17.768461134172263,352,-63.0,63.0,0.1025641025641025,0.0568181818181818,0.5263157894736842,0.1435897435897435,0.0795454545454545,0.7368421052631579,0.1948717948717948,0.1079545454545454,1.0
20,32,10,baseline,0.75,0.891583452211127,19.236127870538247,289,-59.0,59.0,0.1345565749235474,0.0761245674740484,0.5789473684210527,0.18348623853211,0.1038062283737024,0.7894736842105263,0.2324159021406727,0.1314878892733564,1.0
20,32,10,baseline,0.8,0.891583452211127,20.98159763946732,226,-36.0,36.0,0.1439393939393939,0.084070796460177,0.5,0.2348484848484848,0.1371681415929203,0.8157894736842105,0.2878787878787879,0.168141592920354,1.0
20,32,10,baseline,0.85,0.891583452211127,23.769391672937715,160,-19.0,19.0,0.2222222222222222,0.1375,0.5789473684210527,0.3232323232323232,0.2,0.8421052631578947,0.3737373737373737,0.23125,0.9736842105263158
20,32,10,baseline,0.9,0.891583452211127,27.481592511113742,127,2.0,13.0,0.206060606060606,0.1338582677165354,0.4473684210526316,0.3878787878787879,0.2519685039370078,0.8421052631578947,0.4606060606060607,0.2992125984251969,1.0
20,32,10,baseline,0.925,0.891583452211127,29.837910040506497,95,6.0,10.0,0.2406015037593984,0.1684210526315789,0.4210526315789473,0.4511278195488722,0.3157894736842105,0.7894736842105263,0.5413533834586467,0.3789473684210526,0.9473684210526316
20,32,10,baseline,0.95,0.891583452211127,32.78644691485447,74,7.0,11.0,0.1964285714285714,0.1486486486486486,0.2894736842105263,0.375,0.2837837837837837,0.5526315789473685,0.6428571428571428,0.4864864864864865,0.9473684210526316
20,32,10,baseline,0.975,0.891583452211127,37.16053199628632,40,8.0,9.0,0.1538461538461538,0.15,0.1578947368421052,0.358974358974359,0.35,0.3684210526315789,0.8205128205128205,0.8,0.8421052631578947
20,32,10,baseline,0.99,0.891583452211127,42.359900376331154,18,8.5,11.5,0.0714285714285714,0.1111111111111111,0.0526315789473684,0.1785714285714285,0.2777777777777778,0.131578947368421,0.5357142857142857,0.8333333333333334,0.3947368421052631
20,32,10,resample_pointwise,0.5,0.891583452211127,28.03612832852029,115,5.0,12.0,0.2222222222222222,0.1478260869565217,0.4473684210526316,0.4183006535947712,0.2782608695652174,0.8421052631578947,0.4836601307189542,0.3217391304347826,0.9736842105263158
20,32,10,resample_pointwise,0.6,0.891583452211127,31.753933438002854,90,6.0,10.0,0.234375,0.1666666666666666,0.3947368421052631,0.4375,0.3111111111111111,0.7368421052631579,0.5625,0.4,0.9473684210526316
20,32,10,resample_pointwise,0.7,0.891583452211127,36.132529571659,47,8.0,9.0,0.1647058823529411,0.1489361702127659,0.1842105263157894,0.4235294117647058,0.3829787234042553,0.4736842105263157,0.8470588235294116,0.7659574468085106,0.9473684210526316
20,32,10,resample_pointwise,0.75,0.891583452211127,38.703857091687794,29,8.0,11.0,0.1492537313432836,0.1724137931034483,0.131578947368421,0.2985074626865672,0.3448275862068966,0.2631578947368421,0.746268656716418,0.8620689655172413,0.6578947368421053
20,32,10,resample_pointwise,0.8,0.891583452211127,41.62432493461454,17,8.0,12.0,0.0727272727272727,0.1176470588235294,0.0526315789473684,0.1818181818181818,0.2941176470588235,0.131578947368421,0.5454545454545454,0.8823529411764706,0.3947368421052631
20,32,10,resample_pointwise,0.85,0.891583452211127,45.109361478630106,11,9.0,11.0,0.0,0.0,0.0,0.1632653061224489,0.3636363636363636,0.1052631578947368,0.3673469387755102,0.8181818181818182,0.2368421052631578
20,32,10,resample_pointwise,0.9,0.891583452211127,49.51983339867192,2,8.0,8.0,0.0,0.0,0.0,0.05,0.5,0.0263157894736842,0.1,1.0,0.0526315789473684
20,32,10,resample_pointwise,0.925,0.891583452211127,52.379905637929006,0,,,0.0,0.0,0.0,0.0,0.0,0.0,0.0,0.0,0.0
20,32,10,resample_pointwise,0.95,0.891583452211127,56.06642693055221,0,,,0.0,0.0,0.0,0.0,0.0,0.0,0.0,0.0,0.0
20,32,10,resample_pointwise,0.975,0.891583452211127,61.78043554542406,0,,,0.0,0.0,0.0,0.0,0.0,0.0,0.0,0.0,0.0
20,32,10,resample_pointwise,0.99,0.891583452211127,68.36135940236643,0,,,0.0,0.0,0.0,0.0,0.0,0.0,0.0,0.0,0.0
20,32,25,baseline,0.5,0.891583452211127,10.587592281958566,288,-69.0,69.0,0.1533742331288343,0.0868055555555555,0.6578947368421053,0.2085889570552147,0.1180555555555555,0.8947368421052632,0.2331288343558282,0.1319444444444444,1.0
20,32,25,baseline,0.6,0.891583452211127,12.0078381130189,259,-65.0,65.0,0.1683501683501683,0.0965250965250965,0.6578947368421053,0.2289562289562289,0.1312741312741312,0.8947368421052632,0.2558922558922559,0.1467181467181467,1.0
20,32,25,baseline,0.7,0.891583452211127,13.817820546649871,180,-74.0,74.0,0.2201834862385321,0.1333333333333333,0.631578947368421,0.2935779816513761,0.1777777777777777,0.8421052631578947,0.3302752293577982,0.2,0.9473684210526316
20,32,25,baseline,0.75,0.891583452211127,15.311982929219187,125,-49.0,49.0,0.294478527607362,0.192,0.631578947368421,0.4049079754601227,0.264,0.868421052631579,0.441717791411043,0.288,0.9473684210526316
20,32,25,baseline,0.8,0.891583452211127,18.33293297416761,73,-8.0,13.0,0.4504504504504504,0.3424657534246575,0.6578947368421053,0.6486486486486486,0.4931506849315068,0.9473684210526316,0.6846846846846847,0.5205479452054794,1.0
20,32,25,baseline,0.85,0.891583452211127,25.576633021362603,40,0.0,3.5,0.6923076923076923,0.675,0.7105263157894737,0.8717948717948718,0.85,0.8947368421052632,0.9230769230769232,0.9,0.9473684210526316
20,32,25,baseline,0.9,0.891583452211127,44.30205644365857,36,6.0,6.0,0.4594594594594595,0.4722222222222222,0.4473684210526316,0.8648648648648649,0.8888888888888888,0.8421052631578947,0.972972972972973,1.0,0.9473684210526316
20,32,25,baseline,0.925,0.891583452211127,53.41802449434934,38,8.5,8.5,0.1052631578947368,0.1052631578947368,0.1052631578947368,0.7105263157894737,0.7105263157894737,0.7105263157894737,1.0,1.0,1.0
20,32,25,baseline,0.95,0.891583452211127,59.44572793102306,37,10.0,10.0,0.0266666666666666,0.027027027027027,0.0263157894736842,0.5066666666666666,0.5135135135135135,0.5,0.88,0.8918918918918919,0.868421052631579
20,32,25,baseline,0.975,0.891583452211127,66.43341992233017,28,13.5,13.5,0.0,0.0,0.0,0.2121212121212121,0.25,0.1842105263157894,0.7575757575757577,0.8928571428571429,0.6578947368421053
20,32,25,baseline,0.99,0.891583452211127,70.24519376160298,15,13.0,13.0,0.0,0.0,0.0,0.0377358490566037,0.0666666666666666,0.0263157894736842,0.5660377358490566,1.0,0.3947368421052631
20,32,25,resample_pointwise,0.5,0.891583452211127,19.02545169337625,65,-6.0,7.0,0.4854368932038836,0.3846153846153846,0.6578947368421053,0.6990291262135921,0.5538461538461539,0.9473684210526316,0.7378640776699029,0.5846153846153846,1.0
20,32,25,resample_pointwise,0.6,0.891583452211127,21.478682834477627,49,-2.0,5.0,0.5977011494252874,0.5306122448979592,0.6842105263157895,0.7816091954022989,0.6938775510204082,0.8947368421052632,0.8275862068965517,0.7346938775510204,0.9473684210526316
20,32,25,resample_pointwise,0.7,0.891583452211127,24.453217805356747,44,0.0,4.0,0.6585365853658537,0.6136363636363636,0.7105263157894737,0.8292682926829269,0.7727272727272727,0.8947368421052632,0.8780487804878049,0.8181818181818182,0.9473684210526316
20,32,25,resample_pointwise,0.75,0.891583452211127,26.242155305445287,40,0.0,3.5,0.6923076923076923,0.675,0.7105263157894737,0.8717948717948718,0.85,0.8947368421052632,0.9230769230769232,0.9,0.9473684210526316
20,32,25,resample_pointwise,0.8,0.891583452211127,28.290886757657805,36,1.5,2.0,0.7837837837837838,0.8055555555555556,0.7631578947368421,0.918918918918919,0.9444444444444444,0.8947368421052632,0.972972972972973,1.0,0.9473684210526316
20,32,25,resample_pointwise,0.85,0.891583452211127,30.771990661876416,36,1.5,2.0,0.7837837837837838,0.8055555555555556,0.7631578947368421,0.918918918918919,0.9444444444444444,0.8947368421052632,0.972972972972973,1.0,0.9473684210526316
20,32,25,resample_pointwise,0.9,0.891583452211127,33.92120753005404,38,2.0,2.5,0.7105263157894737,0.7105263157894737,0.7105263157894737,0.8947368421052632,0.8947368421052632,0.8947368421052632,0.9473684210526316,0.9473684210526316,0.9473684210526316
20,32,25,resample_pointwise,0.925,0.891583452211127,35.97308294599054,38,2.5,3.0,0.6578947368421053,0.6578947368421053,0.6578947368421053,0.868421052631579,0.868421052631579,0.868421052631579,0.9473684210526316,0.9473684210526316,0.9473684210526316
20,32,25,resample_pointwise,0.95,0.891583452211127,38.6171029993915,37,3.0,3.0,0.64,0.6486486486486487,0.631578947368421,0.88,0.8918918918918919,0.868421052631579,0.96,0.972972972972973,0.9473684210526316
20,32,25,resample_pointwise,0.975,0.891583452211127,42.70370796731455,36,5.0,5.0,0.5135135135135136,0.5277777777777778,0.5,0.8918918918918918,0.9166666666666666,0.868421052631579,0.972972972972973,1.0,0.9473684210526316
20,32,25,resample_pointwise,0.99,0.891583452211127,47.36414644108865,36,7.0,7.0,0.3783783783783783,0.3888888888888889,0.3684210526315789,0.8648648648648649,0.8888888888888888,0.8421052631578947,0.972972972972973,1.0,0.9473684210526316
20,32,50,baseline,0.5,0.891583452211127,10.206199299925334,150,-85.5,85.5,0.0319148936170212,0.02,0.0789473684210526,0.0638297872340425,0.04,0.1578947368421052,0.3617021276595744,0.2266666666666666,0.8947368421052632
20,32,50,baseline,0.6,0.891583452211127,12.441386295854093,86,-52.0,52.0,0.0483870967741935,0.0348837209302325,0.0789473684210526,0.096774193548387,0.0697674418604651,0.1578947368421052,0.5483870967741935,0.3953488372093023,0.8947368421052632
20,32,50,baseline,0.7,0.891583452211127,19.661890026908875,36,-17.0,17.0,0.081081081081081,0.0833333333333333,0.0789473684210526,0.1621621621621621,0.1666666666666666,0.1578947368421052,0.9459459459459458,0.9722222222222222,0.9210526315789472
20,32,50,baseline,0.75,0.891583452211127,32.000245004667484,36,-15.0,15.0,0.081081081081081,0.0833333333333333,0.0789473684210526,0.2162162162162162,0.2222222222222222,0.2105263157894736,0.972972972972973,1.0,0.9473684210526316
20,32,50,baseline,0.8,0.891583452211127,46.93987144157996,36,-8.0,8.0,0.2972972972972973,0.3055555555555556,0.2894736842105263,0.6486486486486486,0.6666666666666666,0.631578947368421,0.972972972972973,1.0,0.9473684210526316
20,32,50,baseline,0.85,0.891583452211127,60.227628159349976,36,-1.0,3.0,0.7837837837837838,0.8055555555555556,0.7631578947368421,0.918918918918919,0.9444444444444444,0.8947368421052632,0.972972972972973,1.0,0.9473684210526316
20,32,50,baseline,0.9,0.891583452211127,71.79189413655757,36,4.5,4.5,0.5405405405405405,0.5555555555555556,0.5263157894736842,0.8648648648648649,0.8888888888888888,0.8421052631578947,0.972972972972973,1.0,0.9473684210526316
20,32,50,baseline,0.925,0.891583452211127,76.13711710620598,41,10.0,10.0,0.2278481012658228,0.2195121951219512,0.2368421052631578,0.5569620253164557,0.5365853658536586,0.5789473684210527,0.9113924050632912,0.8780487804878049,0.9473684210526316
20,32,50,baseline,0.95,0.891583452211127,78.823585057758,35,11.0,11.0,0.0273972602739726,0.0285714285714285,0.0263157894736842,0.3835616438356164,0.4,0.3684210526315789,0.8493150684931505,0.8857142857142857,0.8157894736842105
20,32,50,baseline,0.975,0.891583452211127,81.66955413922689,21,12.0,12.0,0.0338983050847457,0.0476190476190476,0.0263157894736842,0.2033898305084746,0.2857142857142857,0.1578947368421052,0.711864406779661,1.0,0.5526315789473685
20,32,50,baseline,0.99,0.891583452211127,84.05412710449545,17,13.0,13.0,0.0,0.0,0.0,0.109090909090909,0.1764705882352941,0.0789473684210526,0.5454545454545454,0.8823529411764706,0.3947368421052631
20,32,50,resample_pointwise,0.5,0.891583452211127,13.990714710841672,63,-24.0,24.0,0.0594059405940594,0.0476190476190476,0.0789473684210526,0.1188118811881188,0.0952380952380952,0.1578947368421052,0.6732673267326732,0.5396825396825397,0.8947368421052632
20,32,50,resample_pointwise,0.6,0.891583452211127,15.736584862468831,47,-19.0,19.0,0.0705882352941176,0.0638297872340425,0.0789473684210526,0.1411764705882352,0.1276595744680851,0.1578947368421052,0.8,0.723404255319149,0.8947368421052632
20,32,50,resample_pointwise,0.7,0.891583452211127,17.905252565818174,40,-17.5,17.5,0.0769230769230769,0.075,0.0789473684210526,0.1538461538461538,0.15,0.1578947368421052,0.8974358974358975,0.875,0.9210526315789472
20,32,50,resample_pointwise,0.75,0.891583452211127,19.21366748606334,36,-17.0,17.0,0.081081081081081,0.0833333333333333,0.0789473684210526,0.1621621621621621,0.1666666666666666,0.1578947368421052,0.9459459459459458,0.9722222222222222,0.9210526315789472
20,32,50,resample_pointwise,0.8,0.891583452211127,20.75125469444286,36,-17.0,17.0,0.081081081081081,0.0833333333333333,0.0789473684210526,0.1621621621621621,0.1666666666666666,0.1578947368421052,0.9459459459459458,0.9722222222222222,0.9210526315789472
20,32,50,resample_pointwise,0.85,0.891583452211127,22.605782076488687,36,-16.5,16.5,0.081081081081081,0.0833333333333333,0.0789473684210526,0.1621621621621621,0.1666666666666666,0.1578947368421052,0.9459459459459458,0.9722222222222222,0.9210526315789472
20,32,50,resample_pointwise,0.9,0.891583452211127,25.014426492771936,38,-16.5,16.5,0.0789473684210526,0.0789473684210526,0.0789473684210526,0.1842105263157894,0.1842105263157894,0.1842105263157894,0.9473684210526316,0.9473684210526316,0.9473684210526316
20,32,50,resample_pointwise,0.925,0.891583452211127,26.592644020511987,36,-16.0,16.0,0.081081081081081,0.0833333333333333,0.0789473684210526,0.1891891891891891,0.1944444444444444,0.1842105263157894,0.972972972972973,1.0,0.9473684210526316
20,32,50,resample_pointwise,0.95,0.891583452211127,28.677850178965222,36,-16.0,16.0,0.081081081081081,0.0833333333333333,0.0789473684210526,0.1891891891891891,0.1944444444444444,0.1842105263157894,0.972972972972973,1.0,0.9473684210526316
20,32,50,resample_pointwise,0.975,0.891583452211127,31.844948541223868,36,-15.0,15.0,0.081081081081081,0.0833333333333333,0.0789473684210526,0.2162162162162162,0.2222222222222222,0.2105263157894736,0.972972972972973,1.0,0.9473684210526316
20,32,50,resample_pointwise,0.99,0.891583452211127,35.52948892585239,36,-12.5,12.5,0.1081081081081081,0.1111111111111111,0.1052631578947368,0.2702702702702702,0.2777777777777778,0.2631578947368421,0.972972972972973,1.0,0.9473684210526316
20,32,100,baseline,0.5,0.891583452211127,33.76541973473121,36,-44.5,44.5,0.054054054054054,0.0555555555555555,0.0526315789473684,0.1351351351351351,0.1388888888888889,0.131578947368421,0.1621621621621621,0.1666666666666666,0.1578947368421052
20,32,100,baseline,0.6,0.891583452211127,49.29375676858783,36,-28.0,28.0,0.1621621621621621,0.1666666666666666,0.1578947368421052,0.2702702702702702,0.2777777777777778,0.2631578947368421,0.3513513513513513,0.3611111111111111,0.3421052631578947
20,32,100,baseline,0.7,0.891583452211127,62.45601851807223,36,-11.5,11.5,0.2702702702702702,0.2777777777777778,0.2631578947368421,0.4594594594594595,0.4722222222222222,0.4473684210526316,0.8648648648648649,0.8888888888888888,0.8421052631578947
20,32,100,baseline,0.75,0.891583452211127,68.38853682961873,36,-8.5,8.5,0.3243243243243243,0.3333333333333333,0.3157894736842105,0.5675675675675677,0.5833333333333334,0.5526315789473685,0.972972972972973,1.0,0.9473684210526316
20,32,100,baseline,0.8,0.891583452211127,73.9343597284595,36,-3.0,5.5,0.4864864864864865,0.5,0.4736842105263157,0.7837837837837838,0.8055555555555556,0.7631578947368421,0.972972972972973,1.0,0.9473684210526316
20,32,100,baseline,0.85,0.891583452211127,79.84542822561852,36,0.0,3.0,0.6486486486486486,0.6666666666666666,0.631578947368421,0.9459459459459458,0.9722222222222222,0.9210526315789472,0.972972972972973,1.0,0.9473684210526316
20,32,100,baseline,0.9,0.891583452211127,85.22192063781519,36,6.0,6.0,0.4054054054054054,0.4166666666666667,0.3947368421052631,0.8918918918918918,0.9166666666666666,0.868421052631579,0.972972972972973,1.0,0.9473684210526316
20,32,100,baseline,0.925,0.891583452211127,87.12633636021256,33,7.0,7.0,0.2816901408450704,0.303030303030303,0.2631578947368421,0.676056338028169,0.7272727272727273,0.631578947368421,0.9295774647887324,1.0,0.868421052631579
20,32,100,baseline,0.95,0.891583452211127,88.76806014258649,24,7.5,7.5,0.2258064516129032,0.2916666666666667,0.1842105263157894,0.6451612903225806,0.8333333333333334,0.5263157894736842,0.7741935483870968,1.0,0.631578947368421
20,32,100,baseline,0.975,0.891583452211127,90.84440811831244,17,10.0,10.0,0.0727272727272727,0.1176470588235294,0.0526315789473684,0.3272727272727273,0.5294117647058824,0.2368421052631578,0.5454545454545454,0.8823529411764706,0.3947368421052631
20,32,100,baseline,0.99,0.891583452211127,92.98174919864714,6,8.5,8.5,0.0909090909090909,0.3333333333333333,0.0526315789473684,0.1818181818181818,0.6666666666666666,0.1052631578947368,0.2727272727272727,1.0,0.1578947368421052
20,32,100,resample_pointwise,0.5,0.891583452211127,10.15229601441603,59,-73.0,73.0,0.0,0.0,0.0,0.0,0.0,0.0,0.0,0.0,0.0
20,32,100,resample_pointwise,0.6,0.891583452211127,11.382614423687563,41,-67.0,67.0,0.0,0.0,0.0,0.0,0.0,0.0,0.0,0.0,0.0
20,32,100,resample_pointwise,0.7,0.891583452211127,12.945661666281032,37,-65.0,65.0,0.0,0.0,0.0,0.0,0.0,0.0,0.0,0.0,0.0
20,32,100,resample_pointwise,0.75,0.891583452211127,13.90016363262258,36,-65.0,65.0,0.0,0.0,0.0,0.0,0.0,0.0,0.0,0.0,0.0
20,32,100,resample_pointwise,0.8,0.891583452211127,15.03279679415196,36,-65.0,65.0,0.0,0.0,0.0,0.0,0.0,0.0,0.0,0.0,0.0
20,32,100,resample_pointwise,0.85,0.891583452211127,16.418994729607416,36,-63.5,63.5,0.0,0.0,0.0,0.0,0.0,0.0,0.0,0.0,0.0
20,32,100,resample_pointwise,0.9,0.891583452211127,18.231730731072275,37,-64.0,64.0,0.0,0.0,0.0,0.0,0.0,0.0,0.0,0.0,0.0
20,32,100,resample_pointwise,0.925,0.891583452211127,19.416022157054247,36,-63.0,63.0,0.0,0.0,0.0,0.0,0.0,0.0,0.0,0.0,0.0
20,32,100,resample_pointwise,0.95,0.891583452211127,20.996931449853054,37,-63.0,63.0,0.0,0.0,0.0,0.0,0.0,0.0,0.0,0.0,0.0
20,32,100,resample_pointwise,0.975,0.891583452211127,23.451754859761344,36,-62.0,62.0,0.0,0.0,0.0,0.0,0.0,0.0,0.027027027027027,0.0277777777777777,0.0263157894736842
20,32,100,resample_pointwise,0.99,0.891583452211127,26.26564739490216,36,-60.0,60.0,0.054054054054054,0.0555555555555555,0.0526315789473684,0.054054054054054,0.0555555555555555,0.0526315789473684,0.081081081081081,0.0833333333333333,0.0789473684210526
20,37,10,baseline,0.5,0.8767315448009819,13.360762239511528,534,-63.0,63.0,0.0699300699300699,0.0374531835205992,0.5263157894736842,0.1118881118881118,0.0599250936329588,0.8421052631578947,0.1328671328671328,0.0711610486891385,1.0
20,37,10,baseline,0.6,0.8767315448009819,15.079890990611126,455,-59.0,59.0,0.0933062880324543,0.0505494505494505,0.6052631578947368,0.125760649087221,0.0681318681318681,0.8157894736842105,0.1541582150101419,0.0835164835164835,1.0
20,37,10,baseline,0.7,0.8767315448009819,17.460521898038078,356,-54.0,54.0,0.116751269035533,0.0646067415730337,0.6052631578947368,0.1776649746192893,0.098314606741573,0.9210526315789472,0.182741116751269,0.1011235955056179,0.9473684210526316
20,37,10,baseline,0.75,0.8767315448009819,18.71257542654234,304,-47.0,47.0,0.1345029239766081,0.0756578947368421,0.6052631578947368,0.1988304093567251,0.1118421052631579,0.8947368421052632,0.2105263157894736,0.1184210526315789,0.9473684210526316
20,37,10,baseline,0.8,0.8767315448009819,20.604751270020564,240,-43.0,43.0,0.1510791366906475,0.0875,0.5526315789473685,0.237410071942446,0.1375,0.868421052631579,0.2661870503597122,0.1541666666666666,0.9736842105263158
20,37,10,baseline,0.85,0.8767315448009819,23.03884859043104,188,-22.0,22.0,0.15929203539823,0.0957446808510638,0.4736842105263157,0.2831858407079646,0.1702127659574468,0.8421052631578947,0.3274336283185841,0.1968085106382978,0.9736842105263158
20,37,10,baseline,0.9,0.8767315448009819,26.45296154041364,134,5.0,14.0,0.1511627906976744,0.0970149253731343,0.3421052631578947,0.3488372093023256,0.2238805970149253,0.7894736842105263,0.4302325581395348,0.2761194029850746,0.9736842105263158
20,37,10,baseline,0.925,0.8767315448009819,28.838124223763124,104,8.0,13.5,0.1267605633802817,0.0865384615384615,0.2368421052631578,0.3661971830985915,0.25,0.6842105263157895,0.5211267605633804,0.3557692307692308,0.9736842105263158
20,37,10,baseline,0.95,0.8767315448009819,31.820169373221788,78,8.0,11.0,0.1379310344827586,0.1025641025641025,0.2105263157894736,0.3793103448275862,0.282051282051282,0.5789473684210527,0.603448275862069,0.4487179487179487,0.9210526315789472
20,37,10,baseline,0.975,0.8767315448009819,36.82613210770833,42,8.5,11.0,0.125,0.119047619047619,0.131578947368421,0.3,0.2857142857142857,0.3157894736842105,0.575,0.5476190476190477,0.6052631578947368
20,37,10,baseline,0.99,0.8767315448009819,42.99375214804845,22,10.0,13.0,0.0999999999999999,0.1363636363636363,0.0789473684210526,0.1333333333333333,0.1818181818181818,0.1052631578947368,0.4666666666666667,0.6363636363636364,0.3684210526315789
20,37,10,resample_pointwise,0.5,0.8767315448009819,28.24244112965507,117,7.0,14.0,0.1419354838709677,0.094017094017094,0.2894736842105263,0.3612903225806451,0.2393162393162393,0.7368421052631579,0.4774193548387097,0.3162393162393162,0.9736842105263158
20,37,10,resample_pointwise,0.6,0.8767315448009819,31.995916112327585,76,8.0,11.0,0.1403508771929824,0.1052631578947368,0.2105263157894736,0.3859649122807018,0.2894736842105263,0.5789473684210527,0.6140350877192983,0.4605263157894737,0.9210526315789472
20,37,10,resample_pointwise,0.7,0.8767315448009819,36.39956081793896,44,9.0,11.0,0.1219512195121951,0.1136363636363636,0.131578947368421,0.2926829268292683,0.2727272727272727,0.3157894736842105,0.5609756097560975,0.5227272727272727,0.6052631578947368
20,37,10,resample_pointwise,0.75,0.8767315448009819,38.9638022673048,36,9.0,10.5,0.081081081081081,0.0833333333333333,0.0789473684210526,0.2972972972972973,0.3055555555555556,0.2894736842105263,0.5945945945945946,0.6111111111111112,0.5789473684210527
20,37,10,resample_pointwise,0.8,0.8767315448009819,41.89601490214242,24,8.5,13.0,0.0967741935483871,0.125,0.0789473684210526,0.1935483870967742,0.25,0.1578947368421052,0.4838709677419354,0.625,0.3947368421052631
20,37,10,resample_pointwise,0.85,0.8767315448009819,45.33431135896921,13,8.0,14.0,0.0784313725490196,0.1538461538461538,0.0526315789473684,0.1176470588235294,0.2307692307692307,0.0789473684210526,0.3529411764705882,0.6923076923076923,0.2368421052631578
20,37,10,resample_pointwise,0.9,0.8767315448009819,49.686829550718166,1,8.0,8.0,0.0,0.0,0.0,0.0512820512820512,1.0,0.0263157894736842,0.0512820512820512,1.0,0.0263157894736842
20,37,10,resample_pointwise,0.925,0.8767315448009819,52.48744075468953,0,,,0.0,0.0,0.0,0.0,0.0,0.0,0.0,0.0,0.0
20,37,10,resample_pointwise,0.95,0.8767315448009819,56.204105458314366,0,,,0.0,0.0,0.0,0.0,0.0,0.0,0.0,0.0,0.0
20,37,10,resample_pointwise,0.975,0.8767315448009819,61.79650631247903,0,,,0.0,0.0,0.0,0.0,0.0,0.0,0.0,0.0,0.0
20,37,10,resample_pointwise,0.99,0.8767315448009819,68.42758942957227,0,,,0.0,0.0,0.0,0.0,0.0,0.0,0.0,0.0,0.0
20,37,25,baseline,0.5,0.8767315448009819,10.334467577664617,281,-77.0,77.0,0.1253918495297805,0.0711743772241993,0.5263157894736842,0.1818181818181818,0.1032028469750889,0.7631578947368421,0.231974921630094,0.1316725978647686,0.9736842105263158
20,37,25,baseline,0.6,0.8767315448009819,11.929581192834934,217,-74.0,74.0,0.1647058823529411,0.0967741935483871,0.5526315789473685,0.2352941176470588,0.1382488479262673,0.7894736842105263,0.2901960784313726,0.1705069124423963,0.9736842105263158
20,37,25,baseline,0.7,0.8767315448009819,14.466885568690168,142,-59.0,59.0,0.2333333333333333,0.1478873239436619,0.5526315789473685,0.3555555555555555,0.2253521126760563,0.8421052631578947,0.4111111111111111,0.2605633802816901,0.9736842105263158
20,37,25,baseline,0.75,0.8767315448009819,16.6702569798746,88,-39.0,39.0,0.3333333333333333,0.2386363636363636,0.5526315789473685,0.5079365079365079,0.3636363636363636,0.8421052631578947,0.5873015873015873,0.4204545454545454,0.9736842105263158
20,37,25,baseline,0.8,0.8767315448009819,20.86060757196719,67,-5.0,10.0,0.419047619047619,0.3283582089552239,0.5789473684210527,0.6095238095238095,0.4776119402985074,0.8421052631578947,0.7238095238095238,0.5671641791044776,1.0
20,37,25,baseline,0.85,0.8767315448009819,29.13774689760637,39,3.0,5.0,0.5454545454545455,0.5384615384615384,0.5526315789473685,0.7532467532467534,0.7435897435897436,0.7631578947368421,0.935064935064935,0.9230769230769232,0.9473684210526316
20,37,25,baseline,0.9,0.8767315448009819,44.06929998695742,37,10.0,10.0,0.2133333333333333,0.2162162162162162,0.2105263157894736,0.5066666666666666,0.5135135135135135,0.5,0.96,0.972972972972973,0.9473684210526316
20,37,25,baseline,0.925,0.8767315448009819,50.65115669912595,42,12.0,12.0,0.05,0.0476190476190476,0.0526315789473684,0.35,0.3333333333333333,0.3684210526315789,0.925,0.8809523809523809,0.9736842105263158
20,37,25,baseline,0.95,0.8767315448009819,55.64968781906089,48,13.0,13.0,0.0,0.0,0.0,0.2093023255813953,0.1875,0.2368421052631578,0.8139534883720931,0.7291666666666666,0.9210526315789472
20,37,25,baseline,0.975,0.8767315448009819,60.53598792132559,25,15.0,15.0,0.0,0.0,0.0,0.0317460317460317,0.04,0.0263157894736842,0.7619047619047619,0.96,0.631578947368421
20,37,25,baseline,0.99,0.8767315448009819,65.05732599508319,11,15.0,15.0,0.0,0.0,0.0,0.0,0.0,0.0,0.4081632653061224,0.9090909090909092,0.2631578947368421
20,37,25,resample_pointwise,0.5,0.8767315448009819,19.248985382882307,70,-7.0,12.5,0.4074074074074074,0.3142857142857143,0.5789473684210527,0.5925925925925926,0.4571428571428571,0.8421052631578947,0.7037037037037037,0.5428571428571428,1.0
20,37,25,resample_pointwise,0.6,0.8767315448009819,21.773770806485093,57,-3.0,8.0,0.4631578947368421,0.3859649122807017,0.5789473684210527,0.6736842105263158,0.5614035087719298,0.8421052631578947,0.8,0.6666666666666666,1.0
20,37,25,resample_pointwise,0.7,0.8767315448009819,24.804547999785346,42,2.0,5.0,0.5500000000000002,0.5238095238095238,0.5789473684210527,0.8,0.7619047619047619,0.8421052631578947,0.95,0.9047619047619048,1.0
20,37,25,resample_pointwise,0.75,0.8767315448009819,26.59276692307438,43,2.0,5.0,0.5679012345679012,0.5348837209302325,0.6052631578947368,0.765432098765432,0.7209302325581395,0.8157894736842105,0.9382716049382716,0.8837209302325582,1.0
20,37,25,resample_pointwise,0.8,0.8767315448009819,28.64273189079972,39,3.0,5.0,0.5454545454545455,0.5384615384615384,0.5526315789473685,0.7532467532467534,0.7435897435897436,0.7631578947368421,0.935064935064935,0.9230769230769232,0.9473684210526316
20,37,25,resample_pointwise,0.85,0.8767315448009819,31.09668517152601,39,5.0,5.0,0.5454545454545455,0.5384615384615384,0.5526315789473685,0.7792207792207793,0.7692307692307693,0.7894736842105263,0.9870129870129868,0.9743589743589745,1.0
20,37,25,resample_pointwise,0.9,0.8767315448009819,34.261867662206726,36,5.5,5.5,0.4864864864864865,0.5,0.4736842105263157,0.7567567567567567,0.7777777777777778,0.7368421052631579,0.972972972972973,1.0,0.9473684210526316
20,37,25,resample_pointwise,0.925,0.8767315448009819,36.30191259677398,36,6.5,6.5,0.4594594594594595,0.4722222222222222,0.4473684210526316,0.7567567567567567,0.7777777777777778,0.7368421052631579,0.972972972972973,1.0,0.9473684210526316
20,37,25,resample_pointwise,0.95,0.8767315448009819,38.99602444097592,38,7.0,7.0,0.3684210526315789,0.3684210526315789,0.3684210526315789,0.6842105263157895,0.6842105263157895,0.6842105263157895,0.9736842105263158,0.9736842105263158,0.9736842105263158
20,37,25,resample_pointwise,0.975,0.8767315448009819,43.03092515758305,36,9.5,9.5,0.2432432432432432,0.25,0.2368421052631578,0.5675675675675677,0.5833333333333334,0.5526315789473685,0.972972972972973,1.0,0.9473684210526316
20,37,25,resample_pointwise,0.99,0.8767315448009819,47.71399741141095,38,10.5,10.5,0.131578947368421,0.131578947368421,0.131578947368421,0.4473684210526316,0.4473684210526316,0.4473684210526316,0.9210526315789472,0.9210526315789472,0.9210526315789472
20,37,50,baseline,0.5,0.8767315448009819,9.501508037851425,119,-85.0,85.0,0.0764331210191082,0.0504201680672268,0.1578947368421052,0.1273885350318471,0.0840336134453781,0.2631578947368421,0.4076433121019108,0.2689075630252101,0.8421052631578947
20,37,50,baseline,0.6,0.8767315448009819,12.584567522600404,66,-25.5,25.5,0.1153846153846153,0.0909090909090909,0.1578947368421052,0.1923076923076923,0.1515151515151515,0.2631578947368421,0.6346153846153846,0.5,0.868421052631579
20,37,50,baseline,0.7,0.8767315448009819,19.49071294042825,38,-15.0,15.0,0.1578947368421052,0.1578947368421052,0.1578947368421052,0.2631578947368421,0.2631578947368421,0.2631578947368421,0.868421052631579,0.868421052631579,0.868421052631579
20,37,50,baseline,0.75,0.8767315448009819,32.02844983103836,36,-12.0,12.0,0.2162162162162162,0.2222222222222222,0.2105263157894736,0.4054054054054054,0.4166666666666667,0.3947368421052631,0.972972972972973,1.0,0.9473684210526316
20,37,50,baseline,0.8,0.8767315448009819,46.265887109847824,36,-6.0,6.5,0.3783783783783783,0.3888888888888889,0.3684210526315789,0.8648648648648649,0.8888888888888888,0.8421052631578947,0.972972972972973,1.0,0.9473684210526316
20,37,50,baseline,0.85,0.8767315448009819,59.82267029518452,36,0.0,2.5,0.8108108108108109,0.8333333333333334,0.7894736842105263,0.918918918918919,0.9444444444444444,0.8947368421052632,0.972972972972973,1.0,0.9473684210526316
20,37,50,baseline,0.9,0.8767315448009819,71.3005475353435,36,7.5,7.5,0.2972972972972973,0.3055555555555556,0.2894736842105263,0.7837837837837838,0.8055555555555556,0.7631578947368421,0.9459459459459458,0.9722222222222222,0.9210526315789472
20,37,50,baseline,0.925,0.8767315448009819,74.94357020197268,41,10.0,10.0,0.1265822784810126,0.1219512195121951,0.131578947368421,0.5569620253164557,0.5365853658536586,0.5789473684210527,0.8860759493670887,0.8536585365853658,0.9210526315789472
20,37,50,baseline,0.95,0.8767315448009819,77.96609709897557,32,12.5,12.5,0.0285714285714285,0.03125,0.0263157894736842,0.2857142857142857,0.3125,0.2631578947368421,0.8285714285714286,0.90625,0.7631578947368421
20,37,50,baseline,0.975,0.8767315448009819,81.2412255331777,20,14.0,14.0,0.0,0.0,0.0,0.0344827586206896,0.05,0.0263157894736842,0.6896551724137931,1.0,0.5263157894736842
20,37,50,baseline,0.99,0.8767315448009819,84.16131240717444,12,15.0,15.0,0.0,0.0,0.0,0.0,0.0,0.0,0.4399999999999999,0.9166666666666666,0.2894736842105263
20,37,50,resample_pointwise,0.5,0.8767315448009819,14.22341511417576,63,-23.0,23.0,0.1188118811881188,0.0952380952380952,0.1578947368421052,0.198019801980198,0.1587301587301587,0.2631578947368421,0.6732673267326732,0.5396825396825397,0.8947368421052632
20,37,50,resample_pointwise,0.6,0.8767315448009819,16.054443450109595,51,-20.0,20.0,0.1348314606741573,0.1176470588235294,0.1578947368421052,0.2247191011235955,0.196078431372549,0.2631578947368421,0.7640449438202247,0.6666666666666666,0.8947368421052632
20,37,50,resample_pointwise,0.7,0.8767315448009819,18.27357291043762,40,-15.5,15.5,0.1538461538461538,0.15,0.1578947368421052,0.2564102564102564,0.25,0.2631578947368421,0.8205128205128205,0.8,0.8421052631578947
20,37,50,resample_pointwise,0.75,0.8767315448009819,19.57960360567119,37,-15.0,15.0,0.16,0.1621621621621621,0.1578947368421052,0.2666666666666666,0.2702702702702703,0.2631578947368421,0.88,0.8918918918918919,0.868421052631579
20,37,50,resample_pointwise,0.8,0.8767315448009819,21.103878374223715,39,-15.0,15.0,0.1818181818181818,0.1794871794871795,0.1842105263157894,0.2857142857142857,0.282051282051282,0.2894736842105263,0.8831168831168831,0.8717948717948718,0.8947368421052632
20,37,50,resample_pointwise,0.85,0.8767315448009819,22.957264140542552,36,-14.5,14.5,0.1891891891891891,0.1944444444444444,0.1842105263157894,0.2972972972972973,0.3055555555555556,0.2894736842105263,0.9459459459459458,0.9722222222222222,0.9210526315789472
20,37,50,resample_pointwise,0.9,0.8767315448009819,25.349088384753124,36,-13.0,13.0,0.1891891891891891,0.1944444444444444,0.1842105263157894,0.2972972972972973,0.3055555555555556,0.2894736842105263,0.972972972972973,1.0,0.9473684210526316
20,37,50,resample_pointwise,0.925,0.8767315448009819,26.91592908083924,36,-13.0,13.0,0.2162162162162162,0.2222222222222222,0.2105263157894736,0.3513513513513513,0.3611111111111111,0.3421052631578947,0.972972972972973,1.0,0.9473684210526316
20,37,50,resample_pointwise,0.95,0.8767315448009819,28.95756808391463,36,-12.5,12.5,0.2162162162162162,0.2222222222222222,0.2105263157894736,0.3513513513513513,0.3611111111111111,0.3421052631578947,0.972972972972973,1.0,0.9473684210526316
20,37,50,resample_pointwise,0.975,0.8767315448009819,32.08803647512306,36,-12.0,12.0,0.2162162162162162,0.2222222222222222,0.2105263157894736,0.4054054054054054,0.4166666666666667,0.3947368421052631,0.972972972972973,1.0,0.9473684210526316
20,37,50,resample_pointwise,0.99,0.8767315448009819,35.672940828140405,36,-12.0,12.0,0.2162162162162162,0.2222222222222222,0.2105263157894736,0.4324324324324324,0.4444444444444444,0.4210526315789473,0.972972972972973,1.0,0.9473684210526316
20,37,100,baseline,0.5,0.8767315448009819,29.40713296246932,36,-50.0,50.0,0.027027027027027,0.0277777777777777,0.0263157894736842,0.027027027027027,0.0277777777777777,0.0263157894736842,0.081081081081081,0.0833333333333333,0.0789473684210526
20,37,100,baseline,0.6,0.8767315448009819,47.99544070187586,36,-34.5,34.5,0.081081081081081,0.0833333333333333,0.0789473684210526,0.1081081081081081,0.1111111111111111,0.1052631578947368,0.2972972972972973,0.3055555555555556,0.2894736842105263
20,37,100,baseline,0.7,0.8767315448009819,62.43792796802375,36,-12.0,12.0,0.3243243243243243,0.3333333333333333,0.3157894736842105,0.4594594594594595,0.4722222222222222,0.4473684210526316,0.918918918918919,0.9444444444444444,0.8947368421052632
20,37,100,baseline,0.75,0.8767315448009819,69.17213724545017,36,-4.0,6.0,0.4594594594594595,0.4722222222222222,0.4473684210526316,0.6486486486486486,0.6666666666666666,0.631578947368421,0.972972972972973,1.0,0.9473684210526316
20,37,100,baseline,0.8,0.8767315448009819,75.16675338914338,36,-2.0,3.5,0.6756756756756757,0.6944444444444444,0.6578947368421053,0.918918918918919,0.9444444444444444,0.8947368421052632,0.972972972972973,1.0,0.9473684210526316
20,37,100,baseline,0.85,0.8767315448009819,80.57909570973398,36,0.5,3.0,0.7297297297297298,0.75,0.7105263157894737,0.972972972972973,1.0,0.9473684210526316,0.972972972972973,1.0,0.9473684210526316
20,37,100,baseline,0.9,0.8767315448009819,85.65341266697494,40,8.0,8.0,0.2307692307692307,0.225,0.2368421052631578,0.8205128205128205,0.8,0.8421052631578947,0.9230769230769232,0.9,0.9473684210526316
20,37,100,baseline,0.925,0.8767315448009819,87.33224919165393,37,10.0,10.0,0.08,0.081081081081081,0.0789473684210526,0.5866666666666667,0.5945945945945946,0.5789473684210527,0.88,0.8918918918918919,0.868421052631579
20,37,100,baseline,0.95,0.8767315448009819,89.04961372218824,29,10.0,10.0,0.0298507462686567,0.0344827586206896,0.0263157894736842,0.5074626865671642,0.5862068965517241,0.4473684210526316,0.7761194029850746,0.896551724137931,0.6842105263157895
20,37,100,baseline,0.975,0.8767315448009819,91.50232792997058,19,13.0,13.0,0.0,0.0,0.0,0.0350877192982456,0.0526315789473684,0.0263157894736842,0.5964912280701755,0.8947368421052632,0.4473684210526316
20,37,100,baseline,0.99,0.8767315448009819,92.80009864480184,13,16.0,16.0,0.0,0.0,0.0,0.0392156862745098,0.0769230769230769,0.0263157894736842,0.4313725490196079,0.8461538461538461,0.2894736842105263
20,37,100,resample_pointwise,0.5,0.8767315448009819,10.348798806095784,54,-66.5,66.5,0.0,0.0,0.0,0.0,0.0,0.0,0.0,0.0,0.0
20,37,100,resample_pointwise,0.6,0.8767315448009819,11.64550906479515,44,-63.5,63.5,0.0,0.0,0.0,0.0,0.0,0.0,0.0,0.0,0.0
20,37,100,resample_pointwise,0.7,0.8767315448009819,13.247345232518262,36,-62.0,62.0,0.0,0.0,0.0,0.0,0.0,0.0,0.0,0.0,0.0
20,37,100,resample_pointwise,0.75,0.8767315448009819,14.206428205520057,36,-61.0,61.0,0.0,0.0,0.0,0.0,0.0,0.0,0.0,0.0,0.0
20,37,100,resample_pointwise,0.8,0.8767315448009819,15.335618311341396,36,-60.5,60.5,0.0,0.0,0.0,0.0,0.0,0.0,0.0,0.0,0.0
20,37,100,resample_pointwise,0.85,0.8767315448009819,16.719697213318376,36,-56.0,56.0,0.027027027027027,0.0277777777777777,0.0263157894736842,0.027027027027027,0.0277777777777777,0.0263157894736842,0.027027027027027,0.0277777777777777,0.0263157894736842
20,37,100,resample_pointwise,0.9,0.8767315448009819,18.525344417602085,36,-54.5,54.5,0.027027027027027,0.0277777777777777,0.0263157894736842,0.027027027027027,0.0277777777777777,0.0263157894736842,0.054054054054054,0.0555555555555555,0.0526315789473684
20,37,100,resample_pointwise,0.925,0.8767315448009819,19.709427322055515,36,-54.0,54.0,0.027027027027027,0.0277777777777777,0.0263157894736842,0.027027027027027,0.0277777777777777,0.0263157894736842,0.054054054054054,0.0555555555555555,0.0526315789473684
20,37,100,resample_pointwise,0.95,0.8767315448009819,21.28161511197038,37,-53.0,53.0,0.0266666666666666,0.027027027027027,0.0263157894736842,0.0266666666666666,0.027027027027027,0.0263157894736842,0.0533333333333333,0.054054054054054,0.0526315789473684
20,37,100,resample_pointwise,0.975,0.8767315448009819,23.68357806070381,36,-51.0,51.0,0.027027027027027,0.0277777777777777,0.0263157894736842,0.027027027027027,0.0277777777777777,0.0263157894736842,0.054054054054054,0.0555555555555555,0.0526315789473684
20,37,100,resample_pointwise,0.99,0.8767315448009819,26.43837132493555,36,-50.0,50.0,0.027027027027027,0.0277777777777777,0.0263157894736842,0.027027027027027,0.0277777777777777,0.0263157894736842,0.081081081081081,0.0833333333333333,0.0789473684210526
20,43,10,baseline,0.5,0.8595495960116899,13.507214066280326,543,-57.0,57.0,0.0895008605851979,0.0478821362799263,0.6842105263157895,0.1135972461273666,0.0607734806629834,0.868421052631579,0.1308089500860585,0.0699815837937384,1.0
20,43,10,baseline,0.6,0.8595495960116899,15.39136917292168,458,-53.0,53.0,0.0887096774193548,0.0480349344978165,0.5789473684210527,0.1330645161290322,0.0720524017467248,0.868421052631579,0.1491935483870967,0.0807860262008733,0.9736842105263158
20,43,10,baseline,0.7,0.8595495960116899,17.836226086058257,401,-47.0,47.0,0.1138952164009111,0.0623441396508728,0.6578947368421053,0.164009111617312,0.0897755610972568,0.9473684210526316,0.1731207289293849,0.0947630922693266,1.0
20,43,10,baseline,0.75,0.8595495960116899,19.27705119979647,356,-39.0,39.0,0.1269035532994923,0.0702247191011236,0.6578947368421053,0.182741116751269,0.1011235955056179,0.9473684210526316,0.1928934010152284,0.1067415730337078,1.0
20,43,10,baseline,0.8,0.8595495960116899,20.746557651449653,302,-32.0,32.0,0.1411764705882353,0.0794701986754966,0.631578947368421,0.2,0.1125827814569536,0.8947368421052632,0.2235294117647059,0.1258278145695364,1.0
20,43,10,baseline,0.85,0.8595495960116899,22.300922012601596,227,-17.0,20.0,0.1433962264150943,0.0837004405286343,0.5,0.2415094339622641,0.1409691629955947,0.8421052631578947,0.2867924528301886,0.1674008810572687,1.0
20,43,10,baseline,0.9,0.8595495960116899,24.707774417860477,155,0.0,19.0,0.155440414507772,0.0967741935483871,0.3947368421052631,0.2901554404145077,0.1806451612903225,0.7368421052631579,0.383419689119171,0.2387096774193548,0.9736842105263158
20,43,10,baseline,0.925,0.8595495960116899,26.235333720071417,144,4.0,18.0,0.1318681318681318,0.0833333333333333,0.3157894736842105,0.2747252747252747,0.1736111111111111,0.6578947368421053,0.3956043956043956,0.25,0.9473684210526316
20,43,10,baseline,0.95,0.8595495960116899,28.424714621262623,93,8.0,15.0,0.0916030534351145,0.064516129032258,0.1578947368421052,0.2900763358778626,0.2043010752688172,0.5,0.4732824427480915,0.3333333333333333,0.8157894736842105
20,43,10,baseline,0.975,0.8595495960116899,31.96050056744108,48,9.0,15.5,0.0465116279069767,0.0416666666666666,0.0526315789473684,0.2790697674418604,0.25,0.3157894736842105,0.5116279069767442,0.4583333333333333,0.5789473684210527
20,43,10,baseline,0.99,0.8595495960116899,37.01647113146964,23,9.0,12.0,0.0327868852459016,0.0434782608695652,0.0263157894736842,0.2295081967213114,0.3043478260869565,0.1842105263157894,0.4262295081967213,0.5652173913043478,0.3421052631578947
20,43,10,resample_pointwise,0.5,0.8595495960116899,27.54690591444134,119,7.0,16.0,0.1273885350318471,0.0840336134453781,0.2631578947368421,0.2802547770700637,0.1848739495798319,0.5789473684210527,0.4331210191082802,0.2857142857142857,0.8947368421052632
20,43,10,resample_pointwise,0.6,0.8595495960116899,31.218698041693017,62,8.5,16.0,0.06,0.0483870967741935,0.0789473684210526,0.3,0.2419354838709677,0.3947368421052631,0.5200000000000001,0.4193548387096774,0.6842105263157895
20,43,10,resample_pointwise,0.7,0.8595495960116899,35.550150291646176,28,10.0,12.5,0.0303030303030303,0.0357142857142857,0.0263157894736842,0.2727272727272727,0.3214285714285714,0.2368421052631578,0.4848484848484848,0.5714285714285714,0.4210526315789473
20,43,10,resample_pointwise,0.75,0.8595495960116899,38.09432097059273,18,10.5,12.5,0.0357142857142857,0.0555555555555555,0.0263157894736842,0.1428571428571428,0.2222222222222222,0.1052631578947368,0.3571428571428571,0.5555555555555556,0.2631578947368421
20,43,10,resample_pointwise,0.8,0.8595495960116899,40.9731828523301,7,9.0,9.0,0.0,0.0,0.0,0.1333333333333333,0.4285714285714285,0.0789473684210526,0.1777777777777777,0.5714285714285714,0.1052631578947368
20,43,10,resample_pointwise,0.85,0.8595495960116899,44.410188712274426,2,11.0,11.0,0.0,0.0,0.0,0.05,0.5,0.0263157894736842,0.05,0.5,0.0263157894736842
20,43,10,resample_pointwise,0.9,0.8595495960116899,48.79184864794558,0,,,0.0,0.0,0.0,0.0,0.0,0.0,0.0,0.0,0.0
20,43,10,resample_pointwise,0.925,0.8595495960116899,51.64558311574716,0,,,0.0,0.0,0.0,0.0,0.0,0.0,0.0,0.0,0.0
20,43,10,resample_pointwise,0.95,0.8595495960116899,55.335376007401806,0,,,0.0,0.0,0.0,0.0,0.0,0.0,0.0,0.0,0.0
20,43,10,resample_pointwise,0.975,0.8595495960116899,60.92593994756012,0,,,0.0,0.0,0.0,0.0,0.0,0.0,0.0,0.0,0.0
20,43,10,resample_pointwise,0.99,0.8595495960116899,67.35136398599018,0,,,0.0,0.0,0.0,0.0,0.0,0.0,0.0,0.0,0.0
20,43,25,baseline,0.5,0.8595495960116899,11.308393905557676,322,-70.0,70.0,0.1277777777777777,0.0714285714285714,0.6052631578947368,0.1777777777777777,0.0993788819875776,0.8421052631578947,0.2055555555555555,0.1149068322981366,0.9736842105263158
20,43,25,baseline,0.6,0.8595495960116899,12.662558239302358,252,-62.5,62.5,0.1655172413793103,0.0952380952380952,0.631578947368421,0.2344827586206896,0.1349206349206349,0.8947368421052632,0.2620689655172414,0.1507936507936507,1.0
20,43,25,baseline,0.7,0.8595495960116899,14.59890279968396,157,-50.0,50.0,0.2564102564102564,0.1592356687898089,0.6578947368421053,0.3487179487179487,0.2165605095541401,0.8947368421052632,0.3897435897435897,0.2420382165605095,1.0
20,43,25,baseline,0.75,0.8595495960116899,16.139256472115786,104,-42.5,42.5,0.352112676056338,0.2403846153846154,0.6578947368421053,0.4788732394366197,0.3269230769230769,0.8947368421052632,0.5352112676056338,0.3653846153846153,1.0
20,43,25,baseline,0.8,0.8595495960116899,18.885930571533788,71,-7.0,11.0,0.4403669724770642,0.3380281690140845,0.631578947368421,0.6238532110091743,0.4788732394366197,0.8947368421052632,0.6972477064220183,0.5352112676056338,1.0
20,43,25,baseline,0.85,0.8595495960116899,28.091902518497456,37,3.0,4.0,0.5333333333333333,0.5405405405405406,0.5263157894736842,0.8,0.8108108108108109,0.7894736842105263,0.96,0.972972972972973,0.9473684210526316
20,43,25,baseline,0.9,0.8595495960116899,41.70409110732793,40,10.0,10.0,0.1025641025641025,0.1,0.1052631578947368,0.5128205128205129,0.5,0.5263157894736842,0.9230769230769232,0.9,0.9473684210526316
20,43,25,baseline,0.925,0.8595495960116899,46.63450806518185,44,15.0,15.0,0.048780487804878,0.0454545454545454,0.0526315789473684,0.2682926829268293,0.25,0.2894736842105263,0.8048780487804879,0.75,0.868421052631579
20,43,25,baseline,0.95,0.8595495960116899,50.89627982286973,40,17.0,17.0,0.0,0.0,0.0,0.1538461538461538,0.15,0.1578947368421052,0.8461538461538461,0.825,0.868421052631579
20,43,25,baseline,0.975,0.8595495960116899,55.82641704528973,30,18.0,18.0,0.0,0.0,0.0,0.088235294117647,0.1,0.0789473684210526,0.7352941176470588,0.8333333333333334,0.6578947368421053
20,43,25,baseline,0.99,0.8595495960116899,59.729435017256,16,17.5,17.5,0.0,0.0,0.0,0.037037037037037,0.0625,0.0263157894736842,0.4814814814814815,0.8125,0.3421052631578947
20,43,25,resample_pointwise,0.5,0.8595495960116899,18.634762189844075,69,-7.0,11.0,0.4485981308411215,0.3478260869565217,0.631578947368421,0.6355140186915887,0.4927536231884058,0.8947368421052632,0.7102803738317757,0.5507246376811594,1.0
20,43,25,resample_pointwise,0.6,0.8595495960116899,21.050533261046724,44,0.0,4.5,0.5853658536585366,0.5454545454545454,0.631578947368421,0.8048780487804879,0.75,0.868421052631579,0.8780487804878049,0.8181818181818182,0.9473684210526316
20,43,25,resample_pointwise,0.7,0.8595495960116899,23.981619471619634,38,1.0,3.0,0.5789473684210527,0.5789473684210527,0.5789473684210527,0.8421052631578947,0.8421052631578947,0.8421052631578947,0.9473684210526316,0.9473684210526316,0.9473684210526316
20,43,25,resample_pointwise,0.75,0.8595495960116899,25.73745096276041,39,2.0,3.0,0.5974025974025974,0.5897435897435898,0.6052631578947368,0.8311688311688312,0.8205128205128205,0.8421052631578947,0.935064935064935,0.9230769230769232,0.9473684210526316
20,43,25,resample_pointwise,0.8,0.8595495960116899,27.75328670779191,38,3.0,3.5,0.5789473684210527,0.5789473684210527,0.5789473684210527,0.7894736842105263,0.7894736842105263,0.7894736842105263,0.9473684210526316,0.9473684210526316,0.9473684210526316
20,43,25,resample_pointwise,0.85,0.8595495960116899,30.19393565365621,37,4.0,4.0,0.5333333333333333,0.5405405405405406,0.5263157894736842,0.8,0.8108108108108109,0.7894736842105263,0.96,0.972972972972973,0.9473684210526316
20,43,25,resample_pointwise,0.9,0.8595495960116899,33.308712861473815,36,6.0,6.0,0.4594594594594595,0.4722222222222222,0.4473684210526316,0.7567567567567567,0.7777777777777778,0.7368421052631579,0.972972972972973,1.0,0.9473684210526316
20,43,25,resample_pointwise,0.925,0.8595495960116899,35.35974401813595,37,9.0,9.0,0.4,0.4054054054054054,0.3947368421052631,0.6933333333333334,0.7027027027027027,0.6842105263157895,0.96,0.972972972972973,0.9473684210526316
20,43,25,resample_pointwise,0.95,0.8595495960116899,38.014284819562974,38,9.0,9.0,0.3421052631578947,0.3421052631578947,0.3421052631578947,0.6842105263157895,0.6842105263157895,0.6842105263157895,0.9736842105263158,0.9736842105263158,0.9736842105263158
20,43,25,resample_pointwise,0.975,0.8595495960116899,42.06187799350787,39,10.0,10.0,0.0779220779220779,0.0769230769230769,0.0789473684210526,0.4935064935064934,0.4871794871794871,0.5,0.935064935064935,0.9230769230769232,0.9473684210526316
20,43,25,resample_pointwise,0.99,0.8595495960116899,46.73862035516762,46,14.5,14.5,0.0476190476190476,0.0434782608695652,0.0526315789473684,0.2857142857142857,0.2608695652173913,0.3157894736842105,0.7857142857142858,0.717391304347826,0.868421052631579
20,43,50,baseline,0.5,0.8595495960116899,9.434533766482057,163,-76.0,76.0,0.099502487562189,0.0613496932515337,0.2631578947368421,0.2189054726368159,0.1349693251533742,0.5789473684210527,0.3383084577114427,0.2085889570552147,0.8947368421052632
20,43,50,baseline,0.6,0.8595495960116899,11.109195552137203,78,-47.5,47.5,0.1724137931034482,0.1282051282051282,0.2631578947368421,0.396551724137931,0.2948717948717949,0.6052631578947368,0.5862068965517242,0.4358974358974359,0.8947368421052632
20,43,50,baseline,0.7,0.8595495960116899,19.53915732592109,37,-8.0,9.0,0.2933333333333333,0.2972972972972973,0.2894736842105263,0.64,0.6486486486486487,0.631578947368421,0.96,0.972972972972973,0.9473684210526316
20,43,50,baseline,0.75,0.8595495960116899,29.579740607954108,38,-7.0,8.0,0.3157894736842105,0.3157894736842105,0.3157894736842105,0.6842105263157895,0.6842105263157895,0.6842105263157895,0.9473684210526316,0.9473684210526316,0.9473684210526316
20,43,50,baseline,0.8,0.8595495960116899,43.04282196403694,36,-3.0,4.5,0.5675675675675677,0.5833333333333334,0.5526315789473685,0.8918918918918918,0.9166666666666666,0.868421052631579,0.972972972972973,1.0,0.9473684210526316
20,43,50,baseline,0.85,0.8595495960116899,56.70359597718341,36,2.0,2.5,0.7297297297297298,0.75,0.7105263157894737,0.8918918918918918,0.9166666666666666,0.868421052631579,0.972972972972973,1.0,0.9473684210526316
20,43,50,baseline,0.9,0.8595495960116899,67.8617358243177,36,9.0,9.0,0.1081081081081081,0.1111111111111111,0.1052631578947368,0.5135135135135136,0.5277777777777778,0.5,0.9459459459459458,0.9722222222222222,0.9210526315789472
20,43,50,baseline,0.925,0.8595495960116899,71.9590504693844,39,14.0,14.0,0.0,0.0,0.0,0.2337662337662337,0.2307692307692307,0.2368421052631578,0.9090909090909092,0.8974358974358975,0.9210526315789472
20,43,50,baseline,0.95,0.8595495960116899,74.47128605912717,31,15.0,15.0,0.0,0.0,0.0,0.2028985507246376,0.2258064516129032,0.1842105263157894,0.8115942028985507,0.9032258064516128,0.7368421052631579
20,43,50,baseline,0.975,0.8595495960116899,77.15793006060257,24,16.5,16.5,0.0,0.0,0.0,0.0967741935483871,0.125,0.0789473684210526,0.5483870967741936,0.7083333333333334,0.4473684210526316
20,43,50,baseline,0.99,0.8595495960116899,80.50819281820634,11,17.0,17.0,0.0,0.0,0.0,0.0,0.0,0.0,0.4081632653061224,0.9090909090909092,0.2631578947368421
20,43,50,resample_pointwise,0.5,0.8595495960116899,13.647050077265938,52,-12.0,12.0,0.2444444444444444,0.2115384615384615,0.2894736842105263,0.5333333333333333,0.4615384615384615,0.631578947368421,0.7999999999999999,0.6923076923076923,0.9473684210526316
20,43,50,resample_pointwise,0.6,0.8595495960116899,15.37487009750254,48,-11.0,11.0,0.2558139534883721,0.2291666666666666,0.2894736842105263,0.5581395348837209,0.5,0.631578947368421,0.8372093023255814,0.75,0.9473684210526316
20,43,50,resample_pointwise,0.7,0.8595495960116899,17.50079509801246,37,-8.0,9.0,0.2933333333333333,0.2972972972972973,0.2894736842105263,0.64,0.6486486486486487,0.631578947368421,0.96,0.972972972972973,0.9473684210526316
20,43,50,resample_pointwise,0.75,0.8595495960116899,18.791554226075498,37,-8.0,9.0,0.2933333333333333,0.2972972972972973,0.2894736842105263,0.64,0.6486486486486487,0.631578947368421,0.96,0.972972972972973,0.9473684210526316
20,43,50,resample_pointwise,0.8,0.8595495960116899,20.31899299718721,40,-9.0,9.0,0.282051282051282,0.275,0.2894736842105263,0.6153846153846154,0.6,0.631578947368421,0.9230769230769232,0.9,0.9473684210526316
20,43,50,resample_pointwise,0.85,0.8595495960116899,22.163657325302328,37,-7.0,8.0,0.2933333333333333,0.2972972972972973,0.2894736842105263,0.6666666666666667,0.6756756756756757,0.6578947368421053,0.96,0.972972972972973,0.9473684210526316
20,43,50,resample_pointwise,0.9,0.8595495960116899,24.555091985028135,38,-7.5,8.5,0.2894736842105263,0.2894736842105263,0.2894736842105263,0.6578947368421053,0.6578947368421053,0.6578947368421053,0.9473684210526316,0.9473684210526316,0.9473684210526316
20,43,50,resample_pointwise,0.925,0.8595495960116899,26.13295117868594,36,-7.0,8.0,0.2972972972972973,0.3055555555555556,0.2894736842105263,0.6756756756756757,0.6944444444444444,0.6578947368421053,0.972972972972973,1.0,0.9473684210526316
20,43,50,resample_pointwise,0.95,0.8595495960116899,28.209238891843,36,-7.0,7.5,0.3243243243243243,0.3333333333333333,0.3157894736842105,0.7027027027027027,0.7222222222222222,0.6842105263157895,0.972972972972973,1.0,0.9473684210526316
20,43,50,resample_pointwise,0.975,0.8595495960116899,31.394963144043068,36,-7.0,7.0,0.3513513513513513,0.3611111111111111,0.3421052631578947,0.7297297297297298,0.75,0.7105263157894737,0.972972972972973,1.0,0.9473684210526316
20,43,50,resample_pointwise,0.99,0.8595495960116899,35.104929128284994,36,-6.0,7.0,0.3783783783783783,0.3888888888888889,0.3684210526315789,0.8378378378378377,0.8611111111111112,0.8157894736842105,0.972972972972973,1.0,0.9473684210526316
20,43,100,baseline,0.5,0.8595495960116899,29.346519382123333,36,-48.0,48.0,0.0,0.0,0.0,0.054054054054054,0.0555555555555555,0.0526315789473684,0.1081081081081081,0.1111111111111111,0.1052631578947368
20,43,100,baseline,0.6,0.8595495960116899,46.63283820272318,36,-30.0,30.0,0.027027027027027,0.0277777777777777,0.0263157894736842,0.1621621621621621,0.1666666666666666,0.1578947368421052,0.3513513513513513,0.3611111111111111,0.3421052631578947
20,43,100,baseline,0.7,0.8595495960116899,60.78947333333961,36,-12.0,12.0,0.2162162162162162,0.2222222222222222,0.2105263157894736,0.4594594594594595,0.4722222222222222,0.4473684210526316,0.918918918918919,0.9444444444444444,0.8947368421052632
20,43,100,baseline,0.75,0.8595495960116899,67.09684602478096,36,-7.0,7.0,0.3513513513513513,0.3611111111111111,0.3421052631578947,0.7027027027027027,0.7222222222222222,0.6842105263157895,0.972972972972973,1.0,0.9473684210526316
20,43,100,baseline,0.8,0.8595495960116899,73.27471214425347,36,-2.0,3.5,0.6756756756756757,0.6944444444444444,0.6578947368421053,0.918918918918919,0.9444444444444444,0.8947368421052632,0.972972972972973,1.0,0.9473684210526316
20,43,100,baseline,0.85,0.8595495960116899,79.01574964117277,36,3.0,3.0,0.6756756756756757,0.6944444444444444,0.6578947368421053,0.8648648648648649,0.8888888888888888,0.8421052631578947,0.972972972972973,1.0,0.9473684210526316
20,43,100,baseline,0.9,0.8595495960116899,84.07973628176536,38,12.0,12.0,0.1052631578947368,0.1052631578947368,0.1052631578947368,0.3947368421052631,0.3947368421052631,0.3947368421052631,0.9473684210526316,0.9473684210526316,0.9473684210526316
20,43,100,baseline,0.925,0.8595495960116899,85.70433834528555,39,15.0,15.0,0.0259740259740259,0.0256410256410256,0.0263157894736842,0.2337662337662337,0.2307692307692307,0.2368421052631578,0.935064935064935,0.9230769230769232,0.9473684210526316
20,43,100,baseline,0.95,0.8595495960116899,87.08763803771367,33,18.0,18.0,0.0,0.0,0.0,0.1408450704225352,0.1515151515151515,0.131578947368421,0.8732394366197183,0.9393939393939394,0.8157894736842105
20,43,100,baseline,0.975,0.8595495960116899,88.84559055404465,23,17.0,17.0,0.0,0.0,0.0,0.0327868852459016,0.0434782608695652,0.0263157894736842,0.5573770491803278,0.7391304347826086,0.4473684210526316
20,43,100,baseline,0.99,0.8595495960116899,90.19447357612516,11,17.0,17.0,0.0,0.0,0.0,0.0,0.0,0.0,0.3673469387755102,0.8181818181818182,0.2368421052631578
20,43,100,resample_pointwise,0.5,0.8595495960116899,9.99072520395132,41,-56.0,56.0,0.0,0.0,0.0,0.0253164556962025,0.024390243902439,0.0263157894736842,0.050632911392405,0.048780487804878,0.0526315789473684
20,43,100,resample_pointwise,0.6,0.8595495960116899,11.215628013950932,36,-54.5,54.5,0.0,0.0,0.0,0.027027027027027,0.0277777777777777,0.0263157894736842,0.054054054054054,0.0555555555555555,0.0526315789473684
20,43,100,resample_pointwise,0.7,0.8595495960116899,12.750004251610145,37,-55.0,55.0,0.0,0.0,0.0,0.0266666666666666,0.027027027027027,0.0263157894736842,0.0533333333333333,0.054054054054054,0.0526315789473684
20,43,100,resample_pointwise,0.75,0.8595495960116899,13.693118882962075,36,-54.5,54.5,0.0,0.0,0.0,0.027027027027027,0.0277777777777777,0.0263157894736842,0.054054054054054,0.0555555555555555,0.0526315789473684
20,43,100,resample_pointwise,0.8,0.8595495960116899,14.80642029129842,36,-54.5,54.5,0.0,0.0,0.0,0.027027027027027,0.0277777777777777,0.0263157894736842,0.054054054054054,0.0555555555555555,0.0526315789473684
20,43,100,resample_pointwise,0.85,0.8595495960116899,16.171132968024722,36,-54.5,54.5,0.0,0.0,0.0,0.027027027027027,0.0277777777777777,0.0263157894736842,0.054054054054054,0.0555555555555555,0.0526315789473684
20,43,100,resample_pointwise,0.9,0.8595495960116899,17.956518296868953,36,-54.0,54.0,0.0,0.0,0.0,0.027027027027027,0.0277777777777777,0.0263157894736842,0.054054054054054,0.0555555555555555,0.0526315789473684
20,43,100,resample_pointwise,0.925,0.8595495960116899,19.14354533219918,36,-54.0,54.0,0.0,0.0,0.0,0.027027027027027,0.0277777777777777,0.0263157894736842,0.054054054054054,0.0555555555555555,0.0526315789473684
20,43,100,resample_pointwise,0.95,0.8595495960116899,20.72881743125401,36,-52.0,52.0,0.0,0.0,0.0,0.054054054054054,0.0555555555555555,0.0526315789473684,0.081081081081081,0.0833333333333333,0.0789473684210526
20,43,100,resample_pointwise,0.975,0.8595495960116899,23.15617530442167,36,-50.0,50.0,0.0,0.0,0.0,0.054054054054054,0.0555555555555555,0.0526315789473684,0.081081081081081,0.0833333333333333,0.0789473684210526
20,43,100,resample_pointwise,0.99,0.8595495960116899,25.95179908158911,36,-49.0,49.0,0.0,0.0,0.0,0.054054054054054,0.0555555555555555,0.0526315789473684,0.1081081081081081,0.1111111111111111,0.1052631578947368
20,48,10,baseline,0.5,0.8457374830852503,13.605516129807604,556,-55.0,55.0,0.0841750841750841,0.0449640287769784,0.6578947368421053,0.1144781144781144,0.0611510791366906,0.8947368421052632,0.1245791245791246,0.066546762589928,0.9736842105263158
20,48,10,baseline,0.6,0.8457374830852503,15.423725276222257,522,-46.5,46.5,0.0964285714285714,0.0517241379310344,0.7105263157894737,0.1249999999999999,0.0670498084291187,0.9210526315789472,0.1357142857142857,0.0727969348659003,1.0
20,48,10,baseline,0.7,0.8457374830852503,17.437555003137568,408,-44.0,44.0,0.1076233183856502,0.0588235294117647,0.631578947368421,0.147982062780269,0.0808823529411764,0.868421052631579,0.1704035874439461,0.0931372549019607,1.0
20,48,10,baseline,0.75,0.8457374830852503,18.785325610738248,353,-36.0,36.0,0.1125319693094629,0.0623229461756373,0.5789473684210527,0.1636828644501279,0.0906515580736544,0.8421052631578947,0.1943734015345268,0.1076487252124645,1.0
20,48,10,baseline,0.8,0.8457374830852503,20.36782928830808,295,-33.0,33.0,0.1141141141141141,0.0644067796610169,0.5,0.1621621621621621,0.0915254237288135,0.7105263157894737,0.2282282282282282,0.1288135593220339,1.0
20,48,10,baseline,0.85,0.8457374830852503,21.976104892731183,234,-22.0,23.0,0.1470588235294117,0.0854700854700854,0.5263157894736842,0.1985294117647058,0.1153846153846153,0.7105263157894737,0.2720588235294118,0.1581196581196581,0.9736842105263158
20,48,10,baseline,0.9,0.8457374830852503,24.552273912407703,159,4.0,19.0,0.1218274111675127,0.0754716981132075,0.3157894736842105,0.2030456852791878,0.1257861635220125,0.5263157894736842,0.365482233502538,0.2264150943396226,0.9473684210526316
20,48,10,baseline,0.925,0.8457374830852503,26.517679161089188,117,8.0,16.0,0.1548387096774193,0.1025641025641025,0.3157894736842105,0.2451612903225806,0.1623931623931624,0.5,0.4387096774193548,0.2905982905982906,0.8947368421052632
20,48,10,baseline,0.95,0.8457374830852503,29.04190718243412,85,10.0,15.0,0.1138211382113821,0.0823529411764705,0.1842105263157894,0.2601626016260162,0.188235294117647,0.4210526315789473,0.5040650406504065,0.3647058823529411,0.8157894736842105
20,48,10,baseline,0.975,0.8457374830852503,32.999603687662464,42,13.5,16.0,0.075,0.0714285714285714,0.0789473684210526,0.15,0.1428571428571428,0.1578947368421052,0.5,0.4761904761904761,0.5263157894736842
20,48,10,baseline,0.99,0.8457374830852503,39.11017113774494,15,13.0,13.0,0.0754716981132075,0.1333333333333333,0.0526315789473684,0.1509433962264151,0.2666666666666666,0.1052631578947368,0.3773584905660377,0.6666666666666666,0.2631578947368421
20,48,10,resample_pointwise,0.5,0.8457374830852503,27.468794894043484,102,9.0,15.5,0.1428571428571428,0.0980392156862745,0.2631578947368421,0.2571428571428572,0.1764705882352941,0.4736842105263157,0.4714285714285715,0.3235294117647059,0.868421052631579
20,48,10,resample_pointwise,0.6,0.8457374830852503,31.06988606933524,56,13.0,15.5,0.0851063829787234,0.0714285714285714,0.1052631578947368,0.2127659574468085,0.1785714285714285,0.2631578947368421,0.5957446808510638,0.5,0.7368421052631579
20,48,10,resample_pointwise,0.7,0.8457374830852503,35.32602872389198,24,12.0,14.0,0.064516129032258,0.0833333333333333,0.0526315789473684,0.1290322580645161,0.1666666666666666,0.1052631578947368,0.3870967741935484,0.5,0.3157894736842105
20,48,10,resample_pointwise,0.75,0.8457374830852503,37.81868156018517,16,12.0,12.0,0.074074074074074,0.125,0.0526315789473684,0.1481481481481481,0.25,0.1052631578947368,0.3703703703703703,0.625,0.2631578947368421
20,48,10,resample_pointwise,0.8,0.8457374830852503,40.70062337695179,10,13.0,13.0,0.0416666666666666,0.1,0.0263157894736842,0.0833333333333333,0.2,0.0526315789473684,0.2916666666666666,0.7,0.1842105263157894
20,48,10,resample_pointwise,0.85,0.8457374830852503,44.13504931267871,7,11.0,11.0,0.0444444444444444,0.1428571428571428,0.0263157894736842,0.0888888888888888,0.2857142857142857,0.0526315789473684,0.1777777777777777,0.5714285714285714,0.1052631578947368
20,48,10,resample_pointwise,0.9,0.8457374830852503,48.50507338564064,4,17.0,17.0,0.0,0.0,0.0,0.0,0.0,0.0,0.0952380952380952,0.5,0.0526315789473684
20,48,10,resample_pointwise,0.925,0.8457374830852503,51.37133898922674,4,16.5,16.5,0.0,0.0,0.0,0.0,0.0,0.0,0.0952380952380952,0.5,0.0526315789473684
20,48,10,resample_pointwise,0.95,0.8457374830852503,55.117025161102525,2,15.5,15.5,0.0,0.0,0.0,0.0,0.0,0.0,0.05,0.5,0.0263157894736842
20,48,10,resample_pointwise,0.975,0.8457374830852503,60.69586075188021,2,16.0,16.0,0.0,0.0,0.0,0.0,0.0,0.0,0.05,0.5,0.0263157894736842
20,48,10,resample_pointwise,0.99,0.8457374830852503,67.22532664838856,0,,,0.0,0.0,0.0,0.0,0.0,0.0,0.0,0.0,0.0
20,48,25,baseline,0.5,0.8457374830852503,11.081855615202327,285,-63.0,63.0,0.0990712074303405,0.0561403508771929,0.4210526315789473,0.1547987616099071,0.087719298245614,0.6578947368421053,0.2229102167182662,0.1263157894736842,0.9473684210526316
20,48,25,baseline,0.6,0.8457374830852503,12.670528016372153,230,-58.0,58.0,0.1194029850746268,0.0695652173913043,0.4210526315789473,0.1940298507462686,0.1130434782608695,0.6842105263157895,0.2686567164179104,0.1565217391304348,0.9473684210526316
20,48,25,baseline,0.7,0.8457374830852503,14.946647775068488,149,-55.0,55.0,0.1711229946524064,0.1073825503355704,0.4210526315789473,0.2887700534759358,0.1812080536912751,0.7105263157894737,0.3850267379679144,0.2416107382550335,0.9473684210526316
20,48,25,baseline,0.75,0.8457374830852503,16.75327849239785,108,-34.5,34.5,0.2328767123287671,0.1574074074074074,0.4473684210526316,0.3698630136986301,0.25,0.7105263157894737,0.5068493150684932,0.3425925925925926,0.9736842105263158
20,48,25,baseline,0.8,0.8457374830852503,20.11494885523735,56,0.5,8.5,0.3829787234042553,0.3214285714285714,0.4736842105263157,0.5744680851063829,0.4821428571428571,0.7105263157894737,0.7446808510638298,0.625,0.9210526315789472
20,48,25,baseline,0.85,0.8457374830852503,29.705636197880352,40,6.5,6.5,0.3846153846153846,0.375,0.3947368421052631,0.6410256410256411,0.625,0.6578947368421053,0.9487179487179488,0.925,0.9736842105263158
20,48,25,baseline,0.9,0.8457374830852503,40.383968527976926,42,15.5,15.5,0.05,0.0476190476190476,0.0526315789473684,0.15,0.1428571428571428,0.1578947368421052,0.725,0.6904761904761905,0.7631578947368421
20,48,25,baseline,0.925,0.8457374830852503,43.96763515390085,49,17.0,17.0,0.0459770114942528,0.0408163265306122,0.0526315789473684,0.1379310344827586,0.1224489795918367,0.1578947368421052,0.735632183908046,0.6530612244897959,0.8421052631578947
20,48,25,baseline,0.95,0.8457374830852503,47.62894502597555,44,19.0,19.0,0.024390243902439,0.0227272727272727,0.0263157894736842,0.024390243902439,0.0227272727272727,0.0263157894736842,0.6829268292682926,0.6363636363636364,0.7368421052631579
20,48,25,baseline,0.975,0.8457374830852503,52.477493518452704,27,19.0,19.0,0.0307692307692307,0.037037037037037,0.0263157894736842,0.0307692307692307,0.037037037037037,0.0263157894736842,0.5846153846153846,0.7037037037037037,0.5
20,48,25,baseline,0.99,0.8457374830852503,57.17560124060716,15,19.0,19.0,0.0,0.0,0.0,0.0377358490566037,0.0666666666666666,0.0263157894736842,0.2641509433962263,0.4666666666666667,0.1842105263157894
20,48,25,resample_pointwise,0.5,0.8457374830852503,18.62337862247645,70,-5.0,14.0,0.3518518518518518,0.2714285714285714,0.5,0.5,0.3857142857142857,0.7105263157894737,0.6481481481481481,0.5,0.9210526315789472
20,48,25,resample_pointwise,0.6,0.8457374830852503,20.988310757209693,52,2.0,6.0,0.4222222222222221,0.3653846153846153,0.5,0.6,0.5192307692307693,0.7105263157894737,0.7777777777777778,0.6730769230769231,0.9210526315789472
20,48,25,resample_pointwise,0.7,0.8457374830852503,23.87652659238212,40,6.0,6.0,0.358974358974359,0.35,0.3684210526315789,0.6153846153846154,0.6,0.631578947368421,0.8717948717948718,0.85,0.8947368421052632
20,48,25,resample_pointwise,0.75,0.8457374830852503,25.63194399162801,41,6.0,6.0,0.3544303797468354,0.3414634146341463,0.3684210526315789,0.6075949367088608,0.5853658536585366,0.631578947368421,0.860759493670886,0.8292682926829268,0.8947368421052632
20,48,25,resample_pointwise,0.8,0.8457374830852503,27.652532824683803,36,6.5,6.5,0.3513513513513513,0.3611111111111111,0.3421052631578947,0.6486486486486486,0.6666666666666666,0.631578947368421,0.918918918918919,0.9444444444444444,0.8947368421052632
20,48,25,resample_pointwise,0.85,0.8457374830852503,30.107032433995155,40,7.0,7.0,0.358974358974359,0.35,0.3684210526315789,0.6153846153846154,0.6,0.631578947368421,0.9230769230769232,0.9,0.9473684210526316
20,48,25,resample_pointwise,0.9,0.8457374830852503,33.167454670354275,43,12.0,12.0,0.2222222222222222,0.2093023255813953,0.2368421052631578,0.3950617283950617,0.3720930232558139,0.4210526315789473,0.8395061728395061,0.7906976744186046,0.8947368421052632
20,48,25,resample_pointwise,0.925,0.8457374830852503,35.164767022125616,40,12.0,12.0,0.1538461538461538,0.15,0.1578947368421052,0.3846153846153846,0.375,0.3947368421052631,0.8205128205128205,0.8,0.8421052631578947
20,48,25,resample_pointwise,0.95,0.8457374830852503,37.77180754204724,37,15.0,15.0,0.1066666666666666,0.1081081081081081,0.1052631578947368,0.2399999999999999,0.2432432432432432,0.2368421052631578,0.8,0.8108108108108109,0.7894736842105263
20,48,25,resample_pointwise,0.975,0.8457374830852503,41.74223076393036,43,16.0,16.0,0.0493827160493827,0.0465116279069767,0.0526315789473684,0.1481481481481481,0.1395348837209302,0.1578947368421052,0.7160493827160495,0.6744186046511628,0.7631578947368421
20,48,25,resample_pointwise,0.99,0.8457374830852503,46.392676624243165,48,17.0,17.0,0.0232558139534883,0.0208333333333333,0.0263157894736842,0.0697674418604651,0.0625,0.0789473684210526,0.6976744186046512,0.625,0.7894736842105263
20,48,50,baseline,0.5,0.8457374830852503,9.547758339208752,152,-75.5,75.5,0.1263157894736842,0.0789473684210526,0.3157894736842105,0.231578947368421,0.1447368421052631,0.5789473684210527,0.368421052631579,0.2302631578947368,0.9210526315789472
20,48,50,baseline,0.6,0.8457374830852503,11.404577778191925,101,-66.0,66.0,0.1870503597122302,0.1287128712871287,0.3421052631578947,0.3309352517985612,0.2277227722772277,0.6052631578947368,0.5035971223021584,0.3465346534653465,0.9210526315789472
20,48,50,baseline,0.7,0.8457374830852503,21.069075831451197,36,-6.0,6.0,0.3783783783783783,0.3888888888888889,0.3684210526315789,0.7567567567567567,0.7777777777777778,0.7368421052631579,0.9459459459459458,0.9722222222222222,0.9210526315789472
20,48,50,baseline,0.75,0.8457374830852503,30.72815878072108,36,-6.0,6.0,0.4054054054054054,0.4166666666666667,0.3947368421052631,0.7837837837837838,0.8055555555555556,0.7631578947368421,0.972972972972973,1.0,0.9473684210526316
20,48,50,baseline,0.8,0.8457374830852503,43.14953917010769,36,-1.0,2.0,0.7027027027027027,0.7222222222222222,0.6842105263157895,0.8918918918918918,0.9166666666666666,0.868421052631579,0.972972972972973,1.0,0.9473684210526316
20,48,50,baseline,0.85,0.8457374830852503,55.779887501558726,36,4.0,4.0,0.5675675675675677,0.5833333333333334,0.5526315789473685,0.7567567567567567,0.7777777777777778,0.7368421052631579,0.9459459459459458,0.9722222222222222,0.9210526315789472
20,48,50,baseline,0.9,0.8457374830852503,66.17806021674801,41,13.0,13.0,0.0,0.0,0.0,0.2784810126582278,0.2682926829268293,0.2894736842105263,0.8354430379746836,0.8048780487804879,0.868421052631579
20,48,50,baseline,0.925,0.8457374830852503,69.54978583551534,38,16.5,16.5,0.0,0.0,0.0,0.0526315789473684,0.0526315789473684,0.0526315789473684,0.868421052631579,0.868421052631579,0.868421052631579
20,48,50,baseline,0.95,0.8457374830852503,72.22087217483222,37,18.0,18.0,0.0,0.0,0.0,0.0266666666666666,0.027027027027027,0.0263157894736842,0.7200000000000001,0.7297297297297297,0.7105263157894737
20,48,50,baseline,0.975,0.8457374830852503,75.4409483823694,21,20.0,20.0,0.0,0.0,0.0,0.0,0.0,0.0,0.576271186440678,0.8095238095238095,0.4473684210526316
20,48,50,baseline,0.99,0.8457374830852503,77.65518292166794,11,19.0,19.0,0.0,0.0,0.0,0.0,0.0,0.0,0.2857142857142857,0.6363636363636364,0.1842105263157894
20,48,50,resample_pointwise,0.5,0.8457374830852503,13.72809675514521,39,-9.0,9.0,0.3376623376623376,0.3333333333333333,0.3421052631578947,0.5974025974025974,0.5897435897435898,0.6052631578947368,0.8571428571428572,0.8461538461538461,0.868421052631579
20,48,50,resample_pointwise,0.6,0.8457374830852503,15.42692983382166,40,-8.5,8.5,0.3333333333333333,0.325,0.3421052631578947,0.6153846153846154,0.6,0.631578947368421,0.9230769230769232,0.9,0.9473684210526316
20,48,50,resample_pointwise,0.7,0.8457374830852503,17.552788172130253,39,-8.0,8.0,0.3376623376623376,0.3333333333333333,0.3421052631578947,0.6493506493506495,0.6410256410256411,0.6578947368421053,0.8831168831168831,0.8717948717948718,0.8947368421052632
20,48,50,resample_pointwise,0.75,0.8457374830852503,18.855756096096552,36,-7.5,7.5,0.3513513513513513,0.3611111111111111,0.3421052631578947,0.6756756756756757,0.6944444444444444,0.6578947368421053,0.918918918918919,0.9444444444444444,0.8947368421052632
20,48,50,resample_pointwise,0.8,0.8457374830852503,20.363943747731035,36,-6.5,6.5,0.3783783783783783,0.3888888888888889,0.3684210526315789,0.7297297297297298,0.75,0.7105263157894737,0.9459459459459458,0.9722222222222222,0.9210526315789472
20,48,50,resample_pointwise,0.85,0.8457374830852503,22.15838467401244,40,-7.0,7.0,0.358974358974359,0.35,0.3684210526315789,0.717948717948718,0.7,0.7368421052631579,0.9743589743589745,0.95,1.0
20,48,50,resample_pointwise,0.9,0.8457374830852503,24.45250526249332,36,-6.0,6.0,0.4054054054054054,0.4166666666666667,0.3947368421052631,0.7837837837837838,0.8055555555555556,0.7631578947368421,0.972972972972973,1.0,0.9473684210526316
20,48,50,resample_pointwise,0.925,0.8457374830852503,25.939829150652667,37,-6.0,6.0,0.4,0.4054054054054054,0.3947368421052631,0.7733333333333334,0.7837837837837838,0.7631578947368421,0.96,0.972972972972973,0.9473684210526316
20,48,50,resample_pointwise,0.95,0.8457374830852503,27.924545109235083,36,-6.0,6.0,0.4054054054054054,0.4166666666666667,0.3947368421052631,0.7837837837837838,0.8055555555555556,0.7631578947368421,0.972972972972973,1.0,0.9473684210526316
20,48,50,resample_pointwise,0.975,0.8457374830852503,30.9572277979284,36,-6.0,6.0,0.4054054054054054,0.4166666666666667,0.3947368421052631,0.8108108108108109,0.8333333333333334,0.7894736842105263,0.972972972972973,1.0,0.9473684210526316
20,48,50,resample_pointwise,0.99,0.8457374830852503,34.51999221266814,36,-5.5,6.0,0.4594594594594595,0.4722222222222222,0.4473684210526316,0.8648648648648649,0.8888888888888888,0.8421052631578947,0.972972972972973,1.0,0.9473684210526316
20,48,100,baseline,0.5,0.8457374830852503,27.559035590263058,36,-46.5,46.5,0.0,0.0,0.0,0.054054054054054,0.0555555555555555,0.0526315789473684,0.1081081081081081,0.1111111111111111,0.1052631578947368
20,48,100,baseline,0.6,0.8457374830852503,45.36474755187716,36,-30.5,30.5,0.054054054054054,0.0555555555555555,0.0526315789473684,0.1081081081081081,0.1111111111111111,0.1052631578947368,0.3513513513513513,0.3611111111111111,0.3421052631578947
20,48,100,baseline,0.7,0.8457374830852503,60.312179021608856,36,-11.5,12.0,0.2702702702702702,0.2777777777777778,0.2631578947368421,0.3783783783783783,0.3888888888888889,0.3684210526315789,0.9459459459459458,0.9722222222222222,0.9210526315789472
20,48,100,baseline,0.75,0.8457374830852503,66.83980395284846,36,-5.0,6.0,0.4324324324324324,0.4444444444444444,0.4210526315789473,0.7297297297297298,0.75,0.7105263157894737,0.9459459459459458,0.9722222222222222,0.9210526315789472
20,48,100,baseline,0.8,0.8457374830852503,72.82163070512104,36,0.0,3.5,0.6486486486486486,0.6666666666666666,0.631578947368421,0.8918918918918918,0.9166666666666666,0.868421052631579,0.9459459459459458,0.9722222222222222,0.9210526315789472
20,48,100,baseline,0.85,0.8457374830852503,78.77135312326858,36,5.0,5.0,0.5135135135135136,0.5277777777777778,0.5,0.7567567567567567,0.7777777777777778,0.7368421052631579,0.9459459459459458,0.9722222222222222,0.9210526315789472
20,48,100,baseline,0.9,0.8457374830852503,83.365311828427,38,13.5,13.5,0.0789473684210526,0.0789473684210526,0.0789473684210526,0.2631578947368421,0.2631578947368421,0.2631578947368421,0.8947368421052632,0.8947368421052632,0.8947368421052632
20,48,100,baseline,0.925,0.8457374830852503,84.89521767542931,35,15.0,15.0,0.0821917808219178,0.0857142857142857,0.0789473684210526,0.2191780821917808,0.2285714285714285,0.2105263157894736,0.8767123287671234,0.9142857142857144,0.8421052631578947
20,48,100,baseline,0.95,0.8457374830852503,86.33819043020868,25,16.0,16.0,0.0,0.0,0.0,0.0634920634920634,0.08,0.0526315789473684,0.6031746031746031,0.76,0.5
20,48,100,baseline,0.975,0.8457374830852503,88.28314069152772,16,19.0,19.0,0.0,0.0,0.0,0.0,0.0,0.0,0.4814814814814815,0.8125,0.3421052631578947
20,48,100,baseline,0.99,0.8457374830852503,90.2454899768638,14,20.0,20.0,0.0,0.0,0.0,0.0,0.0,0.0,0.3076923076923077,0.5714285714285714,0.2105263157894736
20,48,100,resample_pointwise,0.5,0.8457374830852503,10.11795558765487,36,-55.0,55.0,0.0,0.0,0.0,0.054054054054054,0.0555555555555555,0.0526315789473684,0.054054054054054,0.0555555555555555,0.0526315789473684
20,48,100,resample_pointwise,0.6,0.8457374830852503,11.362903272298082,34,-54.0,54.0,0.0,0.0,0.0,0.0555555555555555,0.0588235294117647,0.0526315789473684,0.0555555555555555,0.0588235294117647,0.0526315789473684
20,48,100,resample_pointwise,0.7,0.8457374830852503,12.935763764757912,34,-54.0,54.0,0.0,0.0,0.0,0.0555555555555555,0.0588235294117647,0.0526315789473684,0.0555555555555555,0.0588235294117647,0.0526315789473684
20,48,100,resample_pointwise,0.75,0.8457374830852503,13.885051114429157,34,-53.0,53.0,0.0,0.0,0.0,0.0555555555555555,0.0588235294117647,0.0526315789473684,0.0555555555555555,0.0588235294117647,0.0526315789473684
20,48,100,resample_pointwise,0.8,0.8457374830852503,14.9624061587354,37,-53.0,53.0,0.0,0.0,0.0,0.0533333333333333,0.054054054054054,0.0526315789473684,0.0533333333333333,0.054054054054054,0.0526315789473684
20,48,100,resample_pointwise,0.85,0.8457374830852503,16.253181469603188,36,-52.5,52.5,0.0,0.0,0.0,0.054054054054054,0.0555555555555555,0.0526315789473684,0.054054054054054,0.0555555555555555,0.0526315789473684
20,48,100,resample_pointwise,0.9,0.8457374830852503,17.945609448253983,36,-52.0,52.0,0.0,0.0,0.0,0.054054054054054,0.0555555555555555,0.0526315789473684,0.054054054054054,0.0555555555555555,0.0526315789473684
20,48,100,resample_pointwise,0.925,0.8457374830852503,19.09082431423256,36,-51.5,51.5,0.0,0.0,0.0,0.054054054054054,0.0555555555555555,0.0526315789473684,0.054054054054054,0.0555555555555555,0.0526315789473684
20,48,100,resample_pointwise,0.95,0.8457374830852503,20.636238746933557,36,-51.5,51.5,0.0,0.0,0.0,0.054054054054054,0.0555555555555555,0.0526315789473684,0.054054054054054,0.0555555555555555,0.0526315789473684
20,48,100,resample_pointwise,0.975,0.8457374830852503,23.047447644763395,36,-50.0,50.0,0.0,0.0,0.0,0.054054054054054,0.0555555555555555,0.0526315789473684,0.081081081081081,0.0833333333333333,0.0789473684210526
20,48,100,resample_pointwise,0.99,0.8457374830852503,25.884877578419573,36,-47.5,47.5,0.0,0.0,0.0,0.054054054054054,0.0555555555555555,0.0526315789473684,0.1081081081081081,0.1111111111111111,0.1052631578947368
20,53,10,baseline,0.5,0.8323622440486099,13.988413396419825,560,-52.5,52.5,0.0769230769230769,0.0410714285714285,0.6052631578947368,0.1137123745819397,0.0607142857142857,0.8947368421052632,0.1270903010033444,0.0678571428571428,1.0
20,53,10,baseline,0.6,0.8323622440486099,15.88357942054872,532,-48.0,48.0,0.0807017543859649,0.0432330827067669,0.6052631578947368,0.1157894736842105,0.0620300751879699,0.868421052631579,0.1333333333333333,0.0714285714285714,1.0
20,53,10,baseline,0.7,0.8323622440486099,17.818979444556792,455,-39.0,39.0,0.1054766734279918,0.0571428571428571,0.6842105263157895,0.1338742393509127,0.0725274725274725,0.868421052631579,0.1541582150101419,0.0835164835164835,1.0
20,53,10,baseline,0.75,0.8323622440486099,18.898758104452483,395,-31.0,31.0,0.115473441108545,0.0632911392405063,0.6578947368421053,0.1478060046189376,0.0810126582278481,0.8421052631578947,0.1709006928406466,0.0936708860759493,0.9736842105263158
20,53,10,baseline,0.8,0.8323622440486099,20.22951959433246,323,-22.0,25.0,0.1218836565096952,0.0681114551083591,0.5789473684210527,0.1717451523545706,0.0959752321981424,0.8157894736842105,0.2105263157894736,0.1176470588235294,1.0
20,53,10,baseline,0.85,0.8323622440486099,21.83849612084172,250,-3.0,24.0,0.125,0.072,0.4736842105263157,0.2013888888888889,0.116,0.7631578947368421,0.2638888888888889,0.152,1.0
20,53,10,baseline,0.9,0.8323622440486099,24.209633023981787,182,3.0,20.0,0.1363636363636363,0.0824175824175824,0.3947368421052631,0.2090909090909091,0.1263736263736263,0.6052631578947368,0.3272727272727272,0.1978021978021978,0.9473684210526316
20,53,10,baseline,0.925,0.8323622440486099,26.014172165268537,137,6.0,20.0,0.1371428571428571,0.0875912408759124,0.3157894736842105,0.2285714285714285,0.145985401459854,0.5263157894736842,0.4,0.2554744525547445,0.9210526315789472
20,53,10,baseline,0.95,0.8323622440486099,28.39702421196317,84,7.5,17.5,0.1147540983606557,0.0833333333333333,0.1842105263157894,0.2459016393442623,0.1785714285714285,0.3947368421052631,0.4918032786885246,0.3571428571428571,0.7894736842105263
20,53,10,baseline,0.975,0.8323622440486099,32.71803620390171,48,11.0,15.0,0.0465116279069767,0.0416666666666666,0.0526315789473684,0.186046511627907,0.1666666666666666,0.2105263157894736,0.5116279069767442,0.4583333333333333,0.5789473684210527
20,53,10,baseline,0.99,0.8323622440486099,37.22297828408886,19,13.0,20.0,0.0350877192982456,0.0526315789473684,0.0263157894736842,0.0701754385964912,0.1052631578947368,0.0526315789473684,0.2807017543859649,0.4210526315789473,0.2105263157894736
20,53,10,resample_pointwise,0.5,0.8323622440486099,27.653108892314503,95,8.0,17.0,0.1654135338345864,0.1157894736842105,0.2894736842105263,0.2706766917293233,0.1894736842105263,0.4736842105263157,0.4661654135338346,0.3263157894736842,0.8157894736842105
20,53,10,resample_pointwise,0.6,0.8323622440486099,31.22880254702804,58,10.5,17.0,0.0625,0.0517241379310344,0.0789473684210526,0.1875,0.1551724137931034,0.2368421052631578,0.4583333333333333,0.3793103448275862,0.5789473684210527
20,53,10,resample_pointwise,0.7,0.8323622440486099,35.472366830230555,28,12.5,19.0,0.0,0.0,0.0,0.0909090909090909,0.1071428571428571,0.0789473684210526,0.3636363636363636,0.4285714285714285,0.3157894736842105
20,53,10,resample_pointwise,0.75,0.8323622440486099,37.96996871100525,14,16.0,20.5,0.0384615384615384,0.0714285714285714,0.0263157894736842,0.0384615384615384,0.0714285714285714,0.0263157894736842,0.2692307692307692,0.5,0.1842105263157894
20,53,10,resample_pointwise,0.8,0.8323622440486099,40.80935464724404,5,-24.0,24.0,0.0,0.0,0.0,0.0,0.0,0.0,0.1395348837209302,0.6,0.0789473684210526
20,53,10,resample_pointwise,0.85,0.8323622440486099,44.2145826720203,1,23.0,23.0,0.0,0.0,0.0,0.0,0.0,0.0,0.0512820512820512,1.0,0.0263157894736842
20,53,10,resample_pointwise,0.9,0.8323622440486099,48.55647407724365,0,,,0.0,0.0,0.0,0.0,0.0,0.0,0.0,0.0,0.0
20,53,10,resample_pointwise,0.925,0.8323622440486099,51.37227482415152,0,,,0.0,0.0,0.0,0.0,0.0,0.0,0.0,0.0,0.0
20,53,10,resample_pointwise,0.95,0.8323622440486099,55.05832862633444,0,,,0.0,0.0,0.0,0.0,0.0,0.0,0.0,0.0,0.0
20,53,10,resample_pointwise,0.975,0.8323622440486099,60.69266609315829,0,,,0.0,0.0,0.0,0.0,0.0,0.0,0.0,0.0,0.0
20,53,10,resample_pointwise,0.99,0.8323622440486099,67.08502119897753,0,,,0.0,0.0,0.0,0.0,0.0,0.0,0.0,0.0,0.0
20,53,25,baseline,0.5,0.8323622440486099,10.887952727038847,311,-70.0,70.0,0.0974212034383954,0.0546623794212218,0.4473684210526316,0.160458452722063,0.090032154340836,0.7368421052631579,0.2005730659025787,0.112540192926045,0.9210526315789472
20,53,25,baseline,0.6,0.8323622440486099,12.27881868060736,243,-54.0,54.0,0.1209964412811388,0.0699588477366255,0.4473684210526316,0.199288256227758,0.1152263374485596,0.7368421052631579,0.2562277580071174,0.1481481481481481,0.9473684210526316
20,53,25,baseline,0.7,0.8323622440486099,14.408047915412531,135,-39.0,39.0,0.1849710982658959,0.1185185185185185,0.4210526315789473,0.3236994219653179,0.2074074074074074,0.7368421052631579,0.4046242774566473,0.2592592592592592,0.9210526315789472
20,53,25,baseline,0.75,0.8323622440486099,16.458794009974554,92,-20.0,21.0,0.2615384615384615,0.1847826086956521,0.4473684210526316,0.4307692307692307,0.3043478260869565,0.7368421052631579,0.5538461538461538,0.391304347826087,0.9473684210526316
20,53,25,baseline,0.8,0.8323622440486099,20.745437398898783,50,1.0,7.5,0.4318181818181818,0.38,0.5,0.5909090909090909,0.52,0.6842105263157895,0.7954545454545453,0.7,0.9210526315789472
20,53,25,baseline,0.85,0.8323622440486099,31.49274328243332,42,10.5,10.5,0.325,0.3095238095238095,0.3421052631578947,0.4,0.3809523809523809,0.4210526315789473,0.8,0.7619047619047619,0.8421052631578947
20,53,25,baseline,0.9,0.8323622440486099,39.97011366197464,49,15.0,15.0,0.0459770114942528,0.0408163265306122,0.0526315789473684,0.1839080459770115,0.1632653061224489,0.2105263157894736,0.6896551724137931,0.6122448979591837,0.7894736842105263
20,53,25,baseline,0.925,0.8323622440486099,43.123648946681946,55,20.0,20.0,0.0,0.0,0.0,0.064516129032258,0.0545454545454545,0.0789473684210526,0.6021505376344085,0.509090909090909,0.7368421052631579
20,53,25,baseline,0.95,0.8323622440486099,46.0146453970116,50,19.5,19.5,0.0,0.0,0.0,0.0454545454545454,0.04,0.0526315789473684,0.5,0.44,0.5789473684210527
20,53,25,baseline,0.975,0.8323622440486099,49.54339734065742,32,21.0,21.0,0.0,0.0,0.0,0.0,0.0,0.0,0.4857142857142857,0.53125,0.4473684210526316
20,53,25,baseline,0.99,0.8323622440486099,53.05872996350036,17,21.0,21.0,0.0,0.0,0.0,0.0,0.0,0.0,0.3636363636363636,0.5882352941176471,0.2631578947368421
20,53,25,resample_pointwise,0.5,0.8323622440486099,18.695560790072825,63,-2.0,13.0,0.3366336633663366,0.2698412698412698,0.4473684210526316,0.5148514851485149,0.4126984126984127,0.6842105263157895,0.7128712871287128,0.5714285714285714,0.9473684210526316
20,53,25,resample_pointwise,0.6,0.8323622440486099,21.02754329003935,45,3.0,7.0,0.4578313253012048,0.4222222222222222,0.5,0.6265060240963854,0.5777777777777777,0.6842105263157895,0.8433734939759038,0.7777777777777778,0.9210526315789472
20,53,25,resample_pointwise,0.7,0.8323622440486099,23.866488910397884,40,5.5,7.0,0.4102564102564102,0.4,0.4210526315789473,0.6410256410256411,0.625,0.6578947368421053,0.8974358974358975,0.875,0.9210526315789472
20,53,25,resample_pointwise,0.75,0.8323622440486099,25.557308745783725,38,6.5,7.0,0.3947368421052631,0.3947368421052631,0.3947368421052631,0.631578947368421,0.631578947368421,0.631578947368421,0.8947368421052632,0.8947368421052632,0.8947368421052632
20,53,25,resample_pointwise,0.8,0.8323622440486099,27.527521079680724,42,6.5,7.0,0.35,0.3333333333333333,0.3684210526315789,0.5500000000000002,0.5238095238095238,0.5789473684210527,0.8500000000000001,0.8095238095238095,0.8947368421052632
20,53,25,resample_pointwise,0.85,0.8323622440486099,29.90567115892248,42,7.0,7.0,0.35,0.3333333333333333,0.3684210526315789,0.5,0.4761904761904761,0.5263157894736842,0.8,0.7619047619047619,0.8421052631578947
20,53,25,resample_pointwise,0.9,0.8323622440486099,33.012982775417434,45,11.0,11.0,0.2650602409638554,0.2444444444444444,0.2894736842105263,0.4096385542168674,0.3777777777777777,0.4473684210526316,0.746987951807229,0.6888888888888889,0.8157894736842105
20,53,25,resample_pointwise,0.925,0.8323622440486099,35.02622826736359,51,13.0,13.0,0.2247191011235955,0.196078431372549,0.2631578947368421,0.3146067415730337,0.2745098039215686,0.3684210526315789,0.7191011235955056,0.6274509803921569,0.8421052631578947
20,53,25,resample_pointwise,0.95,0.8323622440486099,37.64047509444622,43,14.0,14.0,0.0987654320987654,0.0930232558139534,0.1052631578947368,0.1728395061728395,0.1627906976744186,0.1842105263157894,0.7407407407407408,0.6976744186046512,0.7894736842105263
20,53,25,resample_pointwise,0.975,0.8323622440486099,41.66630318076829,49,17.0,17.0,0.0459770114942528,0.0408163265306122,0.0526315789473684,0.1839080459770115,0.1632653061224489,0.2105263157894736,0.6206896551724138,0.5510204081632653,0.7105263157894737
20,53,25,resample_pointwise,0.99,0.8323622440486099,46.16219861043327,47,20.0,20.0,0.0,0.0,0.0,0.0470588235294117,0.0425531914893617,0.0526315789473684,0.5176470588235293,0.4680851063829787,0.5789473684210527
20,53,50,baseline,0.5,0.8323622440486099,9.606123229904105,158,-79.0,79.0,0.2244897959183673,0.1392405063291139,0.5789473684210527,0.3061224489795918,0.189873417721519,0.7894736842105263,0.3673469387755102,0.2278481012658227,0.9473684210526316
20,53,50,baseline,0.6,0.8323622440486099,11.356613097267935,94,-65.5,65.5,0.3181818181818182,0.2234042553191489,0.5526315789473685,0.4242424242424243,0.2978723404255319,0.7368421052631579,0.5151515151515151,0.3617021276595745,0.8947368421052632
20,53,50,baseline,0.7,0.8323622440486099,19.76704144618562,36,0.0,4.0,0.5945945945945946,0.6111111111111112,0.5789473684210527,0.8108108108108109,0.8333333333333334,0.7894736842105263,0.972972972972973,1.0,0.9473684210526316
20,53,50,baseline,0.75,0.8323622440486099,29.86584940075748,36,0.5,4.0,0.6216216216216216,0.6388888888888888,0.6052631578947368,0.8648648648648649,0.8888888888888888,0.8421052631578947,0.972972972972973,1.0,0.9473684210526316
20,53,50,baseline,0.8,0.8323622440486099,41.44119955648492,36,2.5,4.0,0.7297297297297298,0.75,0.7105263157894737,0.8648648648648649,0.8888888888888888,0.8421052631578947,0.972972972972973,1.0,0.9473684210526316
20,53,50,baseline,0.85,0.8323622440486099,54.73624022231461,36,6.0,6.0,0.4594594594594595,0.4722222222222222,0.4473684210526316,0.7297297297297298,0.75,0.7105263157894737,0.9459459459459458,0.9722222222222222,0.9210526315789472
20,53,50,baseline,0.9,0.8323622440486099,65.55847153533831,39,14.0,14.0,0.0,0.0,0.0,0.1818181818181818,0.1794871794871795,0.1842105263157894,0.8051948051948051,0.7948717948717948,0.8157894736842105
20,53,50,baseline,0.925,0.8323622440486099,68.60394130085896,44,19.0,19.0,0.0,0.0,0.0,0.048780487804878,0.0454545454545454,0.0526315789473684,0.7560975609756098,0.7045454545454546,0.8157894736842105
20,53,50,baseline,0.95,0.8323622440486099,70.98365278594456,32,18.5,18.5,0.0,0.0,0.0,0.0285714285714285,0.03125,0.0263157894736842,0.6,0.65625,0.5526315789473685
20,53,50,baseline,0.975,0.8323622440486099,74.55349198606686,26,21.5,21.5,0.0,0.0,0.0,0.03125,0.0384615384615384,0.0263157894736842,0.53125,0.6538461538461539,0.4473684210526316
20,53,50,baseline,0.99,0.8323622440486099,77.29452477424425,12,23.0,23.0,0.0,0.0,0.0,0.0,0.0,0.0,0.2399999999999999,0.5,0.1578947368421052
20,53,50,resample_pointwise,0.5,0.8323622440486099,13.76877745027254,53,-6.0,8.0,0.4615384615384615,0.3962264150943396,0.5526315789473685,0.6153846153846154,0.5283018867924528,0.7368421052631579,0.7472527472527473,0.6415094339622641,0.8947368421052632
20,53,50,resample_pointwise,0.6,0.8323622440486099,15.43525545699236,41,-2.0,5.0,0.5569620253164557,0.5365853658536586,0.5789473684210527,0.7594936708860759,0.7317073170731707,0.7894736842105263,0.9113924050632912,0.8780487804878049,0.9473684210526316
20,53,50,resample_pointwise,0.7,0.8323622440486099,17.468382012937827,40,-0.5,5.0,0.5641025641025641,0.55,0.5789473684210527,0.7435897435897436,0.725,0.7631578947368421,0.8717948717948718,0.85,0.8947368421052632
20,53,50,resample_pointwise,0.75,0.8323622440486099,18.70964688289524,36,0.0,4.0,0.5945945945945946,0.6111111111111112,0.5789473684210527,0.8108108108108109,0.8333333333333334,0.7894736842105263,0.9459459459459458,0.9722222222222222,0.9210526315789472
20,53,50,resample_pointwise,0.8,0.8323622440486099,20.16581573397487,38,0.0,4.0,0.6052631578947368,0.6052631578947368,0.6052631578947368,0.8421052631578947,0.8421052631578947,0.8421052631578947,1.0,1.0,1.0
20,53,50,resample_pointwise,0.85,0.8323622440486099,21.952821497395767,36,0.0,4.0,0.5945945945945946,0.6111111111111112,0.5789473684210527,0.8108108108108109,0.8333333333333334,0.7894736842105263,0.972972972972973,1.0,0.9473684210526316
20,53,50,resample_pointwise,0.9,0.8323622440486099,24.28184423747222,36,0.0,4.0,0.5945945945945946,0.6111111111111112,0.5789473684210527,0.8108108108108109,0.8333333333333334,0.7894736842105263,0.972972972972973,1.0,0.9473684210526316
20,53,50,resample_pointwise,0.925,0.8323622440486099,25.830734784817604,36,0.0,4.0,0.5945945945945946,0.6111111111111112,0.5789473684210527,0.8108108108108109,0.8333333333333334,0.7894736842105263,0.972972972972973,1.0,0.9473684210526316
20,53,50,resample_pointwise,0.95,0.8323622440486099,27.84788379808757,36,0.0,4.0,0.6216216216216216,0.6388888888888888,0.6052631578947368,0.8378378378378377,0.8611111111111112,0.8157894736842105,0.972972972972973,1.0,0.9473684210526316
20,53,50,resample_pointwise,0.975,0.8323622440486099,30.989944283235666,36,1.0,4.0,0.6486486486486486,0.6666666666666666,0.631578947368421,0.8648648648648649,0.8888888888888888,0.8421052631578947,0.972972972972973,1.0,0.9473684210526316
20,53,50,resample_pointwise,0.99,0.8323622440486099,34.59215913152709,36,1.5,4.0,0.6756756756756757,0.6944444444444444,0.6578947368421053,0.8648648648648649,0.8888888888888888,0.8421052631578947,0.972972972972973,1.0,0.9473684210526316
20,53,100,baseline,0.5,0.8323622440486099,24.825994730608308,38,-40.0,40.0,0.0263157894736842,0.0263157894736842,0.0263157894736842,0.0526315789473684,0.0526315789473684,0.0526315789473684,0.0526315789473684,0.0526315789473684,0.0526315789473684
20,53,100,baseline,0.6,0.8323622440486099,43.26373400424607,36,-28.0,28.0,0.054054054054054,0.0555555555555555,0.0526315789473684,0.1081081081081081,0.1111111111111111,0.1052631578947368,0.3513513513513513,0.3611111111111111,0.3421052631578947
20,53,100,baseline,0.7,0.8323622440486099,59.25067058880473,36,-9.0,11.5,0.2972972972972973,0.3055555555555556,0.2894736842105263,0.4594594594594595,0.4722222222222222,0.4473684210526316,0.972972972972973,1.0,0.9473684210526316
20,53,100,baseline,0.75,0.8323622440486099,66.17118995641965,36,-3.5,6.0,0.4594594594594595,0.4722222222222222,0.4473684210526316,0.7297297297297298,0.75,0.7105263157894737,0.972972972972973,1.0,0.9473684210526316
20,53,100,baseline,0.8,0.8323622440486099,72.62901604145527,36,2.0,4.0,0.8108108108108109,0.8333333333333334,0.7894736842105263,0.8918918918918918,0.9166666666666666,0.868421052631579,0.972972972972973,1.0,0.9473684210526316
20,53,100,baseline,0.85,0.8323622440486099,78.45355832286285,38,9.5,9.5,0.2894736842105263,0.2894736842105263,0.2894736842105263,0.5526315789473685,0.5526315789473685,0.5526315789473685,0.8947368421052632,0.8947368421052632,0.8947368421052632
20,53,100,baseline,0.9,0.8323622440486099,82.87624710441548,34,14.5,14.5,0.0,0.0,0.0,0.25,0.2647058823529412,0.2368421052631578,0.8333333333333333,0.8823529411764706,0.7894736842105263
20,53,100,baseline,0.925,0.8323622440486099,84.61772114756431,38,17.5,17.5,0.0,0.0,0.0,0.1578947368421052,0.1578947368421052,0.1578947368421052,0.8157894736842104,0.8157894736842105,0.8157894736842105
20,53,100,baseline,0.95,0.8323622440486099,85.90427679563565,33,21.0,21.0,0.0,0.0,0.0,0.028169014084507,0.0303030303030303,0.0263157894736842,0.732394366197183,0.7878787878787878,0.6842105263157895
20,53,100,baseline,0.975,0.8323622440486099,87.8542621724673,21,21.0,21.0,0.0,0.0,0.0,0.0,0.0,0.0,0.3728813559322034,0.5238095238095238,0.2894736842105263
20,53,100,baseline,0.99,0.8323622440486099,89.35502239588172,9,21.0,21.0,0.0,0.0,0.0,0.0,0.0,0.0,0.2127659574468085,0.5555555555555556,0.131578947368421
20,53,100,resample_pointwise,0.5,0.8323622440486099,10.134541649930153,49,-50.0,50.0,0.0229885057471264,0.0204081632653061,0.0263157894736842,0.0459770114942528,0.0408163265306122,0.0526315789473684,0.0459770114942528,0.0408163265306122,0.0526315789473684
20,53,100,resample_pointwise,0.6,0.8323622440486099,11.312614897966965,41,-45.0,45.0,0.0253164556962025,0.024390243902439,0.0263157894736842,0.050632911392405,0.048780487804878,0.0526315789473684,0.050632911392405,0.048780487804878,0.0526315789473684
20,53,100,resample_pointwise,0.7,0.8323622440486099,12.770259879006742,36,-43.5,43.5,0.027027027027027,0.0277777777777777,0.0263157894736842,0.054054054054054,0.0555555555555555,0.0526315789473684,0.054054054054054,0.0555555555555555,0.0526315789473684
20,53,100,resample_pointwise,0.75,0.8323622440486099,13.66339851407971,36,-43.5,43.5,0.027027027027027,0.0277777777777777,0.0263157894736842,0.054054054054054,0.0555555555555555,0.0526315789473684,0.054054054054054,0.0555555555555555,0.0526315789473684
20,53,100,resample_pointwise,0.8,0.8323622440486099,14.737565081148626,38,-43.5,43.5,0.0263157894736842,0.0263157894736842,0.0263157894736842,0.0526315789473684,0.0526315789473684,0.0526315789473684,0.0526315789473684,0.0526315789473684,0.0526315789473684
20,53,100,resample_pointwise,0.85,0.8323622440486099,16.03925188673704,37,-43.0,43.0,0.0266666666666666,0.027027027027027,0.0263157894736842,0.0533333333333333,0.054054054054054,0.0526315789473684,0.0533333333333333,0.054054054054054,0.0526315789473684
20,53,100,resample_pointwise,0.9,0.8323622440486099,17.753751890495383,36,-43.0,43.0,0.027027027027027,0.0277777777777777,0.0263157894736842,0.054054054054054,0.0555555555555555,0.0526315789473684,0.054054054054054,0.0555555555555555,0.0526315789473684
20,53,100,resample_pointwise,0.925,0.8323622440486099,18.876591518089988,36,-42.5,42.5,0.027027027027027,0.0277777777777777,0.0263157894736842,0.054054054054054,0.0555555555555555,0.0526315789473684,0.054054054054054,0.0555555555555555,0.0526315789473684
20,53,100,resample_pointwise,0.95,0.8323622440486099,20.357995461342323,36,-42.0,42.0,0.027027027027027,0.0277777777777777,0.0263157894736842,0.054054054054054,0.0555555555555555,0.0526315789473684,0.054054054054054,0.0555555555555555,0.0526315789473684
20,53,100,resample_pointwise,0.975,0.8323622440486099,22.67898790336403,36,-41.0,41.0,0.027027027027027,0.0277777777777777,0.0263157894736842,0.054054054054054,0.0555555555555555,0.0526315789473684,0.054054054054054,0.0555555555555555,0.0526315789473684
20,53,100,resample_pointwise,0.99,0.8323622440486099,25.41576868309385,37,-40.0,40.0,0.0266666666666666,0.027027027027027,0.0263157894736842,0.0533333333333333,0.054054054054054,0.0526315789473684,0.0533333333333333,0.054054054054054,0.0526315789473684
20,58,10,baseline,0.5,0.8194034742707309,13.812055265721597,599,-50.0,50.0,0.097331240188383,0.0517529215358931,0.8157894736842105,0.1130298273155415,0.0601001669449081,0.9473684210526316,0.119309262166405,0.0634390651085141,1.0
20,58,10,baseline,0.6,0.8194034742707309,15.658355445684531,509,-46.0,46.0,0.1060329067641681,0.0569744597249508,0.7631578947368421,0.1279707495429616,0.068762278978389,0.9210526315789472,0.1389396709323583,0.074656188605108,1.0
20,58,10,baseline,0.7,0.8194034742707309,17.901499039567785,410,-42.5,42.5,0.1026785714285714,0.0560975609756097,0.6052631578947368,0.1339285714285714,0.073170731707317,0.7894736842105263,0.1696428571428571,0.0926829268292682,1.0
20,58,10,baseline,0.75,0.8194034742707309,19.166107682075104,374,-33.0,33.0,0.1067961165048543,0.0588235294117647,0.5789473684210527,0.145631067961165,0.0802139037433155,0.7894736842105263,0.1844660194174757,0.1016042780748663,1.0
20,58,10,baseline,0.8,0.8194034742707309,20.571725978543192,311,-34.0,34.0,0.1146131805157593,0.0643086816720257,0.5263157894736842,0.1547277936962751,0.0868167202572347,0.7105263157894737,0.2120343839541547,0.1189710610932476,0.9736842105263158
20,58,10,baseline,0.85,0.8194034742707309,22.14418738931288,244,-15.5,26.0,0.1205673758865248,0.0696721311475409,0.4473684210526316,0.1843971631205673,0.1065573770491803,0.6842105263157895,0.2553191489361702,0.1475409836065573,0.9473684210526316
20,58,10,baseline,0.9,0.8194034742707309,24.563071417439705,181,2.0,24.0,0.136986301369863,0.0828729281767955,0.3947368421052631,0.2009132420091324,0.1215469613259668,0.5789473684210527,0.3105022831050227,0.1878453038674033,0.8947368421052632
20,58,10,baseline,0.925,0.8194034742707309,26.403826003483427,151,3.0,24.0,0.1375661375661375,0.086092715231788,0.3421052631578947,0.2116402116402116,0.1324503311258278,0.5263157894736842,0.328042328042328,0.2052980132450331,0.8157894736842105
20,58,10,baseline,0.95,0.8194034742707309,28.433002721045977,99,4.0,21.0,0.1605839416058394,0.1111111111111111,0.2894736842105263,0.218978102189781,0.1515151515151515,0.3947368421052631,0.364963503649635,0.2525252525252525,0.6578947368421053
20,58,10,baseline,0.975,0.8194034742707309,31.81877160860035,60,3.5,22.0,0.1428571428571428,0.1166666666666666,0.1842105263157894,0.1836734693877551,0.15,0.2368421052631578,0.3469387755102041,0.2833333333333333,0.4473684210526316
20,58,10,baseline,0.99,0.8194034742707309,35.76267103987042,21,7.0,18.0,0.1694915254237288,0.238095238095238,0.131578947368421,0.2033898305084746,0.2857142857142857,0.1578947368421052,0.4406779661016949,0.6190476190476191,0.3421052631578947
20,58,10,resample_pointwise,0.5,0.8194034742707309,27.456835555529256,115,3.0,23.0,0.1568627450980391,0.1043478260869565,0.3157894736842105,0.2222222222222222,0.1478260869565217,0.4473684210526316,0.3398692810457516,0.2260869565217391,0.6842105263157895
20,58,10,resample_pointwise,0.6,0.8194034742707309,31.0068967430926,70,3.5,20.5,0.1481481481481481,0.1142857142857142,0.2105263157894736,0.2037037037037037,0.1571428571428571,0.2894736842105263,0.3333333333333333,0.2571428571428571,0.4736842105263157
20,58,10,resample_pointwise,0.7,0.8194034742707309,35.19042345487174,27,5.0,21.0,0.1538461538461538,0.1851851851851851,0.131578947368421,0.1846153846153846,0.2222222222222222,0.1578947368421052,0.3999999999999999,0.4814814814814814,0.3421052631578947
20,58,10,resample_pointwise,0.75,0.8194034742707309,37.644118493961614,9,17.0,18.0,0.0425531914893617,0.1111111111111111,0.0263157894736842,0.0425531914893617,0.1111111111111111,0.0263157894736842,0.1702127659574468,0.4444444444444444,0.1052631578947368
20,58,10,resample_pointwise,0.8,0.8194034742707309,40.473623956437095,4,20.5,20.5,0.0,0.0,0.0,0.0,0.0,0.0,0.0952380952380952,0.5,0.0526315789473684
20,58,10,resample_pointwise,0.85,0.8194034742707309,43.834391652372034,2,16.0,16.0,0.0,0.0,0.0,0.0,0.0,0.0,0.05,0.5,0.0263157894736842
20,58,10,resample_pointwise,0.9,0.8194034742707309,48.17230023490936,0,,,0.0,0.0,0.0,0.0,0.0,0.0,0.0,0.0,0.0
20,58,10,resample_pointwise,0.925,0.8194034742707309,50.96546818051958,0,,,0.0,0.0,0.0,0.0,0.0,0.0,0.0,0.0,0.0
20,58,10,resample_pointwise,0.95,0.8194034742707309,54.62354947752716,0,,,0.0,0.0,0.0,0.0,0.0,0.0,0.0,0.0,0.0
20,58,10,resample_pointwise,0.975,0.8194034742707309,60.173444121912375,0,,,0.0,0.0,0.0,0.0,0.0,0.0,0.0,0.0,0.0
20,58,10,resample_pointwise,0.99,0.8194034742707309,66.65563638180379,0,,,0.0,0.0,0.0,0.0,0.0,0.0,0.0,0.0,0.0
20,58,25,baseline,0.5,0.8194034742707309,11.097106955242866,281,-59.0,59.0,0.1128526645768025,0.0640569395017793,0.4736842105263157,0.1504702194357366,0.0854092526690391,0.631578947368421,0.231974921630094,0.1316725978647686,0.9736842105263158
20,58,25,baseline,0.6,0.8194034742707309,12.967799494270173,218,-58.0,58.0,0.1328125,0.0779816513761468,0.4473684210526316,0.1796875,0.1055045871559633,0.6052631578947368,0.28125,0.1651376146788991,0.9473684210526316
20,58,25,baseline,0.7,0.8194034742707309,15.653018731296076,134,-46.5,46.5,0.1976744186046511,0.126865671641791,0.4473684210526316,0.2906976744186046,0.1865671641791045,0.6578947368421053,0.4302325581395348,0.2761194029850746,0.9736842105263158
20,58,25,baseline,0.75,0.8194034742707309,17.825864525861352,96,-25.5,26.0,0.2537313432835821,0.1770833333333333,0.4473684210526316,0.3582089552238806,0.25,0.631578947368421,0.5522388059701493,0.3854166666666667,0.9736842105263158
20,58,25,baseline,0.8,0.8194034742707309,21.731016313503925,52,7.5,14.0,0.2444444444444444,0.2115384615384615,0.2894736842105263,0.4222222222222221,0.3653846153846153,0.5,0.7777777777777778,0.6730769230769231,0.9210526315789472
20,58,25,baseline,0.85,0.8194034742707309,30.34565697283843,50,11.5,11.5,0.2272727272727272,0.2,0.2631578947368421,0.409090909090909,0.36,0.4736842105263157,0.7500000000000001,0.66,0.868421052631579
20,58,25,baseline,0.9,0.8194034742707309,37.13017658389232,61,16.0,16.0,0.0404040404040404,0.0327868852459016,0.0526315789473684,0.202020202020202,0.1639344262295081,0.2631578947368421,0.6464646464646464,0.5245901639344263,0.8421052631578947
20,58,25,baseline,0.925,0.8194034742707309,39.97764301392736,61,19.0,19.0,0.0,0.0,0.0,0.1414141414141414,0.1147540983606557,0.1842105263157894,0.5858585858585859,0.4754098360655737,0.7631578947368421
20,58,25,baseline,0.95,0.8194034742707309,43.12367493265084,53,19.0,19.0,0.0,0.0,0.0,0.0219780219780219,0.0188679245283018,0.0263157894736842,0.5274725274725274,0.4528301886792453,0.631578947368421
20,58,25,baseline,0.975,0.8194034742707309,46.398170152046426,30,23.5,23.5,0.0,0.0,0.0,0.0,0.0,0.0,0.4117647058823529,0.4666666666666667,0.3684210526315789
20,58,25,baseline,0.99,0.8194034742707309,49.36267950026373,11,24.0,24.0,0.0,0.0,0.0,0.0,0.0,0.0,0.2857142857142857,0.6363636363636364,0.1842105263157894
20,58,25,resample_pointwise,0.5,0.8194034742707309,18.673416957093018,85,-4.0,20.0,0.2764227642276423,0.2,0.4473684210526316,0.4065040650406504,0.2941176470588235,0.6578947368421053,0.6016260162601627,0.4352941176470588,0.9736842105263158
20,58,25,resample_pointwise,0.6,0.8194034742707309,20.98005227506866,54,5.0,13.5,0.2826086956521739,0.2407407407407407,0.3421052631578947,0.4565217391304348,0.3888888888888889,0.5526315789473685,0.7608695652173912,0.6481481481481481,0.9210526315789472
20,58,25,resample_pointwise,0.7,0.8194034742707309,23.75939670184618,41,10.0,13.0,0.2784810126582278,0.2682926829268293,0.2894736842105263,0.4556962025316456,0.4390243902439024,0.4736842105263157,0.8860759493670887,0.8536585365853658,0.9210526315789472
20,58,25,resample_pointwise,0.75,0.8194034742707309,25.4239651659043,37,13.0,13.0,0.2133333333333333,0.2162162162162162,0.2105263157894736,0.4533333333333333,0.4594594594594595,0.4473684210526316,0.88,0.8918918918918919,0.868421052631579
20,58,25,resample_pointwise,0.8,0.8194034742707309,27.36966442108608,41,11.0,11.0,0.2531645569620253,0.2439024390243902,0.2631578947368421,0.4810126582278481,0.4634146341463415,0.5,0.8354430379746836,0.8048780487804879,0.868421052631579
20,58,25,resample_pointwise,0.85,0.8194034742707309,29.718323055110154,50,11.5,11.5,0.2272727272727272,0.2,0.2631578947368421,0.409090909090909,0.36,0.4736842105263157,0.7500000000000001,0.66,0.868421052631579
20,58,25,resample_pointwise,0.9,0.8194034742707309,32.78818169925007,55,14.0,14.0,0.1290322580645161,0.109090909090909,0.1578947368421052,0.3225806451612903,0.2727272727272727,0.3947368421052631,0.6666666666666666,0.5636363636363636,0.8157894736842105
20,58,25,resample_pointwise,0.925,0.8194034742707309,34.78827948203242,52,15.0,15.0,0.1111111111111111,0.0961538461538461,0.131578947368421,0.2888888888888889,0.25,0.3421052631578947,0.6444444444444444,0.5576923076923077,0.7631578947368421
20,58,25,resample_pointwise,0.95,0.8194034742707309,37.41572418303286,60,17.0,17.0,0.0408163265306122,0.0333333333333333,0.0526315789473684,0.2040816326530612,0.1666666666666666,0.2631578947368421,0.6938775510204083,0.5666666666666667,0.8947368421052632
20,58,25,resample_pointwise,0.975,0.8194034742707309,41.41578220040531,57,19.0,19.0,0.0,0.0,0.0,0.1263157894736842,0.1052631578947368,0.1578947368421052,0.5263157894736842,0.4385964912280701,0.6578947368421053
20,58,25,resample_pointwise,0.99,0.8194034742707309,46.05765840339848,28,23.0,23.0,0.0,0.0,0.0,0.0,0.0,0.0,0.3939393939393939,0.4642857142857143,0.3421052631578947
20,58,50,baseline,0.5,0.8194034742707309,9.823934789169618,118,-60.5,60.5,0.1794871794871795,0.1186440677966101,0.3684210526315789,0.3076923076923077,0.2033898305084746,0.631578947368421,0.4487179487179487,0.2966101694915254,0.9210526315789472
20,58,50,baseline,0.6,0.8194034742707309,12.917779040820143,90,-44.5,44.5,0.234375,0.1666666666666666,0.3947368421052631,0.390625,0.2777777777777778,0.6578947368421053,0.578125,0.4111111111111111,0.9736842105263158
20,58,50,baseline,0.7,0.8194034742707309,20.090741315716677,36,-3.0,6.0,0.4594594594594595,0.4722222222222222,0.4473684210526316,0.7297297297297298,0.75,0.7105263157894737,0.972972972972973,1.0,0.9473684210526316
20,58,50,baseline,0.75,0.8194034742707309,29.28965033273952,36,-1.5,5.0,0.5135135135135136,0.5277777777777778,0.5,0.8648648648648649,0.8888888888888888,0.8421052631578947,0.972972972972973,1.0,0.9473684210526316
20,58,50,baseline,0.8,0.8194034742707309,41.2021643568317,36,5.5,5.5,0.4864864864864865,0.5,0.4736842105263157,0.7567567567567567,0.7777777777777778,0.7368421052631579,0.9459459459459458,0.9722222222222222,0.9210526315789472
20,58,50,baseline,0.85,0.8194034742707309,53.00661431004538,36,11.0,11.0,0.081081081081081,0.0833333333333333,0.0789473684210526,0.4594594594594595,0.4722222222222222,0.4473684210526316,0.8648648648648649,0.8888888888888888,0.8421052631578947
20,58,50,baseline,0.9,0.8194034742707309,62.55277949884413,40,17.0,17.0,0.0,0.0,0.0,0.0256410256410256,0.025,0.0263157894736842,0.7435897435897436,0.725,0.7631578947368421
20,58,50,baseline,0.925,0.8194034742707309,65.60197418297473,43,20.0,20.0,0.0,0.0,0.0,0.0,0.0,0.0,0.7160493827160495,0.6744186046511628,0.7631578947368421
20,58,50,baseline,0.95,0.8194034742707309,68.02847112408838,36,23.0,23.0,0.0,0.0,0.0,0.0,0.0,0.0,0.6216216216216216,0.6388888888888888,0.6052631578947368
20,58,50,baseline,0.975,0.8194034742707309,70.78023016147844,33,24.0,24.0,0.0,0.0,0.0,0.0,0.0,0.0,0.3661971830985915,0.3939393939393939,0.3421052631578947
20,58,50,baseline,0.99,0.8194034742707309,72.45277209472276,16,26.0,26.0,0.0,0.0,0.0,0.0,0.0,0.0,0.1851851851851851,0.3125,0.131578947368421
20,58,50,resample_pointwise,0.5,0.8194034742707309,13.76113160794275,73,-18.0,18.0,0.2702702702702702,0.2054794520547945,0.3947368421052631,0.4684684684684684,0.3561643835616438,0.6842105263157895,0.6666666666666667,0.5068493150684932,0.9736842105263158
20,58,50,resample_pointwise,0.6,0.8194034742707309,15.394034280297534,53,-7.0,10.0,0.3516483516483517,0.3018867924528302,0.4210526315789473,0.5934065934065935,0.5094339622641509,0.7105263157894737,0.8351648351648352,0.7169811320754716,1.0
20,58,50,resample_pointwise,0.7,0.8194034742707309,17.381897253164215,40,-4.5,7.0,0.4102564102564102,0.4,0.4210526315789473,0.6666666666666667,0.65,0.6842105263157895,0.9230769230769232,0.9,0.9473684210526316
20,58,50,resample_pointwise,0.75,0.8194034742707309,18.59285134128644,36,-3.0,6.0,0.4594594594594595,0.4722222222222222,0.4473684210526316,0.7297297297297298,0.75,0.7105263157894737,0.972972972972973,1.0,0.9473684210526316
20,58,50,resample_pointwise,0.8,0.8194034742707309,20.0252122614701,36,-3.0,6.0,0.4594594594594595,0.4722222222222222,0.4473684210526316,0.7297297297297298,0.75,0.7105263157894737,0.972972972972973,1.0,0.9473684210526316
20,58,50,resample_pointwise,0.85,0.8194034742707309,21.771660014285494,37,-3.0,6.0,0.4533333333333333,0.4594594594594595,0.4473684210526316,0.7466666666666667,0.7567567567567568,0.7368421052631579,0.96,0.972972972972973,0.9473684210526316
20,58,50,resample_pointwise,0.9,0.8194034742707309,24.08487764398051,40,-3.0,6.5,0.4358974358974359,0.425,0.4473684210526316,0.717948717948718,0.7,0.7368421052631579,0.9230769230769232,0.9,0.9473684210526316
20,58,50,resample_pointwise,0.925,0.8194034742707309,25.60191635889629,38,-2.5,6.0,0.4473684210526316,0.4473684210526316,0.4473684210526316,0.7631578947368421,0.7631578947368421,0.7631578947368421,0.9473684210526316,0.9473684210526316,0.9473684210526316
20,58,50,resample_pointwise,0.95,0.8194034742707309,27.58084369319851,36,-1.5,5.0,0.5135135135135136,0.5277777777777778,0.5,0.8648648648648649,0.8888888888888888,0.8421052631578947,0.972972972972973,1.0,0.9473684210526316
20,58,50,resample_pointwise,0.975,0.8194034742707309,30.69891157185908,36,-1.5,5.0,0.5135135135135136,0.5277777777777778,0.5,0.8648648648648649,0.8888888888888888,0.8421052631578947,0.972972972972973,1.0,0.9473684210526316
20,58,50,resample_pointwise,0.99,0.8194034742707309,34.28685356467772,36,0.5,5.0,0.5135135135135136,0.5277777777777778,0.5,0.8108108108108109,0.8333333333333334,0.7894736842105263,0.9459459459459458,0.9722222222222222,0.9210526315789472
20,58,100,baseline,0.5,0.8194034742707309,26.10874134975697,36,-36.5,36.5,0.0,0.0,0.0,0.054054054054054,0.0555555555555555,0.0526315789473684,0.2972972972972973,0.3055555555555556,0.2894736842105263
20,58,100,baseline,0.6,0.8194034742707309,43.101158497559496,36,-17.0,17.0,0.1351351351351351,0.1388888888888889,0.131578947368421,0.2702702702702702,0.2777777777777778,0.2631578947368421,0.7297297297297298,0.75,0.7105263157894737
20,58,100,baseline,0.7,0.8194034742707309,57.87954552467597,36,-10.5,10.5,0.2432432432432432,0.25,0.2368421052631578,0.4864864864864865,0.5,0.4736842105263157,0.972972972972973,1.0,0.9473684210526316
20,58,100,baseline,0.75,0.8194034742707309,64.78079858015323,36,-4.0,6.0,0.4054054054054054,0.4166666666666667,0.3947368421052631,0.8378378378378377,0.8611111111111112,0.8157894736842105,0.972972972972973,1.0,0.9473684210526316
20,58,100,baseline,0.8,0.8194034742707309,71.31730102528387,36,5.0,5.0,0.5945945945945946,0.6111111111111112,0.5789473684210527,0.8108108108108109,0.8333333333333334,0.7894736842105263,0.972972972972973,1.0,0.9473684210526316
20,58,100,baseline,0.85,0.8194034742707309,77.33491172922866,36,9.5,9.5,0.2972972972972973,0.3055555555555556,0.2894736842105263,0.5675675675675677,0.5833333333333334,0.5526315789473685,0.918918918918919,0.9444444444444444,0.8947368421052632
20,58,100,baseline,0.9,0.8194034742707309,81.57674346361766,36,16.0,16.0,0.0,0.0,0.0,0.2432432432432432,0.25,0.2368421052631578,0.7837837837837838,0.8055555555555556,0.7631578947368421
20,58,100,baseline,0.925,0.8194034742707309,83.23838987446183,39,20.0,20.0,0.0,0.0,0.0,0.0519480519480519,0.0512820512820512,0.0526315789473684,0.5974025974025974,0.5897435897435898,0.6052631578947368
20,58,100,baseline,0.95,0.8194034742707309,84.88431313734036,34,23.0,23.0,0.0,0.0,0.0,0.0,0.0,0.0,0.5555555555555555,0.5882352941176471,0.5263157894736842
20,58,100,baseline,0.975,0.8194034742707309,86.36362330973891,27,23.0,23.0,0.0,0.0,0.0,0.0,0.0,0.0,0.3692307692307692,0.4444444444444444,0.3157894736842105
20,58,100,baseline,0.99,0.8194034742707309,87.31482727567855,12,24.0,24.0,0.0,0.0,0.0,0.0,0.0,0.0,0.2799999999999999,0.5833333333333334,0.1842105263157894
20,58,100,resample_pointwise,0.5,0.8194034742707309,10.056602997014972,45,-49.0,49.0,0.0,0.0,0.0,0.0240963855421686,0.0222222222222222,0.0263157894736842,0.144578313253012,0.1333333333333333,0.1578947368421052
20,58,100,resample_pointwise,0.6,0.8194034742707309,11.196141795457942,36,-43.5,43.5,0.0,0.0,0.0,0.027027027027027,0.0277777777777777,0.0263157894736842,0.1621621621621621,0.1666666666666666,0.1578947368421052
20,58,100,resample_pointwise,0.7,0.8194034742707309,12.613360683679902,37,-43.0,43.0,0.0,0.0,0.0,0.0266666666666666,0.027027027027027,0.0263157894736842,0.16,0.1621621621621621,0.1578947368421052
20,58,100,resample_pointwise,0.75,0.8194034742707309,13.484500173978326,38,-42.5,42.5,0.0,0.0,0.0,0.0263157894736842,0.0263157894736842,0.0263157894736842,0.1578947368421052,0.1578947368421052,0.1578947368421052
20,58,100,resample_pointwise,0.8,0.8194034742707309,14.520489216382824,36,-41.0,41.0,0.0,0.0,0.0,0.027027027027027,0.0277777777777777,0.0263157894736842,0.1621621621621621,0.1666666666666666,0.1578947368421052
20,58,100,resample_pointwise,0.85,0.8194034742707309,15.807467454105153,38,-41.0,41.0,0.0,0.0,0.0,0.0263157894736842,0.0263157894736842,0.0263157894736842,0.1842105263157894,0.1842105263157894,0.1842105263157894
20,58,100,resample_pointwise,0.9,0.8194034742707309,17.494959130384455,36,-40.0,40.0,0.0,0.0,0.0,0.027027027027027,0.0277777777777777,0.0263157894736842,0.1891891891891891,0.1944444444444444,0.1842105263157894
20,58,100,resample_pointwise,0.925,0.8194034742707309,18.61895035710352,36,-40.0,40.0,0.0,0.0,0.0,0.027027027027027,0.0277777777777777,0.0263157894736842,0.1891891891891891,0.1944444444444444,0.1842105263157894
20,58,100,resample_pointwise,0.95,0.8194034742707309,20.11633972455898,36,-40.0,40.0,0.0,0.0,0.0,0.027027027027027,0.0277777777777777,0.0263157894736842,0.1891891891891891,0.1944444444444444,0.1842105263157894
20,58,100,resample_pointwise,0.975,0.8194034742707309,22.457730950684383,36,-39.5,39.5,0.0,0.0,0.0,0.027027027027027,0.0277777777777777,0.0263157894736842,0.2432432432432432,0.25,0.2368421052631578
20,58,100,resample_pointwise,0.99,0.8194034742707309,25.21320280722748,36,-37.0,37.0,0.0,0.0,0.0,0.054054054054054,0.0555555555555555,0.0526315789473684,0.2972972972972973,0.3055555555555556,0.2894736842105263
20,64,10,baseline,0.5,0.8043758043758044,13.30354005567112,670,-43.5,43.5,0.0790960451977401,0.0417910447761194,0.7368421052631579,0.1016949152542373,0.053731343283582,0.9473684210526316,0.1073446327683615,0.0567164179104477,1.0
20,64,10,baseline,0.6,0.8043758043758044,14.838492837710056,615,-39.0,39.0,0.0796324655436447,0.0422764227642276,0.6842105263157895,0.110260336906585,0.0585365853658536,0.9473684210526316,0.116385911179173,0.0617886178861788,1.0
20,64,10,baseline,0.7,0.8043758043758044,16.57029482171916,470,-32.0,32.0,0.1023622047244094,0.0553191489361702,0.6842105263157895,0.1259842519685039,0.0680851063829787,0.8421052631578947,0.1456692913385826,0.0787234042553191,0.9736842105263158
20,64,10,baseline,0.75,0.8043758043758044,17.78643391744626,419,-31.0,31.0,0.087527352297593,0.0477326968973747,0.5263157894736842,0.1356673960612691,0.0739856801909307,0.8157894736842105,0.1663019693654267,0.0906921241050119,1.0
20,64,10,baseline,0.8,0.8043758043758044,19.107330914803978,331,-29.0,30.0,0.08130081300813,0.0453172205438066,0.3947368421052631,0.1300813008130081,0.0725075528700906,0.631578947368421,0.1951219512195121,0.1087613293051359,0.9473684210526316
20,64,10,baseline,0.85,0.8043758043758044,20.75410958012644,249,-24.0,30.0,0.0836236933797909,0.0481927710843373,0.3157894736842105,0.1324041811846689,0.0763052208835341,0.5,0.229965156794425,0.1325301204819277,0.868421052631579
20,64,10,baseline,0.9,0.8043758043758044,22.952787709983877,152,3.5,27.0,0.1263157894736842,0.0789473684210526,0.3157894736842105,0.1578947368421052,0.0986842105263157,0.3947368421052631,0.2631578947368421,0.1644736842105263,0.6578947368421053
20,64,10,baseline,0.925,0.8043758043758044,24.73517667255852,126,2.0,29.5,0.1097560975609756,0.0714285714285714,0.2368421052631578,0.1585365853658536,0.1031746031746031,0.3421052631578947,0.2560975609756097,0.1666666666666666,0.5526315789473685
20,64,10,baseline,0.95,0.8043758043758044,26.675660274208,86,7.0,27.5,0.096774193548387,0.0697674418604651,0.1578947368421052,0.1935483870967741,0.1395348837209302,0.3157894736842105,0.3064516129032258,0.2209302325581395,0.5
20,64,10,baseline,0.975,0.8043758043758044,31.46236128256751,46,10.5,23.0,0.0952380952380952,0.0869565217391304,0.1052631578947368,0.1666666666666666,0.1521739130434782,0.1842105263157894,0.3333333333333333,0.3043478260869565,0.3684210526315789
20,64,10,baseline,0.99,0.8043758043758044,35.52869780312691,20,12.0,22.0,0.0689655172413793,0.1,0.0526315789473684,0.1034482758620689,0.15,0.0789473684210526,0.2413793103448275,0.35,0.1842105263157894
20,64,10,resample_pointwise,0.5,0.8043758043758044,27.049093475955456,82,7.5,26.5,0.0999999999999999,0.073170731707317,0.1578947368421052,0.1833333333333333,0.1341463414634146,0.2894736842105263,0.3166666666666667,0.2317073170731707,0.5
20,64,10,resample_pointwise,0.6,0.8043758043758044,30.564429567840545,55,9.0,21.0,0.1075268817204301,0.0909090909090909,0.131578947368421,0.1720430107526881,0.1454545454545454,0.2105263157894736,0.3225806451612903,0.2727272727272727,0.3947368421052631
20,64,10,resample_pointwise,0.7,0.8043758043758044,34.74433141037652,25,12.0,22.0,0.0634920634920634,0.08,0.0526315789473684,0.0952380952380952,0.12,0.0789473684210526,0.2222222222222222,0.28,0.1842105263157894
20,64,10,resample_pointwise,0.75,0.8043758043758044,37.18910578734949,14,7.0,22.0,0.0769230769230769,0.1428571428571428,0.0526315789473684,0.1153846153846153,0.2142857142857142,0.0789473684210526,0.2307692307692307,0.4285714285714285,0.1578947368421052
20,64,10,resample_pointwise,0.8,0.8043758043758044,40.014362242781296,12,14.0,20.5,0.04,0.0833333333333333,0.0263157894736842,0.08,0.1666666666666666,0.0526315789473684,0.16,0.3333333333333333,0.1052631578947368
20,64,10,resample_pointwise,0.85,0.8043758043758044,43.34663832506583,4,22.5,22.5,0.0,0.0,0.0,0.0,0.0,0.0,0.0952380952380952,0.5,0.0526315789473684
20,64,10,resample_pointwise,0.9,0.8043758043758044,47.64111249235796,0,,,0.0,0.0,0.0,0.0,0.0,0.0,0.0,0.0,0.0
20,64,10,resample_pointwise,0.925,0.8043758043758044,50.41110047133917,0,,,0.0,0.0,0.0,0.0,0.0,0.0,0.0,0.0,0.0
20,64,10,resample_pointwise,0.95,0.8043758043758044,54.03242564140284,0,,,0.0,0.0,0.0,0.0,0.0,0.0,0.0,0.0,0.0
20,64,10,resample_pointwise,0.975,0.8043758043758044,59.597770076513065,0,,,0.0,0.0,0.0,0.0,0.0,0.0,0.0,0.0,0.0
20,64,10,resample_pointwise,0.99,0.8043758043758044,65.96673304731921,0,,,0.0,0.0,0.0,0.0,0.0,0.0,0.0,0.0,0.0
20,64,25,baseline,0.5,0.8043758043758044,10.75819654483326,281,-55.0,55.0,0.1003134796238244,0.0569395017793594,0.4210526315789473,0.1630094043887147,0.092526690391459,0.6842105263157895,0.2068965517241379,0.1174377224199288,0.868421052631579
20,64,25,baseline,0.6,0.8043758043758044,12.542044413424325,195,-45.0,45.0,0.1459227467811159,0.0871794871794871,0.4473684210526316,0.2317596566523605,0.1384615384615384,0.7105263157894737,0.2660944206008583,0.1589743589743589,0.8157894736842105
20,64,25,baseline,0.7,0.8043758043758044,15.017971496670082,119,-34.0,34.0,0.1910828025477707,0.1260504201680672,0.3947368421052631,0.3057324840764331,0.2016806722689075,0.631578947368421,0.3949044585987261,0.2605042016806723,0.8157894736842105
20,64,25,baseline,0.75,0.8043758043758044,17.377037481972245,71,-2.0,19.0,0.2568807339449541,0.1971830985915492,0.3684210526315789,0.4587155963302752,0.352112676056338,0.6578947368421053,0.5688073394495413,0.4366197183098591,0.8157894736842105
20,64,25,baseline,0.8,0.8043758043758044,22.40841691270756,55,6.0,8.0,0.2795698924731182,0.2363636363636363,0.3421052631578947,0.4516129032258065,0.3818181818181818,0.5526315789473685,0.6236559139784946,0.5272727272727272,0.7631578947368421
20,64,25,baseline,0.85,0.8043758043758044,29.237199428231264,50,14.5,14.5,0.1590909090909091,0.14,0.1842105263157894,0.3636363636363636,0.32,0.4210526315789473,0.6136363636363636,0.54,0.7105263157894737
20,64,25,baseline,0.9,0.8043758043758044,35.06017446898754,64,21.0,21.0,0.0392156862745098,0.03125,0.0526315789473684,0.1176470588235294,0.09375,0.1578947368421052,0.4901960784313726,0.390625,0.6578947368421053
20,64,25,baseline,0.925,0.8043758043758044,37.48062687147465,70,22.0,22.0,0.0185185185185185,0.0142857142857142,0.0263157894736842,0.074074074074074,0.0571428571428571,0.1052631578947368,0.4444444444444445,0.3428571428571428,0.631578947368421
20,64,25,baseline,0.95,0.8043758043758044,39.560993045317005,58,21.5,21.5,0.0,0.0,0.0,0.0625,0.0517241379310344,0.0789473684210526,0.4166666666666667,0.3448275862068966,0.5263157894736842
20,64,25,baseline,0.975,0.8043758043758044,42.32766723989675,38,22.0,22.0,0.0,0.0,0.0,0.0263157894736842,0.0263157894736842,0.0263157894736842,0.3157894736842105,0.3157894736842105,0.3157894736842105
20,64,25,baseline,0.99,0.8043758043758044,45.3507331822825,13,21.0,21.0,0.0,0.0,0.0,0.0,0.0,0.0,0.2352941176470588,0.4615384615384615,0.1578947368421052
20,64,25,resample_pointwise,0.5,0.8043758043758044,18.236434775681683,57,4.0,18.0,0.2526315789473684,0.2105263157894736,0.3157894736842105,0.4631578947368421,0.3859649122807017,0.5789473684210527,0.5894736842105264,0.4912280701754385,0.7368421052631579
20,64,25,resample_pointwise,0.6,0.8043758043758044,20.50912580299552,55,5.0,18.0,0.2365591397849462,0.2,0.2894736842105263,0.4516129032258065,0.3818181818181818,0.5526315789473685,0.6021505376344085,0.509090909090909,0.7368421052631579
20,64,25,resample_pointwise,0.7,0.8043758043758044,23.2800285884068,54,6.0,8.0,0.3043478260869565,0.2592592592592592,0.3684210526315789,0.5,0.4259259259259259,0.6052631578947368,0.6521739130434783,0.5555555555555556,0.7894736842105263
20,64,25,resample_pointwise,0.75,0.8043758043758044,24.955251510552987,51,8.0,8.0,0.3146067415730337,0.2745098039215686,0.3684210526315789,0.4943820224719101,0.4313725490196078,0.5789473684210527,0.6741573033707866,0.5882352941176471,0.7894736842105263
20,64,25,resample_pointwise,0.8,0.8043758043758044,26.90553946499164,50,9.5,9.5,0.25,0.22,0.2894736842105263,0.4318181818181818,0.38,0.5,0.6818181818181819,0.6,0.7894736842105263
20,64,25,resample_pointwise,0.85,0.8043758043758044,29.26960442306473,50,14.5,14.5,0.1590909090909091,0.14,0.1842105263157894,0.3636363636363636,0.32,0.4210526315789473,0.6136363636363636,0.54,0.7105263157894737
20,64,25,resample_pointwise,0.9,0.8043758043758044,32.336476923535244,67,16.0,16.0,0.0761904761904761,0.0597014925373134,0.1052631578947368,0.2857142857142857,0.2238805970149253,0.3947368421052631,0.5904761904761905,0.4626865671641791,0.8157894736842105
20,64,25,resample_pointwise,0.925,0.8043758043758044,34.346383141817896,58,21.0,21.0,0.0416666666666666,0.0344827586206896,0.0526315789473684,0.1041666666666666,0.0862068965517241,0.131578947368421,0.5208333333333334,0.4310344827586206,0.6578947368421053
20,64,25,resample_pointwise,0.95,0.8043758043758044,36.94605588789154,74,20.5,20.5,0.0357142857142857,0.027027027027027,0.0526315789473684,0.0892857142857142,0.0675675675675675,0.131578947368421,0.4464285714285714,0.3378378378378378,0.6578947368421053
20,64,25,resample_pointwise,0.975,0.8043758043758044,40.98208669291918,52,22.5,22.5,0.0,0.0,0.0,0.0888888888888888,0.0769230769230769,0.1052631578947368,0.3333333333333333,0.2884615384615384,0.3947368421052631
20,64,25,resample_pointwise,0.99,0.8043758043758044,45.59697614028374,10,22.0,22.0,0.0,0.0,0.0,0.0,0.0,0.0,0.1666666666666666,0.4,0.1052631578947368
20,64,50,baseline,0.5,0.8043758043758044,9.270416473330933,146,-65.5,65.5,0.1521739130434782,0.0958904109589041,0.3684210526315789,0.2282608695652174,0.1438356164383561,0.5526315789473685,0.3804347826086955,0.2397260273972602,0.9210526315789472
20,64,50,baseline,0.6,0.8043758043758044,11.233755585879877,83,-41.0,41.0,0.2314049586776859,0.1686746987951807,0.3684210526315789,0.3636363636363636,0.2650602409638554,0.5789473684210527,0.578512396694215,0.4216867469879518,0.9210526315789472
20,64,50,baseline,0.7,0.8043758043758044,20.856699131442333,40,-2.0,7.0,0.358974358974359,0.35,0.3684210526315789,0.6153846153846154,0.6,0.631578947368421,0.9230769230769232,0.9,0.9473684210526316
20,64,50,baseline,0.75,0.8043758043758044,28.987230099436267,36,2.0,6.0,0.4054054054054054,0.4166666666666667,0.3947368421052631,0.6756756756756757,0.6944444444444444,0.6578947368421053,0.972972972972973,1.0,0.9473684210526316
20,64,50,baseline,0.8,0.8043758043758044,40.458218317559606,36,8.0,8.0,0.3243243243243243,0.3333333333333333,0.3157894736842105,0.5945945945945946,0.6111111111111112,0.5789473684210527,0.972972972972973,1.0,0.9473684210526316
20,64,50,baseline,0.85,0.8043758043758044,50.89487659935875,36,14.0,14.0,0.027027027027027,0.0277777777777777,0.0263157894736842,0.2162162162162162,0.2222222222222222,0.2105263157894736,0.9459459459459458,0.9722222222222222,0.9210526315789472
20,64,50,baseline,0.9,0.8043758043758044,59.14538835056519,39,22.0,22.0,0.0,0.0,0.0,0.0,0.0,0.0,0.6493506493506495,0.6410256410256411,0.6578947368421053
20,64,50,baseline,0.925,0.8043758043758044,62.56320750907668,40,26.0,26.0,0.0,0.0,0.0,0.0,0.0,0.0,0.4358974358974359,0.425,0.4473684210526316
20,64,50,baseline,0.95,0.8043758043758044,64.69458513026026,37,27.0,27.0,0.0,0.0,0.0,0.0,0.0,0.0,0.3466666666666667,0.3513513513513513,0.3421052631578947
20,64,50,baseline,0.975,0.8043758043758044,67.43928753606663,27,29.0,29.0,0.0,0.0,0.0,0.0,0.0,0.0,0.2153846153846154,0.2592592592592592,0.1842105263157894
20,64,50,baseline,0.99,0.8043758043758044,69.66479748070942,10,29.5,29.5,0.0,0.0,0.0,0.0,0.0,0.0,0.0416666666666666,0.1,0.0263157894736842
20,64,50,resample_pointwise,0.5,0.8043758043758044,13.399632464473395,44,-5.5,10.5,0.3170731707317074,0.2954545454545454,0.3421052631578947,0.5365853658536586,0.5,0.5789473684210527,0.8536585365853658,0.7954545454545454,0.9210526315789472
20,64,50,resample_pointwise,0.6,0.8043758043758044,15.01379499363936,44,-5.5,10.5,0.3170731707317074,0.2954545454545454,0.3421052631578947,0.5365853658536586,0.5,0.5789473684210527,0.8780487804878049,0.8181818181818182,0.9473684210526316
20,64,50,resample_pointwise,0.7,0.8043758043758044,16.99752641788616,36,-3.0,6.5,0.3513513513513513,0.3611111111111111,0.3421052631578947,0.5945945945945946,0.6111111111111112,0.5789473684210527,0.972972972972973,1.0,0.9473684210526316
20,64,50,resample_pointwise,0.75,0.8043758043758044,18.20786386128379,36,-2.0,6.5,0.3513513513513513,0.3611111111111111,0.3421052631578947,0.6216216216216216,0.6388888888888888,0.6052631578947368,0.972972972972973,1.0,0.9473684210526316
20,64,50,resample_pointwise,0.8,0.8043758043758044,19.64478345078445,36,-2.0,6.5,0.3513513513513513,0.3611111111111111,0.3421052631578947,0.6216216216216216,0.6388888888888888,0.6052631578947368,0.972972972972973,1.0,0.9473684210526316
20,64,50,resample_pointwise,0.85,0.8043758043758044,21.39161778599597,38,-0.5,6.5,0.3684210526315789,0.3684210526315789,0.3684210526315789,0.6578947368421053,0.6578947368421053,0.6578947368421053,0.9473684210526316,0.9473684210526316,0.9473684210526316
20,64,50,resample_pointwise,0.9,0.8043758043758044,23.6691798640523,39,1.0,7.0,0.3376623376623376,0.3333333333333333,0.3421052631578947,0.6493506493506495,0.6410256410256411,0.6578947368421053,0.935064935064935,0.9230769230769232,0.9473684210526316
20,64,50,resample_pointwise,0.925,0.8043758043758044,25.18258710359741,36,1.5,6.0,0.3783783783783783,0.3888888888888889,0.3684210526315789,0.6756756756756757,0.6944444444444444,0.6578947368421053,0.972972972972973,1.0,0.9473684210526316
20,64,50,resample_pointwise,0.95,0.8043758043758044,27.21234921928784,36,2.0,6.0,0.3783783783783783,0.3888888888888889,0.3684210526315789,0.6486486486486486,0.6666666666666666,0.631578947368421,0.972972972972973,1.0,0.9473684210526316
20,64,50,resample_pointwise,0.975,0.8043758043758044,30.33889503644541,36,4.0,6.0,0.3783783783783783,0.3888888888888889,0.3684210526315789,0.7027027027027027,0.7222222222222222,0.6842105263157895,0.972972972972973,1.0,0.9473684210526316
20,64,50,resample_pointwise,0.99,0.8043758043758044,33.973329298105405,36,5.0,6.0,0.4324324324324324,0.4444444444444444,0.4210526315789473,0.7027027027027027,0.7222222222222222,0.6842105263157895,0.972972972972973,1.0,0.9473684210526316
20,64,100,baseline,0.5,0.8043758043758044,24.961082086111347,36,-34.0,34.0,0.054054054054054,0.0555555555555555,0.0526315789473684,0.1081081081081081,0.1111111111111111,0.1052631578947368,0.3783783783783783,0.3888888888888889,0.3684210526315789
20,64,100,baseline,0.6,0.8043758043758044,41.08873293170047,36,-23.0,23.0,0.054054054054054,0.0555555555555555,0.0526315789473684,0.1351351351351351,0.1388888888888889,0.131578947368421,0.5405405405405405,0.5555555555555556,0.5263157894736842
20,64,100,baseline,0.7,0.8043758043758044,56.67992659705909,36,-8.5,10.0,0.3513513513513513,0.3611111111111111,0.3421052631578947,0.5405405405405405,0.5555555555555556,0.5263157894736842,0.972972972972973,1.0,0.9473684210526316
20,64,100,baseline,0.75,0.8043758043758044,64.0055930193005,36,-2.0,3.0,0.7297297297297298,0.75,0.7105263157894737,0.8378378378378377,0.8611111111111112,0.8157894736842105,0.972972972972973,1.0,0.9473684210526316
20,64,100,baseline,0.8,0.8043758043758044,70.2491688724928,36,2.0,4.0,0.6216216216216216,0.6388888888888888,0.6052631578947368,0.8108108108108109,0.8333333333333334,0.7894736842105263,0.972972972972973,1.0,0.9473684210526316
20,64,100,baseline,0.85,0.8043758043758044,75.96720195554985,38,14.0,14.0,0.131578947368421,0.131578947368421,0.131578947368421,0.3421052631578947,0.3421052631578947,0.3421052631578947,0.8947368421052632,0.8947368421052632,0.8947368421052632
20,64,100,baseline,0.9,0.8043758043758044,79.75830327005342,35,23.0,23.0,0.0273972602739726,0.0285714285714285,0.0263157894736842,0.0821917808219178,0.0857142857142857,0.0789473684210526,0.6301369863013698,0.6571428571428571,0.6052631578947368
20,64,100,baseline,0.925,0.8043758043758044,81.18464407758808,32,23.0,23.0,0.0,0.0,0.0,0.0285714285714285,0.03125,0.0263157894736842,0.5714285714285714,0.625,0.5263157894736842
20,64,100,baseline,0.95,0.8043758043758044,82.86520032005231,24,25.0,25.0,0.0,0.0,0.0,0.0,0.0,0.0,0.4516129032258065,0.5833333333333334,0.3684210526315789
20,64,100,baseline,0.975,0.8043758043758044,84.48719502354683,23,26.0,26.0,0.0,0.0,0.0,0.0,0.0,0.0,0.3278688524590163,0.4347826086956521,0.2631578947368421
20,64,100,baseline,0.99,0.8043758043758044,86.07351277350514,10,26.5,26.5,0.0,0.0,0.0,0.0,0.0,0.0,0.125,0.3,0.0789473684210526
20,64,100,resample_pointwise,0.5,0.8043758043758044,9.785894805758916,40,-42.5,42.5,0.0256410256410256,0.025,0.0263157894736842,0.0256410256410256,0.025,0.0263157894736842,0.2307692307692307,0.225,0.2368421052631578
20,64,100,resample_pointwise,0.6,0.8043758043758044,10.927375002763489,36,-41.0,41.0,0.027027027027027,0.0277777777777777,0.0263157894736842,0.027027027027027,0.0277777777777777,0.0263157894736842,0.2432432432432432,0.25,0.2368421052631578
20,64,100,resample_pointwise,0.7,0.8043758043758044,12.348498186572405,37,-40.0,40.0,0.0266666666666666,0.027027027027027,0.0263157894736842,0.0266666666666666,0.027027027027027,0.0263157894736842,0.2666666666666666,0.2702702702702703,0.2631578947368421
20,64,100,resample_pointwise,0.75,0.8043758043758044,13.231526313081016,36,-39.0,39.0,0.027027027027027,0.0277777777777777,0.0263157894736842,0.027027027027027,0.0277777777777777,0.0263157894736842,0.2702702702702702,0.2777777777777778,0.2631578947368421
20,64,100,resample_pointwise,0.8,0.8043758043758044,14.282659175174834,36,-39.0,39.0,0.027027027027027,0.0277777777777777,0.0263157894736842,0.027027027027027,0.0277777777777777,0.0263157894736842,0.2702702702702702,0.2777777777777778,0.2631578947368421
20,64,100,resample_pointwise,0.85,0.8043758043758044,15.581157989432509,36,-38.0,38.0,0.027027027027027,0.0277777777777777,0.0263157894736842,0.027027027027027,0.0277777777777777,0.0263157894736842,0.2702702702702702,0.2777777777777778,0.2631578947368421
20,64,100,resample_pointwise,0.9,0.8043758043758044,17.293665806468695,37,-38.0,38.0,0.0266666666666666,0.027027027027027,0.0263157894736842,0.0266666666666666,0.027027027027027,0.0263157894736842,0.2666666666666666,0.2702702702702703,0.2631578947368421
20,64,100,resample_pointwise,0.925,0.8043758043758044,18.426933037226185,39,-40.0,40.0,0.0259740259740259,0.0256410256410256,0.0263157894736842,0.0259740259740259,0.0256410256410256,0.0263157894736842,0.2597402597402597,0.2564102564102564,0.2631578947368421
20,64,100,resample_pointwise,0.95,0.8043758043758044,19.920282581549912,36,-36.0,36.0,0.054054054054054,0.0555555555555555,0.0526315789473684,0.081081081081081,0.0833333333333333,0.0789473684210526,0.3243243243243243,0.3333333333333333,0.3157894736842105
20,64,100,resample_pointwise,0.975,0.8043758043758044,22.30614565160621,38,-37.0,37.0,0.0526315789473684,0.0526315789473684,0.0526315789473684,0.0789473684210526,0.0789473684210526,0.0789473684210526,0.3157894736842105,0.3157894736842105,0.3157894736842105
20,64,100,resample_pointwise,0.99,0.8043758043758044,25.12146413555337,36,-34.0,34.0,0.054054054054054,0.0555555555555555,0.0526315789473684,0.1081081081081081,0.1111111111111111,0.1052631578947368,0.3783783783783783,0.3888888888888889,0.3684210526315789
20,69,10,baseline,0.5,0.7922674694977024,13.69935744781435,687,-46.0,46.0,0.0744827586206896,0.0393013100436681,0.7105263157894737,0.0937931034482758,0.049490538573508,0.8947368421052632,0.1048275862068965,0.0553129548762736,1.0
20,69,10,baseline,0.6,0.7922674694977024,15.341121590831415,600,-38.0,38.0,0.0877742946708464,0.0466666666666666,0.7368421052631579,0.1065830721003134,0.0566666666666666,0.8947368421052632,0.1191222570532915,0.0633333333333333,1.0
20,69,10,baseline,0.7,0.7922674694977024,17.345992588143925,487,-31.0,34.0,0.1028571428571428,0.055441478439425,0.7105263157894737,0.1257142857142857,0.0677618069815195,0.868421052631579,0.1447619047619047,0.0780287474332648,1.0
20,69,10,baseline,0.75,0.7922674694977024,18.45335326781462,414,-24.0,31.0,0.1017699115044247,0.0555555555555555,0.6052631578947368,0.1327433628318584,0.072463768115942,0.7894736842105263,0.168141592920354,0.0917874396135265,1.0
20,69,10,baseline,0.8,0.7922674694977024,19.79272217915199,345,-19.0,30.0,0.0939947780678851,0.0521739130434782,0.4736842105263157,0.1357702349869451,0.0753623188405797,0.6842105263157895,0.1984334203655352,0.1101449275362318,1.0
20,69,10,baseline,0.85,0.7922674694977024,21.327534496871632,274,-17.5,30.0,0.0961538461538461,0.0547445255474452,0.3947368421052631,0.1666666666666666,0.0948905109489051,0.6842105263157895,0.2307692307692307,0.1313868613138686,0.9473684210526316
20,69,10,baseline,0.9,0.7922674694977024,23.508313348716268,184,-10.0,30.0,0.09009009009009,0.0543478260869565,0.2631578947368421,0.1621621621621621,0.0978260869565217,0.4736842105263157,0.2702702702702702,0.1630434782608695,0.7894736842105263
20,69,10,baseline,0.925,0.7922674694977024,25.32957419087107,140,-11.5,31.0,0.0674157303370786,0.0428571428571428,0.1578947368421052,0.1348314606741573,0.0857142857142857,0.3157894736842105,0.2696629213483146,0.1714285714285714,0.631578947368421
20,69,10,baseline,0.95,0.7922674694977024,27.75419915378501,96,-22.5,32.0,0.044776119402985,0.03125,0.0789473684210526,0.1194029850746268,0.0833333333333333,0.2105263157894736,0.2835820895522388,0.1979166666666666,0.5
20,69,10,baseline,0.975,0.7922674694977024,31.374153290692444,39,-27.0,34.0,0.0,0.0,0.0,0.0779220779220779,0.0769230769230769,0.0789473684210526,0.1298701298701298,0.1282051282051282,0.131578947368421
20,69,10,baseline,0.99,0.7922674694977024,35.25172329080218,16,-30.5,34.0,0.0,0.0,0.0,0.0,0.0,0.0,0.0,0.0,0.0
20,69,10,resample_pointwise,0.5,0.7922674694977024,26.94408553856381,105,-20.0,32.0,0.0699300699300699,0.0476190476190476,0.131578947368421,0.1258741258741258,0.0857142857142857,0.2368421052631578,0.2937062937062937,0.2,0.5526315789473685
20,69,10,resample_pointwise,0.6,0.7922674694977024,30.399538950126185,47,-34.0,34.0,0.0,0.0,0.0,0.0941176470588235,0.0851063829787234,0.1052631578947368,0.1647058823529411,0.1489361702127659,0.1842105263157894
20,69,10,resample_pointwise,0.7,0.7922674694977024,34.527016394446726,19,-34.0,34.0,0.0,0.0,0.0,0.0,0.0,0.0,0.0,0.0,0.0
20,69,10,resample_pointwise,0.75,0.7922674694977024,36.95990493574182,11,-41.0,41.0,0.0,0.0,0.0,0.0,0.0,0.0,0.0,0.0,0.0
20,69,10,resample_pointwise,0.8,0.7922674694977024,39.7842014324366,5,-43.0,43.0,0.0,0.0,0.0,0.0,0.0,0.0,0.0,0.0,0.0
20,69,10,resample_pointwise,0.85,0.7922674694977024,43.11657231370671,4,-38.0,38.0,0.0,0.0,0.0,0.0,0.0,0.0,0.0,0.0,0.0
20,69,10,resample_pointwise,0.9,0.7922674694977024,47.37467747412369,0,,,0.0,0.0,0.0,0.0,0.0,0.0,0.0,0.0,0.0
20,69,10,resample_pointwise,0.925,0.7922674694977024,50.14903701976302,0,,,0.0,0.0,0.0,0.0,0.0,0.0,0.0,0.0,0.0
20,69,10,resample_pointwise,0.95,0.7922674694977024,53.788629871789695,0,,,0.0,0.0,0.0,0.0,0.0,0.0,0.0,0.0,0.0
20,69,10,resample_pointwise,0.975,0.7922674694977024,59.30509864394641,0,,,0.0,0.0,0.0,0.0,0.0,0.0,0.0,0.0,0.0
20,69,10,resample_pointwise,0.99,0.7922674694977024,65.74091018430275,0,,,0.0,0.0,0.0,0.0,0.0,0.0,0.0,0.0,0.0
20,69,25,baseline,0.5,0.7922674694977024,11.589863850175854,277,-66.0,66.0,0.1079365079365079,0.0613718411552346,0.4473684210526316,0.1523809523809523,0.0866425992779783,0.631578947368421,0.2222222222222221,0.1263537906137184,0.9210526315789472
20,69,25,baseline,0.6,0.7922674694977024,13.381776656813152,213,-59.0,59.0,0.1274900398406374,0.0751173708920187,0.4210526315789473,0.1752988047808765,0.1032863849765258,0.5789473684210527,0.2709163346613546,0.1596244131455399,0.8947368421052632
20,69,25,baseline,0.7,0.7922674694977024,16.647815878395548,117,-22.0,32.0,0.2064516129032258,0.1367521367521367,0.4210526315789473,0.3096774193548387,0.2051282051282051,0.631578947368421,0.4258064516129032,0.282051282051282,0.868421052631579
20,69,25,baseline,0.75,0.7922674694977024,18.99458775859956,101,-6.0,23.0,0.2733812949640288,0.1881188118811881,0.5,0.3309352517985612,0.2277227722772277,0.6052631578947368,0.4892086330935252,0.3366336633663366,0.8947368421052632
20,69,25,baseline,0.8,0.7922674694977024,22.88143411823374,56,9.0,13.0,0.2553191489361702,0.2142857142857142,0.3157894736842105,0.3617021276595744,0.3035714285714285,0.4473684210526316,0.5744680851063829,0.4821428571428571,0.7105263157894737
20,69,25,baseline,0.85,0.7922674694977024,28.88889828687145,67,18.0,18.0,0.0571428571428571,0.044776119402985,0.0789473684210526,0.2095238095238095,0.1641791044776119,0.2894736842105263,0.5523809523809524,0.4328358208955223,0.7631578947368421
20,69,25,baseline,0.9,0.7922674694977024,32.893109604518905,85,21.0,21.0,0.016260162601626,0.0117647058823529,0.0263157894736842,0.1626016260162601,0.1176470588235294,0.2631578947368421,0.4552845528455284,0.3294117647058823,0.7368421052631579
20,69,25,baseline,0.925,0.7922674694977024,34.68928790109073,61,21.0,21.0,0.0,0.0,0.0,0.101010101010101,0.081967213114754,0.131578947368421,0.5454545454545454,0.4426229508196721,0.7105263157894737
20,69,25,baseline,0.95,0.7922674694977024,37.25660393209243,59,24.0,24.0,0.0,0.0,0.0,0.0412371134020618,0.0338983050847457,0.0526315789473684,0.3711340206185567,0.3050847457627119,0.4736842105263157
20,69,25,baseline,0.975,0.7922674694977024,40.48645523366653,33,22.0,22.0,0.0,0.0,0.0,0.028169014084507,0.0303030303030303,0.0263157894736842,0.3380281690140845,0.3636363636363636,0.3157894736842105
20,69,25,baseline,0.99,0.7922674694977024,44.140367566284674,19,27.0,27.0,0.0,0.0,0.0,0.0350877192982456,0.0526315789473684,0.0263157894736842,0.175438596491228,0.2631578947368421,0.131578947368421
20,69,25,resample_pointwise,0.5,0.7922674694977024,18.20068973916189,113,-12.0,25.0,0.23841059602649,0.1592920353982301,0.4736842105263157,0.304635761589404,0.2035398230088495,0.6052631578947368,0.423841059602649,0.2831858407079646,0.8421052631578947
20,69,25,resample_pointwise,0.6,0.7922674694977024,20.43175842617544,71,2.0,18.0,0.2201834862385321,0.1690140845070422,0.3157894736842105,0.2935779816513761,0.2253521126760563,0.4210526315789473,0.5137614678899082,0.3943661971830985,0.7368421052631579
20,69,25,resample_pointwise,0.7,0.7922674694977024,23.16302431459204,55,9.0,12.0,0.2795698924731182,0.2363636363636363,0.3421052631578947,0.3655913978494624,0.3090909090909091,0.4473684210526316,0.5806451612903225,0.4909090909090909,0.7105263157894737
20,69,25,resample_pointwise,0.75,0.7922674694977024,24.79771997066956,52,12.0,12.0,0.2222222222222222,0.1923076923076923,0.2631578947368421,0.3333333333333333,0.2884615384615384,0.3947368421052631,0.6,0.5192307692307693,0.7105263157894737
20,69,25,resample_pointwise,0.8,0.7922674694977024,26.686993808014584,66,13.0,13.0,0.1346153846153846,0.106060606060606,0.1842105263157894,0.3076923076923077,0.2424242424242424,0.4210526315789473,0.5769230769230769,0.4545454545454545,0.7894736842105263
20,69,25,resample_pointwise,0.85,0.7922674694977024,28.96272296719778,71,18.0,18.0,0.055045871559633,0.0422535211267605,0.0789473684210526,0.201834862385321,0.1549295774647887,0.2894736842105263,0.5504587155963302,0.4225352112676056,0.7894736842105263
20,69,25,resample_pointwise,0.9,0.7922674694977024,31.919683079528813,96,21.0,21.0,0.0298507462686567,0.0208333333333333,0.0526315789473684,0.1641791044776119,0.1145833333333333,0.2894736842105263,0.4328358208955223,0.3020833333333333,0.7631578947368421
20,69,25,resample_pointwise,0.925,0.7922674694977024,33.87113820669683,74,22.0,22.0,0.0,0.0,0.0,0.1071428571428571,0.081081081081081,0.1578947368421052,0.4821428571428571,0.3648648648648648,0.7105263157894737
20,69,25,resample_pointwise,0.95,0.7922674694977024,36.452993280241,50,24.0,24.0,0.0,0.0,0.0,0.0454545454545454,0.04,0.0526315789473684,0.4545454545454545,0.4,0.5263157894736842
20,69,25,resample_pointwise,0.975,0.7922674694977024,40.47255305105885,34,22.0,22.0,0.0,0.0,0.0,0.0277777777777777,0.0294117647058823,0.0263157894736842,0.3611111111111111,0.3823529411764705,0.3421052631578947
20,69,25,resample_pointwise,0.99,0.7922674694977024,45.09148320658888,9,25.0,25.0,0.0,0.0,0.0,0.0425531914893617,0.1111111111111111,0.0263157894736842,0.1276595744680851,0.3333333333333333,0.0789473684210526
20,69,50,baseline,0.5,0.7922674694977024,10.706163686591328,135,-58.0,58.0,0.1040462427745664,0.0666666666666666,0.2368421052631578,0.2427745664739884,0.1555555555555555,0.5526315789473685,0.4161849710982659,0.2666666666666666,0.9473684210526316
20,69,50,baseline,0.6,0.7922674694977024,13.042857051040793,73,-21.0,23.0,0.1621621621621621,0.1232876712328767,0.2368421052631578,0.3963963963963963,0.3013698630136986,0.5789473684210527,0.6486486486486486,0.4931506849315068,0.9473684210526316
20,69,50,baseline,0.7,0.7922674694977024,20.983361825143813,39,-3.0,9.0,0.3116883116883117,0.3076923076923077,0.3157894736842105,0.6493506493506495,0.6410256410256411,0.6578947368421053,0.8831168831168831,0.8717948717948718,0.8947368421052632
20,69,50,baseline,0.75,0.7922674694977024,30.85299288156189,38,5.0,6.5,0.4473684210526316,0.4473684210526316,0.4473684210526316,0.7105263157894737,0.7105263157894737,0.7105263157894737,0.8947368421052632,0.8947368421052632,0.8947368421052632
20,69,50,baseline,0.8,0.7922674694977024,40.36940665236319,36,9.0,9.0,0.3243243243243243,0.3333333333333333,0.3157894736842105,0.5405405405405405,0.5555555555555556,0.5263157894736842,0.8918918918918918,0.9166666666666666,0.868421052631579
20,69,50,baseline,0.85,0.7922674694977024,49.60470769822909,37,18.0,18.0,0.0266666666666666,0.027027027027027,0.0263157894736842,0.2133333333333333,0.2162162162162162,0.2105263157894736,0.7733333333333334,0.7837837837837838,0.7631578947368421
20,69,50,baseline,0.9,0.7922674694977024,57.39169025793761,44,24.0,24.0,0.0,0.0,0.0,0.024390243902439,0.0227272727272727,0.0263157894736842,0.4878048780487805,0.4545454545454545,0.5263157894736842
20,69,50,baseline,0.925,0.7922674694977024,60.02565033843578,49,25.0,25.0,0.0,0.0,0.0,0.0,0.0,0.0,0.4367816091954022,0.3877551020408163,0.5
20,69,50,baseline,0.95,0.7922674694977024,62.3692999884732,36,28.5,28.5,0.0,0.0,0.0,0.0,0.0,0.0,0.1891891891891891,0.1944444444444444,0.1842105263157894
20,69,50,baseline,0.975,0.7922674694977024,65.1214125075582,24,31.5,31.5,0.0,0.0,0.0,0.0,0.0,0.0,0.0967741935483871,0.125,0.0789473684210526
20,69,50,baseline,0.99,0.7922674694977024,67.5943771628819,8,31.0,31.0,0.0,0.0,0.0,0.0,0.0,0.0,0.0869565217391304,0.25,0.0526315789473684
20,69,50,resample_pointwise,0.5,0.7922674694977024,13.467624102266669,70,-22.0,24.0,0.1666666666666666,0.1285714285714285,0.2368421052631578,0.4074074074074074,0.3142857142857143,0.5789473684210527,0.6666666666666666,0.5142857142857142,0.9473684210526316
20,69,50,resample_pointwise,0.6,0.7922674694977024,15.07624480714784,50,-11.0,13.5,0.1818181818181818,0.16,0.2105263157894736,0.4545454545454545,0.4,0.5263157894736842,0.7727272727272727,0.68,0.8947368421052632
20,69,50,resample_pointwise,0.7,0.7922674694977024,17.020692020063066,39,-5.0,9.0,0.2597402597402597,0.2564102564102564,0.2631578947368421,0.5714285714285715,0.5641025641025641,0.5789473684210527,0.9090909090909092,0.8974358974358975,0.9210526315789472
20,69,50,resample_pointwise,0.75,0.7922674694977024,18.178973058903715,38,-5.0,9.0,0.2631578947368421,0.2631578947368421,0.2631578947368421,0.5789473684210527,0.5789473684210527,0.5789473684210527,0.9210526315789472,0.9210526315789472,0.9210526315789472
20,69,50,resample_pointwise,0.8,0.7922674694977024,19.553085142075258,37,-3.0,9.0,0.2666666666666666,0.2702702702702703,0.2631578947368421,0.6133333333333333,0.6216216216216216,0.6052631578947368,0.9333333333333332,0.945945945945946,0.9210526315789472
20,69,50,resample_pointwise,0.85,0.7922674694977024,21.228263488417948,38,-2.5,8.5,0.3421052631578947,0.3421052631578947,0.3421052631578947,0.6842105263157895,0.6842105263157895,0.6842105263157895,0.8947368421052632,0.8947368421052632,0.8947368421052632
20,69,50,resample_pointwise,0.9,0.7922674694977024,23.446025842681745,40,2.0,7.0,0.4102564102564102,0.4,0.4210526315789473,0.7435897435897436,0.725,0.7631578947368421,0.9230769230769232,0.9,0.9473684210526316
20,69,50,resample_pointwise,0.925,0.7922674694977024,24.928500838581268,36,2.0,6.0,0.4594594594594595,0.4722222222222222,0.4473684210526316,0.7297297297297298,0.75,0.7105263157894737,0.918918918918919,0.9444444444444444,0.8947368421052632
20,69,50,resample_pointwise,0.95,0.7922674694977024,26.879420662957926,36,2.5,5.0,0.5135135135135136,0.5277777777777778,0.5,0.7837837837837838,0.8055555555555556,0.7631578947368421,0.918918918918919,0.9444444444444444,0.8947368421052632
20,69,50,resample_pointwise,0.975,0.7922674694977024,29.956388087927103,36,4.0,5.0,0.5135135135135136,0.5277777777777778,0.5,0.7837837837837838,0.8055555555555556,0.7631578947368421,0.918918918918919,0.9444444444444444,0.8947368421052632
20,69,50,resample_pointwise,0.99,0.7922674694977024,33.512062348248094,36,5.5,6.0,0.4594594594594595,0.4722222222222222,0.4473684210526316,0.7027027027027027,0.7222222222222222,0.6842105263157895,0.918918918918919,0.9444444444444444,0.8947368421052632
20,69,100,baseline,0.5,0.7922674694977024,22.723191520588813,36,-27.5,27.5,0.1081081081081081,0.1111111111111111,0.1052631578947368,0.1621621621621621,0.1666666666666666,0.1578947368421052,0.4594594594594595,0.4722222222222222,0.4473684210526316
20,69,100,baseline,0.6,0.7922674694977024,38.95150972782127,36,-21.0,21.0,0.1621621621621621,0.1666666666666666,0.1578947368421052,0.2432432432432432,0.25,0.2368421052631578,0.7027027027027027,0.7222222222222222,0.6842105263157895
20,69,100,baseline,0.7,0.7922674694977024,55.36771624653028,36,-4.5,6.0,0.4594594594594595,0.4722222222222222,0.4473684210526316,0.7567567567567567,0.7777777777777778,0.7368421052631579,0.9459459459459458,0.9722222222222222,0.9210526315789472
20,69,100,baseline,0.75,0.7922674694977024,62.974315623583,36,3.0,4.5,0.6216216216216216,0.6388888888888888,0.6052631578947368,0.8108108108108109,0.8333333333333334,0.7894736842105263,0.9459459459459458,0.9722222222222222,0.9210526315789472
20,69,100,baseline,0.8,0.7922674694977024,69.7177335028642,36,7.5,7.5,0.4594594594594595,0.4722222222222222,0.4473684210526316,0.5945945945945946,0.6111111111111112,0.5789473684210527,0.918918918918919,0.9444444444444444,0.8947368421052632
20,69,100,baseline,0.85,0.7922674694977024,75.24712352431365,38,16.5,16.5,0.0526315789473684,0.0526315789473684,0.0526315789473684,0.2368421052631578,0.2368421052631578,0.2368421052631578,0.7894736842105263,0.7894736842105263,0.7894736842105263
20,69,100,baseline,0.9,0.7922674694977024,79.1125281618307,39,20.0,20.0,0.0,0.0,0.0,0.0,0.0,0.0,0.5974025974025974,0.5897435897435898,0.6052631578947368
20,69,100,baseline,0.925,0.7922674694977024,80.6232883581819,34,25.0,25.0,0.0,0.0,0.0,0.0,0.0,0.0,0.4722222222222222,0.5,0.4473684210526316
20,69,100,baseline,0.95,0.7922674694977024,81.95292853301234,30,26.0,26.0,0.0,0.0,0.0,0.0,0.0,0.0,0.3529411764705882,0.4,0.3157894736842105
20,69,100,baseline,0.975,0.7922674694977024,83.35153392241101,26,26.0,26.0,0.0,0.0,0.0,0.0,0.0,0.0,0.3125,0.3846153846153846,0.2631578947368421
20,69,100,baseline,0.99,0.7922674694977024,84.60985121804768,9,32.0,32.0,0.0,0.0,0.0,0.0,0.0,0.0,0.0425531914893617,0.1111111111111111,0.0263157894736842
20,69,100,resample_pointwise,0.5,0.7922674694977024,9.936098863069502,48,-43.0,43.0,0.0930232558139535,0.0833333333333333,0.1052631578947368,0.1395348837209302,0.125,0.1578947368421052,0.3255813953488372,0.2916666666666667,0.3684210526315789
20,69,100,resample_pointwise,0.6,0.7922674694977024,11.063508166438003,41,-33.0,33.0,0.1012658227848101,0.0975609756097561,0.1052631578947368,0.1518987341772152,0.1463414634146341,0.1578947368421052,0.3544303797468354,0.3414634146341463,0.3684210526315789
20,69,100,resample_pointwise,0.7,0.7922674694977024,12.419897242603817,39,-31.0,31.0,0.1038961038961039,0.1025641025641025,0.1052631578947368,0.1558441558441558,0.1538461538461538,0.1578947368421052,0.3636363636363636,0.358974358974359,0.3684210526315789
20,69,100,resample_pointwise,0.75,0.7922674694977024,13.236569912812891,40,-31.0,31.0,0.1025641025641025,0.1,0.1052631578947368,0.1538461538461538,0.15,0.1578947368421052,0.358974358974359,0.35,0.3684210526315789
20,69,100,resample_pointwise,0.8,0.7922674694977024,14.201336419945632,38,-30.5,30.5,0.1052631578947368,0.1052631578947368,0.1052631578947368,0.1578947368421052,0.1578947368421052,0.1578947368421052,0.3947368421052631,0.3947368421052631,0.3947368421052631
20,69,100,resample_pointwise,0.85,0.7922674694977024,15.409364522130227,38,-30.5,30.5,0.1052631578947368,0.1052631578947368,0.1052631578947368,0.1578947368421052,0.1578947368421052,0.1578947368421052,0.3947368421052631,0.3947368421052631,0.3947368421052631
20,69,100,resample_pointwise,0.9,0.7922674694977024,17.0242387899308,36,-28.5,28.5,0.1081081081081081,0.1111111111111111,0.1052631578947368,0.1621621621621621,0.1666666666666666,0.1578947368421052,0.4324324324324324,0.4444444444444444,0.4210526315789473
20,69,100,resample_pointwise,0.925,0.7922674694977024,18.11601747594076,36,-28.5,28.5,0.1081081081081081,0.1111111111111111,0.1052631578947368,0.1621621621621621,0.1666666666666666,0.1578947368421052,0.4324324324324324,0.4444444444444444,0.4210526315789473
20,69,100,resample_pointwise,0.95,0.7922674694977024,19.5770015067658,36,-28.5,28.5,0.1081081081081081,0.1111111111111111,0.1052631578947368,0.1621621621621621,0.1666666666666666,0.1578947368421052,0.4324324324324324,0.4444444444444444,0.4210526315789473
20,69,100,resample_pointwise,0.975,0.7922674694977024,21.858491355214746,36,-28.5,28.5,0.1081081081081081,0.1111111111111111,0.1052631578947368,0.1621621621621621,0.1666666666666666,0.1578947368421052,0.4324324324324324,0.4444444444444444,0.4210526315789473
20,69,100,resample_pointwise,0.99,0.7922674694977024,24.6007665557182,38,-27.0,27.0,0.1052631578947368,0.1052631578947368,0.1052631578947368,0.1578947368421052,0.1578947368421052,0.1578947368421052,0.4736842105263157,0.4736842105263157,0.4736842105263157
20,74,10,baseline,0.5,0.7805182641273806,13.340779833916493,693,-45.0,45.0,0.0738714090287277,0.0389610389610389,0.7105263157894737,0.0984952120383037,0.0519480519480519,0.9473684210526316,0.1039671682626538,0.0548340548340548,1.0
20,74,10,baseline,0.6,0.7805182641273806,14.997005086748429,625,-39.0,39.0,0.0844645550527903,0.0448,0.7368421052631579,0.1055806938159879,0.056,0.9210526315789472,0.114630467571644,0.0608,1.0
20,74,10,baseline,0.7,0.7805182641273806,16.719992382604403,522,-34.0,35.0,0.0785714285714285,0.0421455938697318,0.5789473684210527,0.1142857142857142,0.0613026819923371,0.8421052631578947,0.1357142857142857,0.0727969348659003,1.0
20,74,10,baseline,0.75,0.7805182641273806,17.80972464987697,452,-31.0,34.0,0.0775510204081632,0.0420353982300885,0.5,0.1142857142857143,0.0619469026548672,0.7368421052631579,0.1551020408163265,0.084070796460177,1.0
20,74,10,baseline,0.8,0.7805182641273806,19.048966624856668,376,-23.0,33.0,0.0821256038647343,0.0452127659574468,0.4473684210526316,0.1256038647342995,0.0691489361702127,0.6842105263157895,0.1835748792270531,0.101063829787234,1.0
20,74,10,baseline,0.85,0.7805182641273806,20.446265954774915,291,-9.0,32.0,0.0851063829787234,0.0481099656357388,0.3684210526315789,0.1398176291793313,0.0790378006872852,0.6052631578947368,0.2188449848024316,0.1237113402061855,0.9473684210526316
20,74,10,baseline,0.9,0.7805182641273806,22.454468525306567,197,1.0,28.0,0.102127659574468,0.0609137055837563,0.3157894736842105,0.1702127659574468,0.1015228426395939,0.5263157894736842,0.2638297872340425,0.1573604060913705,0.8157894736842105
20,74,10,baseline,0.925,0.7805182641273806,23.785862294757973,150,2.0,28.0,0.1170212765957446,0.0733333333333333,0.2894736842105263,0.1808510638297872,0.1133333333333333,0.4473684210526316,0.2659574468085106,0.1666666666666666,0.6578947368421053
20,74,10,baseline,0.95,0.7805182641273806,25.907778018901134,98,3.0,23.5,0.1617647058823529,0.1122448979591836,0.2894736842105263,0.2205882352941176,0.1530612244897959,0.3947368421052631,0.3235294117647058,0.2244897959183673,0.5789473684210527
20,74,10,baseline,0.975,0.7805182641273806,29.379361088358635,52,8.0,24.5,0.0666666666666666,0.0576923076923076,0.0789473684210526,0.1333333333333333,0.1153846153846153,0.1578947368421052,0.2444444444444444,0.2115384615384615,0.2894736842105263
20,74,10,baseline,0.99,0.7805182641273806,33.91186213340756,16,10.0,32.0,0.037037037037037,0.0625,0.0263157894736842,0.074074074074074,0.125,0.0526315789473684,0.1481481481481481,0.25,0.1052631578947368
20,74,10,resample_pointwise,0.5,0.7805182641273806,26.34727731409759,90,3.0,22.5,0.171875,0.1222222222222222,0.2894736842105263,0.203125,0.1444444444444444,0.3421052631578947,0.3125,0.2222222222222222,0.5263157894736842
20,74,10,resample_pointwise,0.6,0.7805182641273806,29.72080514824358,49,8.0,22.0,0.0689655172413793,0.0612244897959183,0.0789473684210526,0.1379310344827586,0.1224489795918367,0.1578947368421052,0.2528735632183908,0.2244897959183673,0.2894736842105263
20,74,10,resample_pointwise,0.7,0.7805182641273806,33.75162769826805,18,11.5,26.0,0.0357142857142857,0.0555555555555555,0.0263157894736842,0.0714285714285714,0.1111111111111111,0.0526315789473684,0.1785714285714285,0.2777777777777778,0.131578947368421
20,74,10,resample_pointwise,0.75,0.7805182641273806,36.15122024647056,10,-118.5,118.5,0.0,0.0,0.0,0.0416666666666666,0.1,0.0263157894736842,0.0833333333333333,0.2,0.0526315789473684
20,74,10,resample_pointwise,0.8,0.7805182641273806,38.94064351582807,8,-51.0,63.5,0.0,0.0,0.0,0.0434782608695652,0.125,0.0263157894736842,0.0869565217391304,0.25,0.0526315789473684
20,74,10,resample_pointwise,0.85,0.7805182641273806,42.29301108948609,4,-194.0,194.0,0.0,0.0,0.0,0.0,0.0,0.0,0.0,0.0,0.0
20,74,10,resample_pointwise,0.9,0.7805182641273806,46.61606210327888,2,-262.5,262.5,0.0,0.0,0.0,0.0,0.0,0.0,0.0,0.0,0.0
20,74,10,resample_pointwise,0.925,0.7805182641273806,49.46405074542207,2,-262.5,262.5,0.0,0.0,0.0,0.0,0.0,0.0,0.0,0.0,0.0
20,74,10,resample_pointwise,0.95,0.7805182641273806,53.19604583008512,2,-113.5,113.5,0.0,0.0,0.0,0.0,0.0,0.0,0.0,0.0,0.0
20,74,10,resample_pointwise,0.975,0.7805182641273806,58.87669467331634,0,,,0.0,0.0,0.0,0.0,0.0,0.0,0.0,0.0,0.0
20,74,10,resample_pointwise,0.99,0.7805182641273806,65.30081477736113,0,,,0.0,0.0,0.0,0.0,0.0,0.0,0.0,0.0,0.0
20,74,25,baseline,0.5,0.7805182641273806,10.79949152954612,325,-58.0,58.0,0.0661157024793388,0.0369230769230769,0.3157894736842105,0.1322314049586777,0.0738461538461538,0.631578947368421,0.1983471074380165,0.1107692307692307,0.9473684210526316
20,74,25,baseline,0.6,0.7805182641273806,12.529460630581225,224,-54.0,54.0,0.0839694656488549,0.0491071428571428,0.2894736842105263,0.1450381679389313,0.0848214285714285,0.5,0.2442748091603053,0.1428571428571428,0.8421052631578947
20,74,25,baseline,0.7,0.7805182641273806,15.545365310189435,122,-40.5,40.5,0.1625,0.1065573770491803,0.3421052631578947,0.2625,0.1721311475409836,0.5526315789473685,0.3875,0.2540983606557377,0.8157894736842105
20,74,25,baseline,0.75,0.7805182641273806,18.04561826648056,70,0.0,25.5,0.1481481481481481,0.1142857142857142,0.2105263157894736,0.2962962962962963,0.2285714285714285,0.4210526315789473,0.5,0.3857142857142857,0.7105263157894737
20,74,25,baseline,0.8,0.7805182641273806,23.37827739071684,77,12.0,17.0,0.1913043478260869,0.1428571428571428,0.2894736842105263,0.2782608695652174,0.2077922077922078,0.4210526315789473,0.4869565217391304,0.3636363636363636,0.7368421052631579
20,74,25,baseline,0.85,0.7805182641273806,27.75054614850786,70,20.0,22.5,0.0555555555555555,0.0428571428571428,0.0789473684210526,0.1111111111111111,0.0857142857142857,0.1578947368421052,0.5370370370370371,0.4142857142857143,0.7631578947368421
20,74,25,baseline,0.9,0.7805182641273806,32.127430958006485,72,23.5,24.0,0.0545454545454545,0.0416666666666666,0.0789473684210526,0.0909090909090909,0.0694444444444444,0.131578947368421,0.3818181818181819,0.2916666666666667,0.5526315789473685
20,74,25,baseline,0.925,0.7805182641273806,34.05073991860721,80,23.5,23.5,0.0338983050847457,0.025,0.0526315789473684,0.0847457627118644,0.0625,0.131578947368421,0.3898305084745762,0.2875,0.6052631578947368
20,74,25,baseline,0.95,0.7805182641273806,36.211829964750514,69,25.0,25.0,0.0186915887850467,0.0144927536231884,0.0263157894736842,0.0560747663551401,0.0434782608695652,0.0789473684210526,0.3738317757009345,0.2898550724637681,0.5263157894736842
20,74,25,baseline,0.975,0.7805182641273806,38.87178384593997,35,26.0,26.0,0.0,0.0,0.0,0.0273972602739726,0.0285714285714285,0.0263157894736842,0.273972602739726,0.2857142857142857,0.2631578947368421
20,74,25,baseline,0.99,0.7805182641273806,41.56447474036264,17,26.0,26.0,0.0,0.0,0.0,0.0,0.0,0.0,0.1818181818181818,0.2941176470588235,0.131578947368421
20,74,25,resample_pointwise,0.5,0.7805182641273806,17.779559891525818,72,0.0,25.5,0.1636363636363636,0.125,0.2368421052631578,0.2909090909090909,0.2222222222222222,0.4210526315789473,0.4909090909090909,0.375,0.7105263157894737
20,74,25,resample_pointwise,0.6,0.7805182641273806,19.93860192058797,66,7.5,18.0,0.173076923076923,0.1363636363636363,0.2368421052631578,0.2884615384615384,0.2272727272727272,0.3947368421052631,0.5192307692307692,0.4090909090909091,0.7105263157894737
20,74,25,resample_pointwise,0.7,0.7805182641273806,22.63146843655673,68,12.0,19.0,0.1886792452830188,0.1470588235294117,0.2631578947368421,0.2641509433962264,0.2058823529411764,0.3684210526315789,0.5094339622641509,0.3970588235294117,0.7105263157894737
20,74,25,resample_pointwise,0.75,0.7805182641273806,24.2692879289101,65,15.0,18.0,0.116504854368932,0.0923076923076923,0.1578947368421052,0.2135922330097087,0.1692307692307692,0.2894736842105263,0.5048543689320388,0.4,0.6842105263157895
20,74,25,resample_pointwise,0.8,0.7805182641273806,26.20048682334625,73,18.0,20.0,0.1081081081081081,0.0821917808219178,0.1578947368421052,0.1801801801801801,0.136986301369863,0.2631578947368421,0.5585585585585585,0.4246575342465753,0.8157894736842105
20,74,25,resample_pointwise,0.85,0.7805182641273806,28.55390544959334,69,21.0,24.0,0.0373831775700934,0.0289855072463768,0.0526315789473684,0.1121495327102803,0.0869565217391304,0.1578947368421052,0.5046728971962617,0.391304347826087,0.7105263157894737
20,74,25,resample_pointwise,0.9,0.7805182641273806,31.6303396058314,76,22.0,24.0,0.0350877192982456,0.0263157894736842,0.0526315789473684,0.087719298245614,0.0657894736842105,0.131578947368421,0.4385964912280702,0.3289473684210526,0.6578947368421053
20,74,25,resample_pointwise,0.925,0.7805182641273806,33.63591960537453,83,24.0,24.0,0.0330578512396694,0.0240963855421686,0.0526315789473684,0.0826446280991735,0.0602409638554216,0.131578947368421,0.3636363636363636,0.2650602409638554,0.5789473684210527
20,74,25,resample_pointwise,0.95,0.7805182641273806,36.19401478913178,69,25.0,25.0,0.0186915887850467,0.0144927536231884,0.0263157894736842,0.0560747663551401,0.0434782608695652,0.0789473684210526,0.3738317757009345,0.2898550724637681,0.5263157894736842
20,74,25,resample_pointwise,0.975,0.7805182641273806,39.993218505389656,23,25.0,25.0,0.0,0.0,0.0,0.0327868852459016,0.0434782608695652,0.0263157894736842,0.2622950819672131,0.3478260869565217,0.2105263157894736
20,74,25,resample_pointwise,0.99,0.7805182641273806,44.44763053378634,3,30.0,30.0,0.0,0.0,0.0,0.0,0.0,0.0,0.048780487804878,0.3333333333333333,0.0263157894736842
20,74,50,baseline,0.5,0.7805182641273806,9.658851442104291,141,-53.0,53.0,0.1229050279329609,0.0780141843971631,0.2894736842105263,0.2458100558659218,0.1560283687943262,0.5789473684210527,0.4134078212290503,0.2624113475177305,0.9736842105263158
20,74,50,baseline,0.6,0.7805182641273806,12.323096235675234,66,-13.0,23.0,0.2115384615384615,0.1666666666666666,0.2894736842105263,0.4230769230769231,0.3333333333333333,0.5789473684210527,0.6346153846153846,0.5,0.868421052631579
20,74,50,baseline,0.7,0.7805182641273806,20.678985079145328,45,2.0,9.0,0.2650602409638554,0.2444444444444444,0.2894736842105263,0.6024096385542169,0.5555555555555556,0.6578947368421053,0.7951807228915663,0.7333333333333333,0.868421052631579
20,74,50,baseline,0.75,0.7805182641273806,28.773632171094317,36,6.0,7.0,0.2972972972972973,0.3055555555555556,0.2894736842105263,0.6486486486486486,0.6666666666666666,0.631578947368421,0.8648648648648649,0.8888888888888888,0.8421052631578947
20,74,50,baseline,0.8,0.7805182641273806,38.19229704577317,37,11.0,11.0,0.1866666666666666,0.1891891891891892,0.1842105263157894,0.4533333333333333,0.4594594594594595,0.4473684210526316,0.8266666666666665,0.8378378378378378,0.8157894736842105
20,74,50,baseline,0.85,0.7805182641273806,47.580977799301984,37,18.0,18.0,0.0,0.0,0.0,0.0266666666666666,0.027027027027027,0.0263157894736842,0.7466666666666667,0.7567567567567568,0.7368421052631579
20,74,50,baseline,0.9,0.7805182641273806,54.72847219722011,38,27.0,27.0,0.0,0.0,0.0,0.0,0.0,0.0,0.3684210526315789,0.3684210526315789,0.3684210526315789
20,74,50,baseline,0.925,0.7805182641273806,57.44956538534841,42,30.0,30.0,0.0,0.0,0.0,0.0,0.0,0.0,0.15,0.1428571428571428,0.1578947368421052
20,74,50,baseline,0.95,0.7805182641273806,59.73289716487841,39,30.0,30.0,0.0,0.0,0.0,0.0,0.0,0.0,0.1558441558441558,0.1538461538461538,0.1578947368421052
20,74,50,baseline,0.975,0.7805182641273806,62.51804196755222,26,32.0,32.0,0.0,0.0,0.0,0.0,0.0,0.0,0.03125,0.0384615384615384,0.0263157894736842
20,74,50,baseline,0.99,0.7805182641273806,65.16613977620572,14,32.0,32.0,0.0,0.0,0.0,0.0,0.0,0.0,0.0,0.0,0.0
20,74,50,resample_pointwise,0.5,0.7805182641273806,13.068237017321753,59,-7.0,16.0,0.2268041237113402,0.1864406779661017,0.2894736842105263,0.4742268041237114,0.3898305084745763,0.6052631578947368,0.6804123711340205,0.559322033898305,0.868421052631579
20,74,50,resample_pointwise,0.6,0.7805182641273806,14.6138984685,47,-1.0,12.0,0.2588235294117647,0.2340425531914893,0.2894736842105263,0.5411764705882353,0.4893617021276595,0.6052631578947368,0.7764705882352942,0.7021276595744681,0.868421052631579
20,74,50,resample_pointwise,0.7,0.7805182641273806,16.560916855135538,50,-1.0,12.5,0.25,0.22,0.2894736842105263,0.5227272727272727,0.46,0.6052631578947368,0.7500000000000001,0.66,0.868421052631579
20,74,50,resample_pointwise,0.75,0.7805182641273806,17.76752295295886,47,-1.0,12.0,0.2588235294117647,0.2340425531914893,0.2894736842105263,0.5411764705882353,0.4893617021276595,0.6052631578947368,0.7764705882352942,0.7021276595744681,0.868421052631579
20,74,50,resample_pointwise,0.8,0.7805182641273806,19.200251277157435,47,-1.0,11.0,0.2588235294117647,0.2340425531914893,0.2894736842105263,0.5411764705882353,0.4893617021276595,0.6052631578947368,0.7764705882352942,0.7021276595744681,0.868421052631579
20,74,50,resample_pointwise,0.85,0.7805182641273806,20.96610652468396,42,3.0,8.5,0.2750000000000001,0.2619047619047619,0.2894736842105263,0.625,0.5952380952380952,0.6578947368421053,0.825,0.7857142857142857,0.868421052631579
20,74,50,resample_pointwise,0.9,0.7805182641273806,23.255840155360666,37,4.0,7.0,0.2933333333333333,0.2972972972972973,0.2894736842105263,0.6933333333333334,0.7027027027027027,0.6842105263157895,0.88,0.8918918918918919,0.868421052631579
20,74,50,resample_pointwise,0.925,0.7805182641273806,24.7197050162032,36,6.0,7.0,0.2972972972972973,0.3055555555555556,0.2894736842105263,0.6756756756756757,0.6944444444444444,0.6578947368421053,0.8648648648648649,0.8888888888888888,0.8421052631578947
20,74,50,resample_pointwise,0.95,0.7805182641273806,26.559262718223334,36,6.0,7.0,0.2972972972972973,0.3055555555555556,0.2894736842105263,0.6486486486486486,0.6666666666666666,0.631578947368421,0.8648648648648649,0.8888888888888888,0.8421052631578947
20,74,50,resample_pointwise,0.975,0.7805182641273806,29.46483097097344,39,6.0,7.0,0.3116883116883117,0.3076923076923077,0.3157894736842105,0.6233766233766234,0.6153846153846154,0.631578947368421,0.8571428571428572,0.8461538461538461,0.868421052631579
20,74,50,resample_pointwise,0.99,0.7805182641273806,32.93833799997542,37,6.0,6.0,0.2933333333333333,0.2972972972972973,0.2894736842105263,0.6133333333333333,0.6216216216216216,0.6052631578947368,0.8533333333333334,0.8648648648648649,0.8421052631578947
20,74,100,baseline,0.5,0.7805182641273806,21.905824275953364,36,-22.0,22.0,0.081081081081081,0.0833333333333333,0.0789473684210526,0.1351351351351351,0.1388888888888889,0.131578947368421,0.5405405405405405,0.5555555555555556,0.5263157894736842
20,74,100,baseline,0.6,0.7805182641273806,36.99577486930573,36,-17.0,17.0,0.1351351351351351,0.1388888888888889,0.131578947368421,0.2432432432432432,0.25,0.2368421052631578,0.8378378378378377,0.8611111111111112,0.8157894736842105
20,74,100,baseline,0.7,0.7805182641273806,53.39951664521632,36,-5.0,7.0,0.3783783783783783,0.3888888888888889,0.3684210526315789,0.7837837837837838,0.8055555555555556,0.7631578947368421,0.9459459459459458,0.9722222222222222,0.9210526315789472
20,74,100,baseline,0.75,0.7805182641273806,60.660768121640345,36,1.5,4.0,0.7027027027027027,0.7222222222222222,0.6842105263157895,0.8108108108108109,0.8333333333333334,0.7894736842105263,0.9459459459459458,0.9722222222222222,0.9210526315789472
20,74,100,baseline,0.8,0.7805182641273806,67.27052991503753,38,10.5,10.5,0.3157894736842105,0.3157894736842105,0.3157894736842105,0.4736842105263157,0.4736842105263157,0.4736842105263157,0.8157894736842104,0.8157894736842105,0.8157894736842105
20,74,100,baseline,0.85,0.7805182641273806,72.57810296986645,36,19.5,19.5,0.081081081081081,0.0833333333333333,0.0789473684210526,0.1081081081081081,0.1111111111111111,0.1052631578947368,0.6486486486486486,0.6666666666666666,0.631578947368421
20,74,100,baseline,0.9,0.7805182641273806,76.18544694463381,41,25.0,25.0,0.0,0.0,0.0,0.0,0.0,0.0,0.4556962025316456,0.4390243902439024,0.4736842105263157
20,74,100,baseline,0.925,0.7805182641273806,77.7445352183087,32,29.0,29.0,0.0,0.0,0.0,0.0,0.0,0.0,0.3142857142857143,0.34375,0.2894736842105263
20,74,100,baseline,0.95,0.7805182641273806,79.68248899245533,24,28.0,28.0,0.0,0.0,0.0,0.0,0.0,0.0,0.3225806451612903,0.4166666666666667,0.2631578947368421
20,74,100,baseline,0.975,0.7805182641273806,81.42511405596576,19,30.0,30.0,0.0,0.0,0.0,0.0,0.0,0.0,0.1052631578947368,0.1578947368421052,0.0789473684210526
20,74,100,baseline,0.99,0.7805182641273806,83.40711042467468,8,30.0,30.0,0.0,0.0,0.0,0.0,0.0,0.0,0.0434782608695652,0.125,0.0263157894736842
20,74,100,resample_pointwise,0.5,0.7805182641273806,9.5961436969696,44,-41.0,41.0,0.048780487804878,0.0454545454545454,0.0526315789473684,0.048780487804878,0.0454545454545454,0.0526315789473684,0.3414634146341463,0.3181818181818182,0.3684210526315789
20,74,100,resample_pointwise,0.6,0.7805182641273806,10.734033620010834,38,-37.0,37.0,0.0526315789473684,0.0526315789473684,0.0526315789473684,0.0526315789473684,0.0526315789473684,0.0526315789473684,0.3684210526315789,0.3684210526315789,0.3684210526315789
20,74,100,resample_pointwise,0.7,0.7805182641273806,12.191753630034432,55,-44.0,44.0,0.043010752688172,0.0363636363636363,0.0526315789473684,0.064516129032258,0.0545454545454545,0.0789473684210526,0.3440860215053763,0.2909090909090909,0.4210526315789473
20,74,100,resample_pointwise,0.75,0.7805182641273806,13.100378696844844,44,-38.0,38.0,0.048780487804878,0.0454545454545454,0.0526315789473684,0.073170731707317,0.0681818181818181,0.0789473684210526,0.3902439024390244,0.3636363636363636,0.4210526315789473
20,74,100,resample_pointwise,0.8,0.7805182641273806,14.172610746257844,38,-35.0,35.0,0.0526315789473684,0.0526315789473684,0.0526315789473684,0.0789473684210526,0.0789473684210526,0.0789473684210526,0.4210526315789473,0.4210526315789473,0.4210526315789473
20,74,100,resample_pointwise,0.85,0.7805182641273806,15.457571773647649,36,-31.5,31.5,0.054054054054054,0.0555555555555555,0.0526315789473684,0.081081081081081,0.0833333333333333,0.0789473684210526,0.4324324324324324,0.4444444444444444,0.4210526315789473
20,74,100,resample_pointwise,0.9,0.7805182641273806,17.06917430162323,36,-29.0,29.0,0.054054054054054,0.0555555555555555,0.0526315789473684,0.081081081081081,0.0833333333333333,0.0789473684210526,0.4594594594594595,0.4722222222222222,0.4473684210526316
20,74,100,resample_pointwise,0.925,0.7805182641273806,18.104115333018708,36,-29.0,29.0,0.054054054054054,0.0555555555555555,0.0526315789473684,0.081081081081081,0.0833333333333333,0.0789473684210526,0.4594594594594595,0.4722222222222222,0.4473684210526316
20,74,100,resample_pointwise,0.95,0.7805182641273806,19.482384521293696,38,-29.0,29.0,0.0526315789473684,0.0526315789473684,0.0526315789473684,0.0789473684210526,0.0789473684210526,0.0789473684210526,0.4736842105263157,0.4736842105263157,0.4736842105263157
20,74,100,resample_pointwise,0.975,0.7805182641273806,21.706101632397644,37,-23.0,23.0,0.08,0.081081081081081,0.0789473684210526,0.1066666666666666,0.1081081081081081,0.1052631578947368,0.5066666666666666,0.5135135135135135,0.5
20,74,100,resample_pointwise,0.99,0.7805182641273806,24.3461771921773,36,-22.0,22.0,0.081081081081081,0.0833333333333333,0.0789473684210526,0.1351351351351351,0.1388888888888889,0.131578947368421,0.5405405405405405,0.5555555555555556,0.5263157894736842
20,79,10,baseline,0.5,0.7691124442393478,13.306713163109874,655,-47.0,47.0,0.075036075036075,0.0396946564885496,0.6842105263157895,0.1038961038961038,0.0549618320610687,0.9473684210526316,0.1096681096681096,0.0580152671755725,1.0
20,79,10,baseline,0.6,0.7691124442393478,14.921224108962766,598,-38.0,39.0,0.0849056603773584,0.0451505016722408,0.7105263157894737,0.110062893081761,0.0585284280936454,0.9210526315789472,0.1194968553459119,0.0635451505016722,1.0
20,79,10,baseline,0.7,0.7691124442393478,16.781140239074865,503,-32.0,37.0,0.0924214417744916,0.0497017892644135,0.6578947368421053,0.1256931608133087,0.0675944333996023,0.8947368421052632,0.1404805914972273,0.0755467196819085,1.0
20,79,10,baseline,0.75,0.7691124442393478,17.87728218969537,436,-26.0,34.0,0.0886075949367088,0.0481651376146789,0.5526315789473685,0.1350210970464135,0.073394495412844,0.8421052631578947,0.160337552742616,0.0871559633027523,1.0
20,79,10,baseline,0.8,0.7691124442393478,19.168496068369027,373,-25.0,34.0,0.0875912408759124,0.0482573726541554,0.4736842105263157,0.1265206812652068,0.0697050938337801,0.6842105263157895,0.1849148418491484,0.1018766756032171,1.0
20,79,10,baseline,0.85,0.7691124442393478,20.605148955620358,302,-14.0,30.5,0.0764705882352941,0.043046357615894,0.3421052631578947,0.1470588235294118,0.0827814569536423,0.6578947368421053,0.2176470588235294,0.1225165562913907,0.9736842105263158
20,79,10,baseline,0.9,0.7691124442393478,22.458965443884384,204,1.0,29.5,0.0661157024793388,0.0392156862745098,0.2105263157894736,0.1570247933884297,0.0931372549019607,0.5,0.2727272727272727,0.1617647058823529,0.868421052631579
20,79,10,baseline,0.925,0.7691124442393478,23.81323334862217,158,8.5,28.5,0.0510204081632653,0.0316455696202531,0.131578947368421,0.173469387755102,0.1075949367088607,0.4473684210526316,0.3163265306122448,0.1962025316455696,0.8157894736842105
20,79,10,baseline,0.95,0.7691124442393478,25.44352204772439,107,13.0,24.0,0.0275862068965517,0.0186915887850467,0.0526315789473684,0.1793103448275862,0.1214953271028037,0.3421052631578947,0.3724137931034482,0.2523364485981308,0.7105263157894737
20,79,10,baseline,0.975,0.7691124442393478,28.144066910141216,51,17.0,24.0,0.0224719101123595,0.0196078431372549,0.0263157894736842,0.1123595505617977,0.0980392156862745,0.131578947368421,0.3595505617977528,0.3137254901960784,0.4210526315789473
20,79,10,baseline,0.99,0.7691124442393478,31.898083132994905,22,19.0,23.0,0.0,0.0,0.0,0.0666666666666666,0.0909090909090909,0.0526315789473684,0.3,0.4090909090909091,0.2368421052631578
20,79,10,resample_pointwise,0.5,0.7691124442393478,26.6039480204698,84,16.0,24.0,0.0163934426229508,0.0119047619047619,0.0263157894736842,0.1475409836065573,0.1071428571428571,0.2368421052631578,0.3606557377049181,0.2619047619047619,0.5789473684210527
20,79,10,resample_pointwise,0.6,0.7691124442393478,29.98231509347191,34,17.0,24.0,0.0277777777777777,0.0294117647058823,0.0263157894736842,0.0833333333333333,0.088235294117647,0.0789473684210526,0.3333333333333333,0.3529411764705882,0.3157894736842105
20,79,10,resample_pointwise,0.7,0.7691124442393478,34.06362178055561,13,24.0,25.0,0.0,0.0,0.0,0.0392156862745098,0.0769230769230769,0.0263157894736842,0.196078431372549,0.3846153846153846,0.131578947368421
20,79,10,resample_pointwise,0.75,0.7691124442393478,36.46966371489411,6,29.0,29.0,0.0,0.0,0.0,0.0454545454545454,0.1666666666666666,0.0263157894736842,0.0909090909090909,0.3333333333333333,0.0526315789473684
20,79,10,resample_pointwise,0.8,0.7691124442393478,39.24844228410967,2,28.5,28.5,0.0,0.0,0.0,0.0,0.0,0.0,0.0,0.0,0.0
20,79,10,resample_pointwise,0.85,0.7691124442393478,42.5968338825657,0,,,0.0,0.0,0.0,0.0,0.0,0.0,0.0,0.0,0.0
20,79,10,resample_pointwise,0.9,0.7691124442393478,46.8815293198389,0,,,0.0,0.0,0.0,0.0,0.0,0.0,0.0,0.0,0.0
20,79,10,resample_pointwise,0.925,0.7691124442393478,49.65153255120608,0,,,0.0,0.0,0.0,0.0,0.0,0.0,0.0,0.0,0.0
20,79,10,resample_pointwise,0.95,0.7691124442393478,53.24365595662138,0,,,0.0,0.0,0.0,0.0,0.0,0.0,0.0,0.0,0.0
20,79,10,resample_pointwise,0.975,0.7691124442393478,58.84046825460725,0,,,0.0,0.0,0.0,0.0,0.0,0.0,0.0,0.0,0.0
20,79,10,resample_pointwise,0.99,0.7691124442393478,65.32547459722045,0,,,0.0,0.0,0.0,0.0,0.0,0.0,0.0,0.0,0.0
20,79,25,baseline,0.5,0.7691124442393478,10.88282585511368,318,-64.5,64.5,0.0505617977528089,0.0283018867924528,0.2368421052631578,0.0842696629213483,0.0471698113207547,0.3947368421052631,0.1741573033707865,0.0974842767295597,0.8157894736842105
20,79,25,baseline,0.6,0.7691124442393478,12.505581465786722,231,-63.0,63.0,0.0892193308550185,0.0519480519480519,0.3157894736842105,0.1263940520446096,0.0735930735930736,0.4473684210526316,0.2304832713754646,0.1341991341991342,0.8157894736842105
20,79,25,baseline,0.7,0.7691124442393478,15.462756800923035,120,-25.5,38.0,0.1265822784810126,0.0833333333333333,0.2631578947368421,0.189873417721519,0.125,0.3947368421052631,0.3924050632911392,0.2583333333333333,0.8157894736842105
20,79,25,baseline,0.75,0.7691124442393478,17.84174689813715,87,0.0,23.0,0.16,0.1149425287356321,0.2631578947368421,0.288,0.2068965517241379,0.4736842105263157,0.496,0.3563218390804598,0.8157894736842105
20,79,25,baseline,0.8,0.7691124442393478,22.502105944327766,65,15.0,20.0,0.116504854368932,0.0923076923076923,0.1578947368421052,0.2718446601941748,0.2153846153846154,0.3684210526315789,0.5436893203883496,0.4307692307692308,0.7368421052631579
20,79,25,baseline,0.85,0.7691124442393478,27.181158636968373,70,20.0,20.0,0.037037037037037,0.0285714285714285,0.0526315789473684,0.1851851851851851,0.1428571428571428,0.2631578947368421,0.4814814814814815,0.3714285714285714,0.6842105263157895
20,79,25,baseline,0.9,0.7691124442393478,31.110902205655226,80,23.0,24.0,0.0169491525423728,0.0125,0.0263157894736842,0.0508474576271186,0.0375,0.0789473684210526,0.423728813559322,0.3125,0.6578947368421053
20,79,25,baseline,0.925,0.7691124442393478,33.37681880340239,81,26.0,26.0,0.0168067226890756,0.0123456790123456,0.0263157894736842,0.0504201680672268,0.037037037037037,0.0789473684210526,0.3697478991596638,0.2716049382716049,0.5789473684210527
20,79,25,baseline,0.95,0.7691124442393478,35.09995314171878,61,26.0,26.0,0.0,0.0,0.0,0.0202020202020202,0.0163934426229508,0.0263157894736842,0.2828282828282828,0.2295081967213114,0.3684210526315789
20,79,25,baseline,0.975,0.7691124442393478,38.1606745033006,32,26.5,26.5,0.0,0.0,0.0,0.0285714285714285,0.03125,0.0263157894736842,0.2285714285714285,0.25,0.2105263157894736
20,79,25,baseline,0.99,0.7691124442393478,41.84287645946395,16,29.5,29.5,0.0,0.0,0.0,0.037037037037037,0.0625,0.0263157894736842,0.111111111111111,0.1875,0.0789473684210526
20,79,25,resample_pointwise,0.5,0.7691124442393478,17.895957349858637,84,0.5,22.5,0.1639344262295082,0.119047619047619,0.2631578947368421,0.2950819672131147,0.2142857142857142,0.4736842105263157,0.5081967213114754,0.369047619047619,0.8157894736842105
20,79,25,resample_pointwise,0.6,0.7691124442393478,20.069616850546343,62,8.0,15.0,0.18,0.1451612903225806,0.2368421052631578,0.36,0.2903225806451613,0.4736842105263157,0.54,0.4354838709677419,0.7105263157894737
20,79,25,resample_pointwise,0.7,0.7691124442393478,22.743168579997054,64,15.0,20.0,0.1176470588235294,0.09375,0.1578947368421052,0.2745098039215686,0.21875,0.3684210526315789,0.5490196078431372,0.4375,0.7368421052631579
20,79,25,resample_pointwise,0.75,0.7691124442393478,24.368947268918586,75,17.0,20.0,0.1061946902654867,0.08,0.1578947368421052,0.2300884955752213,0.1733333333333333,0.3421052631578947,0.495575221238938,0.3733333333333333,0.7368421052631579
20,79,25,resample_pointwise,0.8,0.7691124442393478,26.276360763661124,72,20.0,20.0,0.0181818181818181,0.0138888888888888,0.0263157894736842,0.1818181818181818,0.1388888888888889,0.2631578947368421,0.5454545454545454,0.4166666666666667,0.7894736842105263
20,79,25,resample_pointwise,0.85,0.7691124442393478,28.588147160420423,81,20.0,20.0,0.0168067226890756,0.0123456790123456,0.0263157894736842,0.134453781512605,0.0987654320987654,0.2105263157894736,0.4705882352941177,0.345679012345679,0.7368421052631579
20,79,25,resample_pointwise,0.9,0.7691124442393478,31.57430446988824,83,24.0,24.0,0.0165289256198347,0.0120481927710843,0.0263157894736842,0.0495867768595041,0.036144578313253,0.0789473684210526,0.4297520661157025,0.3132530120481928,0.6842105263157895
20,79,25,resample_pointwise,0.925,0.7691124442393478,33.52696688043228,77,26.0,26.0,0.0,0.0,0.0,0.0347826086956521,0.0259740259740259,0.0526315789473684,0.3304347826086957,0.2467532467532467,0.5
20,79,25,resample_pointwise,0.95,0.7691124442393478,36.136980767878725,53,29.0,29.0,0.0,0.0,0.0,0.0219780219780219,0.0188679245283018,0.0263157894736842,0.2637362637362637,0.2264150943396226,0.3157894736842105
20,79,25,resample_pointwise,0.975,0.7691124442393478,40.12797061037768,18,23.5,23.5,0.0,0.0,0.0,0.0357142857142857,0.0555555555555555,0.0263157894736842,0.2142857142857142,0.3333333333333333,0.1578947368421052
20,79,25,resample_pointwise,0.99,0.7691124442393478,44.676629918704734,7,24.0,24.0,0.0,0.0,0.0,0.0,0.0,0.0,0.1333333333333333,0.4285714285714285,0.0789473684210526
20,79,50,baseline,0.5,0.7691124442393478,9.220912359966778,142,-65.0,65.0,0.1333333333333333,0.0845070422535211,0.3157894736842105,0.2555555555555555,0.1619718309859155,0.6052631578947368,0.3888888888888889,0.2464788732394366,0.9210526315789472
20,79,50,baseline,0.6,0.7691124442393478,11.38156852220639,82,-27.5,28.0,0.1999999999999999,0.1463414634146341,0.3157894736842105,0.3999999999999999,0.2926829268292683,0.631578947368421,0.5833333333333334,0.4268292682926829,0.9210526315789472
20,79,50,baseline,0.7,0.7691124442393478,20.799690622741338,40,3.5,6.5,0.358974358974359,0.35,0.3684210526315789,0.717948717948718,0.7,0.7368421052631579,0.8974358974358975,0.875,0.9210526315789472
20,79,50,baseline,0.75,0.7691124442393478,28.661949081837097,37,6.0,6.0,0.4533333333333333,0.4594594594594595,0.4473684210526316,0.6933333333333334,0.7027027027027027,0.6842105263157895,0.9066666666666668,0.918918918918919,0.8947368421052632
20,79,50,baseline,0.8,0.7691124442393478,38.8848625701369,36,14.5,14.5,0.081081081081081,0.0833333333333333,0.0789473684210526,0.2702702702702702,0.2777777777777778,0.2631578947368421,0.8648648648648649,0.8888888888888888,0.8421052631578947
20,79,50,baseline,0.85,0.7691124442393478,47.49318149069427,36,23.0,23.0,0.0,0.0,0.0,0.081081081081081,0.0833333333333333,0.0789473684210526,0.6486486486486486,0.6666666666666666,0.631578947368421
20,79,50,baseline,0.9,0.7691124442393478,54.24708436522435,40,28.0,28.0,0.0,0.0,0.0,0.0256410256410256,0.025,0.0263157894736842,0.3846153846153846,0.375,0.3947368421052631
20,79,50,baseline,0.925,0.7691124442393478,56.86036574399305,48,31.0,31.0,0.0,0.0,0.0,0.0,0.0,0.0,0.2790697674418604,0.25,0.3157894736842105
20,79,50,baseline,0.95,0.7691124442393478,59.50228531821515,42,32.0,32.0,0.0,0.0,0.0,0.0,0.0,0.0,0.125,0.119047619047619,0.131578947368421
20,79,50,baseline,0.975,0.7691124442393478,61.70995222610484,24,33.0,33.0,0.0,0.0,0.0,0.0,0.0,0.0,0.0,0.0,0.0
20,79,50,baseline,0.99,0.7691124442393478,63.921470283672015,15,33.0,33.0,0.0,0.0,0.0,0.0,0.0,0.0,0.0,0.0,0.0
20,79,50,resample_pointwise,0.5,0.7691124442393478,13.108810784228927,51,-4.0,13.0,0.2696629213483146,0.2352941176470588,0.3157894736842105,0.5393258426966293,0.4705882352941176,0.631578947368421,0.7640449438202247,0.6666666666666666,0.8947368421052632
20,79,50,resample_pointwise,0.6,0.7691124442393478,14.656154283987266,43,-1.0,8.0,0.2962962962962963,0.2790697674418604,0.3157894736842105,0.6172839506172839,0.5813953488372093,0.6578947368421053,0.8395061728395061,0.7906976744186046,0.8947368421052632
20,79,50,resample_pointwise,0.7,0.7691124442393478,16.595515406835254,38,3.5,6.5,0.3421052631578947,0.3421052631578947,0.3421052631578947,0.6842105263157895,0.6842105263157895,0.6842105263157895,0.9210526315789472,0.9210526315789472,0.9210526315789472
20,79,50,resample_pointwise,0.75,0.7691124442393478,17.774803821618175,36,4.5,6.0,0.3513513513513513,0.3611111111111111,0.3421052631578947,0.7297297297297298,0.75,0.7105263157894737,0.9459459459459458,0.9722222222222222,0.9210526315789472
20,79,50,resample_pointwise,0.8,0.7691124442393478,19.16743216730881,39,4.0,7.0,0.3376623376623376,0.3333333333333333,0.3421052631578947,0.7012987012987013,0.6923076923076923,0.7105263157894737,0.9090909090909092,0.8974358974358975,0.9210526315789472
20,79,50,resample_pointwise,0.85,0.7691124442393478,20.87752794374583,41,3.0,7.0,0.3544303797468354,0.3414634146341463,0.3684210526315789,0.7088607594936709,0.6829268292682927,0.7368421052631579,0.8860759493670887,0.8536585365853658,0.9210526315789472
20,79,50,resample_pointwise,0.9,0.7691124442393478,23.107325131535973,40,5.5,6.0,0.3846153846153846,0.375,0.3947368421052631,0.717948717948718,0.7,0.7368421052631579,0.9487179487179488,0.925,0.9736842105263158
20,79,50,resample_pointwise,0.925,0.7691124442393478,24.592223086911517,40,5.5,6.0,0.3846153846153846,0.375,0.3947368421052631,0.6923076923076923,0.675,0.7105263157894737,0.9487179487179488,0.925,0.9736842105263158
20,79,50,resample_pointwise,0.95,0.7691124442393478,26.543420201645148,36,6.0,6.0,0.4054054054054054,0.4166666666666667,0.3947368421052631,0.7027027027027027,0.7222222222222222,0.6842105263157895,0.918918918918919,0.9444444444444444,0.8947368421052632
20,79,50,resample_pointwise,0.975,0.7691124442393478,29.607181300829343,36,6.0,6.0,0.4324324324324324,0.4444444444444444,0.4210526315789473,0.7027027027027027,0.7222222222222222,0.6842105263157895,0.918918918918919,0.9444444444444444,0.8947368421052632
20,79,50,resample_pointwise,0.99,0.7691124442393478,33.23345218334347,36,8.0,8.0,0.2972972972972973,0.3055555555555556,0.2894736842105263,0.5675675675675677,0.5833333333333334,0.5526315789473685,0.918918918918919,0.9444444444444444,0.8947368421052632
20,79,100,baseline,0.5,0.7691124442393478,21.020994615432496,37,-22.0,23.0,0.08,0.081081081081081,0.0789473684210526,0.2133333333333333,0.2162162162162162,0.2105263157894736,0.6666666666666667,0.6756756756756757,0.6578947368421053
20,79,100,baseline,0.6,0.7691124442393478,35.99788388899753,36,-14.0,14.5,0.1621621621621621,0.1666666666666666,0.1578947368421052,0.3513513513513513,0.3611111111111111,0.3421052631578947,0.918918918918919,0.9444444444444444,0.8947368421052632
20,79,100,baseline,0.7,0.7691124442393478,53.1626695628164,36,-2.0,6.0,0.4594594594594595,0.4722222222222222,0.4473684210526316,0.8108108108108109,0.8333333333333334,0.7894736842105263,0.972972972972973,1.0,0.9473684210526316
20,79,100,baseline,0.75,0.7691124442393478,60.6515352392988,36,3.0,4.5,0.6486486486486486,0.6666666666666666,0.631578947368421,0.8918918918918918,0.9166666666666666,0.868421052631579,0.972972972972973,1.0,0.9473684210526316
20,79,100,baseline,0.8,0.7691124442393478,68.236055745138,36,12.0,12.0,0.081081081081081,0.0833333333333333,0.0789473684210526,0.4054054054054054,0.4166666666666667,0.3947368421052631,0.9459459459459458,0.9722222222222222,0.9210526315789472
20,79,100,baseline,0.85,0.7691124442393478,73.5522264745417,36,20.0,20.0,0.0,0.0,0.0,0.027027027027027,0.0277777777777777,0.0263157894736842,0.7027027027027027,0.7222222222222222,0.6842105263157895
20,79,100,baseline,0.9,0.7691124442393478,76.84542441159489,43,27.0,27.0,0.0,0.0,0.0,0.0,0.0,0.0,0.3950617283950617,0.3720930232558139,0.4210526315789473
20,79,100,baseline,0.925,0.7691124442393478,78.2233483082685,43,30.0,30.0,0.0,0.0,0.0,0.0,0.0,0.0,0.2222222222222222,0.2093023255813953,0.2368421052631578
20,79,100,baseline,0.95,0.7691124442393478,79.7145246427638,31,33.0,33.0,0.0,0.0,0.0,0.0,0.0,0.0,0.144927536231884,0.1612903225806451,0.131578947368421
20,79,100,baseline,0.975,0.7691124442393478,81.18193509017348,19,31.0,31.0,0.0,0.0,0.0,0.0,0.0,0.0,0.0701754385964912,0.1052631578947368,0.0526315789473684
20,79,100,baseline,0.99,0.7691124442393478,82.7687201010223,12,36.5,36.5,0.0,0.0,0.0,0.0,0.0,0.0,0.0,0.0,0.0
20,79,100,resample_pointwise,0.5,0.7691124442393478,9.51201063448154,41,-30.0,30.0,0.050632911392405,0.048780487804878,0.0526315789473684,0.1518987341772152,0.1463414634146341,0.1578947368421052,0.430379746835443,0.4146341463414634,0.4473684210526316
20,79,100,resample_pointwise,0.6,0.7691124442393478,10.582959828213246,43,-30.0,30.0,0.074074074074074,0.0697674418604651,0.0789473684210526,0.1728395061728395,0.1627906976744186,0.1842105263157894,0.4444444444444444,0.4186046511627907,0.4736842105263157
20,79,100,resample_pointwise,0.7,0.7691124442393478,11.94067192125204,38,-27.0,27.0,0.0789473684210526,0.0789473684210526,0.0789473684210526,0.1842105263157894,0.1842105263157894,0.1842105263157894,0.4736842105263157,0.4736842105263157,0.4736842105263157
20,79,100,resample_pointwise,0.75,0.7691124442393478,12.788462880145206,37,-25.0,25.0,0.08,0.081081081081081,0.0789473684210526,0.2133333333333333,0.2162162162162162,0.2105263157894736,0.5066666666666666,0.5135135135135135,0.5
20,79,100,resample_pointwise,0.8,0.7691124442393478,13.79244526164988,38,-25.0,25.0,0.0789473684210526,0.0789473684210526,0.0789473684210526,0.2105263157894736,0.2105263157894736,0.2105263157894736,0.5263157894736842,0.5263157894736842,0.5263157894736842
20,79,100,resample_pointwise,0.85,0.7691124442393478,15.042094838996064,36,-24.0,24.0,0.081081081081081,0.0833333333333333,0.0789473684210526,0.2162162162162162,0.2222222222222222,0.2105263157894736,0.5405405405405405,0.5555555555555556,0.5263157894736842
20,79,100,resample_pointwise,0.9,0.7691124442393478,16.6842216051518,39,-25.0,25.0,0.0779220779220779,0.0769230769230769,0.0789473684210526,0.2077922077922078,0.2051282051282051,0.2105263157894736,0.5454545454545455,0.5384615384615384,0.5526315789473685
20,79,100,resample_pointwise,0.925,0.7691124442393478,17.780197185306594,38,-23.0,23.0,0.0789473684210526,0.0789473684210526,0.0789473684210526,0.2105263157894736,0.2105263157894736,0.2105263157894736,0.6052631578947368,0.6052631578947368,0.6052631578947368
20,79,100,resample_pointwise,0.95,0.7691124442393478,19.245740978066664,36,-22.0,22.5,0.081081081081081,0.0833333333333333,0.0789473684210526,0.2162162162162162,0.2222222222222222,0.2105263157894736,0.6756756756756757,0.6944444444444444,0.6578947368421053
20,79,100,resample_pointwise,0.975,0.7691124442393478,21.514451736339787,38,-22.0,22.5,0.0789473684210526,0.0789473684210526,0.0789473684210526,0.2105263157894736,0.2105263157894736,0.2105263157894736,0.6842105263157895,0.6842105263157895,0.6842105263157895
20,79,100,resample_pointwise,0.99,0.7691124442393478,24.151411941001584,36,-20.0,21.5,0.081081081081081,0.0833333333333333,0.0789473684210526,0.2432432432432432,0.25,0.2368421052631578,0.7297297297297298,0.75,0.7105263157894737
20,84,10,baseline,0.5,0.7580351728320194,13.82984636227827,662,-44.0,44.0,0.0885714285714285,0.0468277945619335,0.8157894736842105,0.1057142857142857,0.0558912386706948,0.9736842105263158,0.1085714285714285,0.0574018126888217,1.0
20,84,10,baseline,0.6,0.7580351728320194,15.597950408146088,567,-36.0,40.0,0.0925619834710743,0.0493827160493827,0.7368421052631579,0.112396694214876,0.0599647266313932,0.8947368421052632,0.1256198347107437,0.0670194003527336,1.0
20,84,10,baseline,0.7,0.7580351728320194,17.785418935966835,471,-24.0,37.0,0.1021611001964636,0.0552016985138004,0.6842105263157895,0.1178781925343811,0.0636942675159235,0.7894736842105263,0.1453831041257367,0.078556263269639,0.9736842105263158
20,84,10,baseline,0.75,0.7580351728320194,19.03627779682127,425,-18.0,34.0,0.1036717062634989,0.0564705882352941,0.631578947368421,0.120950323974082,0.0658823529411764,0.7368421052631579,0.1598272138228941,0.0870588235294117,0.9736842105263158
20,84,10,baseline,0.8,0.7580351728320194,20.437194213258657,337,-14.0,34.0,0.1066666666666666,0.059347181008902,0.5263157894736842,0.128,0.0712166172106825,0.631578947368421,0.1973333333333333,0.1097922848664688,0.9736842105263158
20,84,10,baseline,0.85,0.7580351728320194,22.00408496534294,266,-14.5,34.0,0.0789473684210526,0.0451127819548872,0.3157894736842105,0.1184210526315789,0.0676691729323308,0.4736842105263157,0.2171052631578947,0.1240601503759398,0.868421052631579
20,84,10,baseline,0.9,0.7580351728320194,24.162522380921352,200,0.5,34.0,0.0756302521008403,0.045,0.2368421052631578,0.1260504201680672,0.075,0.3947368421052631,0.2352941176470588,0.14,0.7368421052631579
20,84,10,baseline,0.925,0.7580351728320194,25.60741502295624,147,0.0,34.0,0.0864864864864864,0.0544217687074829,0.2105263157894736,0.1189189189189189,0.0748299319727891,0.2894736842105263,0.2378378378378378,0.1496598639455782,0.5789473684210527
20,84,10,baseline,0.95,0.7580351728320194,27.57293805816988,99,3.0,32.0,0.0875912408759124,0.0606060606060606,0.1578947368421052,0.1167883211678832,0.0808080808080808,0.2105263157894736,0.2627737226277372,0.1818181818181818,0.4736842105263157
20,84,10,baseline,0.975,0.7580351728320194,30.13957989644288,50,-3.0,27.0,0.0909090909090909,0.08,0.1052631578947368,0.1136363636363636,0.1,0.131578947368421,0.2045454545454545,0.18,0.2368421052631578
20,84,10,baseline,0.99,0.7580351728320194,34.07777606585906,19,2.0,24.0,0.0350877192982456,0.0526315789473684,0.0263157894736842,0.0350877192982456,0.0526315789473684,0.0263157894736842,0.175438596491228,0.2631578947368421,0.131578947368421
20,84,10,resample_pointwise,0.5,0.7580351728320194,26.496792890327256,117,3.0,33.0,0.0903225806451612,0.0598290598290598,0.1842105263157894,0.1032258064516129,0.0683760683760683,0.2105263157894736,0.2451612903225806,0.1623931623931624,0.5
20,84,10,resample_pointwise,0.6,0.7580351728320194,29.831034238777598,55,-5.0,28.0,0.086021505376344,0.0727272727272727,0.1052631578947368,0.1075268817204301,0.0909090909090909,0.131578947368421,0.1935483870967741,0.1636363636363636,0.2368421052631578
20,84,10,resample_pointwise,0.7,0.7580351728320194,33.83200997636333,20,-1.5,27.0,0.0344827586206896,0.05,0.0263157894736842,0.0344827586206896,0.05,0.0263157894736842,0.1724137931034483,0.25,0.131578947368421
20,84,10,resample_pointwise,0.75,0.7580351728320194,36.18444473525891,10,-14.0,27.0,0.0416666666666666,0.1,0.0263157894736842,0.0416666666666666,0.1,0.0263157894736842,0.0833333333333333,0.2,0.0526315789473684
20,84,10,resample_pointwise,0.8,0.7580351728320194,38.91159474610882,7,-23.0,28.0,0.0444444444444444,0.1428571428571428,0.0263157894736842,0.0444444444444444,0.1428571428571428,0.0263157894736842,0.0444444444444444,0.1428571428571428,0.0263157894736842
20,84,10,resample_pointwise,0.85,0.7580351728320194,42.19399773777417,3,-23.0,23.0,0.0,0.0,0.0,0.0,0.0,0.0,0.048780487804878,0.3333333333333333,0.0263157894736842
20,84,10,resample_pointwise,0.9,0.7580351728320194,46.43204167259368,0,,,0.0,0.0,0.0,0.0,0.0,0.0,0.0,0.0,0.0
20,84,10,resample_pointwise,0.925,0.7580351728320194,49.21236025239029,0,,,0.0,0.0,0.0,0.0,0.0,0.0,0.0,0.0,0.0
20,84,10,resample_pointwise,0.95,0.7580351728320194,52.83099375916612,0,,,0.0,0.0,0.0,0.0,0.0,0.0,0.0,0.0,0.0
20,84,10,resample_pointwise,0.975,0.7580351728320194,58.33671242008722,0,,,0.0,0.0,0.0,0.0,0.0,0.0,0.0,0.0,0.0
20,84,10,resample_pointwise,0.99,0.7580351728320194,64.75132155987687,0,,,0.0,0.0,0.0,0.0,0.0,0.0,0.0,0.0,0.0
20,84,25,baseline,0.5,0.7580351728320194,11.771202788859906,286,-60.0,60.0,0.0555555555555555,0.0314685314685314,0.2368421052631578,0.1049382716049382,0.0594405594405594,0.4473684210526316,0.1790123456790123,0.1013986013986013,0.7631578947368421
20,84,25,baseline,0.6,0.7580351728320194,13.494927509704226,230,-53.0,53.0,0.0970149253731343,0.0565217391304347,0.3421052631578947,0.126865671641791,0.0739130434782608,0.4473684210526316,0.2313432835820895,0.1347826086956521,0.8157894736842105
20,84,25,baseline,0.7,0.7580351728320194,16.264481571210226,146,-57.0,57.0,0.1304347826086956,0.0821917808219178,0.3157894736842105,0.1956521739130435,0.1232876712328767,0.4736842105263157,0.3152173913043478,0.1986301369863013,0.7631578947368421
20,84,25,baseline,0.75,0.7580351728320194,18.811505380870237,97,-3.0,30.0,0.1629629629629629,0.1134020618556701,0.2894736842105263,0.2666666666666666,0.1855670103092783,0.4736842105263157,0.4296296296296297,0.2989690721649484,0.7631578947368421
20,84,25,baseline,0.8,0.7580351728320194,22.433298730405,74,15.0,19.0,0.125,0.0945945945945946,0.1842105263157894,0.2321428571428571,0.1756756756756756,0.3421052631578947,0.5178571428571428,0.3918918918918919,0.7631578947368421
20,84,25,baseline,0.85,0.7580351728320194,26.301961729269344,96,23.0,24.0,0.044776119402985,0.03125,0.0789473684210526,0.1343283582089552,0.09375,0.2368421052631578,0.4626865671641791,0.3229166666666667,0.8157894736842105
20,84,25,baseline,0.9,0.7580351728320194,29.92314722959085,86,28.0,29.0,0.032258064516129,0.0232558139534883,0.0526315789473684,0.0806451612903225,0.0581395348837209,0.131578947368421,0.3709677419354839,0.2674418604651162,0.6052631578947368
20,84,25,baseline,0.925,0.7580351728320194,31.758599162856463,71,29.0,29.0,0.018348623853211,0.0140845070422535,0.0263157894736842,0.073394495412844,0.056338028169014,0.1052631578947368,0.2935779816513761,0.2253521126760563,0.4210526315789473
20,84,25,baseline,0.95,0.7580351728320194,34.01843348834041,53,28.0,28.0,0.0,0.0,0.0,0.0659340659340659,0.0566037735849056,0.0789473684210526,0.2197802197802197,0.1886792452830188,0.2631578947368421
20,84,25,baseline,0.975,0.7580351728320194,37.394669089782965,32,28.0,28.0,0.0,0.0,0.0,0.0,0.0,0.0,0.2571428571428571,0.28125,0.2368421052631578
20,84,25,baseline,0.99,0.7580351728320194,41.30360706933184,14,28.5,28.5,0.0,0.0,0.0,0.0,0.0,0.0,0.1153846153846153,0.2142857142857142,0.0789473684210526
20,84,25,resample_pointwise,0.5,0.7580351728320194,17.933117689453994,103,-36.0,37.0,0.1560283687943262,0.1067961165048543,0.2894736842105263,0.2411347517730496,0.1650485436893204,0.4473684210526316,0.3971631205673758,0.2718446601941747,0.7368421052631579
20,84,25,resample_pointwise,0.6,0.7580351728320194,20.047730350156503,76,6.5,21.5,0.1403508771929824,0.1052631578947368,0.2105263157894736,0.2280701754385964,0.1710526315789473,0.3421052631578947,0.4912280701754385,0.3684210526315789,0.7368421052631579
20,84,25,resample_pointwise,0.7,0.7580351728320194,22.63962078024924,76,15.0,17.5,0.1403508771929824,0.1052631578947368,0.2105263157894736,0.2280701754385964,0.1710526315789473,0.3421052631578947,0.5087719298245614,0.3815789473684211,0.7631578947368421
20,84,25,resample_pointwise,0.75,0.7580351728320194,24.19923422268048,79,21.0,22.0,0.0512820512820512,0.0379746835443038,0.0789473684210526,0.1367521367521367,0.1012658227848101,0.2105263157894736,0.4786324786324786,0.3544303797468354,0.7368421052631579
20,84,25,resample_pointwise,0.8,0.7580351728320194,26.033335145577716,95,23.0,24.0,0.0451127819548872,0.031578947368421,0.0789473684210526,0.1353383458646616,0.0947368421052631,0.2368421052631578,0.4511278195488722,0.3157894736842105,0.7894736842105263
20,84,25,resample_pointwise,0.85,0.7580351728320194,28.290068167912622,96,24.0,24.5,0.0298507462686567,0.0208333333333333,0.0526315789473684,0.0746268656716417,0.0520833333333333,0.131578947368421,0.4029850746268656,0.28125,0.7105263157894737
20,84,25,resample_pointwise,0.9,0.7580351728320194,31.22118427675985,78,28.5,29.0,0.0344827586206896,0.0256410256410256,0.0526315789473684,0.0689655172413793,0.0512820512820512,0.1052631578947368,0.2931034482758621,0.2179487179487179,0.4473684210526316
20,84,25,resample_pointwise,0.925,0.7580351728320194,33.18188346922782,64,28.0,28.0,0.0196078431372549,0.015625,0.0263157894736842,0.0980392156862745,0.078125,0.131578947368421,0.2745098039215686,0.21875,0.3684210526315789
20,84,25,resample_pointwise,0.95,0.7580351728320194,35.73996627263508,43,29.0,29.0,0.0,0.0,0.0,0.0246913580246913,0.0232558139534883,0.0263157894736842,0.1975308641975308,0.1860465116279069,0.2105263157894736
20,84,25,resample_pointwise,0.975,0.7580351728320194,39.67374467997699,19,35.0,35.0,0.0,0.0,0.0,0.0,0.0,0.0,0.1403508771929824,0.2105263157894736,0.1052631578947368
20,84,25,resample_pointwise,0.99,0.7580351728320194,44.253049407794606,6,33.5,33.5,0.0,0.0,0.0,0.0,0.0,0.0,0.0,0.0,0.0
20,84,50,baseline,0.5,0.7580351728320194,10.522795527351004,150,-63.5,63.5,0.1276595744680851,0.08,0.3157894736842105,0.1914893617021276,0.12,0.4736842105263157,0.3297872340425531,0.2066666666666666,0.8157894736842105
20,84,50,baseline,0.6,0.7580351728320194,12.715724510641929,71,-21.0,24.0,0.2201834862385321,0.1690140845070422,0.3157894736842105,0.3302752293577981,0.2535211267605634,0.4736842105263157,0.6055045871559632,0.4647887323943662,0.868421052631579
20,84,50,baseline,0.7,0.7580351728320194,21.610141093467583,42,2.5,12.0,0.325,0.3095238095238095,0.3421052631578947,0.5,0.4761904761904761,0.5263157894736842,0.825,0.7857142857142857,0.868421052631579
20,84,50,baseline,0.75,0.7580351728320194,29.296002177223787,36,14.5,14.5,0.1891891891891891,0.1944444444444444,0.1842105263157894,0.4054054054054054,0.4166666666666667,0.3947368421052631,0.8108108108108109,0.8333333333333334,0.7894736842105263
20,84,50,baseline,0.8,0.7580351728320194,37.939939070130805,40,17.5,17.5,0.1025641025641025,0.1,0.1052631578947368,0.2051282051282051,0.2,0.2105263157894736,0.8205128205128205,0.8,0.8421052631578947
20,84,50,baseline,0.85,0.7580351728320194,45.609602577089305,36,21.5,21.5,0.0,0.0,0.0,0.027027027027027,0.0277777777777777,0.0263157894736842,0.6216216216216216,0.6388888888888888,0.6052631578947368
20,84,50,baseline,0.9,0.7580351728320194,51.76401980536832,47,30.0,30.0,0.0,0.0,0.0,0.0,0.0,0.0,0.2588235294117647,0.2340425531914893,0.2894736842105263
20,84,50,baseline,0.925,0.7580351728320194,53.88320614983978,49,32.0,32.0,0.0,0.0,0.0,0.0,0.0,0.0,0.2068965517241379,0.1836734693877551,0.2368421052631578
20,84,50,baseline,0.95,0.7580351728320194,56.0564288216108,38,33.0,33.0,0.0,0.0,0.0,0.0,0.0,0.0,0.1052631578947368,0.1052631578947368,0.1052631578947368
20,84,50,baseline,0.975,0.7580351728320194,59.11613860305271,22,36.5,36.5,0.0,0.0,0.0,0.0,0.0,0.0,0.0333333333333333,0.0454545454545454,0.0263157894736842
20,84,50,baseline,0.99,0.7580351728320194,62.215760666648414,7,37.0,37.0,0.0,0.0,0.0,0.0,0.0,0.0,0.0,0.0,0.0
20,84,50,resample_pointwise,0.5,0.7580351728320194,13.2059875267265,61,-8.0,20.0,0.2424242424242424,0.1967213114754098,0.3157894736842105,0.3636363636363636,0.2950819672131147,0.4736842105263157,0.6666666666666666,0.5409836065573771,0.868421052631579
20,84,50,resample_pointwise,0.6,0.7580351728320194,14.68595908204634,55,-4.0,20.0,0.2580645161290322,0.2181818181818181,0.3157894736842105,0.3870967741935483,0.3272727272727272,0.4736842105263157,0.6451612903225806,0.5454545454545454,0.7894736842105263
20,84,50,resample_pointwise,0.7,0.7580351728320194,16.510085105084812,50,-2.0,17.5,0.2727272727272727,0.24,0.3157894736842105,0.4318181818181818,0.38,0.5,0.7272727272727272,0.64,0.8421052631578947
20,84,50,resample_pointwise,0.75,0.7580351728320194,17.627755327774352,43,0.0,13.0,0.2962962962962963,0.2790697674418604,0.3157894736842105,0.4938271604938271,0.4651162790697674,0.5263157894736842,0.8148148148148148,0.7674418604651163,0.868421052631579
20,84,50,resample_pointwise,0.8,0.7580351728320194,18.963694561836427,42,0.5,13.5,0.325,0.3095238095238095,0.3421052631578947,0.5,0.4761904761904761,0.5263157894736842,0.8,0.7619047619047619,0.8421052631578947
20,84,50,resample_pointwise,0.85,0.7580351728320194,20.62842278299962,38,5.5,9.0,0.3421052631578947,0.3421052631578947,0.3421052631578947,0.5263157894736842,0.5263157894736842,0.5263157894736842,0.8421052631578947,0.8421052631578947,0.8421052631578947
20,84,50,resample_pointwise,0.9,0.7580351728320194,22.82350508224653,43,3.0,9.0,0.345679012345679,0.3255813953488372,0.3684210526315789,0.5432098765432098,0.5116279069767442,0.5789473684210527,0.8395061728395061,0.7906976744186046,0.8947368421052632
20,84,50,resample_pointwise,0.925,0.7580351728320194,24.283592305996585,39,6.0,9.0,0.3116883116883117,0.3076923076923077,0.3157894736842105,0.5194805194805194,0.5128205128205128,0.5263157894736842,0.8311688311688312,0.8205128205128205,0.8421052631578947
20,84,50,resample_pointwise,0.95,0.7580351728320194,26.229880977228564,39,8.0,8.0,0.2857142857142857,0.282051282051282,0.2894736842105263,0.5194805194805194,0.5128205128205128,0.5263157894736842,0.8051948051948051,0.7948717948717948,0.8157894736842105
20,84,50,resample_pointwise,0.975,0.7580351728320194,29.19333839774925,37,14.0,14.0,0.2133333333333333,0.2162162162162162,0.2105263157894736,0.4266666666666667,0.4324324324324324,0.4210526315789473,0.8,0.8108108108108109,0.7894736842105263
20,84,50,resample_pointwise,0.99,0.7580351728320194,32.67037266203602,37,16.0,16.0,0.16,0.1621621621621621,0.1578947368421052,0.3466666666666667,0.3513513513513513,0.3421052631578947,0.8,0.8108108108108109,0.7894736842105263
20,84,100,baseline,0.5,0.7580351728320194,20.894156379432346,36,-21.5,21.5,0.0,0.0,0.0,0.1351351351351351,0.1388888888888889,0.131578947368421,0.6216216216216216,0.6388888888888888,0.6052631578947368
20,84,100,baseline,0.6,0.7580351728320194,35.61298665562975,36,-16.0,16.0,0.081081081081081,0.0833333333333333,0.0789473684210526,0.2432432432432432,0.25,0.2368421052631578,0.8378378378378377,0.8611111111111112,0.8157894736842105
20,84,100,baseline,0.7,0.7580351728320194,51.97668661542029,36,-1.0,6.0,0.4054054054054054,0.4166666666666667,0.3947368421052631,0.8108108108108109,0.8333333333333334,0.7894736842105263,0.972972972972973,1.0,0.9473684210526316
20,84,100,baseline,0.75,0.7580351728320194,59.46784987448696,36,7.0,7.0,0.4054054054054054,0.4166666666666667,0.3947368421052631,0.7027027027027027,0.7222222222222222,0.6842105263157895,0.918918918918919,0.9444444444444444,0.8947368421052632
20,84,100,baseline,0.8,0.7580351728320194,66.28845709770907,36,15.0,15.0,0.1351351351351351,0.1388888888888889,0.131578947368421,0.3243243243243243,0.3333333333333333,0.3157894736842105,0.8378378378378377,0.8611111111111112,0.8157894736842105
20,84,100,baseline,0.85,0.7580351728320194,71.64648073318548,37,25.0,25.0,0.0,0.0,0.0,0.0266666666666666,0.027027027027027,0.0263157894736842,0.5866666666666667,0.5945945945945946,0.5789473684210527
20,84,100,baseline,0.9,0.7580351728320194,75.23879684808225,39,30.0,30.0,0.0,0.0,0.0,0.0,0.0,0.0,0.2597402597402597,0.2564102564102564,0.2631578947368421
20,84,100,baseline,0.925,0.7580351728320194,76.5573092303401,42,32.0,32.0,0.0,0.0,0.0,0.0,0.0,0.0,0.15,0.1428571428571428,0.1578947368421052
20,84,100,baseline,0.95,0.7580351728320194,77.83129420701552,31,34.0,34.0,0.0,0.0,0.0,0.0,0.0,0.0,0.0869565217391304,0.0967741935483871,0.0789473684210526
20,84,100,baseline,0.975,0.7580351728320194,79.56897265943144,25,34.0,34.0,0.0,0.0,0.0,0.0,0.0,0.0,0.0317460317460317,0.04,0.0263157894736842
20,84,100,baseline,0.99,0.7580351728320194,81.33544944108266,7,33.0,33.0,0.0,0.0,0.0,0.0,0.0,0.0,0.0,0.0,0.0
20,84,100,resample_pointwise,0.5,0.7580351728320194,9.599339447897256,47,-31.0,31.0,0.0,0.0,0.0,0.1176470588235294,0.1063829787234042,0.131578947368421,0.4470588235294117,0.4042553191489361,0.5
20,84,100,resample_pointwise,0.6,0.7580351728320194,10.60869269101125,41,-29.0,29.0,0.0,0.0,0.0,0.1265822784810126,0.1219512195121951,0.131578947368421,0.4810126582278481,0.4634146341463415,0.5
20,84,100,resample_pointwise,0.7,0.7580351728320194,11.864106197643746,37,-25.0,25.0,0.0,0.0,0.0,0.1333333333333333,0.1351351351351351,0.131578947368421,0.5333333333333333,0.5405405405405406,0.5263157894736842
20,84,100,resample_pointwise,0.75,0.7580351728320194,12.646457491259673,39,-25.0,25.0,0.0,0.0,0.0,0.1298701298701298,0.1282051282051282,0.131578947368421,0.5194805194805194,0.5128205128205128,0.5263157894736842
20,84,100,resample_pointwise,0.8,0.7580351728320194,13.581365310043306,37,-25.0,25.0,0.0,0.0,0.0,0.1333333333333333,0.1351351351351351,0.131578947368421,0.5333333333333333,0.5405405405405406,0.5263157894736842
20,84,100,resample_pointwise,0.85,0.7580351728320194,14.756099721524482,36,-25.0,25.0,0.0,0.0,0.0,0.1351351351351351,0.1388888888888889,0.131578947368421,0.5405405405405405,0.5555555555555556,0.5263157894736842
20,84,100,resample_pointwise,0.9,0.7580351728320194,16.32950185650412,36,-25.0,25.0,0.0,0.0,0.0,0.1351351351351351,0.1388888888888889,0.131578947368421,0.5405405405405405,0.5555555555555556,0.5263157894736842
20,84,100,resample_pointwise,0.925,0.7580351728320194,17.384955797851063,36,-25.0,25.0,0.0,0.0,0.0,0.1351351351351351,0.1388888888888889,0.131578947368421,0.5405405405405405,0.5555555555555556,0.5263157894736842
20,84,100,resample_pointwise,0.95,0.7580351728320194,18.784678031851865,36,-23.5,23.5,0.0,0.0,0.0,0.1351351351351351,0.1388888888888889,0.131578947368421,0.5675675675675677,0.5833333333333334,0.5526315789473685
20,84,100,resample_pointwise,0.975,0.7580351728320194,20.997331639883047,36,-21.5,21.5,0.0,0.0,0.0,0.1351351351351351,0.1388888888888889,0.131578947368421,0.6216216216216216,0.6388888888888888,0.6052631578947368
20,84,100,resample_pointwise,0.99,0.7580351728320194,23.63494972209208,36,-21.0,21.0,0.027027027027027,0.0277777777777777,0.0263157894736842,0.1621621621621621,0.1666666666666666,0.1578947368421052,0.6486486486486486,0.6666666666666666,0.631578947368421
20,90,10,baseline,0.5,0.7451564828614009,13.286983716757168,693,-39.0,41.0,0.082079343365253,0.0432900432900432,0.7894736842105263,0.0984952120383037,0.0519480519480519,0.9473684210526316,0.1039671682626538,0.0548340548340548,1.0
20,90,10,baseline,0.6,0.7451564828614009,15.092892748128834,599,-35.0,41.0,0.097331240188383,0.0517529215358931,0.8157894736842105,0.1130298273155415,0.0601001669449081,0.9473684210526316,0.119309262166405,0.0634390651085141,1.0
20,90,10,baseline,0.7,0.7451564828614009,17.171773237803375,487,-28.0,39.0,0.1066666666666666,0.0574948665297741,0.7368421052631579,0.1371428571428571,0.0739219712525667,0.9473684210526316,0.1447619047619047,0.0780287474332648,1.0
20,90,10,baseline,0.75,0.7451564828614009,18.401971554349583,428,-16.5,36.0,0.1158798283261802,0.0630841121495327,0.7105263157894737,0.1459227467811158,0.0794392523364486,0.8947368421052632,0.1630901287553648,0.0887850467289719,1.0
20,90,10,baseline,0.8,0.7451564828614009,19.77879504883281,343,-11.0,36.0,0.1102362204724409,0.0612244897959183,0.5526315789473685,0.1312335958005249,0.0728862973760933,0.6578947368421053,0.1837270341207349,0.1020408163265306,0.9210526315789472
20,90,10,baseline,0.85,0.7451564828614009,21.746453760855964,277,-8.0,35.0,0.1015873015873016,0.0577617328519855,0.4210526315789473,0.1523809523809523,0.0866425992779783,0.631578947368421,0.2095238095238095,0.1191335740072202,0.868421052631579
20,90,10,baseline,0.9,0.7451564828614009,24.167350666584166,197,-2.0,34.0,0.076595744680851,0.0456852791878172,0.2368421052631578,0.1617021276595744,0.0964467005076142,0.5,0.2553191489361702,0.1522842639593908,0.7894736842105263
20,90,10,baseline,0.925,0.7451564828614009,25.743382016528525,143,7.0,32.0,0.1104972375690607,0.0699300699300699,0.2631578947368421,0.1767955801104972,0.1118881118881118,0.4210526315789473,0.2651933701657458,0.1678321678321678,0.631578947368421
20,90,10,baseline,0.95,0.7451564828614009,28.196958687797316,103,6.0,35.0,0.1134751773049645,0.0776699029126213,0.2105263157894736,0.1702127659574468,0.116504854368932,0.3157894736842105,0.2695035460992908,0.1844660194174757,0.5
20,90,10,baseline,0.975,0.7451564828614009,31.64962488966916,50,12.0,26.0,0.0681818181818181,0.06,0.0789473684210526,0.1590909090909091,0.14,0.1842105263157894,0.2272727272727272,0.2,0.2631578947368421
20,90,10,baseline,0.99,0.7451564828614009,35.1711371099227,18,25.0,28.0,0.0357142857142857,0.0555555555555555,0.0263157894736842,0.0357142857142857,0.0555555555555555,0.0263157894736842,0.1785714285714285,0.2777777777777778,0.131578947368421
20,90,10,resample_pointwise,0.5,0.7451564828614009,26.60881122239793,123,8.0,32.0,0.0993788819875776,0.065040650406504,0.2105263157894736,0.1739130434782608,0.1138211382113821,0.3684210526315789,0.2732919254658385,0.1788617886178861,0.5789473684210527
20,90,10,resample_pointwise,0.6,0.7451564828614009,29.95477476887537,71,7.0,29.0,0.110091743119266,0.0845070422535211,0.1578947368421052,0.1834862385321101,0.1408450704225352,0.2631578947368421,0.2568807339449541,0.1971830985915492,0.3684210526315789
20,90,10,resample_pointwise,0.7,0.7451564828614009,33.98622446335766,25,13.0,26.0,0.0952380952380952,0.12,0.0789473684210526,0.1269841269841269,0.16,0.1052631578947368,0.2539682539682539,0.32,0.2105263157894736
20,90,10,resample_pointwise,0.75,0.7451564828614009,36.35201549507628,13,26.0,27.0,0.0,0.0,0.0,0.0,0.0,0.0,0.1176470588235294,0.2307692307692307,0.0789473684210526
20,90,10,resample_pointwise,0.8,0.7451564828614009,39.10005436368432,7,27.0,27.0,0.0,0.0,0.0,0.0,0.0,0.0,0.0444444444444444,0.1428571428571428,0.0263157894736842
20,90,10,resample_pointwise,0.85,0.7451564828614009,42.415463002509405,1,27.0,27.0,0.0,0.0,0.0,0.0,0.0,0.0,0.0,0.0,0.0
20,90,10,resample_pointwise,0.9,0.7451564828614009,46.65427857348037,0,,,0.0,0.0,0.0,0.0,0.0,0.0,0.0,0.0,0.0
20,90,10,resample_pointwise,0.925,0.7451564828614009,49.41810069308627,0,,,0.0,0.0,0.0,0.0,0.0,0.0,0.0,0.0,0.0
20,90,10,resample_pointwise,0.95,0.7451564828614009,53.05365330725706,0,,,0.0,0.0,0.0,0.0,0.0,0.0,0.0,0.0,0.0
20,90,10,resample_pointwise,0.975,0.7451564828614009,58.58477870216522,0,,,0.0,0.0,0.0,0.0,0.0,0.0,0.0,0.0,0.0
20,90,10,resample_pointwise,0.99,0.7451564828614009,64.9409540168364,0,,,0.0,0.0,0.0,0.0,0.0,0.0,0.0,0.0,0.0
20,90,25,baseline,0.5,0.7451564828614009,11.245482683544566,287,-60.0,60.0,0.0492307692307692,0.0278745644599303,0.2105263157894736,0.0984615384615384,0.0557491289198606,0.4210526315789473,0.1476923076923077,0.0836236933797909,0.631578947368421
20,90,25,baseline,0.6,0.7451564828614009,13.151912031383176,200,-51.5,51.5,0.0756302521008403,0.045,0.2368421052631578,0.1512605042016806,0.09,0.4736842105263157,0.2184873949579832,0.13,0.6842105263157895
20,90,25,baseline,0.7,0.7451564828614009,16.057734997892315,129,-7.0,30.0,0.1796407185628742,0.1162790697674418,0.3947368421052631,0.2754491017964072,0.1782945736434108,0.6052631578947368,0.3353293413173652,0.2170542635658914,0.7368421052631579
20,90,25,baseline,0.75,0.7451564828614009,18.6390089242916,74,7.0,20.5,0.2142857142857142,0.1621621621621621,0.3157894736842105,0.3571428571428571,0.2702702702702703,0.5263157894736842,0.4821428571428571,0.3648648648648648,0.7105263157894737
20,90,25,baseline,0.8,0.7451564828614009,22.61595554612436,88,17.0,19.0,0.0952380952380952,0.0681818181818181,0.1578947368421052,0.2698412698412698,0.1931818181818181,0.4473684210526316,0.3809523809523809,0.2727272727272727,0.631578947368421
20,90,25,baseline,0.85,0.7451564828614009,26.32749368670516,95,28.0,28.0,0.0300751879699248,0.0210526315789473,0.0526315789473684,0.1654135338345864,0.1157894736842105,0.2894736842105263,0.3458646616541354,0.2421052631578947,0.6052631578947368
20,90,25,baseline,0.9,0.7451564828614009,29.65698090755854,97,29.0,29.0,0.0148148148148148,0.0103092783505154,0.0263157894736842,0.0888888888888888,0.0618556701030927,0.1578947368421052,0.3111111111111111,0.2164948453608247,0.5526315789473685
20,90,25,baseline,0.925,0.7451564828614009,31.229232541445462,81,26.0,26.0,0.0168067226890756,0.0123456790123456,0.0263157894736842,0.0504201680672268,0.037037037037037,0.0789473684210526,0.3361344537815126,0.2469135802469135,0.5263157894736842
20,90,25,baseline,0.95,0.7451564828614009,33.26447386646542,68,28.0,28.0,0.0,0.0,0.0,0.0,0.0,0.0,0.339622641509434,0.2647058823529412,0.4736842105263157
20,90,25,baseline,0.975,0.7451564828614009,35.468715004449194,40,32.0,32.0,0.0,0.0,0.0,0.0,0.0,0.0,0.1538461538461538,0.15,0.1578947368421052
20,90,25,baseline,0.99,0.7451564828614009,38.5102376653206,22,34.5,34.5,0.0,0.0,0.0,0.0,0.0,0.0,0.0999999999999999,0.1363636363636363,0.0789473684210526
20,90,25,resample_pointwise,0.5,0.7451564828614009,18.00391099450401,91,4.0,22.0,0.1705426356589147,0.1208791208791208,0.2894736842105263,0.3100775193798449,0.2197802197802197,0.5263157894736842,0.4186046511627906,0.2967032967032967,0.7105263157894737
20,90,25,resample_pointwise,0.6,0.7451564828614009,20.133311531649017,69,14.0,22.0,0.1121495327102803,0.0869565217391304,0.1578947368421052,0.2803738317757009,0.217391304347826,0.3947368421052631,0.411214953271028,0.3188405797101449,0.5789473684210527
20,90,25,resample_pointwise,0.7,0.7451564828614009,22.730982434711105,90,17.5,19.0,0.09375,0.0666666666666666,0.1578947368421052,0.265625,0.1888888888888888,0.4473684210526316,0.375,0.2666666666666666,0.631578947368421
20,90,25,resample_pointwise,0.75,0.7451564828614009,24.31542023404654,80,24.0,24.0,0.0508474576271186,0.0375,0.0789473684210526,0.1864406779661017,0.1375,0.2894736842105263,0.4067796610169491,0.3,0.631578947368421
20,90,25,resample_pointwise,0.8,0.7451564828614009,26.17555557660785,95,28.0,28.0,0.0300751879699248,0.0210526315789473,0.0526315789473684,0.1654135338345864,0.1157894736842105,0.2894736842105263,0.3458646616541354,0.2421052631578947,0.6052631578947368
20,90,25,resample_pointwise,0.85,0.7451564828614009,28.439359548069863,114,26.0,26.0,0.0394736842105263,0.0263157894736842,0.0789473684210526,0.1184210526315789,0.0789473684210526,0.2368421052631578,0.3684210526315789,0.2456140350877192,0.7368421052631579
20,90,25,resample_pointwise,0.9,0.7451564828614009,31.41144520983312,72,26.0,26.0,0.0181818181818181,0.0138888888888888,0.0263157894736842,0.0545454545454545,0.0416666666666666,0.0789473684210526,0.3636363636363636,0.2777777777777778,0.5263157894736842
20,90,25,resample_pointwise,0.925,0.7451564828614009,33.374750435260495,67,28.0,28.0,0.0,0.0,0.0,0.0,0.0,0.0,0.3238095238095238,0.2537313432835821,0.4473684210526316
20,90,25,resample_pointwise,0.95,0.7451564828614009,35.96777948218664,37,31.0,31.0,0.0,0.0,0.0,0.0,0.0,0.0,0.16,0.1621621621621621,0.1578947368421052
20,90,25,resample_pointwise,0.975,0.7451564828614009,39.96220877656863,12,30.5,30.5,0.0,0.0,0.0,0.0,0.0,0.0,0.1199999999999999,0.25,0.0789473684210526
20,90,25,resample_pointwise,0.99,0.7451564828614009,44.64462482985668,2,25.5,25.5,0.0,0.0,0.0,0.0,0.0,0.0,0.05,0.5,0.0263157894736842
20,90,50,baseline,0.5,0.7451564828614009,10.05097276495935,136,-57.5,57.5,0.1494252873563218,0.0955882352941176,0.3421052631578947,0.2183908045977011,0.1397058823529411,0.5,0.3793103448275862,0.2426470588235294,0.868421052631579
20,90,50,baseline,0.6,0.7451564828614009,12.414042418228789,85,-27.0,32.0,0.1951219512195121,0.1411764705882353,0.3157894736842105,0.2926829268292683,0.2117647058823529,0.4736842105263157,0.5365853658536586,0.388235294117647,0.868421052631579
20,90,50,baseline,0.7,0.7451564828614009,21.521623852940284,40,5.5,8.5,0.3846153846153846,0.375,0.3947368421052631,0.5384615384615385,0.525,0.5526315789473685,0.7948717948717949,0.775,0.8157894736842105
20,90,50,baseline,0.75,0.7451564828614009,30.73597483964328,36,13.5,13.5,0.2162162162162162,0.2222222222222222,0.2105263157894736,0.4324324324324324,0.4444444444444444,0.4210526315789473,0.7297297297297298,0.75,0.7105263157894737
20,90,50,baseline,0.8,0.7451564828614009,38.97244959834564,41,19.0,19.0,0.0253164556962025,0.024390243902439,0.0263157894736842,0.1265822784810126,0.1219512195121951,0.131578947368421,0.5569620253164557,0.5365853658536586,0.5789473684210527
20,90,50,baseline,0.85,0.7451564828614009,45.5288172308889,42,28.0,28.0,0.0,0.0,0.0,0.0,0.0,0.0,0.35,0.3333333333333333,0.3684210526315789
20,90,50,baseline,0.9,0.7451564828614009,50.50964400731711,48,33.5,33.5,0.0,0.0,0.0,0.0,0.0,0.0,0.1627906976744186,0.1458333333333333,0.1842105263157894
20,90,50,baseline,0.925,0.7451564828614009,52.68988037799205,38,34.0,34.0,0.0,0.0,0.0,0.0,0.0,0.0,0.1052631578947368,0.1052631578947368,0.1052631578947368
20,90,50,baseline,0.95,0.7451564828614009,55.367292616991385,33,38.0,38.0,0.0,0.0,0.0,0.0,0.0,0.0,0.028169014084507,0.0303030303030303,0.0263157894736842
20,90,50,baseline,0.975,0.7451564828614009,57.793038710941104,32,39.0,39.0,0.0,0.0,0.0,0.0,0.0,0.0,0.0285714285714285,0.03125,0.0263157894736842
20,90,50,baseline,0.99,0.7451564828614009,59.524693171712535,15,41.0,41.0,0.0,0.0,0.0,0.0,0.0,0.0,0.0,0.0,0.0
20,90,50,resample_pointwise,0.5,0.7451564828614009,13.247175547500898,70,-14.5,21.0,0.2222222222222222,0.1714285714285714,0.3157894736842105,0.3333333333333333,0.2571428571428571,0.4736842105263157,0.5925925925925926,0.4571428571428571,0.8421052631578947
20,90,50,resample_pointwise,0.6,0.7451564828614009,14.746831090670982,52,0.0,15.5,0.2888888888888889,0.25,0.3421052631578947,0.4222222222222221,0.3653846153846153,0.5,0.6888888888888889,0.5961538461538461,0.8157894736842105
20,90,50,resample_pointwise,0.7,0.7451564828614009,16.588535972032144,39,5.0,12.0,0.3376623376623376,0.3333333333333333,0.3421052631578947,0.4935064935064934,0.4871794871794871,0.5,0.8311688311688312,0.8205128205128205,0.8421052631578947
20,90,50,resample_pointwise,0.75,0.7451564828614009,17.719778267587337,36,5.5,9.0,0.3513513513513513,0.3611111111111111,0.3421052631578947,0.5135135135135136,0.5277777777777778,0.5,0.8378378378378377,0.8611111111111112,0.8157894736842105
20,90,50,resample_pointwise,0.8,0.7451564828614009,19.056635328622008,36,6.0,8.5,0.3783783783783783,0.3888888888888889,0.3684210526315789,0.5405405405405405,0.5555555555555556,0.5263157894736842,0.8108108108108109,0.8333333333333334,0.7894736842105263
20,90,50,resample_pointwise,0.85,0.7451564828614009,20.727635857985163,38,5.5,8.5,0.3947368421052631,0.3947368421052631,0.3947368421052631,0.5526315789473685,0.5526315789473685,0.5526315789473685,0.7894736842105263,0.7894736842105263,0.7894736842105263
20,90,50,resample_pointwise,0.9,0.7451564828614009,22.942936968921284,36,7.0,7.0,0.4324324324324324,0.4444444444444444,0.4210526315789473,0.5675675675675677,0.5833333333333334,0.5526315789473685,0.8108108108108109,0.8333333333333334,0.7894736842105263
20,90,50,resample_pointwise,0.925,0.7451564828614009,24.399797686577088,37,6.0,6.0,0.4533333333333333,0.4594594594594595,0.4473684210526316,0.5866666666666667,0.5945945945945946,0.5789473684210527,0.8,0.8108108108108109,0.7894736842105263
20,90,50,resample_pointwise,0.95,0.7451564828614009,26.350383436326624,36,10.5,10.5,0.3513513513513513,0.3611111111111111,0.3421052631578947,0.4864864864864865,0.5,0.4736842105263157,0.7837837837837838,0.8055555555555556,0.7631578947368421
20,90,50,resample_pointwise,0.975,0.7451564828614009,29.414875418164787,38,10.5,10.5,0.2631578947368421,0.2631578947368421,0.2631578947368421,0.4736842105263157,0.4736842105263157,0.4736842105263157,0.7631578947368421,0.7631578947368421,0.7631578947368421
20,90,50,resample_pointwise,0.99,0.7451564828614009,33.04354565378156,36,17.5,17.5,0.1081081081081081,0.1111111111111111,0.1052631578947368,0.3243243243243243,0.3333333333333333,0.3157894736842105,0.6756756756756757,0.6944444444444444,0.6578947368421053
20,90,100,baseline,0.5,0.7451564828614009,21.765684316695378,36,-12.0,13.5,0.1351351351351351,0.1388888888888889,0.131578947368421,0.3243243243243243,0.3333333333333333,0.3157894736842105,0.7567567567567567,0.7777777777777778,0.7368421052631579
20,90,100,baseline,0.6,0.7451564828614009,35.26676555961792,36,-7.0,8.0,0.2162162162162162,0.2222222222222222,0.2105263157894736,0.5405405405405405,0.5555555555555556,0.5263157894736842,0.9459459459459458,0.9722222222222222,0.9210526315789472
20,90,100,baseline,0.7,0.7451564828614009,51.16766953642552,36,-2.5,5.0,0.5405405405405405,0.5555555555555556,0.5263157894736842,0.8108108108108109,0.8333333333333334,0.7894736842105263,0.9459459459459458,0.9722222222222222,0.9210526315789472
20,90,100,baseline,0.75,0.7451564828614009,59.85406729919865,36,8.5,8.5,0.4054054054054054,0.4166666666666667,0.3947368421052631,0.5945945945945946,0.6111111111111112,0.5789473684210527,0.8648648648648649,0.8888888888888888,0.8421052631578947
20,90,100,baseline,0.8,0.7451564828614009,66.33000172592546,36,16.5,16.5,0.0,0.0,0.0,0.1891891891891891,0.1944444444444444,0.1842105263157894,0.6756756756756757,0.6944444444444444,0.6578947368421053
20,90,100,baseline,0.85,0.7451564828614009,71.45909742131936,37,25.0,25.0,0.0,0.0,0.0,0.0,0.0,0.0,0.5066666666666666,0.5135135135135135,0.5
20,90,100,baseline,0.9,0.7451564828614009,75.0287775934381,40,34.0,34.0,0.0,0.0,0.0,0.0,0.0,0.0,0.1538461538461538,0.15,0.1578947368421052
20,90,100,baseline,0.925,0.7451564828614009,76.2951900450195,39,36.0,36.0,0.0,0.0,0.0,0.0,0.0,0.0,0.1038961038961039,0.1025641025641025,0.1052631578947368
20,90,100,baseline,0.95,0.7451564828614009,78.02817259912132,33,36.0,36.0,0.0,0.0,0.0,0.0,0.0,0.0,0.0,0.0,0.0
20,90,100,baseline,0.975,0.7451564828614009,79.50969264284853,21,37.0,37.0,0.0,0.0,0.0,0.0,0.0,0.0,0.0,0.0,0.0
20,90,100,baseline,0.99,0.7451564828614009,80.73505542883285,18,40.5,40.5,0.0,0.0,0.0,0.0,0.0,0.0,0.0,0.0,0.0
20,90,100,resample_pointwise,0.5,0.7451564828614009,9.744846790333938,45,-28.0,28.0,0.1204819277108433,0.1111111111111111,0.131578947368421,0.2409638554216867,0.2222222222222222,0.2631578947368421,0.5060240963855421,0.4666666666666667,0.5526315789473685
20,90,100,resample_pointwise,0.6,0.7451564828614009,10.797319014719124,41,-24.0,24.0,0.1265822784810126,0.1219512195121951,0.131578947368421,0.2531645569620253,0.2439024390243902,0.2631578947368421,0.5316455696202531,0.5121951219512195,0.5526315789473685
20,90,100,resample_pointwise,0.7,0.7451564828614009,12.11085473250768,43,-24.0,24.0,0.1234567901234567,0.1162790697674418,0.131578947368421,0.2469135802469135,0.2325581395348837,0.2631578947368421,0.5432098765432098,0.5116279069767442,0.5789473684210527
20,90,100,resample_pointwise,0.75,0.7451564828614009,12.916077196218442,38,-18.0,20.0,0.131578947368421,0.131578947368421,0.131578947368421,0.2631578947368421,0.2631578947368421,0.2631578947368421,0.6052631578947368,0.6052631578947368,0.6052631578947368
20,90,100,resample_pointwise,0.8,0.7451564828614009,13.87834407142586,38,-18.0,20.0,0.131578947368421,0.131578947368421,0.131578947368421,0.2631578947368421,0.2631578947368421,0.2631578947368421,0.6052631578947368,0.6052631578947368,0.6052631578947368
20,90,100,resample_pointwise,0.85,0.7451564828614009,15.067582809883127,39,-21.0,21.0,0.1298701298701298,0.1282051282051282,0.131578947368421,0.2597402597402597,0.2564102564102564,0.2631578947368421,0.5974025974025974,0.5897435897435898,0.6052631578947368
20,90,100,resample_pointwise,0.9,0.7451564828614009,16.669102674693473,38,-15.0,17.0,0.131578947368421,0.131578947368421,0.131578947368421,0.2894736842105263,0.2894736842105263,0.2894736842105263,0.631578947368421,0.631578947368421,0.631578947368421
20,90,100,resample_pointwise,0.925,0.7451564828614009,17.73994529397795,38,-13.5,15.0,0.131578947368421,0.131578947368421,0.131578947368421,0.2894736842105263,0.2894736842105263,0.2894736842105263,0.6842105263157895,0.6842105263157895,0.6842105263157895
20,90,100,resample_pointwise,0.95,0.7451564828614009,19.18209357020889,38,-12.0,12.5,0.1578947368421052,0.1578947368421052,0.1578947368421052,0.3421052631578947,0.3421052631578947,0.3421052631578947,0.7631578947368421,0.7631578947368421,0.7631578947368421
20,90,100,resample_pointwise,0.975,0.7451564828614009,21.445946375552477,39,-12.0,13.0,0.1558441558441558,0.1538461538461538,0.1578947368421052,0.3376623376623376,0.3333333333333333,0.3421052631578947,0.7792207792207793,0.7692307692307693,0.7894736842105263
20,90,100,resample_pointwise,0.99,0.7451564828614009,24.12143120432713,36,-12.0,13.5,0.1351351351351351,0.1388888888888889,0.131578947368421,0.3243243243243243,0.3333333333333333,0.3157894736842105,0.7567567567567567,0.7777777777777778,0.7368421052631579
20,95,10,baseline,0.5,0.7347538574577517,12.744060065748853,698,-37.5,42.0,0.0733695652173913,0.0386819484240687,0.7105263157894737,0.0951086956521739,0.0501432664756446,0.9210526315789472,0.1005434782608695,0.0530085959885386,0.9736842105263158
20,95,10,baseline,0.6,0.7347538574577517,14.410991032594906,607,-34.0,42.0,0.0713178294573643,0.0378912685337726,0.6052631578947368,0.1023255813953488,0.0543657331136738,0.868421052631579,0.117829457364341,0.0626029654036243,1.0
20,95,10,baseline,0.7,0.7347538574577517,16.50563415223621,495,-27.0,41.0,0.0600375234521576,0.0323232323232323,0.4210526315789473,0.0975609756097561,0.0525252525252525,0.6842105263157895,0.1388367729831144,0.0747474747474747,0.9736842105263158
20,95,10,baseline,0.75,0.7347538574577517,17.614341660295754,428,-21.5,40.0,0.0643776824034334,0.0350467289719626,0.3947368421052631,0.0944206008583691,0.0514018691588785,0.5789473684210527,0.1545064377682403,0.0841121495327102,0.9473684210526316
20,95,10,baseline,0.8,0.7347538574577517,19.170109242890543,373,-10.0,38.0,0.0681265206812652,0.0375335120643431,0.3684210526315789,0.097323600973236,0.0536193029490616,0.5263157894736842,0.1654501216545012,0.0911528150134048,0.8947368421052632
20,95,10,baseline,0.85,0.7347538574577517,20.82032883841159,275,-11.0,39.0,0.0575079872204472,0.0327272727272727,0.2368421052631578,0.1022364217252396,0.0581818181818181,0.4210526315789473,0.2044728434504792,0.1163636363636363,0.8421052631578947
20,95,10,baseline,0.9,0.7347538574577517,23.25744052280949,201,-11.0,37.0,0.0585774058577405,0.0348258706467661,0.1842105263157894,0.100418410041841,0.0597014925373134,0.3157894736842105,0.2259414225941422,0.1343283582089552,0.7105263157894737
20,95,10,baseline,0.925,0.7347538574577517,24.787467354044203,145,-10.0,35.0,0.0437158469945355,0.0275862068965517,0.1052631578947368,0.0983606557377049,0.0620689655172413,0.2368421052631578,0.2185792349726776,0.1379310344827586,0.5263157894736842
20,95,10,baseline,0.95,0.7347538574577517,26.65883256580808,104,-5.0,27.0,0.056338028169014,0.0384615384615384,0.1052631578947368,0.0845070422535211,0.0576923076923076,0.1578947368421052,0.2535211267605634,0.173076923076923,0.4736842105263157
20,95,10,baseline,0.975,0.7347538574577517,30.03738336144674,63,5.0,25.0,0.0594059405940594,0.0476190476190476,0.0789473684210526,0.0594059405940594,0.0476190476190476,0.0789473684210526,0.2574257425742574,0.2063492063492063,0.3421052631578947
20,95,10,baseline,0.99,0.7347538574577517,33.295343127079136,24,15.5,24.0,0.064516129032258,0.0833333333333333,0.0526315789473684,0.064516129032258,0.0833333333333333,0.0526315789473684,0.2580645161290323,0.3333333333333333,0.2105263157894736
20,95,10,resample_pointwise,0.5,0.7347538574577517,26.48401694252121,107,-4.0,27.0,0.0551724137931034,0.0373831775700934,0.1052631578947368,0.0827586206896551,0.0560747663551401,0.1578947368421052,0.2482758620689655,0.1682242990654205,0.4736842105263157
20,95,10,resample_pointwise,0.6,0.7347538574577517,29.817996674726164,65,5.0,25.0,0.058252427184466,0.0461538461538461,0.0789473684210526,0.058252427184466,0.0461538461538461,0.0789473684210526,0.2524271844660194,0.2,0.3421052631578947
20,95,10,resample_pointwise,0.7,0.7347538574577517,33.80757757388819,21,21.0,24.0,0.0677966101694915,0.0952380952380952,0.0526315789473684,0.0677966101694915,0.0952380952380952,0.0526315789473684,0.2372881355932203,0.3333333333333333,0.1842105263157894
20,95,10,resample_pointwise,0.75,0.7347538574577517,36.1743921833649,10,17.5,25.5,0.0833333333333333,0.2,0.0526315789473684,0.0833333333333333,0.2,0.0526315789473684,0.1666666666666666,0.4,0.1052631578947368
20,95,10,resample_pointwise,0.8,0.7347538574577517,38.90487402283203,5,12.0,12.0,0.0,0.0,0.0,0.0465116279069767,0.2,0.0263157894736842,0.0930232558139534,0.4,0.0526315789473684
20,95,10,resample_pointwise,0.85,0.7347538574577517,42.18693582367176,0,,,0.0,0.0,0.0,0.0,0.0,0.0,0.0,0.0,0.0
20,95,10,resample_pointwise,0.9,0.7347538574577517,46.41904725861239,0,,,0.0,0.0,0.0,0.0,0.0,0.0,0.0,0.0,0.0
20,95,10,resample_pointwise,0.925,0.7347538574577517,49.18091248445021,0,,,0.0,0.0,0.0,0.0,0.0,0.0,0.0,0.0,0.0
20,95,10,resample_pointwise,0.95,0.7347538574577517,52.77635439246841,0,,,0.0,0.0,0.0,0.0,0.0,0.0,0.0,0.0,0.0
20,95,10,resample_pointwise,0.975,0.7347538574577517,58.32299683155109,0,,,0.0,0.0,0.0,0.0,0.0,0.0,0.0,0.0,0.0
20,95,10,resample_pointwise,0.99,0.7347538574577517,64.73435773986449,0,,,0.0,0.0,0.0,0.0,0.0,0.0,0.0,0.0,0.0
20,95,25,baseline,0.5,0.7347538574577517,11.419501969641711,240,-76.0,76.0,0.0935251798561151,0.0541666666666666,0.3421052631578947,0.1294964028776978,0.075,0.4736842105263157,0.1798561151079137,0.1041666666666666,0.6578947368421053
20,95,25,baseline,0.6,0.7347538574577517,13.823841974180947,209,-54.0,54.0,0.1133603238866396,0.0669856459330143,0.3684210526315789,0.1700404858299595,0.1004784688995215,0.5526315789473685,0.242914979757085,0.1435406698564593,0.7894736842105263
20,95,25,baseline,0.7,0.7347538574577517,16.777816653968987,138,-24.5,33.5,0.1249999999999999,0.0797101449275362,0.2894736842105263,0.1704545454545454,0.108695652173913,0.3947368421052631,0.3409090909090909,0.217391304347826,0.7894736842105263
20,95,25,baseline,0.75,0.7347538574577517,18.98719683484762,98,8.0,26.0,0.088235294117647,0.0612244897959183,0.1578947368421052,0.1764705882352941,0.1224489795918367,0.3157894736842105,0.3529411764705882,0.2448979591836734,0.631578947368421
20,95,25,baseline,0.8,0.7347538574577517,22.166962431204308,92,21.0,24.0,0.0769230769230769,0.0543478260869565,0.131578947368421,0.1384615384615384,0.0978260869565217,0.2368421052631578,0.4153846153846154,0.2934782608695652,0.7105263157894737
20,95,25,baseline,0.85,0.7347538574577517,25.41379574640025,104,28.0,28.0,0.0422535211267605,0.0288461538461538,0.0789473684210526,0.0704225352112676,0.048076923076923,0.131578947368421,0.4225352112676055,0.2884615384615384,0.7894736842105263
20,95,25,baseline,0.9,0.7347538574577517,28.33894691723144,120,31.0,31.0,0.0253164556962025,0.0166666666666666,0.0526315789473684,0.050632911392405,0.0333333333333333,0.1052631578947368,0.2658227848101266,0.175,0.5526315789473685
20,95,25,baseline,0.925,0.7347538574577517,29.75140020877974,100,32.0,32.0,0.0289855072463768,0.02,0.0526315789473684,0.0579710144927536,0.04,0.1052631578947368,0.289855072463768,0.2,0.5263157894736842
20,95,25,baseline,0.95,0.7347538574577517,31.40585366698254,77,32.0,32.0,0.017391304347826,0.0129870129870129,0.0263157894736842,0.017391304347826,0.0129870129870129,0.0263157894736842,0.2260869565217391,0.1688311688311688,0.3421052631578947
20,95,25,baseline,0.975,0.7347538574577517,33.673462250327205,46,27.5,27.5,0.0,0.0,0.0,0.0238095238095238,0.0217391304347826,0.0263157894736842,0.238095238095238,0.217391304347826,0.2631578947368421
20,95,25,baseline,0.99,0.7347538574577517,35.77879791743765,16,34.5,34.5,0.0,0.0,0.0,0.037037037037037,0.0625,0.0263157894736842,0.1481481481481481,0.25,0.1052631578947368
20,95,25,resample_pointwise,0.5,0.7347538574577517,17.87042079037669,108,-3.0,28.5,0.1232876712328767,0.0833333333333333,0.2368421052631578,0.1780821917808219,0.1203703703703703,0.3421052631578947,0.3835616438356165,0.2592592592592592,0.7368421052631579
20,95,25,resample_pointwise,0.6,0.7347538574577517,19.998385864429,94,11.0,22.5,0.106060606060606,0.0744680851063829,0.1842105263157894,0.2121212121212121,0.1489361702127659,0.3684210526315789,0.393939393939394,0.2765957446808511,0.6842105263157895
20,95,25,resample_pointwise,0.7,0.7347538574577517,22.612619829632745,104,22.0,24.0,0.0845070422535211,0.0576923076923076,0.1578947368421052,0.1690140845070422,0.1153846153846153,0.3157894736842105,0.4084507042253521,0.2788461538461538,0.7631578947368421
20,95,25,resample_pointwise,0.75,0.7347538574577517,24.183385868810127,103,25.0,25.0,0.0709219858156028,0.0485436893203883,0.131578947368421,0.1134751773049645,0.0776699029126213,0.2105263157894736,0.4113475177304964,0.2815533980582524,0.7631578947368421
20,95,25,resample_pointwise,0.8,0.7347538574577517,26.039453471151983,113,29.0,29.0,0.0397350993377483,0.0265486725663716,0.0789473684210526,0.0662251655629139,0.0442477876106194,0.131578947368421,0.3443708609271523,0.2300884955752212,0.6842105263157895
20,95,25,resample_pointwise,0.85,0.7347538574577517,28.29366064098546,117,31.0,31.0,0.0258064516129032,0.017094017094017,0.0526315789473684,0.0516129032258064,0.0341880341880341,0.1052631578947368,0.2709677419354838,0.1794871794871795,0.5526315789473685
20,95,25,resample_pointwise,0.9,0.7347538574577517,31.242138899728523,73,32.0,32.0,0.018018018018018,0.0136986301369863,0.0263157894736842,0.018018018018018,0.0136986301369863,0.0263157894736842,0.2342342342342342,0.1780821917808219,0.3421052631578947
20,95,25,resample_pointwise,0.925,0.7347538574577517,33.195504390140066,52,27.0,27.0,0.0,0.0,0.0,0.0222222222222222,0.0192307692307692,0.0263157894736842,0.2666666666666666,0.2307692307692307,0.3157894736842105
20,95,25,resample_pointwise,0.95,0.7347538574577517,35.76138874172145,16,34.5,34.5,0.0,0.0,0.0,0.037037037037037,0.0625,0.0263157894736842,0.1481481481481481,0.25,0.1052631578947368
20,95,25,resample_pointwise,0.975,0.7347538574577517,39.75405480231296,0,,,0.0,0.0,0.0,0.0,0.0,0.0,0.0,0.0,0.0
20,95,25,resample_pointwise,0.99,0.7347538574577517,44.34693475160802,0,,,0.0,0.0,0.0,0.0,0.0,0.0,0.0,0.0,0.0
20,95,50,baseline,0.5,0.7347538574577517,9.805852852529457,127,-60.0,60.0,0.1818181818181818,0.1181102362204724,0.3947368421052631,0.2424242424242423,0.1574803149606299,0.5263157894736842,0.3757575757575757,0.2440944881889764,0.8157894736842105
20,95,50,baseline,0.6,0.7347538574577517,12.769467667404326,61,-10.0,20.0,0.2828282828282828,0.2295081967213114,0.3684210526315789,0.3838383838383838,0.3114754098360656,0.5,0.6060606060606061,0.4918032786885246,0.7894736842105263
20,95,50,baseline,0.7,0.7347538574577517,23.773311811668275,46,4.0,8.0,0.380952380952381,0.3478260869565217,0.4210526315789473,0.5238095238095238,0.4782608695652174,0.5789473684210527,0.6904761904761905,0.6304347826086957,0.7631578947368421
20,95,50,baseline,0.75,0.7347538574577517,30.868447157232136,39,11.0,11.0,0.2077922077922078,0.2051282051282051,0.2105263157894736,0.3636363636363636,0.358974358974359,0.3684210526315789,0.7272727272727273,0.717948717948718,0.7368421052631579
20,95,50,baseline,0.8,0.7347538574577517,38.92246960917552,40,26.5,26.5,0.0256410256410256,0.025,0.0263157894736842,0.1282051282051282,0.125,0.131578947368421,0.4615384615384615,0.45,0.4736842105263157
20,95,50,baseline,0.85,0.7347538574577517,44.37605177998616,48,31.5,31.5,0.0,0.0,0.0,0.0,0.0,0.0,0.3023255813953488,0.2708333333333333,0.3421052631578947
20,95,50,baseline,0.9,0.7347538574577517,48.74280951230582,42,34.0,34.0,0.0,0.0,0.0,0.0,0.0,0.0,0.2,0.1904761904761904,0.2105263157894736
20,95,50,baseline,0.925,0.7347538574577517,50.72270928551928,47,35.0,35.0,0.0,0.0,0.0,0.0,0.0,0.0,0.1176470588235294,0.1063829787234042,0.131578947368421
20,95,50,baseline,0.95,0.7347538574577517,52.99855761762938,35,39.0,39.0,0.0,0.0,0.0,0.0,0.0,0.0,0.0547945205479452,0.0571428571428571,0.0526315789473684
20,95,50,baseline,0.975,0.7347538574577517,54.9921110782896,33,42.0,42.0,0.0,0.0,0.0,0.0,0.0,0.0,0.056338028169014,0.0606060606060606,0.0526315789473684
20,95,50,baseline,0.99,0.7347538574577517,57.3085450338981,15,42.0,42.0,0.0,0.0,0.0,0.0,0.0,0.0,0.0,0.0,0.0
20,95,50,resample_pointwise,0.5,0.7347538574577517,13.09389211967272,64,-11.5,19.5,0.2745098039215686,0.21875,0.3684210526315789,0.3725490196078431,0.296875,0.5,0.5882352941176471,0.46875,0.7894736842105263
20,95,50,resample_pointwise,0.6,0.7347538574577517,14.572943681342815,47,0.0,14.0,0.3294117647058823,0.2978723404255319,0.3684210526315789,0.4470588235294117,0.4042553191489361,0.5,0.7058823529411764,0.6382978723404256,0.7894736842105263
20,95,50,resample_pointwise,0.7,0.7347538574577517,16.399245591038607,42,2.0,11.0,0.35,0.3333333333333333,0.3684210526315789,0.475,0.4523809523809524,0.5,0.725,0.6904761904761905,0.7631578947368421
20,95,50,resample_pointwise,0.75,0.7347538574577517,17.518882100097045,39,3.0,10.0,0.3896103896103896,0.3846153846153846,0.3947368421052631,0.5194805194805194,0.5128205128205128,0.5263157894736842,0.7532467532467534,0.7435897435897436,0.7631578947368421
20,95,50,resample_pointwise,0.8,0.7347538574577517,18.852485927566267,38,3.5,10.0,0.3947368421052631,0.3947368421052631,0.3947368421052631,0.5263157894736842,0.5263157894736842,0.5263157894736842,0.7631578947368421,0.7631578947368421,0.7631578947368421
20,95,50,resample_pointwise,0.85,0.7347538574577517,20.504673216886747,38,4.0,6.0,0.4210526315789473,0.4210526315789473,0.4210526315789473,0.5789473684210527,0.5789473684210527,0.5789473684210527,0.7894736842105263,0.7894736842105263,0.7894736842105263
20,95,50,resample_pointwise,0.9,0.7347538574577517,22.684560488335748,47,3.0,10.0,0.4,0.3617021276595745,0.4473684210526316,0.5411764705882353,0.4893617021276595,0.6052631578947368,0.7764705882352942,0.7021276595744681,0.868421052631579
20,95,50,resample_pointwise,0.925,0.7347538574577517,24.124272455191,43,6.0,8.0,0.3950617283950617,0.3720930232558139,0.4210526315789473,0.5432098765432098,0.5116279069767442,0.5789473684210527,0.7160493827160495,0.6744186046511628,0.7631578947368421
20,95,50,resample_pointwise,0.95,0.7347538574577517,26.069414994896828,41,7.0,10.0,0.3544303797468354,0.3414634146341463,0.3684210526315789,0.4810126582278481,0.4634146341463415,0.5,0.7341772151898733,0.7073170731707317,0.7631578947368421
20,95,50,resample_pointwise,0.975,0.7347538574577517,29.054821635957644,41,11.0,11.0,0.2784810126582278,0.2682926829268293,0.2894736842105263,0.4050632911392405,0.3902439024390244,0.4210526315789473,0.7341772151898733,0.7073170731707317,0.7631578947368421
20,95,50,resample_pointwise,0.99,0.7347538574577517,32.50425689863919,38,12.0,12.0,0.1578947368421052,0.1578947368421052,0.1578947368421052,0.3157894736842105,0.3157894736842105,0.3157894736842105,0.6842105263157895,0.6842105263157895,0.6842105263157895
20,95,100,baseline,0.5,0.7347538574577517,19.827962246471746,36,-14.0,15.0,0.1081081081081081,0.1111111111111111,0.1052631578947368,0.3513513513513513,0.3611111111111111,0.3421052631578947,0.7297297297297298,0.75,0.7105263157894737
20,95,100,baseline,0.6,0.7347538574577517,34.39463738874723,36,-9.5,10.5,0.2432432432432432,0.25,0.2368421052631578,0.4864864864864865,0.5,0.4736842105263157,0.9459459459459458,0.9722222222222222,0.9210526315789472
20,95,100,baseline,0.7,0.7347538574577517,50.75759981059054,36,2.5,5.0,0.5135135135135136,0.5277777777777778,0.5,0.6756756756756757,0.6944444444444444,0.6578947368421053,0.918918918918919,0.9444444444444444,0.8947368421052632
20,95,100,baseline,0.75,0.7347538574577517,58.539204755550166,36,11.0,11.0,0.2702702702702702,0.2777777777777778,0.2631578947368421,0.4324324324324324,0.4444444444444444,0.4210526315789473,0.8378378378378377,0.8611111111111112,0.8157894736842105
20,95,100,baseline,0.8,0.7347538574577517,65.52450384157882,37,19.0,19.0,0.0,0.0,0.0,0.08,0.081081081081081,0.0789473684210526,0.7466666666666667,0.7567567567567568,0.7368421052631579
20,95,100,baseline,0.85,0.7347538574577517,71.00960917207796,36,27.0,27.0,0.0,0.0,0.0,0.0,0.0,0.0,0.4324324324324324,0.4444444444444444,0.4210526315789473
20,95,100,baseline,0.9,0.7347538574577517,74.65698434794555,40,36.5,36.5,0.0,0.0,0.0,0.0,0.0,0.0,0.0769230769230769,0.075,0.0789473684210526
20,95,100,baseline,0.925,0.7347538574577517,75.95552419538004,47,40.0,40.0,0.0,0.0,0.0,0.0,0.0,0.0,0.0705882352941176,0.0638297872340425,0.0789473684210526
20,95,100,baseline,0.95,0.7347538574577517,77.24855761236327,34,39.0,39.0,0.0,0.0,0.0,0.0,0.0,0.0,0.0,0.0,0.0
20,95,100,baseline,0.975,0.7347538574577517,78.66415024323207,18,39.0,39.0,0.0,0.0,0.0,0.0,0.0,0.0,0.0357142857142857,0.0555555555555555,0.0263157894736842
20,95,100,baseline,0.99,0.7347538574577517,80.26935605743937,9,44.0,44.0,0.0,0.0,0.0,0.0,0.0,0.0,0.0,0.0,0.0
20,95,100,resample_pointwise,0.5,0.7347538574577517,9.591109083813484,53,-33.0,33.0,0.0439560439560439,0.0377358490566037,0.0526315789473684,0.2197802197802197,0.1886792452830188,0.2631578947368421,0.5054945054945055,0.4339622641509434,0.6052631578947368
20,95,100,resample_pointwise,0.6,0.7347538574577517,10.617422055229053,47,-25.0,25.0,0.0705882352941176,0.0638297872340425,0.0789473684210526,0.2588235294117647,0.2340425531914893,0.2894736842105263,0.5647058823529411,0.5106382978723404,0.631578947368421
20,95,100,resample_pointwise,0.7,0.7347538574577517,11.895471404418,39,-21.0,21.0,0.0779220779220779,0.0769230769230769,0.0789473684210526,0.2857142857142857,0.282051282051282,0.2894736842105263,0.6233766233766234,0.6153846153846154,0.631578947368421
20,95,100,resample_pointwise,0.75,0.7347538574577517,12.685835560346588,37,-18.0,18.0,0.08,0.081081081081081,0.0789473684210526,0.2933333333333333,0.2972972972972973,0.2894736842105263,0.6666666666666667,0.6756756756756757,0.6578947368421053
20,95,100,resample_pointwise,0.8,0.7347538574577517,13.635887382240268,38,-18.5,18.5,0.0789473684210526,0.0789473684210526,0.0789473684210526,0.2894736842105263,0.2894736842105263,0.2894736842105263,0.6578947368421053,0.6578947368421053,0.6578947368421053
20,95,100,resample_pointwise,0.85,0.7347538574577517,14.828276696399609,36,-17.0,17.0,0.081081081081081,0.0833333333333333,0.0789473684210526,0.2972972972972973,0.3055555555555556,0.2894736842105263,0.6756756756756757,0.6944444444444444,0.6578947368421053
20,95,100,resample_pointwise,0.9,0.7347538574577517,16.42165788998898,37,-16.0,16.0,0.1066666666666666,0.1081081081081081,0.1052631578947368,0.32,0.3243243243243243,0.3157894736842105,0.6933333333333334,0.7027027027027027,0.6842105263157895
20,95,100,resample_pointwise,0.925,0.7347538574577517,17.504715107800163,38,-17.0,17.0,0.1052631578947368,0.1052631578947368,0.1052631578947368,0.3157894736842105,0.3157894736842105,0.3157894736842105,0.6842105263157895,0.6842105263157895,0.6842105263157895
20,95,100,resample_pointwise,0.95,0.7347538574577517,18.93390010557931,38,-15.0,16.0,0.1052631578947368,0.1052631578947368,0.1052631578947368,0.3421052631578947,0.3421052631578947,0.3421052631578947,0.7105263157894737,0.7105263157894737,0.7105263157894737
20,95,100,resample_pointwise,0.975,0.7347538574577517,21.15562956230148,36,-14.0,15.0,0.1081081081081081,0.1111111111111111,0.1052631578947368,0.3513513513513513,0.3611111111111111,0.3421052631578947,0.7297297297297298,0.75,0.7105263157894737
20,95,100,resample_pointwise,0.99,0.7347538574577517,23.769706899180964,36,-14.0,15.0,0.1081081081081081,0.1111111111111111,0.1052631578947368,0.3513513513513513,0.3611111111111111,0.3421052631578947,0.7837837837837838,0.8055555555555556,0.7631578947368421
20,100,10,baseline,0.5,0.7246376811594203,13.222749283754254,729,-35.0,44.0,0.0704041720990873,0.037037037037037,0.7105263157894737,0.0886571056062581,0.046639231824417,0.8947368421052632,0.0990873533246414,0.0521262002743484,1.0
20,100,10,baseline,0.6,0.7246376811594203,14.825760052009938,662,-33.5,45.0,0.0685714285714285,0.0362537764350453,0.631578947368421,0.0942857142857142,0.0498489425981873,0.868421052631579,0.1085714285714285,0.0574018126888217,1.0
20,100,10,baseline,0.7,0.7246376811594203,16.576780703632014,523,-29.0,40.0,0.0606060606060606,0.0325047801147227,0.4473684210526316,0.106951871657754,0.0573613766730401,0.7894736842105263,0.1283422459893048,0.0688336520076481,0.9473684210526316
20,100,10,baseline,0.75,0.7246376811594203,17.783034901990806,452,-24.5,38.5,0.0693877551020408,0.0376106194690265,0.4473684210526316,0.1142857142857143,0.0619469026548672,0.7368421052631579,0.1428571428571428,0.077433628318584,0.9210526315789472
20,100,10,baseline,0.8,0.7246376811594203,19.07546545716478,389,-23.0,38.0,0.0655737704918032,0.0359897172236503,0.3684210526315789,0.1217798594847775,0.0668380462724935,0.6842105263157895,0.1639344262295081,0.0899742930591259,0.9210526315789472
20,100,10,baseline,0.85,0.7246376811594203,20.51808246517578,321,-19.0,36.0,0.0612813370473537,0.0342679127725856,0.2894736842105263,0.1225626740947075,0.0685358255451713,0.5789473684210527,0.1782729805013927,0.0996884735202492,0.8421052631578947
20,100,10,baseline,0.9,0.7246376811594203,22.792949612583065,213,-8.0,34.0,0.0717131474103585,0.0422535211267605,0.2368421052631578,0.1274900398406374,0.0751173708920187,0.4210526315789473,0.247011952191235,0.1455399061032863,0.8157894736842105
20,100,10,baseline,0.925,0.7246376811594203,24.33689029709329,168,-8.0,35.0,0.0679611650485436,0.0416666666666666,0.1842105263157894,0.1359223300970873,0.0833333333333333,0.3684210526315789,0.2718446601941747,0.1666666666666666,0.7368421052631579
20,100,10,baseline,0.95,0.7246376811594203,26.12753846542348,111,7.0,32.0,0.0536912751677852,0.036036036036036,0.1052631578947368,0.1342281879194631,0.09009009009009,0.2631578947368421,0.2953020134228188,0.1981981981981982,0.5789473684210527
20,100,10,baseline,0.975,0.7246376811594203,29.28775331500491,56,8.5,32.0,0.0212765957446808,0.0178571428571428,0.0263157894736842,0.1063829787234042,0.0892857142857142,0.131578947368421,0.2340425531914893,0.1964285714285714,0.2894736842105263
20,100,10,baseline,0.99,0.7246376811594203,33.836364949438526,29,9.0,30.0,0.0,0.0,0.0,0.0597014925373134,0.0689655172413793,0.0526315789473684,0.1194029850746268,0.1379310344827586,0.1052631578947368
20,100,10,resample_pointwise,0.5,0.7246376811594203,26.291481956718837,104,6.0,32.0,0.056338028169014,0.0384615384615384,0.1052631578947368,0.1408450704225352,0.0961538461538461,0.2631578947368421,0.2535211267605634,0.173076923076923,0.4736842105263157
20,100,10,resample_pointwise,0.6,0.7246376811594203,29.54583179007428,54,8.5,32.0,0.0217391304347826,0.0185185185185185,0.0263157894736842,0.108695652173913,0.0925925925925925,0.131578947368421,0.217391304347826,0.1851851851851851,0.2631578947368421
20,100,10,resample_pointwise,0.7,0.7246376811594203,33.43922550193197,29,9.0,30.0,0.0,0.0,0.0,0.0597014925373134,0.0689655172413793,0.0526315789473684,0.1194029850746268,0.1379310344827586,0.1052631578947368
20,100,10,resample_pointwise,0.75,0.7246376811594203,35.762970048038895,12,-7.0,34.0,0.0,0.0,0.0,0.04,0.0833333333333333,0.0263157894736842,0.08,0.1666666666666666,0.0526315789473684
20,100,10,resample_pointwise,0.8,0.7246376811594203,38.47649498861576,1,10.0,10.0,0.0,0.0,0.0,0.0512820512820512,1.0,0.0263157894736842,0.0512820512820512,1.0,0.0263157894736842
20,100,10,resample_pointwise,0.85,0.7246376811594203,41.70265646139075,0,,,0.0,0.0,0.0,0.0,0.0,0.0,0.0,0.0,0.0
20,100,10,resample_pointwise,0.9,0.7246376811594203,45.8663181741713,0,,,0.0,0.0,0.0,0.0,0.0,0.0,0.0,0.0,0.0
20,100,10,resample_pointwise,0.925,0.7246376811594203,48.58420558017704,0,,,0.0,0.0,0.0,0.0,0.0,0.0,0.0,0.0,0.0
20,100,10,resample_pointwise,0.95,0.7246376811594203,52.18074793483207,0,,,0.0,0.0,0.0,0.0,0.0,0.0,0.0,0.0,0.0
20,100,10,resample_pointwise,0.975,0.7246376811594203,57.66545619727016,0,,,0.0,0.0,0.0,0.0,0.0,0.0,0.0,0.0,0.0
20,100,10,resample_pointwise,0.99,0.7246376811594203,64.06927283489425,0,,,0.0,0.0,0.0,0.0,0.0,0.0,0.0,0.0,0.0
20,100,25,baseline,0.5,0.7246376811594203,11.40479815176851,272,-56.0,56.0,0.0838709677419354,0.0477941176470588,0.3421052631578947,0.1290322580645161,0.0735294117647058,0.5263157894736842,0.1999999999999999,0.1139705882352941,0.8157894736842105
20,100,25,baseline,0.6,0.7246376811594203,13.48758892057382,208,-40.0,45.0,0.1219512195121951,0.0721153846153846,0.3947368421052631,0.1707317073170731,0.1009615384615384,0.5526315789473685,0.2357723577235772,0.1394230769230769,0.7631578947368421
20,100,25,baseline,0.7,0.7246376811594203,16.640628707939324,129,-4.0,35.0,0.1317365269461078,0.0852713178294573,0.2894736842105263,0.251497005988024,0.1627906976744186,0.5526315789473685,0.3592814371257485,0.2325581395348837,0.7894736842105263
20,100,25,baseline,0.75,0.7246376811594203,18.773202880859422,125,12.0,27.0,0.0981595092024539,0.064,0.2105263157894736,0.2453987730061349,0.16,0.5263157894736842,0.3803680981595092,0.248,0.8157894736842105
20,100,25,baseline,0.8,0.7246376811594203,21.09616781382258,128,23.0,25.0,0.072289156626506,0.046875,0.1578947368421052,0.2289156626506024,0.1484375,0.5,0.3493975903614458,0.2265625,0.7631578947368421
20,100,25,baseline,0.85,0.7246376811594203,23.65462259691845,128,28.5,30.0,0.0481927710843373,0.03125,0.1052631578947368,0.1566265060240964,0.1015625,0.3421052631578947,0.3253012048192771,0.2109375,0.7105263157894737
20,100,25,baseline,0.9,0.7246376811594203,26.55983937630816,98,25.0,25.0,0.0147058823529411,0.010204081632653,0.0263157894736842,0.1323529411764706,0.0918367346938775,0.2368421052631578,0.3676470588235294,0.2551020408163265,0.6578947368421053
20,100,25,baseline,0.925,0.7246376811594203,28.18341039907189,81,27.0,27.0,0.0168067226890756,0.0123456790123456,0.0263157894736842,0.1008403361344537,0.074074074074074,0.1578947368421052,0.2857142857142857,0.2098765432098765,0.4473684210526316
20,100,25,baseline,0.95,0.7246376811594203,30.618742360676624,72,30.0,30.0,0.0181818181818181,0.0138888888888888,0.0263157894736842,0.0181818181818181,0.0138888888888888,0.0263157894736842,0.2,0.1527777777777778,0.2894736842105263
20,100,25,baseline,0.975,0.7246376811594203,33.303355374705696,44,29.0,29.0,0.024390243902439,0.0227272727272727,0.0263157894736842,0.024390243902439,0.0227272727272727,0.0263157894736842,0.1951219512195122,0.1818181818181818,0.2105263157894736
20,100,25,baseline,0.99,0.7246376811594203,36.01104986046755,16,28.0,28.0,0.0,0.0,0.0,0.0,0.0,0.0,0.1481481481481481,0.25,0.1052631578947368
20,100,25,resample_pointwise,0.5,0.7246376811594203,17.86893297841739,135,7.0,27.0,0.1271676300578035,0.0814814814814814,0.2894736842105263,0.254335260115607,0.1629629629629629,0.5789473684210527,0.3352601156069364,0.2148148148148148,0.7631578947368421
20,100,25,resample_pointwise,0.6,0.7246376811594203,19.93017476241269,132,15.0,24.0,0.0823529411764705,0.053030303030303,0.1842105263157894,0.2235294117647059,0.1439393939393939,0.5,0.3764705882352941,0.2424242424242424,0.8421052631578947
20,100,25,resample_pointwise,0.7,0.7246376811594203,22.42248884059655,138,24.0,26.0,0.0568181818181818,0.036231884057971,0.131578947368421,0.1818181818181818,0.1159420289855072,0.4210526315789473,0.3409090909090909,0.217391304347826,0.7894736842105263
20,100,25,resample_pointwise,0.75,0.7246376811594203,23.924311338536576,115,29.0,30.0,0.0522875816993464,0.0347826086956521,0.1052631578947368,0.1699346405228758,0.1130434782608695,0.3421052631578947,0.3398692810457516,0.2260869565217391,0.6842105263157895
20,100,25,resample_pointwise,0.8,0.7246376811594203,25.675791569536752,97,28.0,28.0,0.0296296296296296,0.0206185567010309,0.0526315789473684,0.1481481481481481,0.1030927835051546,0.2631578947368421,0.3407407407407408,0.2371134020618556,0.6052631578947368
20,100,25,resample_pointwise,0.85,0.7246376811594203,27.829683900939724,82,28.5,28.5,0.0166666666666666,0.0121951219512195,0.0263157894736842,0.0999999999999999,0.073170731707317,0.1578947368421052,0.2833333333333333,0.2073170731707317,0.4473684210526316
20,100,25,resample_pointwise,0.9,0.7246376811594203,30.656028996007084,74,30.0,30.0,0.0178571428571428,0.0135135135135135,0.0263157894736842,0.0178571428571428,0.0135135135135135,0.0263157894736842,0.2142857142857142,0.1621621621621621,0.3157894736842105
20,100,25,resample_pointwise,0.925,0.7246376811594203,32.53305327649085,51,30.0,30.0,0.0224719101123595,0.0196078431372549,0.0263157894736842,0.0224719101123595,0.0196078431372549,0.0263157894736842,0.2022471910112359,0.1764705882352941,0.2368421052631578
20,100,25,resample_pointwise,0.95,0.7246376811594203,35.03459128069628,31,30.0,30.0,0.0,0.0,0.0,0.0,0.0,0.0,0.144927536231884,0.1612903225806451,0.131578947368421
20,100,25,resample_pointwise,0.975,0.7246376811594203,38.91461409403139,6,26.5,26.5,0.0,0.0,0.0,0.0,0.0,0.0,0.0909090909090909,0.3333333333333333,0.0526315789473684
20,100,25,resample_pointwise,0.99,0.7246376811594203,43.35993061670941,0,,,0.0,0.0,0.0,0.0,0.0,0.0,0.0,0.0,0.0
20,100,50,baseline,0.5,0.7246376811594203,10.34577583241677,137,-53.0,53.0,0.08,0.0510948905109489,0.1842105263157894,0.16,0.1021897810218978,0.3684210526315789,0.3314285714285714,0.2116788321167883,0.7631578947368421
20,100,50,baseline,0.6,0.7246376811594203,13.52762717507616,63,-16.0,25.0,0.1386138613861386,0.1111111111111111,0.1842105263157894,0.297029702970297,0.238095238095238,0.3947368421052631,0.5742574257425742,0.4603174603174603,0.7631578947368421
20,100,50,baseline,0.7,0.7246376811594203,23.84740303220084,42,8.5,9.5,0.225,0.2142857142857142,0.2368421052631578,0.5,0.4761904761904761,0.5263157894736842,0.6749999999999999,0.6428571428571429,0.7105263157894737
20,100,50,baseline,0.75,0.7246376811594203,30.83954093252278,39,17.0,17.0,0.1038961038961039,0.1025641025641025,0.1052631578947368,0.3116883116883117,0.3076923076923077,0.3157894736842105,0.6233766233766234,0.6153846153846154,0.631578947368421
20,100,50,baseline,0.8,0.7246376811594203,37.677223764789375,47,29.0,29.0,0.0,0.0,0.0,0.0470588235294117,0.0425531914893617,0.0526315789473684,0.3764705882352941,0.3404255319148936,0.4210526315789473
20,100,50,baseline,0.85,0.7246376811594203,41.54728777273149,45,33.0,33.0,0.0,0.0,0.0,0.0240963855421686,0.0222222222222222,0.0263157894736842,0.2891566265060241,0.2666666666666666,0.3157894736842105
20,100,50,baseline,0.9,0.7246376811594203,45.34906041939989,54,33.5,33.5,0.0,0.0,0.0,0.0,0.0,0.0,0.217391304347826,0.1851851851851851,0.2631578947368421
20,100,50,baseline,0.925,0.7246376811594203,47.41743135078576,48,37.0,37.0,0.0,0.0,0.0,0.0,0.0,0.0,0.1395348837209302,0.125,0.1578947368421052
20,100,50,baseline,0.95,0.7246376811594203,49.40329865701424,40,38.0,38.0,0.0,0.0,0.0,0.0,0.0,0.0,0.0769230769230769,0.075,0.0789473684210526
20,100,50,baseline,0.975,0.7246376811594203,52.065823645689576,33,41.0,41.0,0.0,0.0,0.0,0.0,0.0,0.0,0.056338028169014,0.0606060606060606,0.0526315789473684
20,100,50,baseline,0.99,0.7246376811594203,54.268943112263,14,42.5,42.5,0.0,0.0,0.0,0.0,0.0,0.0,0.0,0.0,0.0
20,100,50,resample_pointwise,0.5,0.7246376811594203,13.250169145499834,73,-23.0,27.0,0.1261261261261261,0.0958904109589041,0.1842105263157894,0.2702702702702702,0.2054794520547945,0.3947368421052631,0.5405405405405405,0.410958904109589,0.7894736842105263
20,100,50,resample_pointwise,0.6,0.7246376811594203,14.685675976862074,52,2.0,18.0,0.1999999999999999,0.173076923076923,0.2368421052631578,0.4222222222222221,0.3653846153846153,0.5,0.6444444444444444,0.5576923076923077,0.7631578947368421
20,100,50,resample_pointwise,0.7,0.7246376811594203,16.432844606531233,45,5.0,13.0,0.216867469879518,0.2,0.2368421052631578,0.4578313253012048,0.4222222222222222,0.5,0.6746987951807228,0.6222222222222222,0.7368421052631579
20,100,50,resample_pointwise,0.75,0.7246376811594203,17.488118957645746,47,5.0,13.0,0.2117647058823529,0.1914893617021276,0.2368421052631578,0.4705882352941176,0.425531914893617,0.5263157894736842,0.6588235294117647,0.5957446808510638,0.7368421052631579
20,100,50,resample_pointwise,0.8,0.7246376811594203,18.74425208029344,43,7.0,11.0,0.2222222222222222,0.2093023255813953,0.2368421052631578,0.5185185185185185,0.4883720930232558,0.5526315789473685,0.7160493827160495,0.6744186046511628,0.7631578947368421
20,100,50,resample_pointwise,0.85,0.7246376811594203,20.305858724735213,39,9.0,12.0,0.2597402597402597,0.2564102564102564,0.2631578947368421,0.4675324675324675,0.4615384615384615,0.4736842105263157,0.7272727272727273,0.717948717948718,0.7368421052631579
20,100,50,resample_pointwise,0.9,0.7246376811594203,22.381078732101507,41,9.0,12.0,0.2531645569620253,0.2439024390243902,0.2631578947368421,0.4810126582278481,0.4634146341463415,0.5,0.7088607594936709,0.6829268292682927,0.7368421052631579
20,100,50,resample_pointwise,0.925,0.7246376811594203,23.77286907783532,43,8.0,10.0,0.2222222222222222,0.2093023255813953,0.2368421052631578,0.4938271604938271,0.4651162790697674,0.5263157894736842,0.6666666666666666,0.627906976744186,0.7105263157894737
20,100,50,resample_pointwise,0.95,0.7246376811594203,25.61888505240917,41,12.0,13.0,0.2025316455696202,0.1951219512195122,0.2105263157894736,0.430379746835443,0.4146341463414634,0.4473684210526316,0.6329113924050632,0.6097560975609756,0.6578947368421053
20,100,50,resample_pointwise,0.975,0.7246376811594203,28.50915883558572,40,15.0,15.0,0.1282051282051282,0.125,0.131578947368421,0.3333333333333333,0.325,0.3421052631578947,0.6410256410256411,0.625,0.6578947368421053
20,100,50,resample_pointwise,0.99,0.7246376811594203,31.95637526855035,36,21.0,21.0,0.027027027027027,0.0277777777777777,0.0263157894736842,0.2162162162162162,0.2222222222222222,0.2105263157894736,0.5675675675675677,0.5833333333333334,0.5526315789473685
20,100,100,baseline,0.5,0.7246376811594203,20.93462061500542,36,-5.0,9.0,0.3243243243243243,0.3333333333333333,0.3157894736842105,0.5405405405405405,0.5555555555555556,0.5263157894736842,0.7567567567567567,0.7777777777777778,0.7368421052631579
20,100,100,baseline,0.6,0.7246376811594203,33.54064057533739,36,-3.5,7.5,0.3513513513513513,0.3611111111111111,0.3421052631578947,0.6486486486486486,0.6666666666666666,0.631578947368421,0.918918918918919,0.9444444444444444,0.8947368421052632
20,100,100,baseline,0.7,0.7246376811594203,48.878602493847374,36,8.5,8.5,0.4054054054054054,0.4166666666666667,0.3947368421052631,0.6216216216216216,0.6388888888888888,0.6052631578947368,0.8918918918918918,0.9166666666666666,0.868421052631579
20,100,100,baseline,0.75,0.7246376811594203,56.54366161000109,37,14.0,14.0,0.1333333333333333,0.1351351351351351,0.131578947368421,0.3733333333333333,0.3783783783783784,0.3684210526315789,0.8533333333333334,0.8648648648648649,0.8421052631578947
20,100,100,baseline,0.8,0.7246376811594203,62.95183968273937,37,20.0,20.0,0.0,0.0,0.0,0.08,0.081081081081081,0.0789473684210526,0.6933333333333334,0.7027027027027027,0.6842105263157895
20,100,100,baseline,0.85,0.7246376811594203,67.74662829347673,44,28.0,28.0,0.0,0.0,0.0,0.0,0.0,0.0,0.3658536585365853,0.3409090909090909,0.3947368421052631
20,100,100,baseline,0.9,0.7246376811594203,71.42078043216998,31,31.0,31.0,0.0,0.0,0.0,0.0,0.0,0.0,0.0579710144927536,0.064516129032258,0.0526315789473684
20,100,100,baseline,0.925,0.7246376811594203,73.29906930519783,35,33.0,33.0,0.0,0.0,0.0,0.0,0.0,0.0,0.0273972602739726,0.0285714285714285,0.0263157894736842
20,100,100,baseline,0.95,0.7246376811594203,74.70220892489442,34,38.5,38.5,0.0,0.0,0.0,0.0,0.0,0.0,0.0,0.0,0.0
20,100,100,baseline,0.975,0.7246376811594203,76.4159415403109,20,40.5,40.5,0.0,0.0,0.0,0.0,0.0,0.0,0.0,0.0,0.0
20,100,100,baseline,0.99,0.7246376811594203,78.06504834320262,7,42.0,42.0,0.0,0.0,0.0,0.0,0.0,0.0,0.0,0.0,0.0
20,100,100,resample_pointwise,0.5,0.7246376811594203,9.793742581011548,51,-20.0,25.0,0.247191011235955,0.2156862745098039,0.2894736842105263,0.4269662921348314,0.3725490196078431,0.5,0.5842696629213484,0.5098039215686274,0.6842105263157895
20,100,100,resample_pointwise,0.6,0.7246376811594203,10.778267641143582,42,-13.0,17.0,0.25,0.238095238095238,0.2631578947368421,0.45,0.4285714285714285,0.4736842105263157,0.6500000000000001,0.6190476190476191,0.6842105263157895
20,100,100,resample_pointwise,0.7,0.7246376811594203,11.969681758899696,36,-6.5,12.0,0.2702702702702702,0.2777777777777778,0.2631578947368421,0.4864864864864865,0.5,0.4736842105263157,0.7027027027027027,0.7222222222222222,0.6842105263157895
20,100,100,resample_pointwise,0.75,0.7246376811594203,12.703181015348992,36,-6.5,12.0,0.2702702702702702,0.2777777777777778,0.2631578947368421,0.4864864864864865,0.5,0.4736842105263157,0.7027027027027027,0.7222222222222222,0.6842105263157895
20,100,100,resample_pointwise,0.8,0.7246376811594203,13.576910573271457,36,-6.5,12.0,0.2702702702702702,0.2777777777777778,0.2631578947368421,0.4864864864864865,0.5,0.4736842105263157,0.7027027027027027,0.7222222222222222,0.6842105263157895
20,100,100,resample_pointwise,0.85,0.7246376811594203,14.667734231357286,36,-6.0,9.5,0.2972972972972973,0.3055555555555556,0.2894736842105263,0.5135135135135136,0.5277777777777778,0.5,0.7297297297297298,0.75,0.7105263157894737
20,100,100,resample_pointwise,0.9,0.7246376811594203,16.12752766309053,36,-5.5,9.5,0.2972972972972973,0.3055555555555556,0.2894736842105263,0.5135135135135136,0.5277777777777778,0.5,0.7297297297297298,0.75,0.7105263157894737
20,100,100,resample_pointwise,0.925,0.7246376811594203,17.115238819067006,38,-6.0,12.0,0.2894736842105263,0.2894736842105263,0.2894736842105263,0.5,0.5,0.5,0.7105263157894737,0.7105263157894737,0.7105263157894737
20,100,100,resample_pointwise,0.95,0.7246376811594203,18.431364498566616,38,-6.0,12.0,0.2894736842105263,0.2894736842105263,0.2894736842105263,0.5,0.5,0.5,0.7105263157894737,0.7105263157894737,0.7105263157894737
20,100,100,resample_pointwise,0.975,0.7246376811594203,20.53295634465008,36,-5.0,9.0,0.3243243243243243,0.3333333333333333,0.3157894736842105,0.5405405405405405,0.5555555555555556,0.5263157894736842,0.7567567567567567,0.7777777777777778,0.7368421052631579
20,100,100,resample_pointwise,0.99,0.7246376811594203,23.098318072272114,36,-4.5,8.5,0.3513513513513513,0.3611111111111111,0.3421052631578947,0.5675675675675677,0.5833333333333334,0.5526315789473685,0.8108108108108109,0.8333333333333334,0.7894736842105263
