dataset,noise_sigma,transition_length,sigma,n_segments,k,eigengap_k,ari_vs_code_default,ari_vs_next_sigma,n_clusters_used,v3,v2,fidelity_norm
toy,0,1,0.001,38,3,5,-0.021505376344086,1.0,3,0.751415568931193,0.7563333758485821,0.0526286674648586
toy,0,1,0.001778,38,3,5,-0.021505376344086,1.0,3,0.751415568931193,0.7563333758485821,0.0526286674648586
toy,0,1,0.003162,38,3,5,-0.021505376344086,1.0,3,0.751415568931193,0.7563333758485821,0.0526286674648586
toy,0,1,0.005623,38,3,5,-0.021505376344086,1.0,3,0.751415568931193,0.7563333758485821,0.0526286674648586
toy,0,1,0.01,38,3,5,-0.021505376344086,1.0,3,0.751415568931193,0.7563333758485821,0.0526286674648586
toy,0,1,0.017783,38,3,5,-0.021505376344086,1.0,3,0.751415568931193,0.7563333758485821,0.0526286674648586
toy,0,1,0.031623,38,3,5,-0.021505376344086,1.0,3,0.751415568931193,0.7563333758485821,0.0526286674648586
toy,0,1,0.056234,38,3,5,-0.021505376344086,1.0,3,0.751415568931193,0.7563333758485821,0.0526286674648586
toy,0,1,0.1,38,3,5,-0.021505376344086,1.0,3,0.751415568931193,0.7563333758485821,0.0526286674648586
toy,0,1,0.177828,38,3,5,-0.021505376344086,1.0,3,0.751415568931193,0.7563333758485821,0.0526286674648586
toy,0,1,0.316228,38,3,5,-0.021505376344086,-0.021505376344086,3,0.751415568931193,0.7563333758485821,0.0526286674648586
toy,0,1,0.5,38,3,5,1.0,1.0,2,0.0059232055656168,0.0060607138472042,0.4990231973804599
toy,0,1,0.562341,38,3,5,1.0,1.0,2,0.0059232055656168,0.0060607138472042,0.4990231973804599
toy,0,1,1.0,38,3,5,1.0,1.0,2,0.0059232055656168,0.0060607138472042,0.4990231973804599
toy,0,1,1.778279,38,3,5,1.0,0.0906801007556675,2,0.0059232055656168,0.0060607138472042,0.4990231973804599
toy,0,1,3.162278,38,3,5,0.0906801007556675,0.2144666269368295,3,0.7053222355656654,0.7178196781119007,0.1552514602551974
toy,0,1,5.623413,38,3,5,0.0193548387096774,0.4433006018371872,3,0.0224785600172663,0.005431512376346,0.499001883777736
toy,0,1,10.0,38,3,5,-0.021505376344086,1.0,3,0.7514155689311931,0.7563333758485821,0.0526286674648586
toy,0,1,17.782794,38,3,5,-0.021505376344086,1.0,3,0.7514155689311931,0.7563333758485821,0.0526286674648586
toy,0,1,31.622777,38,3,5,-0.021505376344086,1.0,3,0.7514155689311931,0.7563333758485821,0.0526286674648586
toy,0,1,56.234133,38,3,5,-0.021505376344086,1.0,3,0.7514155689311931,0.7563333758485821,0.0526286674648586
toy,0,1,100.0,38,3,5,-0.021505376344086,1.0,3,0.7514155689311931,0.7563333758485821,0.0526286674648586
toy,0,1,177.827941,38,3,3,-0.021505376344086,1.0,3,0.7514155689311931,0.7563333758485821,0.0526286674648586
toy,0,1,316.227766,38,3,3,-0.021505376344086,1.0,3,0.7514155689311931,0.7563333758485821,0.0526286674648586
toy,0,1,562.341325,38,3,3,-0.021505376344086,1.0,3,0.7514155689311931,0.7563333758485821,0.0526286674648586
toy,0,1,1000.0,38,3,3,-0.021505376344086,,3,0.7514155689311931,0.7563333758485821,0.0526286674648586
toy,0,2,0.001,38,3,5,1.0,1.0,3,0.7031774093543228,0.7105785228856395,0.0595456146790218
toy,0,2,0.001778,38,3,5,1.0,1.0,3,0.7031774093543228,0.7105785228856395,0.0595456146790218
toy,0,2,0.003162,38,3,5,1.0,1.0,3,0.7031774093543228,0.7105785228856395,0.0595456146790218
toy,0,2,0.005623,38,3,5,1.0,1.0,3,0.7031774093543228,0.7105785228856395,0.0595456146790218
toy,0,2,0.01,38,3,5,1.0,1.0,3,0.7031774093543228,0.7105785228856395,0.0595456146790218
toy,0,2,0.017783,38,3,5,1.0,1.0,3,0.7031774093543228,0.7105785228856395,0.0595456146790218
toy,0,2,0.031623,38,3,5,1.0,1.0,3,0.7031774093543228,0.7105785228856395,0.0595456146790218
toy,0,2,0.056234,38,3,5,1.0,1.0,3,0.7031774093543228,0.7105785228856395,0.0595456146790218
toy,0,2,0.1,38,3,5,1.0,1.0,3,0.7031774093543228,0.7105785228856395,0.0595456146790218
toy,0,2,0.177828,38,3,5,1.0,1.0,3,0.7031774093543228,0.7105785228856395,0.0595456146790218
toy,0,2,0.316228,38,3,5,1.0,1.0,3,0.7031774093543228,0.7105785228856395,0.0595456146790218
toy,0,2,0.5,38,3,5,1.0,1.0,3,0.7031774093543228,0.7105785228856395,0.0595456146790218
toy,0,2,0.562341,38,3,5,1.0,-0.021505376344086,3,0.7031774093543228,0.7105785228856395,0.0595456146790218
toy,0,2,1.0,38,3,5,-0.021505376344086,1.0,2,0.0262585070417649,0.0271188786322646,0.3542624413551271
toy,0,2,1.778279,38,3,5,-0.021505376344086,1.0,2,0.0262585070417649,0.0271188786322646,0.3542624413551271
toy,0,2,3.162278,38,3,5,-0.021505376344086,1.0,2,0.0262585070417649,0.0271188786322646,0.3542624413551271
toy,0,2,5.623413,38,3,5,-0.021505376344086,-0.021505376344086,2,0.0262585070417649,0.0271188786322646,0.3542624413551271
toy,0,2,10.0,38,3,5,1.0,1.0,3,0.7031774093543228,0.7105785228856395,0.0595456146790218
toy,0,2,17.782794,38,3,5,1.0,1.0,3,0.7031774093543228,0.7105785228856395,0.0595456146790218
toy,0,2,31.622777,38,3,5,1.0,1.0,3,0.7031774093543228,0.7105785228856395,0.0595456146790218
toy,0,2,56.234133,38,3,5,1.0,1.0,3,0.7031774093543228,0.7105785228856395,0.0595456146790218
toy,0,2,100.0,38,3,5,1.0,1.0,3,0.7031774093543228,0.7105785228856395,0.0595456146790218
toy,0,2,177.827941,38,3,4,1.0,1.0,3,0.7031774093543228,0.7105785228856395,0.0595456146790218
toy,0,2,316.227766,38,3,3,1.0,1.0,3,0.7031774093543228,0.7105785228856395,0.0595456146790218
toy,0,2,562.341325,38,3,3,1.0,1.0,3,0.7031774093543228,0.7105785228856395,0.0595456146790218
toy,0,2,1000.0,38,3,3,1.0,,3,0.7031774093543228,0.7105785228856395,0.0595456146790218
toy,0,3,0.001,38,3,5,-0.021505376344086,1.0,3,0.7319035982654659,0.740857866392401,0.0400788233904529
toy,0,3,0.001778,38,3,5,-0.021505376344086,1.0,3,0.7319035982654659,0.740857866392401,0.0400788233904529
toy,0,3,0.003162,38,3,5,-0.021505376344086,1.0,3,0.7319035982654659,0.740857866392401,0.0400788233904529
toy,0,3,0.005623,38,3,5,-0.021505376344086,1.0,3,0.7319035982654659,0.740857866392401,0.0400788233904529
toy,0,3,0.01,38,3,5,-0.021505376344086,1.0,3,0.7319035982654659,0.740857866392401,0.0400788233904529
toy,0,3,0.017783,38,3,5,-0.021505376344086,1.0,3,0.7319035982654659,0.740857866392401,0.0400788233904529
toy,0,3,0.031623,38,3,5,-0.021505376344086,1.0,3,0.7319035982654659,0.740857866392401,0.0400788233904529
toy,0,3,0.056234,38,3,5,-0.021505376344086,1.0,3,0.7319035982654659,0.740857866392401,0.0400788233904529
toy,0,3,0.1,38,3,5,-0.021505376344086,1.0,3,0.7319035982654659,0.740857866392401,0.0400788233904529
toy,0,3,0.177828,38,3,5,-0.021505376344086,-0.021505376344086,3,0.7319035982654659,0.740857866392401,0.0400788233904529
toy,0,3,0.316228,38,3,5,1.0,1.0,2,0.0023261929317606,0.0022717510510614,0.3496748396860396
toy,0,3,0.5,38,3,5,1.0,1.0,2,0.0023261929317606,0.0022717510510614,0.3496748396860396
toy,0,3,0.562341,38,3,5,1.0,1.0,2,0.0023261929317606,0.0022717510510614,0.3496748396860396
toy,0,3,1.0,38,3,5,1.0,0.1337386018237082,2,0.0023261929317606,0.0022717510510614,0.3496748396860396
toy,0,3,1.778279,38,3,5,0.1337386018237082,0.5056258790436006,3,0.6872002859973608,0.7086606555047286,0.1164444784615822
toy,0,3,3.162278,38,3,5,-0.021505376344086,1.0,3,0.7319035982654659,0.740857866392401,0.0400788233904529
toy,0,3,5.623413,38,3,5,-0.021505376344086,1.0,3,0.7319035982654659,0.7408578663924009,0.0400788233904529
toy,0,3,10.0,38,3,5,-0.021505376344086,1.0,3,0.7319035982654659,0.7408578663924009,0.0400788233904529
toy,0,3,17.782794,38,3,5,-0.021505376344086,1.0,3,0.7319035982654659,0.7408578663924009,0.0400788233904529
toy,0,3,31.622777,38,3,5,-0.021505376344086,1.0,3,0.7319035982654659,0.7408578663924009,0.0400788233904529
toy,0,3,56.234133,38,3,5,-0.021505376344086,1.0,3,0.7319035982654659,0.7408578663924009,0.0400788233904529
toy,0,3,100.0,38,3,3,-0.021505376344086,1.0,3,0.7319035982654659,0.7408578663924009,0.0400788233904529
toy,0,3,177.827941,38,3,3,-0.021505376344086,1.0,3,0.7319035982654659,0.7408578663924009,0.0400788233904529
toy,0,3,316.227766,38,3,3,-0.021505376344086,1.0,3,0.7319035982654659,0.7408578663924009,0.0400788233904529
toy,0,3,562.341325,38,3,3,-0.021505376344086,1.0,3,0.7319035982654659,0.7408578663924009,0.0400788233904529
toy,0,3,1000.0,38,3,3,-0.021505376344086,,3,0.7319035982654659,0.7408578663924009,0.0400788233904529
toy,0,4,0.001,38,3,5,-0.021505376344086,1.0,3,0.7852398786259721,0.7955026920328354,0.0255761212946706
toy,0,4,0.001778,38,3,5,-0.021505376344086,1.0,3,0.7852398786259721,0.7955026920328354,0.0255761212946706
toy,0,4,0.003162,38,3,5,-0.021505376344086,1.0,3,0.7852398786259721,0.7955026920328354,0.0255761212946706
toy,0,4,0.005623,38,3,5,-0.021505376344086,1.0,3,0.7852398786259721,0.7955026920328354,0.0255761212946706
toy,0,4,0.01,38,3,5,-0.021505376344086,1.0,3,0.7852398786259721,0.7955026920328354,0.0255761212946706
toy,0,4,0.017783,38,3,5,-0.021505376344086,1.0,3,0.7852398786259721,0.7955026920328354,0.0255761212946706
toy,0,4,0.031623,38,3,5,-0.021505376344086,1.0,3,0.7852398786259721,0.7955026920328354,0.0255761212946706
toy,0,4,0.056234,38,3,5,-0.021505376344086,1.0,3,0.7852398786259721,0.7955026920328354,0.0255761212946706
toy,0,4,0.1,38,3,5,-0.021505376344086,1.0,3,0.7852398786259721,0.7955026920328354,0.0255761212946706
toy,0,4,0.177828,38,3,5,-0.021505376344086,-0.021505376344086,3,0.7852398786259721,0.7955026920328354,0.0255761212946706
toy,0,4,0.316228,38,3,5,1.0,1.0,2,6.421884123110232e-05,7.002814376624466e-05,0.3130924851970126
toy,0,4,0.5,38,3,5,1.0,1.0,2,6.421884123110232e-05,7.002814376624466e-05,0.3130924851970126
toy,0,4,0.562341,38,3,5,1.0,1.0,2,6.421884123110232e-05,7.002814376624466e-05,0.3130924851970126
toy,0,4,1.0,38,3,5,1.0,0.1474358974358974,2,6.421884123110232e-05,7.002814376624466e-05,0.3130924851970126
toy,0,4,1.778279,38,3,5,0.1474358974358974,0.4636937374297801,3,0.7371872522865623,0.7683729707594468,0.1076434102009832
toy,0,4,3.162278,38,3,5,-0.021505376344086,1.0,3,0.7852398786259721,0.7955026920328354,0.0255761212946706
toy,0,4,5.623413,38,3,5,-0.021505376344086,1.0,3,0.7852398786259721,0.7955026920328354,0.0255761212946706
toy,0,4,10.0,38,3,5,-0.021505376344086,1.0,3,0.7852398786259721,0.7955026920328354,0.0255761212946706
toy,0,4,17.782794,38,3,5,-0.021505376344086,1.0,3,0.7852398786259721,0.7955026920328354,0.0255761212946706
toy,0,4,31.622777,38,3,5,-0.021505376344086,1.0,3,0.7852398786259721,0.7955026920328354,0.0255761212946706
toy,0,4,56.234133,38,3,5,-0.021505376344086,1.0,3,0.7852398786259721,0.7955026920328354,0.0255761212946706
toy,0,4,100.0,38,3,3,-0.021505376344086,1.0,3,0.7852398786259721,0.7955026920328354,0.0255761212946706
toy,0,4,177.827941,38,3,3,-0.021505376344086,1.0,3,0.7852398786259721,0.7955026920328354,0.0255761212946706
toy,0,4,316.227766,38,3,3,-0.021505376344086,1.0,3,0.7852398786259721,0.7955026920328354,0.0255761212946706
toy,0,4,562.341325,38,3,3,-0.021505376344086,1.0,3,0.7852398786259721,0.7955026920328354,0.0255761212946706
toy,0,4,1000.0,38,3,3,-0.021505376344086,,3,0.7852398786259721,0.7955026920328354,0.0255761212946706
toy,0,5,0.001,38,3,5,1.0,1.0,3,0.703426256551763,0.7167397787742851,0.0674666716131157
toy,0,5,0.001778,38,3,5,1.0,1.0,3,0.703426256551763,0.7167397787742851,0.0674666716131157
toy,0,5,0.003162,38,3,5,1.0,1.0,3,0.703426256551763,0.7167397787742851,0.0674666716131157
toy,0,5,0.005623,38,3,5,1.0,1.0,3,0.703426256551763,0.7167397787742851,0.0674666716131157
toy,0,5,0.01,38,3,5,1.0,1.0,3,0.703426256551763,0.7167397787742851,0.0674666716131157
toy,0,5,0.017783,38,3,5,1.0,1.0,3,0.703426256551763,0.7167397787742851,0.0674666716131157
toy,0,5,0.031623,38,3,5,1.0,1.0,3,0.703426256551763,0.7167397787742851,0.0674666716131157
toy,0,5,0.056234,38,3,5,1.0,1.0,3,0.703426256551763,0.7167397787742851,0.0674666716131157
toy,0,5,0.1,38,3,5,1.0,1.0,3,0.703426256551763,0.7167397787742851,0.0674666716131157
toy,0,5,0.177828,38,3,5,1.0,1.0,3,0.703426256551763,0.7167397787742851,0.0674666716131157
toy,0,5,0.316228,38,3,5,1.0,1.0,3,0.703426256551763,0.7167397787742851,0.0674666716131157
toy,0,5,0.5,38,3,5,1.0,1.0,3,0.703426256551763,0.7167397787742851,0.0674666716131157
toy,0,5,0.562341,38,3,5,1.0,1.0,3,0.703426256551763,0.7167397787742851,0.0674666716131157
toy,0,5,1.0,38,3,5,1.0,-0.021505376344086,3,0.703426256551763,0.7167397787742851,0.0674666716131157
toy,0,5,1.778279,38,3,5,-0.021505376344086,1.0,2,0.0727319066326281,0.0777997755101091,0.3299125724605419
toy,0,5,3.162278,38,3,5,-0.021505376344086,1.0,2,0.0727319066326281,0.0777997755101091,0.3299125724605419
toy,0,5,5.623413,38,3,5,-0.021505376344086,0.1474358974358974,2,0.0727319066326281,0.0777997755101091,0.3299125724605419
toy,0,5,10.0,38,3,5,0.4636937374297801,0.4902807029658529,3,0.6629247408108554,0.6929422628281948,0.1403853132896458
toy,0,5,17.782794,38,3,5,0.915831903260566,1.0,3,0.8010190344026146,0.8038484678798354,0.1127546434056224
toy,0,5,31.622777,38,3,5,0.915831903260566,1.0,3,0.8010190344026146,0.8038484678798354,0.1127546434056224
toy,0,5,56.234133,38,3,5,0.915831903260566,1.0,3,0.8010190344026146,0.8038484678798354,0.1127546434056224
toy,0,5,100.0,38,3,4,0.915831903260566,1.0,3,0.8010190344026146,0.8038484678798354,0.1127546434056224
toy,0,5,177.827941,38,3,4,0.915831903260566,1.0,3,0.8010190344026146,0.8038484678798354,0.1127546434056224
toy,0,5,316.227766,38,3,3,0.915831903260566,1.0,3,0.8010190344026146,0.8038484678798354,0.1127546434056224
toy,0,5,562.341325,38,3,3,0.915831903260566,1.0,3,0.8010190344026146,0.8038484678798354,0.1127546434056224
toy,0,5,1000.0,38,3,3,0.915831903260566,,3,0.8010190344026146,0.8038484678798354,0.1127546434056224
toy,0,6,0.001,38,3,5,-0.021505376344086,1.0,3,0.7527208181400514,0.7646059888797085,0.0336233803942918
toy,0,6,0.001778,38,3,5,-0.021505376344086,1.0,3,0.7527208181400514,0.7646059888797085,0.0336233803942918
toy,0,6,0.003162,38,3,5,-0.021505376344086,1.0,3,0.7527208181400514,0.7646059888797085,0.0336233803942918
toy,0,6,0.005623,38,3,5,-0.021505376344086,1.0,3,0.7527208181400514,0.7646059888797085,0.0336233803942918
toy,0,6,0.01,38,3,5,-0.021505376344086,1.0,3,0.7527208181400514,0.7646059888797085,0.0336233803942918
toy,0,6,0.017783,38,3,5,-0.021505376344086,1.0,3,0.7527208181400514,0.7646059888797085,0.0336233803942918
toy,0,6,0.031623,38,3,5,-0.021505376344086,1.0,3,0.7527208181400514,0.7646059888797085,0.0336233803942918
toy,0,6,0.056234,38,3,5,-0.021505376344086,1.0,3,0.7527208181400514,0.7646059888797085,0.0336233803942918
toy,0,6,0.1,38,3,5,-0.021505376344086,1.0,3,0.7527208181400514,0.7646059888797085,0.0336233803942918
toy,0,6,0.177828,38,3,5,-0.021505376344086,1.0,3,0.7527208181400514,0.7646059888797085,0.0336233803942918
toy,0,6,0.316228,38,3,5,-0.021505376344086,-0.021505376344086,3,0.7527208181400514,0.7646059888797085,0.0336233803942918
toy,0,6,0.5,38,3,5,1.0,1.0,2,0.0100879492543675,0.0109651721490536,0.3081439023281717
toy,0,6,0.562341,38,3,5,1.0,1.0,2,0.0100879492543675,0.0109651721490536,0.3081439023281717
toy,0,6,1.0,38,3,5,1.0,1.0,2,0.0100879492543675,0.0109651721490536,0.3081439023281717
toy,0,6,1.778279,38,3,5,1.0,1.0,2,0.0100879492543675,0.0109651721490536,0.3081439023281717
toy,0,6,3.162278,38,3,5,1.0,-0.021505376344086,2,0.0100879492543675,0.0109651721490536,0.3081439023281717
toy,0,6,5.623413,38,3,5,-0.021505376344086,1.0,3,0.7527208181400514,0.7646059888797085,0.0336233803942918
toy,0,6,10.0,38,3,5,-0.021505376344086,1.0,3,0.7527208181400514,0.7646059888797085,0.0336233803942918
toy,0,6,17.782794,38,3,5,-0.021505376344086,1.0,3,0.7527208181400514,0.7646059888797085,0.0336233803942918
toy,0,6,31.622777,38,3,5,-0.021505376344086,1.0,3,0.7527208181400514,0.7646059888797085,0.0336233803942918
toy,0,6,56.234133,38,3,5,-0.021505376344086,1.0,3,0.7527208181400514,0.7646059888797085,0.0336233803942918
toy,0,6,100.0,38,3,4,-0.021505376344086,1.0,3,0.7527208181400514,0.7646059888797085,0.0336233803942918
toy,0,6,177.827941,38,3,3,-0.021505376344086,1.0,3,0.7527208181400514,0.7646059888797085,0.0336233803942918
toy,0,6,316.227766,38,3,3,-0.021505376344086,1.0,3,0.7527208181400514,0.7646059888797085,0.0336233803942918
toy,0,6,562.341325,38,3,3,-0.021505376344086,1.0,3,0.7527208181400514,0.7646059888797085,0.0336233803942918
toy,0,6,1000.0,38,3,3,-0.021505376344086,,3,0.7527208181400514,0.7646059888797085,0.0336233803942918
toy,0,7,0.001,38,3,5,-0.021505376344086,1.0,3,0.7734524456753112,0.7852311716100989,0.0260139148685888
toy,0,7,0.001778,38,3,5,-0.021505376344086,1.0,3,0.7734524456753112,0.7852311716100989,0.0260139148685888
toy,0,7,0.003162,38,3,5,-0.021505376344086,1.0,3,0.7734524456753112,0.7852311716100989,0.0260139148685888
toy,0,7,0.005623,38,3,5,-0.021505376344086,1.0,3,0.7734524456753112,0.7852311716100989,0.0260139148685888
toy,0,7,0.01,38,3,5,-0.021505376344086,1.0,3,0.7734524456753112,0.7852311716100989,0.0260139148685888
toy,0,7,0.017783,38,3,5,-0.021505376344086,1.0,3,0.7734524456753112,0.7852311716100989,0.0260139148685888
toy,0,7,0.031623,38,3,5,-0.021505376344086,1.0,3,0.7734524456753112,0.7852311716100989,0.0260139148685888
toy,0,7,0.056234,38,3,5,-0.021505376344086,1.0,3,0.7734524456753112,0.7852311716100989,0.0260139148685888
toy,0,7,0.1,38,3,5,-0.021505376344086,1.0,3,0.7734524456753112,0.7852311716100989,0.0260139148685888
toy,0,7,0.177828,38,3,5,-0.021505376344086,1.0,3,0.7734524456753112,0.7852311716100989,0.0260139148685888
toy,0,7,0.316228,38,3,5,-0.021505376344086,-0.021505376344086,3,0.7734524456753112,0.7852311716100989,0.0260139148685888
toy,0,7,0.5,38,3,5,1.0,1.0,2,0.0007960789049516,0.0007103260479468,0.3050801024900018
toy,0,7,0.562341,38,3,5,1.0,1.0,2,0.0007960789049516,0.0007103260479468,0.3050801024900018
toy,0,7,1.0,38,3,5,1.0,1.0,2,0.0007960789049516,0.0007103260479468,0.3050801024900018
toy,0,7,1.778279,38,3,5,1.0,0.1474358974358974,2,0.0007960789049516,0.0007103260479468,0.3050801024900018
toy,0,7,3.162278,38,3,5,0.1474358974358974,0.4636937374297801,3,0.7222829602379504,0.7671459278291658,0.1016073048331521
toy,0,7,5.623413,38,3,5,-0.021505376344086,1.0,3,0.7734524456753112,0.7852311716100989,0.0260139148685888
toy,0,7,10.0,38,3,5,-0.021505376344086,1.0,3,0.7734524456753112,0.7852311716100989,0.0260139148685888
toy,0,7,17.782794,38,3,5,-0.021505376344086,1.0,3,0.7734524456753112,0.7852311716100989,0.0260139148685888
toy,0,7,31.622777,38,3,5,-0.021505376344086,1.0,3,0.7734524456753112,0.7852311716100989,0.0260139148685888
toy,0,7,56.234133,38,3,5,-0.021505376344086,1.0,3,0.7734524456753112,0.7852311716100989,0.0260139148685888
toy,0,7,100.0,38,3,3,-0.021505376344086,1.0,3,0.7734524456753112,0.7852311716100989,0.0260139148685888
toy,0,7,177.827941,38,3,3,-0.021505376344086,1.0,3,0.7734524456753112,0.7852311716100989,0.0260139148685888
toy,0,7,316.227766,38,3,3,-0.021505376344086,1.0,3,0.7734524456753112,0.7852311716100989,0.0260139148685888
toy,0,7,562.341325,38,3,3,-0.021505376344086,1.0,3,0.7734524456753112,0.7852311716100989,0.0260139148685888
toy,0,7,1000.0,38,3,3,-0.021505376344086,,3,0.7734524456753112,0.7852311716100989,0.0260139148685888
toy,0,8,0.001,38,3,5,1.0,1.0,3,0.6942603835756914,0.707537912664077,0.0516582036441533
toy,0,8,0.001778,38,3,5,1.0,1.0,3,0.6942603835756914,0.707537912664077,0.0516582036441533
toy,0,8,0.003162,38,3,5,1.0,1.0,3,0.6942603835756914,0.707537912664077,0.0516582036441533
toy,0,8,0.005623,38,3,5,1.0,1.0,3,0.6942603835756914,0.707537912664077,0.0516582036441533
toy,0,8,0.01,38,3,5,1.0,1.0,3,0.6942603835756914,0.707537912664077,0.0516582036441533
toy,0,8,0.017783,38,3,5,1.0,1.0,3,0.6942603835756914,0.707537912664077,0.0516582036441533
toy,0,8,0.031623,38,3,5,1.0,1.0,3,0.6942603835756914,0.707537912664077,0.0516582036441533
toy,0,8,0.056234,38,3,5,1.0,1.0,3,0.6942603835756914,0.707537912664077,0.0516582036441533
toy,0,8,0.1,38,3,5,1.0,1.0,3,0.6942603835756914,0.707537912664077,0.0516582036441533
toy,0,8,0.177828,38,3,5,1.0,1.0,3,0.6942603835756914,0.707537912664077,0.0516582036441533
toy,0,8,0.316228,38,3,5,1.0,1.0,3,0.6942603835756914,0.707537912664077,0.0516582036441533
toy,0,8,0.5,38,3,5,1.0,1.0,3,0.6942603835756914,0.707537912664077,0.0516582036441533
toy,0,8,0.562341,38,3,5,1.0,-0.021505376344086,3,0.6942603835756914,0.707537912664077,0.0516582036441533
toy,0,8,1.0,38,3,5,-0.021505376344086,1.0,2,0.0249041862901675,0.0261148610666984,0.3081415370976196
toy,0,8,1.778279,38,3,5,-0.021505376344086,1.0,2,0.0249041862901675,0.0261148610666984,0.3081415370976196
toy,0,8,3.162278,38,3,5,-0.021505376344086,0.1474358974358974,2,0.0249041862901675,0.0261148610666984,0.3081415370976196
toy,0,8,5.623413,38,3,5,0.4636937374297801,0.4636937374297801,3,0.6507483395284968,0.6882266371531278,0.1259931480278439
toy,0,8,10.0,38,3,5,1.0,1.0,3,0.6942603835756914,0.707537912664077,0.0516582036441533
toy,0,8,17.782794,38,3,5,1.0,1.0,3,0.6942603835756914,0.707537912664077,0.0516582036441533
toy,0,8,31.622777,38,3,5,1.0,1.0,3,0.6942603835756914,0.707537912664077,0.0516582036441533
toy,0,8,56.234133,38,3,4,1.0,1.0,3,0.6942603835756914,0.707537912664077,0.0516582036441533
toy,0,8,100.0,38,3,4,1.0,1.0,3,0.6942603835756914,0.707537912664077,0.0516582036441533
toy,0,8,177.827941,38,3,4,1.0,1.0,3,0.6942603835756914,0.707537912664077,0.0516582036441533
toy,0,8,316.227766,38,3,3,1.0,1.0,3,0.6942603835756914,0.707537912664077,0.0516582036441533
toy,0,8,562.341325,38,3,3,1.0,1.0,3,0.6942603835756914,0.707537912664077,0.0516582036441533
toy,0,8,1000.0,38,3,3,1.0,,3,0.6942603835756914,0.707537912664077,0.0516582036441533
toy,0,9,0.001,38,3,5,1.0,1.0,3,0.742362275655187,0.7574851699223645,0.0479018842277146
toy,0,9,0.001778,38,3,5,1.0,1.0,3,0.742362275655187,0.7574851699223645,0.0479018842277146
toy,0,9,0.003162,38,3,5,1.0,1.0,3,0.742362275655187,0.7574851699223645,0.0479018842277146
toy,0,9,0.005623,38,3,5,1.0,1.0,3,0.742362275655187,0.7574851699223645,0.0479018842277146
toy,0,9,0.01,38,3,5,1.0,1.0,3,0.742362275655187,0.7574851699223645,0.0479018842277146
toy,0,9,0.017783,38,3,5,1.0,1.0,3,0.742362275655187,0.7574851699223645,0.0479018842277146
toy,0,9,0.031623,38,3,5,1.0,1.0,3,0.742362275655187,0.7574851699223645,0.0479018842277146
toy,0,9,0.056234,38,3,5,1.0,1.0,3,0.742362275655187,0.7574851699223645,0.0479018842277146
toy,0,9,0.1,38,3,5,1.0,1.0,3,0.742362275655187,0.7574851699223645,0.0479018842277146
toy,0,9,0.177828,38,3,5,1.0,1.0,3,0.742362275655187,0.7574851699223645,0.0479018842277146
toy,0,9,0.316228,38,3,5,1.0,1.0,3,0.742362275655187,0.7574851699223645,0.0479018842277146
toy,0,9,0.5,38,3,5,1.0,1.0,3,0.742362275655187,0.7574851699223645,0.0479018842277146
toy,0,9,0.562341,38,3,5,1.0,-0.021505376344086,3,0.742362275655187,0.7574851699223645,0.0479018842277146
toy,0,9,1.0,38,3,5,-0.021505376344086,1.0,2,0.0426455156163127,0.0475163763949283,0.30918492030743
toy,0,9,1.778279,38,3,5,-0.021505376344086,1.0,2,0.0426455156163127,0.0475163763949283,0.30918492030743
toy,0,9,3.162278,38,3,5,-0.021505376344086,1.0,2,0.0426455156163127,0.0475163763949283,0.30918492030743
toy,0,9,5.623413,38,3,5,-0.021505376344086,-0.021505376344086,2,0.0426455156163127,0.0475163763949283,0.30918492030743
toy,0,9,10.0,38,3,5,1.0,1.0,3,0.742362275655187,0.7574851699223645,0.0479018842277146
toy,0,9,17.782794,38,3,5,1.0,1.0,3,0.742362275655187,0.7574851699223645,0.0479018842277146
toy,0,9,31.622777,38,3,5,1.0,1.0,3,0.742362275655187,0.7574851699223645,0.0479018842277146
toy,0,9,56.234133,38,3,4,1.0,1.0,3,0.742362275655187,0.7574851699223645,0.0479018842277146
toy,0,9,100.0,38,3,4,1.0,1.0,3,0.742362275655187,0.7574851699223645,0.0479018842277146
toy,0,9,177.827941,38,3,4,1.0,1.0,3,0.742362275655187,0.7574851699223645,0.0479018842277146
toy,0,9,316.227766,38,3,3,1.0,1.0,3,0.742362275655187,0.7574851699223645,0.0479018842277146
toy,0,9,562.341325,38,3,3,1.0,1.0,3,0.742362275655187,0.7574851699223645,0.0479018842277146
toy,0,9,1000.0,38,3,3,1.0,,3,0.742362275655187,0.7574851699223645,0.0479018842277146
toy,0,10,0.001,38,3,5,1.0,1.0,3,0.7282672812935501,0.7403359029227546,0.0341324865307338
toy,0,10,0.001778,38,3,5,1.0,1.0,3,0.7282672812935501,0.7403359029227546,0.0341324865307338
toy,0,10,0.003162,38,3,5,1.0,1.0,3,0.7282672812935501,0.7403359029227546,0.0341324865307338
toy,0,10,0.005623,38,3,5,1.0,1.0,3,0.7282672812935501,0.7403359029227546,0.0341324865307338
toy,0,10,0.01,38,3,5,1.0,1.0,3,0.7282672812935501,0.7403359029227546,0.0341324865307338
toy,0,10,0.017783,38,3,5,1.0,1.0,3,0.7282672812935501,0.7403359029227546,0.0341324865307338
toy,0,10,0.031623,38,3,5,1.0,1.0,3,0.7282672812935501,0.7403359029227546,0.0341324865307338
toy,0,10,0.056234,38,3,5,1.0,1.0,3,0.7282672812935501,0.7403359029227546,0.0341324865307338
toy,0,10,0.1,38,3,5,1.0,1.0,3,0.7282672812935501,0.7403359029227546,0.0341324865307338
toy,0,10,0.177828,38,3,5,1.0,1.0,3,0.7282672812935501,0.7403359029227546,0.0341324865307338
toy,0,10,0.316228,38,3,5,1.0,1.0,3,0.7282672812935501,0.7403359029227546,0.0341324865307338
toy,0,10,0.5,38,3,5,1.0,-0.021505376344086,3,0.7282672812935501,0.7403359029227546,0.0341324865307338
toy,0,10,0.562341,38,3,5,-0.021505376344086,1.0,2,0.0028533648643263,0.0018716918648418,0.2927881970681031
toy,0,10,1.0,38,3,5,-0.021505376344086,1.0,2,0.0028533648643263,0.0018716918648418,0.2927881970681031
toy,0,10,1.778279,38,3,5,-0.021505376344086,1.0,2,0.0028533648643263,0.0018716918648418,0.2927881970681031
toy,0,10,3.162278,38,3,5,-0.021505376344086,-0.021505376344086,2,0.0028533648643263,0.0018716918648418,0.2927881970681031
toy,0,10,5.623413,38,3,5,1.0,1.0,3,0.7282672812935501,0.7403359029227546,0.0341324865307338
toy,0,10,10.0,38,3,5,1.0,1.0,3,0.7282672812935501,0.7403359029227546,0.0341324865307338
toy,0,10,17.782794,38,3,5,1.0,1.0,3,0.7282672812935501,0.7403359029227546,0.0341324865307338
toy,0,10,31.622777,38,3,5,1.0,1.0,3,0.7282672812935501,0.7403359029227546,0.0341324865307338
toy,0,10,56.234133,38,3,4,1.0,1.0,3,0.7282672812935501,0.7403359029227546,0.0341324865307338
toy,0,10,100.0,38,3,4,1.0,1.0,3,0.7282672812935501,0.7403359029227546,0.0341324865307338
toy,0,10,177.827941,38,3,3,1.0,1.0,3,0.7282672812935501,0.7403359029227546,0.0341324865307338
toy,0,10,316.227766,38,3,3,1.0,1.0,3,0.7282672812935501,0.7403359029227546,0.0341324865307338
toy,0,10,562.341325,38,3,3,1.0,1.0,3,0.7282672812935501,0.7403359029227546,0.0341324865307338
toy,0,10,1000.0,38,3,3,1.0,,3,0.7282672812935501,0.7403359029227546,0.0341324865307338
toy,0,11,0.001,38,3,10,-0.0588716271463614,1.0,3,0.475101972449671,0.4954711436354559,0.1103596597427332
toy,0,11,0.001778,38,3,10,-0.0588716271463614,0.3670295489891135,3,0.475101972449671,0.4954711436354559,0.1103596597427332
toy,0,11,0.003162,38,3,10,0.3622859734663794,1.0,3,0.7228611282934911,0.7535295690373544,0.0432583932749047
toy,0,11,0.005623,38,3,10,0.3622859734663794,1.0,3,0.7228611282934911,0.7535295690373544,0.0432583932749047
toy,0,11,0.01,38,3,9,0.3622859734663794,1.0,3,0.7228611282934911,0.7535295690373544,0.0432583932749047
toy,0,11,0.017783,38,3,9,0.3622859734663794,1.0,3,0.7228611282934911,0.7535295690373544,0.0432583932749047
toy,0,11,0.031623,38,3,9,0.3622859734663794,1.0,3,0.7228611282934911,0.7535295690373544,0.0432583932749047
toy,0,11,0.056234,38,3,5,0.3622859734663794,0.4433006018371872,3,0.7228611282934911,0.7535295690373544,0.0432583932749047
toy,0,11,0.1,38,3,5,0.4174727642240965,1.0,3,0.7690137816441034,0.8227383326261374,0.1462758074244625
toy,0,11,0.177828,38,3,5,0.4174727642240965,0.4174727642240965,3,0.7690137816441034,0.8227383326261374,0.1462758074244625
toy,0,11,0.316228,38,3,5,0.3976476086617853,0.3976476086617853,3,0.6424881381108183,0.6716206197642297,0.220622787453651
toy,0,11,0.5,38,3,5,1.0,0.3622859734663794,3,0.2660688033547406,0.0,0.2940641860447988
toy,0,11,0.562341,38,3,5,0.3622859734663794,-0.021505376344086,3,0.7228611282934911,0.7535295690373544,0.0432583932749047
toy,0,11,1.0,38,3,5,-0.0241463414634146,1.0,2,0.019306243997935,0.0213230321897294,0.2975788765405673
toy,0,11,1.778279,38,3,5,-0.0241463414634146,1.0,2,0.019306243997935,0.0213230321897294,0.2975788765405673
toy,0,11,3.162278,38,3,5,-0.0241463414634146,0.1474358974358974,2,0.019306243997935,0.0213230321897294,0.2975788765405673
toy,0,11,5.623413,38,3,5,-0.0070385455221222,0.4636937374297801,3,0.6890217460744704,0.7535295690373544,0.1132123973078052
toy,0,11,10.0,38,3,5,0.3622859734663794,1.0,3,0.7228611282934911,0.7535295690373544,0.0432583932749047
toy,0,11,17.782794,38,3,5,0.3622859734663794,1.0,3,0.7228611282934911,0.7535295690373544,0.0432583932749047
toy,0,11,31.622777,38,3,4,0.3622859734663794,1.0,3,0.7228611282934911,0.7535295690373544,0.0432583932749047
toy,0,11,56.234133,38,3,4,0.3622859734663794,1.0,3,0.7228611282934911,0.7535295690373544,0.0432583932749047
toy,0,11,100.0,38,3,4,0.3622859734663794,1.0,3,0.7228611282934911,0.7535295690373544,0.0432583932749047
toy,0,11,177.827941,38,3,4,0.3622859734663794,1.0,3,0.7228611282934911,0.7535295690373544,0.0432583932749047
toy,0,11,316.227766,38,3,3,0.3622859734663794,1.0,3,0.7228611282934911,0.7535295690373544,0.0432583932749047
toy,0,11,562.341325,38,3,3,0.3622859734663794,1.0,3,0.7228611282934911,0.7535295690373544,0.0432583932749047
toy,0,11,1000.0,38,3,3,0.3622859734663794,,3,0.7228611282934911,0.7535295690373544,0.0432583932749047
toy,0,12,0.001,38,3,9,0.4174727642240965,1.0,3,0.5877984197433792,0.6151019889478456,0.0664230869525077
toy,0,12,0.001778,38,3,10,0.4174727642240965,1.0,3,0.5877984197433792,0.6151019889478456,0.0664230869525077
toy,0,12,0.003162,38,3,10,0.4174727642240965,1.0,3,0.5877984197433792,0.6151019889478456,0.0664230869525077
toy,0,12,0.005623,38,3,10,0.4174727642240965,1.0,3,0.5877984197433792,0.6151019889478456,0.0664230869525077
toy,0,12,0.01,38,3,10,0.4174727642240965,0.4433006018371872,3,0.5877984197433792,0.6151019889478456,0.0664230869525077
toy,0,12,0.017783,38,3,10,0.4174727642240965,0.4433006018371872,3,0.5700581076716875,0.5869312030640278,0.2544191792714212
toy,0,12,0.031623,38,3,9,0.4174727642240965,0.3876306620209059,3,0.5584371349862369,0.6151019889478456,0.1097275065792716
toy,0,12,0.056234,38,3,5,0.3622859734663794,1.0,3,0.5700581076716875,0.5869312030640278,0.253469884008526
toy,0,12,0.1,38,3,5,0.3622859734663794,0.4433006018371872,3,0.5700581076716875,0.5869312030640278,0.253469884008526
toy,0,12,0.177828,38,3,5,0.4174727642240965,1.0,3,0.5877984197433792,0.6151019889478456,0.0664230869525077
toy,0,12,0.316228,38,3,5,0.4174727642240965,0.4174727642240965,3,0.5877984197433792,0.6151019889478456,0.0664230869525077
toy,0,12,0.5,38,3,5,1.0,0.3976476086617853,3,0.5860958543855369,0.6054923282762718,0.2545062360896446
toy,0,12,0.562341,38,3,5,0.3976476086617853,-0.0241463414634146,3,0.2800120412972532,0.0,0.2894004324951872
toy,0,12,1.0,38,3,5,-0.0241463414634146,1.0,2,0.0065353021055872,0.0003001148718415,0.2880787685579358
toy,0,12,1.778279,38,3,5,-0.0241463414634146,1.0,2,0.0065353021055872,0.0003001148718415,0.2880787685579358
toy,0,12,3.162278,38,3,5,-0.0241463414634146,0.1474358974358974,2,0.0065353021055872,0.0003001148718415,0.2880787685579358
toy,0,12,5.623413,38,3,5,0.4828720982453967,0.4636937374297801,3,0.570678339775017,0.6151019889478456,0.1344788035201976
toy,0,12,10.0,38,3,5,0.4174727642240965,1.0,3,0.5877984197433792,0.6151019889478456,0.0664230869525077
toy,0,12,17.782794,38,3,5,0.4174727642240965,1.0,3,0.5877984197433792,0.6151019889478456,0.0664230869525077
toy,0,12,31.622777,38,3,4,0.4174727642240965,1.0,3,0.5877984197433792,0.6151019889478456,0.0664230869525077
toy,0,12,56.234133,38,3,4,0.4174727642240965,1.0,3,0.5877984197433792,0.6151019889478456,0.0664230869525077
toy,0,12,100.0,38,3,4,0.4174727642240965,1.0,3,0.5877984197433792,0.6151019889478456,0.0664230869525077
toy,0,12,177.827941,38,3,3,0.4174727642240965,1.0,3,0.5877984197433792,0.6151019889478456,0.0664230869525077
toy,0,12,316.227766,38,3,3,0.4174727642240965,1.0,3,0.5877984197433792,0.6151019889478456,0.0664230869525077
toy,0,12,562.341325,38,3,3,0.4174727642240965,1.0,3,0.5877984197433792,0.6151019889478456,0.0664230869525077
toy,0,12,1000.0,38,3,3,0.4174727642240965,,3,0.5877984197433792,0.6151019889478456,0.0664230869525077
toy,0,13,0.001,38,3,10,0.0426079080806277,1.0,3,0.1687745648270812,0.191803745602329,0.2560444189344851
toy,0,13,0.001778,38,3,10,0.0426079080806277,0.2626205277237822,3,0.1687745648270812,0.191803745602329,0.2560444189344851
toy,0,13,0.003162,38,3,10,0.3054370553049392,0.3054370553049392,3,0.4090237345203286,0.4335189573666611,0.1364617654602149
toy,0,13,0.005623,38,3,10,1.0,0.4433006018371872,3,0.6170984393928209,0.6558124807822675,0.0596335865372518
toy,0,13,0.01,38,3,10,0.4433006018371872,0.4433006018371872,3,0.5672729557387862,0.5984882207236591,0.256857712419014
toy,0,13,0.017783,38,3,10,1.0,1.0,3,0.6170984393928209,0.6558124807822675,0.0596335865372518
toy,0,13,0.031623,38,3,8,1.0,1.0,3,0.6170984393928209,0.6558124807822675,0.0596335865372518
toy,0,13,0.056234,38,3,8,1.0,1.0,3,0.6170984393928209,0.6558124807822675,0.0596335865372518
toy,0,13,0.1,38,3,8,1.0,0.4656742946011997,3,0.6170984393928209,0.6558124807822675,0.0596335865372518
toy,0,13,0.177828,38,3,7,0.4656742946011997,0.4656742946011997,3,0.451011095993164,0.5021390718440045,0.2550707736285525
toy,0,13,0.316228,38,3,5,1.0,1.0,3,0.6170984393928209,0.6558124807822675,0.0596335865372518
toy,0,13,0.5,38,3,5,1.0,0.4433006018371872,3,0.6170984393928209,0.6558124807822675,0.0596335865372518
toy,0,13,0.562341,38,3,5,0.4433006018371872,-0.021505376344086,3,0.5672729557387866,0.5984882207236593,0.2568577124190141
toy,0,13,1.0,38,3,5,-0.021505376344086,1.0,2,0.0102188552427907,0.0064116208301369,0.2889900372905492
toy,0,13,1.778279,38,3,5,-0.021505376344086,1.0,2,0.0102188552427907,0.0064116208301369,0.2889900372905492
toy,0,13,3.162278,38,3,5,-0.021505376344086,0.1474358974358974,2,0.0102188552427907,0.0064116208301369,0.2889900372905492
toy,0,13,5.623413,38,3,5,0.4636937374297801,0.4636937374297801,3,0.6038569644476143,0.6558124807822675,0.1297420838501946
toy,0,13,10.0,38,3,5,1.0,1.0,3,0.6170984393928209,0.6558124807822675,0.0596335865372518
toy,0,13,17.782794,38,3,5,1.0,1.0,3,0.6170984393928209,0.6558124807822675,0.0596335865372518
toy,0,13,31.622777,38,3,4,1.0,1.0,3,0.6170984393928209,0.6558124807822675,0.0596335865372518
toy,0,13,56.234133,38,3,4,1.0,1.0,3,0.6170984393928209,0.6558124807822675,0.0596335865372518
toy,0,13,100.0,38,3,4,1.0,1.0,3,0.6170984393928209,0.6558124807822675,0.0596335865372518
toy,0,13,177.827941,38,3,4,1.0,1.0,3,0.6170984393928209,0.6558124807822675,0.0596335865372518
toy,0,13,316.227766,38,3,3,1.0,1.0,3,0.6170984393928209,0.6558124807822675,0.0596335865372518
toy,0,13,562.341325,38,3,3,1.0,1.0,3,0.6170984393928209,0.6558124807822675,0.0596335865372518
toy,0,13,1000.0,38,3,3,1.0,,3,0.6170984393928209,0.6558124807822675,0.0596335865372518
toy,0,14,0.001,38,3,9,0.072998377062483,1.0,3,0.0674521300598417,0.0825371018736157,0.2719188757887432
toy,0,14,0.001778,38,3,10,0.072998377062483,0.072998377062483,3,0.0674521300598417,0.0825371018736157,0.2719188757887432
toy,0,14,0.003162,38,3,10,1.0,1.0,3,0.7729355433974682,0.8279703366948078,0.0248186116170932
toy,0,14,0.005623,38,3,10,1.0,1.0,3,0.7729355433974682,0.8279703366948078,0.0248186116170932
toy,0,14,0.01,38,3,10,1.0,1.0,3,0.7729355433974682,0.8279703366948078,0.0248186116170932
toy,0,14,0.017783,38,3,8,1.0,1.0,3,0.7729355433974682,0.8279703366948078,0.0248186116170932
toy,0,14,0.031623,38,3,8,1.0,0.4669353873169174,3,0.7729355433974682,0.8279703366948078,0.0248186116170932
toy,0,14,0.056234,38,3,8,0.4669353873169174,0.4669353873169174,3,0.7332413566942689,0.8279703366948078,0.0753665757855671
toy,0,14,0.1,38,3,8,1.0,1.0,3,0.7729355433974682,0.8279703366948078,0.0248186116170932
toy,0,14,0.177828,38,3,5,1.0,1.0,3,0.7729355433974682,0.8279703366948078,0.0248186116170932
toy,0,14,0.316228,38,3,5,1.0,1.0,3,0.7729355433974682,0.8279703366948078,0.0248186116170932
toy,0,14,0.5,38,3,5,1.0,1.0,3,0.7729355433974682,0.8279703366948078,0.0248186116170932
toy,0,14,0.562341,38,3,5,1.0,-0.021505376344086,3,0.7729355433974682,0.8279703366948078,0.0248186116170932
toy,0,14,1.0,38,3,5,-0.021505376344086,1.0,2,3.129247668540947e-05,3.865977340347637e-05,0.284224029541509
toy,0,14,1.778279,38,3,5,-0.021505376344086,1.0,2,3.129247668540947e-05,3.865977340347637e-05,0.284224029541509
toy,0,14,3.162278,38,3,5,-0.021505376344086,0.1474358974358974,2,3.129247668540947e-05,3.865977340347637e-05,0.284224029541509
toy,0,14,5.623413,38,3,5,0.4636937374297801,0.4636937374297801,3,0.7310222623138448,0.8279703366948076,0.0955902645255739
toy,0,14,10.0,38,3,5,1.0,1.0,3,0.7729355433974682,0.8279703366948078,0.0248186116170932
toy,0,14,17.782794,38,3,5,1.0,1.0,3,0.7729355433974682,0.8279703366948078,0.0248186116170932
toy,0,14,31.622777,38,3,4,1.0,1.0,3,0.7729355433974682,0.8279703366948078,0.0248186116170932
toy,0,14,56.234133,38,3,4,1.0,1.0,3,0.7729355433974682,0.8279703366948078,0.0248186116170932
toy,0,14,100.0,38,3,4,1.0,1.0,3,0.7729355433974682,0.8279703366948078,0.0248186116170932
toy,0,14,177.827941,38,3,3,1.0,1.0,3,0.7729355433974682,0.8279703366948078,0.0248186116170932
toy,0,14,316.227766,38,3,3,1.0,1.0,3,0.7729355433974682,0.8279703366948078,0.0248186116170932
toy,0,14,562.341325,38,3,3,1.0,1.0,3,0.7729355433974682,0.8279703366948078,0.0248186116170932
toy,0,14,1000.0,38,3,3,1.0,,3,0.7729355433974682,0.8279703366948078,0.0248186116170932
toy,0,15,0.001,38,3,2,0.0193548387096774,1.0,2,0.0003266009941592,0.0003989621482887,0.2828386078892065
toy,0,15,0.001778,38,3,10,0.0193548387096774,1.0,2,0.0003266009941592,0.0003989621482887,0.2828386078892065
toy,0,15,0.003162,38,3,10,0.0193548387096774,0.4726407613005551,2,0.0003266009941592,0.0003989621482887,0.2828386078892065
toy,0,15,0.005623,38,3,3,0.072998377062483,0.0315197184968795,3,0.1261669861679664,0.1511985244550182,0.2593036816365046
toy,0,15,0.01,38,3,10,0.0592567069457354,0.1306936975781192,3,0.5798253196895916,0.6422721150181779,0.149095946533477
toy,0,15,0.017783,38,3,10,0.4751160783032735,0.4751160783032735,3,0.595233368797773,0.6724983147808078,0.1563218099796908
toy,0,15,0.031623,38,3,10,0.4433006018371872,1.0,3,0.72624375345562,0.799886754532217,0.0356053766097546
toy,0,15,0.056234,38,3,10,0.4433006018371872,0.7757003382043265,3,0.72624375345562,0.799886754532217,0.0356053766097546
toy,0,15,0.1,38,3,9,0.4168208793312488,0.4231203200328239,3,0.6609241989466101,0.7260519084188707,0.0695674093699647
toy,0,15,0.177828,38,3,9,0.915831903260566,0.4669353873169174,3,0.6970983346715726,0.799886754532217,0.0741664109998462
toy,0,15,0.316228,38,3,9,0.4433006018371872,0.4433006018371872,3,0.72624375345562,0.799886754532217,0.0356053766097546
toy,0,15,0.5,38,3,5,1.0,0.4433006018371872,3,0.7359740567900142,0.8291028593133893,0.1459427055356368
toy,0,15,0.562341,38,3,5,0.4433006018371872,0.0193548387096774,3,0.127444001611448,0.0028084494451653,0.2870928896311691
toy,0,15,1.0,38,3,5,-0.021505376344086,1.0,2,0.0023791089099462,0.0028084494451653,0.2837274947668033
toy,0,15,1.778279,38,3,5,-0.021505376344086,1.0,2,0.0023791089099462,0.0028084494451653,0.2837274947668033
toy,0,15,3.162278,38,3,5,-0.021505376344086,0.1474358974358974,2,0.0023791089099462,0.0028084494451653,0.2837274947668033
toy,0,15,5.623413,38,3,5,0.024897704417782,0.4636937374297801,3,0.6976687550209631,0.799886754532217,0.0987882719969451
toy,0,15,10.0,38,3,5,0.4433006018371872,1.0,3,0.72624375345562,0.799886754532217,0.0356053766097546
toy,0,15,17.782794,38,3,4,0.4433006018371872,1.0,3,0.72624375345562,0.799886754532217,0.0356053766097546
toy,0,15,31.622777,38,3,4,0.4433006018371872,1.0,3,0.72624375345562,0.799886754532217,0.0356053766097546
toy,0,15,56.234133,38,3,4,0.4433006018371872,1.0,3,0.72624375345562,0.799886754532217,0.0356053766097546
toy,0,15,100.0,38,3,4,0.4433006018371872,1.0,3,0.72624375345562,0.799886754532217,0.0356053766097546
toy,0,15,177.827941,38,3,4,0.4433006018371872,1.0,3,0.72624375345562,0.799886754532217,0.0356053766097546
toy,0,15,316.227766,38,3,3,0.4433006018371872,1.0,3,0.72624375345562,0.799886754532217,0.0356053766097546
toy,0,15,562.341325,38,3,3,0.4433006018371872,1.0,3,0.72624375345562,0.799886754532217,0.0356053766097546
toy,0,15,1000.0,38,3,3,0.4433006018371872,,3,0.72624375345562,0.799886754532217,0.0356053766097546
toy,0,16,0.001,38,3,3,0.0193548387096774,1.0,2,0.0003244559478632,0.0003991924854273,0.280946497537548
toy,0,16,0.001778,38,3,9,0.0193548387096774,0.4726407613005551,2,0.0003244559478632,0.0003991924854273,0.280946497537548
toy,0,16,0.003162,38,3,9,0.072998377062483,1.0,3,0.2936068089571854,0.3342089571662391,0.2417966181691133
toy,0,16,0.005623,38,3,10,0.072998377062483,0.2809289090748372,3,0.2936068089571854,0.3342089571662391,0.2417966181691133
toy,0,16,0.01,38,3,10,0.5882582624459629,0.5882582624459629,3,0.539392371445596,0.5937034759949008,0.1346935518659611
toy,0,16,0.017783,38,3,10,1.0,0.2756786122403102,3,0.7116769230202183,0.7860894213603923,0.0454185101822478
toy,0,16,0.031623,38,3,10,0.2756786122403102,0.2756786122403102,3,0.4269272250227678,0.4632566456969298,0.1319507685569555
toy,0,16,0.056234,38,3,10,1.0,1.0,3,0.7116769230202183,0.7860894213603923,0.0454185101822478
toy,0,16,0.1,38,3,10,1.0,1.0,3,0.7116769230202183,0.7860894213603923,0.0454185101822478
toy,0,16,0.177828,38,3,10,1.0,1.0,3,0.7116769230202183,0.7860894213603923,0.0454185101822478
toy,0,16,0.316228,38,3,8,1.0,1.0,3,0.7116769230202183,0.7860894213603923,0.0454185101822478
toy,0,16,0.5,38,3,5,1.0,1.0,3,0.7116769230202183,0.7860894213603923,0.0454185101822478
toy,0,16,0.562341,38,3,5,1.0,-0.021505376344086,3,0.7116769230202183,0.7860894213603923,0.0454185101822478
toy,0,16,1.0,38,3,5,-0.021505376344086,1.0,2,0.0216872904553312,0.0263301546461105,0.2891021874090851
toy,0,16,1.778279,38,3,5,-0.021505376344086,1.0,2,0.0216872904553312,0.0263301546461105,0.2891021874090851
toy,0,16,3.162278,38,3,5,-0.021505376344086,1.0,2,0.0216872904553312,0.0263301546461105,0.2891021874090851
toy,0,16,5.623413,38,3,5,-0.021505376344086,0.0126969198213026,2,0.0216872904553312,0.0263301546461105,0.2891021874090851
toy,0,16,10.0,38,3,5,0.9127915219394628,0.9127915219394628,3,0.8076871755865547,0.8627804192795177,0.1192766852834336
toy,0,16,17.782794,38,3,4,1.0,1.0,3,0.7116769230202183,0.7860894213603923,0.0454185101822478
toy,0,16,31.622777,38,3,4,1.0,1.0,3,0.7116769230202183,0.7860894213603923,0.0454185101822478
toy,0,16,56.234133,38,3,4,1.0,1.0,3,0.7116769230202183,0.7860894213603923,0.0454185101822478
toy,0,16,100.0,38,3,4,1.0,1.0,3,0.7116769230202183,0.7860894213603923,0.0454185101822478
toy,0,16,177.827941,38,3,4,1.0,1.0,3,0.7116769230202183,0.7860894213603923,0.0454185101822478
toy,0,16,316.227766,38,3,3,1.0,1.0,3,0.7116769230202183,0.7860894213603923,0.0454185101822478
toy,0,16,562.341325,38,3,3,1.0,1.0,3,0.7116769230202183,0.7860894213603923,0.0454185101822478
toy,0,16,1000.0,38,3,3,1.0,,3,0.7116769230202183,0.7860894213603923,0.0454185101822478
toy,0,17,0.001,38,3,3,0.0193548387096774,1.0,2,0.0003222619966208,0.0003991924854273,0.2793977003883106
toy,0,17,0.001778,38,3,10,0.0193548387096774,1.0,2,0.0003222619966208,0.0003991924854273,0.2793977003883106
toy,0,17,0.003162,38,3,10,0.0193548387096774,0.4726407613005551,2,0.0003222619966208,0.0003991924854273,0.2793977003883106
toy,0,17,0.005623,38,3,10,0.072998377062483,0.2809289090748372,3,0.0608369911141678,0.0776561860191447,0.2679220824928964
toy,0,17,0.01,38,3,10,0.5882582624459629,1.0,3,0.6043061006741567,0.6996966674595712,0.1776867927240445
toy,0,17,0.017783,38,3,10,0.5882582624459629,0.5882582624459629,3,0.6043061006741567,0.6996966674595712,0.1776867927240445
toy,0,17,0.031623,38,3,10,1.0,1.0,3,0.6967419999396413,0.7683114998442885,0.0372169154034708
toy,0,17,0.056234,38,3,10,1.0,0.4433006018371872,3,0.6967419999396413,0.7683114998442885,0.0372169154034708
toy,0,17,0.1,38,3,10,0.4433006018371872,0.4433006018371872,3,0.6887176314096226,0.7753900699122774,0.1743608164755657
toy,0,17,0.177828,38,3,10,0.4433006018371872,0.4433006018371872,3,0.6887176314096223,0.7753900699122774,0.1725373963663262
toy,0,17,0.316228,38,3,8,0.4433006018371872,0.4433006018371872,3,0.6887176314096226,0.7753900699122774,0.1743608164755657
toy,0,17,0.5,38,3,5,1.0,1.0,3,0.6967419999396413,0.7683114998442885,0.0372169154034708
toy,0,17,0.562341,38,3,5,1.0,-0.021505376344086,3,0.6967419999396413,0.7683114998442885,0.0372169154034708
toy,0,17,1.0,38,3,5,-0.021505376344086,1.0,2,0.0007589937268665,0.0001018283210384,0.2794738415441755
toy,0,17,1.778279,38,3,5,-0.021505376344086,1.0,2,0.0007589937268665,0.0001018283210384,0.2794738415441755
toy,0,17,3.162278,38,3,5,-0.021505376344086,0.1474358974358974,2,0.0007589937268665,0.0001018283210384,0.2794738415441755
toy,0,17,5.623413,38,3,5,0.4636937374297801,0.4636937374297801,3,0.6666528293546374,0.7683114998442885,0.1077339451611698
toy,0,17,10.0,38,3,5,1.0,1.0,3,0.6967419999396413,0.7683114998442885,0.0372169154034708
toy,0,17,17.782794,38,3,4,1.0,1.0,3,0.6967419999396413,0.7683114998442885,0.0372169154034708
toy,0,17,31.622777,38,3,4,1.0,1.0,3,0.6967419999396413,0.7683114998442885,0.0372169154034708
toy,0,17,56.234133,38,3,4,1.0,1.0,3,0.6967419999396413,0.7683114998442885,0.0372169154034708
toy,0,17,100.0,38,3,4,1.0,1.0,3,0.6967419999396413,0.7683114998442885,0.0372169154034708
toy,0,17,177.827941,38,3,4,1.0,1.0,3,0.6967419999396413,0.7683114998442885,0.0372169154034708
toy,0,17,316.227766,38,3,3,1.0,1.0,3,0.6967419999396413,0.7683114998442885,0.0372169154034708
toy,0,17,562.341325,38,3,3,1.0,1.0,3,0.6967419999396413,0.7683114998442885,0.0372169154034708
toy,0,17,1000.0,38,3,3,1.0,,3,0.6967419999396413,0.7683114998442885,0.0372169154034708
toy,0,18,0.001,38,3,2,0.0193548387096774,-0.027027027027027,2,0.1833165938088176,0.2151378176999052,0.2473343547965315
toy,0,18,0.001778,38,3,1,0.0193548387096774,0.6481481481481481,2,0.0003201832389294,0.0003991924854273,0.2780902686016046
toy,0,18,0.003162,38,3,3,0.0426079080806277,1.0,3,0.1833472555333464,0.2150982220830369,0.2474339461109214
toy,0,18,0.005623,38,3,10,0.0426079080806277,0.1589471885147838,3,0.1833472555333464,0.2150982220830369,0.2474339461109214
toy,0,18,0.01,38,3,10,0.2729613167275447,0.6553800903392976,3,0.2087711401910227,0.2569041607162677,0.2466893136683754
toy,0,18,0.017783,38,3,10,0.4408944220974871,0.4408944220974871,3,0.4835839308743179,0.5586841283729235,0.2331851855066772
toy,0,18,0.031623,38,3,10,1.0,1.0,3,0.6077091727732046,0.688693030353355,0.0575688150532475
toy,0,18,0.056234,38,3,10,1.0,1.0,3,0.6077091727732046,0.688693030353355,0.0575688150532475
toy,0,18,0.1,38,3,10,1.0,0.4669353873169174,3,0.6077091727732046,0.688693030353355,0.0575688150532475
toy,0,18,0.177828,38,3,8,0.4669353873169174,0.4669353873169174,3,0.5867769022438369,0.688693030353355,0.0952094417197233
toy,0,18,0.316228,38,3,7,1.0,1.0,3,0.6077091727732048,0.688693030353355,0.0575688150532475
toy,0,18,0.5,38,3,7,1.0,1.0,3,0.6077091727732046,0.688693030353355,0.0575688150532475
toy,0,18,0.562341,38,3,7,1.0,-0.021505376344086,3,0.6077091727732046,0.688693030353355,0.0575688150532475
toy,0,18,1.0,38,3,5,-0.021505376344086,1.0,2,0.003490612103825,8.68272882862158e-05,0.27823310626948
toy,0,18,1.778279,38,3,5,-0.021505376344086,1.0,2,0.003490612103825,8.68272882862158e-05,0.27823310626948
toy,0,18,3.162278,38,3,5,-0.021505376344086,1.0,2,0.003490612103825,8.68272882862158e-05,0.27823310626948
toy,0,18,5.623413,38,3,5,-0.021505376344086,-0.021505376344086,2,0.003490612103825,8.68272882862158e-05,0.27823310626948
toy,0,18,10.0,38,3,5,1.0,1.0,3,0.6077091727732046,0.688693030353355,0.0575688150532475
toy,0,18,17.782794,38,3,4,1.0,1.0,3,0.6077091727732046,0.688693030353355,0.0575688150532475
toy,0,18,31.622777,38,3,4,1.0,1.0,3,0.6077091727732046,0.688693030353355,0.0575688150532475
toy,0,18,56.234133,38,3,4,1.0,1.0,3,0.6077091727732046,0.688693030353355,0.0575688150532475
toy,0,18,100.0,38,3,4,1.0,1.0,3,0.6077091727732046,0.688693030353355,0.0575688150532475
toy,0,18,177.827941,38,3,4,1.0,1.0,3,0.6077091727732046,0.688693030353355,0.0575688150532475
toy,0,18,316.227766,38,3,3,1.0,1.0,3,0.6077091727732046,0.688693030353355,0.0575688150532475
toy,0,18,562.341325,38,3,3,1.0,1.0,3,0.6077091727732046,0.688693030353355,0.0575688150532475
toy,0,18,1000.0,38,3,3,1.0,,3,0.6077091727732046,0.688693030353355,0.0575688150532475
toy,0,19,0.001,38,3,2,0.02389486260454,0.1645185746777862,2,0.1773820322969077,0.2093154198718413,0.2468209275109164
toy,0,19,0.001778,38,3,1,0.3224019246969892,-0.0371493555724033,3,0.2841180994020303,0.3207916148153642,0.3347578436644299
toy,0,19,0.003162,38,3,4,0.0193548387096774,1.0,2,0.0003182104400802,0.0003991924854273,0.2766369119447232
toy,0,19,0.005623,38,3,10,0.0193548387096774,1.0,2,0.0003182104400802,0.0003991924854273,0.2766369119447232
toy,0,19,0.01,38,3,10,0.0193548387096774,0.1474358974358974,2,0.0003182104400802,0.0003991924854273,0.2766369119447232
toy,0,19,0.017783,38,3,8,0.512448852208891,0.512448852208891,3,0.6360778648688791,0.76007763425667,0.1931990853423878
toy,0,19,0.031623,38,3,8,1.0,0.4433006018371872,3,0.7030311562332928,0.7927065819034457,0.0395481582938956
toy,0,19,0.056234,38,3,9,0.4433006018371872,0.4433006018371872,3,0.7164569797753656,0.8291003088328924,0.1511142359908346
toy,0,19,0.1,38,3,9,1.0,0.4669353873169174,3,0.7030311562332928,0.7927065819034457,0.0395481582938956
toy,0,19,0.177828,38,3,10,0.4669353873169174,0.3855623827865936,3,0.6720221481136606,0.7927065819034457,0.0858236604381425
toy,0,19,0.316228,38,3,7,0.4174727642240965,0.4174727642240965,3,0.6639184392754424,0.7610315378372201,0.1824980721142522
toy,0,19,0.5,38,3,7,1.0,1.0,3,0.7030311562332928,0.7927065819034457,0.0395481582938956
toy,0,19,0.562341,38,3,7,1.0,-0.021505376344086,3,0.7030311562332928,0.7927065819034457,0.0395481582938956
toy,0,19,1.0,38,3,5,-0.021505376344086,1.0,2,0.00393960893788,0.0047659707478377,0.2784703603211501
toy,0,19,1.778279,38,3,5,-0.021505376344086,1.0,2,0.00393960893788,0.0047659707478377,0.2784703603211501
toy,0,19,3.162278,38,3,5,-0.021505376344086,0.1474358974358974,2,0.00393960893788,0.0047659707478377,0.2784703603211501
toy,0,19,5.623413,38,3,5,0.4636937374297801,0.4636937374297801,3,0.6734278309783834,0.7927065819034457,0.1076732089553275
toy,0,19,10.0,38,3,5,1.0,1.0,3,0.7030311562332928,0.7927065819034457,0.0395481582938956
toy,0,19,17.782794,38,3,4,1.0,1.0,3,0.7030311562332928,0.7927065819034457,0.0395481582938956
toy,0,19,31.622777,38,3,4,1.0,1.0,3,0.7030311562332928,0.7927065819034457,0.0395481582938956
toy,0,19,56.234133,38,3,4,1.0,1.0,3,0.7030311562332928,0.7927065819034457,0.0395481582938956
toy,0,19,100.0,38,3,4,1.0,1.0,3,0.7030311562332928,0.7927065819034457,0.0395481582938956
toy,0,19,177.827941,38,3,4,1.0,1.0,3,0.7030311562332928,0.7927065819034457,0.0395481582938956
toy,0,19,316.227766,38,3,3,1.0,1.0,3,0.7030311562332928,0.7927065819034457,0.0395481582938956
toy,0,19,562.341325,38,3,3,1.0,1.0,3,0.7030311562332928,0.7927065819034457,0.0395481582938956
toy,0,19,1000.0,38,3,3,1.0,,3,0.7030311562332928,0.7927065819034457,0.0395481582938956
toy,0,20,0.001,38,3,5,0.02389486260454,1.0,2,0.082736166630524,0.1011453313052245,0.2594700181383856
toy,0,20,0.001778,38,3,1,0.02389486260454,-0.027027027027027,2,0.082736166630524,0.1011453313052245,0.2594700181383856
toy,0,20,0.003162,38,3,2,0.0193548387096774,1.0,2,0.0003160053712927,0.0003987319951093,0.2754429087844919
toy,0,20,0.005623,38,3,10,0.0193548387096774,1.0,2,0.0003160053712927,0.0003987319951093,0.2754429087844919
toy,0,20,0.01,38,3,10,0.0193548387096774,0.0906801007556675,2,0.0003160053712927,0.0003987319951093,0.2754429087844919
toy,0,20,0.017783,38,3,10,0.2144666269368295,0.2144666269368295,3,0.4487232406520005,0.5561501415749155,0.2910811823680321
toy,0,20,0.031623,38,3,8,1.0,1.0,3,0.5692163101352847,0.6553551485587862,0.0769512176467039
toy,0,20,0.056234,38,3,8,1.0,1.0,3,0.5692163101352847,0.6553551485587862,0.0769512176467039
toy,0,20,0.1,38,3,10,1.0,1.0,3,0.5692163101352848,0.6553551485587862,0.0769512176467039
toy,0,20,0.177828,38,3,10,1.0,1.0,3,0.5692163101352848,0.6553551485587862,0.0769512176467039
toy,0,20,0.316228,38,3,9,1.0,1.0,3,0.5692163101352848,0.6553551485587862,0.0769512176467039
toy,0,20,0.5,38,3,6,1.0,1.0,3,0.5692163101352848,0.6553551485587862,0.0769512176467039
toy,0,20,0.562341,38,3,6,1.0,-0.021505376344086,3,0.5692163101352848,0.6553551485587862,0.0769512176467039
toy,0,20,1.0,38,3,6,-0.021505376344086,1.0,2,0.0237758182965794,0.0214385691561098,0.2843413866173893
toy,0,20,1.778279,38,3,5,-0.021505376344086,1.0,2,0.0237758182965794,0.0214385691561098,0.2843413866173893
toy,0,20,3.162278,38,3,5,-0.021505376344086,1.0,2,0.0237758182965794,0.0214385691561098,0.2843413866173893
toy,0,20,5.623413,38,3,5,-0.021505376344086,-0.021505376344086,2,0.0237758182965794,0.0214385691561098,0.2843413866173893
toy,0,20,10.0,38,3,4,1.0,1.0,3,0.5692163101352848,0.6553551485587862,0.0769512176467039
toy,0,20,17.782794,38,3,4,1.0,1.0,3,0.5692163101352848,0.6553551485587862,0.0769512176467039
toy,0,20,31.622777,38,3,4,1.0,1.0,3,0.5692163101352848,0.6553551485587862,0.0769512176467039
toy,0,20,56.234133,38,3,4,1.0,1.0,3,0.5692163101352848,0.6553551485587862,0.0769512176467039
toy,0,20,100.0,38,3,4,1.0,1.0,3,0.5692163101352848,0.6553551485587862,0.0769512176467039
toy,0,20,177.827941,38,3,4,1.0,1.0,3,0.5692163101352848,0.6553551485587862,0.0769512176467039
toy,0,20,316.227766,38,3,3,1.0,1.0,3,0.5692163101352848,0.6553551485587862,0.0769512176467039
toy,0,20,562.341325,38,3,3,1.0,1.0,3,0.5692163101352848,0.6553551485587862,0.0769512176467039
toy,0,20,1000.0,38,3,3,1.0,,3,0.5692163101352848,0.6553551485587862,0.0769512176467039
toy,0,21,0.001,38,3,4,0.02389486260454,1.0,2,0.0766876314266572,0.0953840288238721,0.2595643146451653
toy,0,21,0.001778,38,3,1,0.02389486260454,-0.027027027027027,2,0.0766876314266572,0.0953840288238721,0.2595643146451653
toy,0,21,0.003162,38,3,1,0.0193548387096774,1.0,2,0.0003143875101069,0.0003989621482887,0.2739388708657181
toy,0,21,0.005623,38,3,1,0.0193548387096774,0.4726407613005551,2,0.0003143875101069,0.0003989621482887,0.2739388708657181
toy,0,21,0.01,38,3,10,0.072998377062483,0.1716942646108626,3,0.0583546682662587,0.0779844927552091,0.2634136374780567
toy,0,21,0.017783,38,3,10,0.1566639145867293,0.1566639145867293,3,0.3427094079411223,0.412085569367107,0.2415872997135411
toy,0,21,0.031623,38,3,10,1.0,1.0,3,0.649552089328843,0.7493887988039051,0.049593423256424
toy,0,21,0.056234,38,3,10,1.0,1.0,3,0.649552089328843,0.7493887988039051,0.049593423256424
toy,0,21,0.1,38,3,10,1.0,1.0,3,0.649552089328843,0.7493887988039051,0.049593423256424
toy,0,21,0.177828,38,3,10,1.0,1.0,3,0.649552089328843,0.7493887988039051,0.049593423256424
toy,0,21,0.316228,38,3,8,1.0,1.0,3,0.649552089328843,0.7493887988039051,0.049593423256424
toy,0,21,0.5,38,3,8,1.0,1.0,3,0.649552089328843,0.7493887988039051,0.049593423256424
toy,0,21,0.562341,38,3,8,1.0,-0.021505376344086,3,0.649552089328843,0.7493887988039051,0.049593423256424
toy,0,21,1.0,38,3,8,-0.021505376344086,1.0,2,0.0037978439093232,0.0033280068907936,0.2750276215133881
toy,0,21,1.778279,38,3,5,-0.021505376344086,1.0,2,0.0037978439093232,0.0033280068907936,0.2750276215133881
toy,0,21,3.162278,38,3,5,-0.021505376344086,1.0,2,0.0037978439093232,0.0033280068907936,0.2750276215133881
toy,0,21,5.623413,38,3,5,-0.021505376344086,-0.021505376344086,2,0.0037978439093232,0.0033280068907936,0.2750276215133881
toy,0,21,10.0,38,3,4,1.0,1.0,3,0.649552089328843,0.7493887988039051,0.049593423256424
toy,0,21,17.782794,38,3,4,1.0,1.0,3,0.649552089328843,0.7493887988039051,0.049593423256424
toy,0,21,31.622777,38,3,4,1.0,1.0,3,0.649552089328843,0.7493887988039051,0.049593423256424
toy,0,21,56.234133,38,3,4,1.0,1.0,3,0.649552089328843,0.7493887988039051,0.049593423256424
toy,0,21,100.0,38,3,4,1.0,1.0,3,0.649552089328843,0.7493887988039051,0.049593423256424
toy,0,21,177.827941,38,3,4,1.0,1.0,3,0.649552089328843,0.7493887988039051,0.049593423256424
toy,0,21,316.227766,38,3,3,1.0,1.0,3,0.649552089328843,0.7493887988039051,0.049593423256424
toy,0,21,562.341325,38,3,3,1.0,1.0,3,0.649552089328843,0.7493887988039051,0.049593423256424
toy,0,21,1000.0,38,3,3,1.0,,3,0.649552089328843,0.7493887988039051,0.049593423256424
toy,0,22,0.001,38,3,1,0.0426079080806277,-0.0360082304526749,3,0.1575241581999121,0.189111696146083,0.2342183132034556
toy,0,22,0.001778,38,3,5,0.0193548387096774,-0.027027027027027,2,0.0003123653989917,0.0003985020256606,0.2727255883246051
toy,0,22,0.003162,38,3,1,0.02389486260454,1.0,2,0.1055714527339873,0.1295024567504281,0.2535025827296818
toy,0,22,0.005623,38,3,1,0.02389486260454,0.6481481481481481,2,0.1055714527339873,0.1295024567504281,0.2535025827296818
toy,0,22,0.01,38,3,9,0.0426079080806277,0.2031414460367581,3,0.1056292057427877,0.1294991749977418,0.2535241223937649
toy,0,22,0.017783,38,3,9,0.560556336927645,0.7272286351731497,3,0.623123404957347,0.7361905866313763,0.1435598675335499
toy,0,22,0.031623,38,3,9,0.6234050842505113,0.4522255770916528,3,0.6150544188025296,0.7390586035861378,0.1454367113602606
toy,0,22,0.056234,38,3,10,0.4433006018371872,1.0,3,0.7174216027465206,0.8540435867810062,0.140787152690749
toy,0,22,0.1,38,3,10,0.4433006018371872,0.4433006018371872,3,0.7174216027465206,0.8540435867810062,0.140787152690749
toy,0,22,0.177828,38,3,10,1.0,1.0,3,0.6951374148458561,0.8073829438728175,0.0445948004741128
toy,0,22,0.316228,38,3,10,1.0,1.0,3,0.6951374148458561,0.8073829438728175,0.0445948004741128
toy,0,22,0.5,38,3,10,1.0,1.0,3,0.6951374148458561,0.8073829438728175,0.0445948004741128
toy,0,22,0.562341,38,3,9,1.0,-0.021505376344086,3,0.6951374148458561,0.8073829438728175,0.0445948004741128
toy,0,22,1.0,38,3,5,-0.021505376344086,1.0,2,0.0064432170343883,0.0085000985196371,0.2756824739624406
toy,0,22,1.778279,38,3,5,-0.021505376344086,1.0,2,0.0064432170343883,0.0085000985196371,0.2756824739624406
toy,0,22,3.162278,38,3,5,-0.021505376344086,0.1474358974358974,2,0.0064432170343883,0.0085000985196371,0.2756824739624406
toy,0,22,5.623413,38,3,5,0.4636937374297801,1.0,3,0.6661742314169113,0.8073829438728177,0.1080498296859106
toy,0,22,10.0,38,3,4,0.4636937374297801,0.4636937374297801,3,0.6661742314169113,0.8073829438728177,0.1080498296859106
toy,0,22,17.782794,38,3,4,1.0,1.0,3,0.6951374148458561,0.8073829438728175,0.0445948004741128
toy,0,22,31.622777,38,3,4,1.0,1.0,3,0.6951374148458561,0.8073829438728175,0.0445948004741128
toy,0,22,56.234133,38,3,4,1.0,1.0,3,0.6951374148458561,0.8073829438728175,0.0445948004741128
toy,0,22,100.0,38,3,4,1.0,1.0,3,0.6951374148458561,0.8073829438728175,0.0445948004741128
toy,0,22,177.827941,38,3,4,1.0,1.0,3,0.6951374148458561,0.8073829438728175,0.0445948004741128
toy,0,22,316.227766,38,3,3,1.0,1.0,3,0.6951374148458561,0.8073829438728175,0.0445948004741128
toy,0,22,562.341325,38,3,3,1.0,1.0,3,0.6951374148458561,0.8073829438728175,0.0445948004741128
toy,0,22,1000.0,38,3,3,1.0,,3,0.6951374148458561,0.8073829438728175,0.0445948004741128
toy,0,23,0.001,38,3,1,0.02389486260454,1.0,2,0.064427253696424,0.0852258748347,0.2596319726842645
toy,0,23,0.001778,38,3,2,0.02389486260454,0.2136181575433912,2,0.064427253696424,0.0852258748347,0.2596319726842645
toy,0,23,0.003162,38,3,4,0.2471798031363229,-0.0400534045393858,3,0.3094946962564678,0.3765242692526764,0.2185943242051057
toy,0,23,0.005623,38,3,9,0.0193548387096774,1.0,2,0.0003109077101225,0.0003987319951093,0.2713641124536806
toy,0,23,0.01,38,3,10,0.0193548387096774,1.0,2,0.0003109077101225,0.0003987319951093,0.2713641124536806
toy,0,23,0.017783,38,3,10,0.0193548387096774,-0.0333333333333333,2,0.0003109077101225,0.0003987319951093,0.2713641124536806
toy,0,23,0.031623,38,3,10,0.575701224236789,0.905939449965334,3,0.5187639376171513,0.6020746070921174,0.1090118102935493
toy,0,23,0.056234,38,3,10,0.6662455775320049,0.6662455775320049,3,0.5190376800264,0.6023891621081479,0.1090668925907682
toy,0,23,0.1,38,3,10,1.0,1.0,3,0.5810502414365363,0.6857353182461694,0.0642371109132745
toy,0,23,0.177828,38,3,10,1.0,0.4433006018371872,3,0.5810502414365363,0.6857353182461694,0.0642371109132745
toy,0,23,0.316228,38,3,10,0.4433006018371872,0.4433006018371872,3,0.57756833767869,0.6815701095624909,0.2262271855080603
toy,0,23,0.5,38,3,10,1.0,1.0,3,0.5810502414365363,0.6857353182461694,0.0642371109132745
toy,0,23,0.562341,38,3,10,1.0,-0.021505376344086,3,0.5810502414365363,0.6857353182461694,0.0642371109132745
toy,0,23,1.0,38,3,8,-0.021505376344086,1.0,2,0.0041274669208861,4.1319387735309526e-05,0.2713833088775969
toy,0,23,1.778279,38,3,8,-0.021505376344086,1.0,2,0.0041274669208861,4.1319387735309526e-05,0.2713833088775969
toy,0,23,3.162278,38,3,5,-0.021505376344086,1.0,2,0.0041274669208861,4.1319387735309526e-05,0.2713833088775969
toy,0,23,5.623413,38,3,4,-0.021505376344086,-0.021505376344086,2,0.0041274669208861,4.1319387735309526e-05,0.2713833088775969
toy,0,23,10.0,38,3,4,1.0,1.0,3,0.5810502414365363,0.6857353182461694,0.0642371109132745
toy,0,23,17.782794,38,3,4,1.0,1.0,3,0.5810502414365363,0.6857353182461694,0.0642371109132745
toy,0,23,31.622777,38,3,4,1.0,1.0,3,0.5810502414365363,0.6857353182461694,0.0642371109132745
toy,0,23,56.234133,38,3,4,1.0,1.0,3,0.5810502414365363,0.6857353182461694,0.0642371109132745
toy,0,23,100.0,38,3,4,1.0,1.0,3,0.5810502414365363,0.6857353182461694,0.0642371109132745
toy,0,23,177.827941,38,3,4,1.0,1.0,3,0.5810502414365363,0.6857353182461694,0.0642371109132745
toy,0,23,316.227766,38,3,3,1.0,1.0,3,0.5810502414365363,0.6857353182461694,0.0642371109132745
toy,0,23,562.341325,38,3,3,1.0,1.0,3,0.5810502414365363,0.6857353182461694,0.0642371109132745
toy,0,23,1000.0,38,3,3,1.0,,3,0.5810502414365363,0.6857353182461694,0.0642371109132745
toy,0,24,0.001,38,3,3,0.0193548387096774,-0.027027027027027,2,0.1129601064171261,0.143506212178874,0.2502557390818079
toy,0,24,0.001778,38,3,1,0.0193548387096774,1.0,2,0.045867628087737,0.0630972414224866,0.2620404153003061
toy,0,24,0.003162,38,3,5,0.0193548387096774,-0.027027027027027,2,0.045867628087737,0.0630972414224866,0.2620404153003061
toy,0,24,0.005623,38,3,1,0.0193548387096774,1.0,2,0.0003095198325961,0.0003989621482887,0.2702614696271675
toy,0,24,0.01,38,3,9,0.0193548387096774,1.0,2,0.0003095198325961,0.0003989621482887,0.2702614696271675
toy,0,24,0.017783,38,3,10,0.0193548387096774,0.1474358974358974,2,0.0003095198325961,0.0003989621482887,0.2702614696271675
toy,0,24,0.031623,38,3,10,0.024897704417782,0.512448852208891,3,0.5485418747272862,0.6868952917508196,0.2329518747016868
toy,0,24,0.056234,38,3,10,0.4433006018371872,1.0,3,0.6251353634138102,0.7483686337776492,0.0634361665063642
toy,0,24,0.1,38,3,10,0.4433006018371872,1.0,3,0.6251353634138103,0.7483686337776492,0.0634361665063642
toy,0,24,0.177828,38,3,10,0.4433006018371872,1.0,3,0.6251353634138102,0.7483686337776492,0.0634361665063642
toy,0,24,0.316228,38,3,10,0.4433006018371872,0.4433006018371872,3,0.6251353634138102,0.7483686337776492,0.0634361665063642
toy,0,24,0.5,38,3,10,1.0,0.4433006018371872,3,0.6595620287102127,0.8013029936956275,0.1693992479149748
toy,0,24,0.562341,38,3,10,0.4433006018371872,0.4433006018371872,3,0.6595620287102127,0.8013029936956275,0.1706573676757824
toy,0,24,1.0,38,3,8,0.4433006018371872,-0.021505376344086,3,0.6251353634138102,0.7483686337776492,0.0634361665063642
toy,0,24,1.778279,38,3,8,-0.021505376344086,1.0,2,0.0105084053914942,0.0120685731995101,0.2749179878155433
toy,0,24,3.162278,38,3,8,-0.021505376344086,1.0,2,0.0105084053914942,0.0120685731995101,0.2749179878155433
toy,0,24,5.623413,38,3,4,-0.021505376344086,0.1474358974358974,2,0.0105084053914942,0.0120685731995101,0.2749179878155433
toy,0,24,10.0,38,3,4,0.024897704417782,0.4636937374297801,3,0.6135446091317787,0.7483686337776492,0.1200643189012409
toy,0,24,17.782794,38,3,4,0.4433006018371872,1.0,3,0.6251353634138102,0.7483686337776492,0.0634361665063642
toy,0,24,31.622777,38,3,4,0.4433006018371872,1.0,3,0.6251353634138102,0.7483686337776492,0.0634361665063642
toy,0,24,56.234133,38,3,4,0.4433006018371872,1.0,3,0.6251353634138102,0.7483686337776492,0.0634361665063642
toy,0,24,100.0,38,3,4,0.4433006018371872,1.0,3,0.6251353634138102,0.7483686337776492,0.0634361665063642
toy,0,24,177.827941,38,3,4,0.4433006018371872,1.0,3,0.6251353634138102,0.7483686337776492,0.0634361665063642
toy,0,24,316.227766,38,3,3,0.4433006018371872,1.0,3,0.6251353634138102,0.7483686337776492,0.0634361665063642
toy,0,24,562.341325,38,3,3,0.4433006018371872,1.0,3,0.6251353634138102,0.7483686337776492,0.0634361665063642
toy,0,24,1000.0,38,3,1,0.4433006018371872,,3,0.6251353634138102,0.7483686337776492,0.0634361665063642
toy,0,25,0.001,38,3,2,0.0193548387096774,1.0,2,0.0258316253424175,0.0365138121411679,0.2647353989868656
toy,0,25,0.001778,38,3,2,0.0193548387096774,0.4726407613005551,2,0.0258316253424175,0.0365138121411679,0.2647353989868656
toy,0,25,0.003162,38,3,1,-0.0220787124695699,-0.0396510705789056,3,0.1754004272857069,0.216776181264849,0.2343171096346822
toy,0,25,0.005623,38,3,1,0.0193548387096774,1.0,2,0.0003078827648393,0.0003987319951093,0.2691848514191852
toy,0,25,0.01,38,3,2,0.0193548387096774,1.0,2,0.0003078827648393,0.0003987319951093,0.2691848514191852
toy,0,25,0.017783,38,3,10,0.0193548387096774,0.1337386018237082,2,0.0003078827648393,0.0003987319951093,0.2691848514191852
toy,0,25,0.031623,38,3,10,0.4561884669479606,-0.0589876772881802,3,0.0317767784650848,0.0205689846485757,0.2758338470977197
toy,0,25,0.056234,38,3,10,0.4625172610177954,0.4625172610177954,3,0.4702941740869993,0.5743147106978439,0.2298723353749866
toy,0,25,0.1,38,3,10,0.4433006018371872,1.0,3,0.6422002617087121,0.7689258936527802,0.060905488013245
toy,0,25,0.177828,38,3,10,0.4433006018371872,1.0,3,0.6422002617087121,0.7689258936527802,0.060905488013245
toy,0,25,0.316228,38,3,10,0.4433006018371872,0.4433006018371872,3,0.6422002617087121,0.7689258936527802,0.060905488013245
toy,0,25,0.5,38,3,10,1.0,0.4433006018371872,3,0.5752056635336461,0.6917452367735696,0.2228122457643716
toy,0,25,0.562341,38,3,10,0.4433006018371872,1.0,3,0.6422002617087121,0.7689258936527802,0.060905488013245
toy,0,25,1.0,38,3,8,0.4433006018371872,-0.021505376344086,3,0.6422002617087121,0.7689258936527802,0.060905488013245
toy,0,25,1.778279,38,3,8,-0.021505376344086,1.0,2,0.0160969666491455,0.0203165464004775,0.2756565245247782
toy,0,25,3.162278,38,3,5,-0.021505376344086,1.0,2,0.0160969666491455,0.0203165464004775,0.2756565245247782
toy,0,25,5.623413,38,3,4,-0.021505376344086,0.1474358974358974,2,0.0160969666491455,0.0203165464004775,0.2756565245247782
toy,0,25,10.0,38,3,4,0.024897704417782,0.4636937374297801,3,0.6286251256852134,0.7689258936527802,0.1196586532255803
toy,0,25,17.782794,38,3,4,0.4433006018371872,1.0,3,0.6422002617087121,0.7689258936527802,0.060905488013245
toy,0,25,31.622777,38,3,4,0.4433006018371872,1.0,3,0.6422002617087121,0.7689258936527802,0.060905488013245
toy,0,25,56.234133,38,3,4,0.4433006018371872,1.0,3,0.6422002617087121,0.7689258936527802,0.060905488013245
toy,0,25,100.0,38,3,4,0.4433006018371872,1.0,3,0.6422002617087121,0.7689258936527802,0.060905488013245
toy,0,25,177.827941,38,3,4,0.4433006018371872,1.0,3,0.6422002617087121,0.7689258936527802,0.060905488013245
toy,0,25,316.227766,38,3,3,0.4433006018371872,1.0,3,0.6422002617087121,0.7689258936527802,0.060905488013245
toy,0,25,562.341325,38,3,3,0.4433006018371872,1.0,3,0.6422002617087121,0.7689258936527802,0.060905488013245
toy,0,25,1000.0,38,3,3,0.4433006018371872,,3,0.6422002617087121,0.7689258936527802,0.060905488013245
toy,0,26,0.001,38,3,5,-0.021505376344086,1.0,2,0.1523132924556516,0.1905388057266375,0.242648345264902
toy,0,26,0.001778,38,3,1,-0.021505376344086,-0.027027027027027,2,0.1523132924556516,0.1905388057266375,0.242648345264902
toy,0,26,0.003162,38,3,1,0.0193548387096774,1.0,2,0.0257670497115626,0.0365350125094091,0.2637922489694345
toy,0,26,0.005623,38,3,1,0.0193548387096774,-0.027027027027027,2,0.0257670497115626,0.0365350125094091,0.2637922489694345
toy,0,26,0.01,38,3,2,0.0193548387096774,1.0,2,0.0003066236884182,0.0003989621482887,0.2679656717032319
toy,0,26,0.017783,38,3,10,0.0193548387096774,1.0,2,0.0003066236884182,0.0003989621482887,0.2679656717032319
toy,0,26,0.031623,38,3,10,0.0193548387096774,0.2986577181208054,2,0.0003066236884182,0.0003989621482887,0.2679656717032319
toy,0,26,0.056234,38,3,10,0.1566639145867293,0.1566639145867293,3,0.1313976208457614,0.1767017545560732,0.2479398701631122
toy,0,26,0.1,38,3,10,0.4433006018371872,0.4669353873169174,3,0.707259950853264,0.8558350430508208,0.0472316529065283
toy,0,26,0.177828,38,3,10,0.915831903260566,0.4669353873169174,3,0.6835053543130917,0.8558350430508208,0.0793921492568807
toy,0,26,0.316228,38,3,9,0.4433006018371872,0.4433006018371872,3,0.707259950853264,0.8558350430508208,0.0472316529065283
toy,0,26,0.5,38,3,9,1.0,0.4433006018371872,3,0.7011567256668048,0.8708515104936062,0.1391530590077468
toy,0,26,0.562341,38,3,9,0.4433006018371872,-0.021505376344086,3,0.707259950853264,0.8558350430508208,0.0472316529065283
toy,0,26,1.0,38,3,9,-0.021505376344086,1.0,2,0.000943247381312,0.0004032253359757,0.2680461681017678
toy,0,26,1.778279,38,3,8,-0.021505376344086,1.0,2,0.000943247381312,0.0004032253359757,0.2680461681017678
toy,0,26,3.162278,38,3,8,-0.021505376344086,1.0,2,0.000943247381312,0.0004032253359757,0.2680461681017678
toy,0,26,5.623413,38,3,4,-0.021505376344086,-0.021505376344086,2,0.000943247381312,0.0004032253359757,0.2680461681017678
toy,0,26,10.0,38,3,4,0.4433006018371872,1.0,3,0.707259950853264,0.8558350430508208,0.0472316529065283
toy,0,26,17.782794,38,3,4,0.4433006018371872,1.0,3,0.707259950853264,0.8558350430508208,0.0472316529065283
toy,0,26,31.622777,38,3,4,0.4433006018371872,1.0,3,0.707259950853264,0.8558350430508208,0.0472316529065283
toy,0,26,56.234133,38,3,4,0.4433006018371872,1.0,3,0.707259950853264,0.8558350430508208,0.0472316529065283
toy,0,26,100.0,38,3,4,0.4433006018371872,1.0,3,0.707259950853264,0.8558350430508208,0.0472316529065283
toy,0,26,177.827941,38,3,4,0.4433006018371872,1.0,3,0.707259950853264,0.8558350430508208,0.0472316529065283
toy,0,26,316.227766,38,3,3,0.4433006018371872,1.0,3,0.707259950853264,0.8558350430508208,0.0472316529065283
toy,0,26,562.341325,38,3,3,0.4433006018371872,1.0,3,0.707259950853264,0.8558350430508208,0.0472316529065283
toy,0,26,1000.0,38,3,1,0.4433006018371872,,3,0.707259950853264,0.8558350430508208,0.0472316529065283
toy,0,27,0.001,38,3,2,0.0548484598232719,0.7771871519256717,2,0.0547219212721197,0.0770078332432549,0.2575750015744459
toy,0,27,0.001778,38,3,1,0.072998377062483,-0.0396510705789056,3,0.1467773449921894,0.1848261982644721,0.2308307932200652
toy,0,27,0.003162,38,3,1,0.0193548387096774,-0.027027027027027,2,0.02616034164863,0.0375067656907538,0.2624191513261369
toy,0,27,0.005623,38,3,1,0.0193548387096774,1.0,2,0.000305267244435,0.0003989621482887,0.2668616827233693
toy,0,27,0.01,38,3,1,0.0193548387096774,1.0,2,0.000305267244435,0.0003989621482887,0.2668616827233693
toy,0,27,0.017783,38,3,9,0.0193548387096774,0.1474358974358974,2,0.000305267244435,0.0003989621482887,0.2668616827233693
toy,0,27,0.031623,38,3,9,0.024897704417782,0.024897704417782,3,0.0939611245565137,0.0003989621482887,0.2719740230840478
toy,0,27,0.056234,38,3,9,1.0,1.0,3,0.6866320808694628,0.8319077068410976,0.0479335630779507
toy,0,27,0.1,38,3,9,1.0,1.0,3,0.6866320808694628,0.8319077068410976,0.0479335630779507
toy,0,27,0.177828,38,3,10,1.0,1.0,3,0.6866320808694628,0.8319077068410976,0.0479335630779507
toy,0,27,0.316228,38,3,10,1.0,1.0,3,0.6866320808694628,0.8319077068410976,0.0479335630779507
toy,0,27,0.5,38,3,10,1.0,0.4433006018371872,3,0.6866320808694628,0.8319077068410976,0.0479335630779507
toy,0,27,0.562341,38,3,10,0.4433006018371872,0.0193548387096774,3,0.1121283941073819,1.978501567571461e-05,0.2722198056369245
toy,0,27,1.0,38,3,10,-0.021505376344086,1.0,2,0.0001296163933728,1.978501567571461e-05,0.2668687557161435
toy,0,27,1.778279,38,3,10,-0.021505376344086,1.0,2,0.0001296163933728,1.978501567571461e-05,0.2668687557161435
toy,0,27,3.162278,38,3,4,-0.021505376344086,1.0,2,0.0001296163933728,1.978501567571461e-05,0.2668687557161435
toy,0,27,5.623413,38,3,4,-0.021505376344086,0.1474358974358974,2,0.0001296163933728,1.978501567571461e-05,0.2668687557161435
toy,0,27,10.0,38,3,4,0.4636937374297801,0.4636937374297801,3,0.6622614434811845,0.8319077068410976,0.107072731346938
toy,0,27,17.782794,38,3,4,1.0,1.0,3,0.6866320808694628,0.8319077068410976,0.0479335630779507
toy,0,27,31.622777,38,3,4,1.0,1.0,3,0.6866320808694628,0.8319077068410976,0.0479335630779507
toy,0,27,56.234133,38,3,4,1.0,1.0,3,0.6866320808694628,0.8319077068410976,0.0479335630779507
toy,0,27,100.0,38,3,4,1.0,1.0,3,0.6866320808694628,0.8319077068410976,0.0479335630779507
toy,0,27,177.827941,38,3,4,1.0,1.0,3,0.6866320808694628,0.8319077068410976,0.0479335630779507
toy,0,27,316.227766,38,3,3,1.0,1.0,3,0.6866320808694628,0.8319077068410976,0.0479335630779507
toy,0,27,562.341325,38,3,3,1.0,1.0,3,0.6866320808694628,0.8319077068410976,0.0479335630779507
toy,0,27,1000.0,38,3,3,1.0,,3,0.6866320808694628,0.8319077068410976,0.0479335630779507
toy,0,28,0.001,38,3,2,0.0426079080806277,-0.0360082304526749,3,0.1222949026576416,0.1601000933828642,0.2444877513161214
toy,0,28,0.001778,38,3,2,0.0193548387096774,1.0,2,0.0261106375100834,0.0375285502471842,0.2616903601622735
toy,0,28,0.003162,38,3,1,0.0193548387096774,1.0,2,0.0261106375100834,0.0375285502471842,0.2616903601622735
toy,0,28,0.005623,38,3,1,0.0193548387096774,-0.027027027027027,2,0.0261106375100834,0.0375285502471842,0.2616903601622735
toy,0,28,0.01,38,3,1,0.0193548387096774,1.0,2,0.0003041201078746,0.0003991924854273,0.2657668751544742
toy,0,28,0.017783,38,3,9,0.0193548387096774,1.0,2,0.0003041201078746,0.0003991924854273,0.2657668751544742
toy,0,28,0.031623,38,3,10,0.0193548387096774,0.1474358974358974,2,0.0003041201078746,0.0003991924854273,0.2657668751544742
toy,0,28,0.056234,38,3,10,0.512448852208891,0.512448852208891,3,0.5939284498408964,0.7661493492303021,0.1975025507561554
toy,0,28,0.1,38,3,10,1.0,1.0,3,0.651710180252514,0.8033451902771696,0.0594185334075501
toy,0,28,0.177828,38,3,8,1.0,1.0,3,0.651710180252514,0.8033451902771696,0.0594185334075501
toy,0,28,0.316228,38,3,8,1.0,1.0,3,0.651710180252514,0.8033451902771696,0.0594185334075501
toy,0,28,0.5,38,3,8,1.0,1.0,3,0.651710180252514,0.8033451902771696,0.0594185334075501
toy,0,28,0.562341,38,3,8,1.0,1.0,3,0.651710180252514,0.8033451902771696,0.0594185334075501
toy,0,28,1.0,38,3,7,1.0,-0.021505376344086,3,0.651710180252514,0.8033451902771696,0.0594185334075501
toy,0,28,1.778279,38,3,7,-0.021505376344086,1.0,2,0.0046326537093847,0.0063923732677965,0.2676887339361234
toy,0,28,3.162278,38,3,7,-0.021505376344086,1.0,2,0.0046326537093847,0.0063923732677965,0.2676887339361234
toy,0,28,5.623413,38,3,4,-0.021505376344086,0.1337386018237082,2,0.0046326537093847,0.0063923732677965,0.2676887339361234
toy,0,28,10.0,38,3,4,0.5056258790436006,0.5056258790436006,3,0.6347478632193146,0.8033451902771696,0.1132296839146607
toy,0,28,17.782794,38,3,4,1.0,1.0,3,0.651710180252514,0.8033451902771696,0.0594185334075501
toy,0,28,31.622777,38,3,4,1.0,1.0,3,0.651710180252514,0.8033451902771696,0.0594185334075501
toy,0,28,56.234133,38,3,4,1.0,1.0,3,0.651710180252514,0.8033451902771696,0.0594185334075501
toy,0,28,100.0,38,3,4,1.0,1.0,3,0.651710180252514,0.8033451902771696,0.0594185334075501
toy,0,28,177.827941,38,3,4,1.0,1.0,3,0.651710180252514,0.8033451902771696,0.0594185334075501
toy,0,28,316.227766,38,3,3,1.0,1.0,3,0.651710180252514,0.8033451902771696,0.0594185334075501
toy,0,28,562.341325,38,3,3,1.0,1.0,3,0.651710180252514,0.8033451902771696,0.0594185334075501
toy,0,28,1000.0,38,3,1,1.0,,3,0.651710180252514,0.8033451902771696,0.0594185334075501
toy,0,29,0.001,38,3,1,0.0682445225858804,-0.0396510705789056,3,0.1513144999451351,0.1964981450596243,0.2309551161806004
toy,0,29,0.001778,38,3,3,0.0193548387096774,1.0,2,0.1331060835299878,0.1710496538030677,0.2424110150913698
toy,0,29,0.003162,38,3,1,0.0193548387096774,-0.027027027027027,2,0.1331060835299878,0.1710496538030677,0.2424110150913698
toy,0,29,0.005623,38,3,1,0.02389486260454,-0.027027027027027,2,0.024792073620426,0.0359058525084641,0.260726541032781
toy,0,29,0.01,38,3,1,0.0193548387096774,1.0,2,0.0003025677822753,0.0003987319951093,0.2647088484575572
toy,0,29,0.017783,38,3,10,0.0193548387096774,0.6481481481481481,2,0.0003025677822753,0.0003987319951093,0.2647088484575572
toy,0,29,0.031623,38,3,10,0.0426079080806277,0.1059013057486857,3,0.0250169637752303,0.0361587652253596,0.2607142089559914
toy,0,29,0.056234,38,3,10,0.512448852208891,0.4902807029658529,3,0.5375981835338521,0.6977808918064917,0.2298002980756626
toy,0,29,0.1,38,3,10,0.4669353873169174,0.915831903260566,3,0.574182080874485,0.7300067333111178,0.1033530441455739
toy,0,29,0.177828,38,3,10,0.4433006018371872,0.4433006018371872,3,0.5620162913673473,0.6986602366872098,0.2228166373239005
toy,0,29,0.316228,38,3,10,1.0,1.0,3,0.5899925432207868,0.7300067333111177,0.0673766435034178
toy,0,29,0.5,38,3,10,1.0,0.4433006018371872,3,0.5899925432207868,0.7300067333111177,0.0673766435034178
toy,0,29,0.562341,38,3,8,0.4433006018371872,0.4433006018371872,3,0.5620162913673473,0.6986602366872098,0.2228166373239005
toy,0,29,1.0,38,3,8,1.0,-0.021505376344086,3,0.5899925432207868,0.7300067333111177,0.0673766435034178
toy,0,29,1.778279,38,3,8,-0.021505376344086,1.0,2,0.0042696139712658,0.0029754604473478,0.2656592903422552
toy,0,29,3.162278,38,3,8,-0.021505376344086,1.0,2,0.0042696139712658,0.0029754604473478,0.2656592903422552
toy,0,29,5.623413,38,3,4,-0.021505376344086,-0.021505376344086,2,0.0042696139712658,0.0029754604473478,0.2656592903422552
toy,0,29,10.0,38,3,4,1.0,1.0,3,0.5899925432207868,0.7300067333111177,0.0673766435034178
toy,0,29,17.782794,38,3,4,1.0,1.0,3,0.5899925432207868,0.7300067333111177,0.0673766435034178
toy,0,29,31.622777,38,3,4,1.0,1.0,3,0.5899925432207868,0.7300067333111177,0.0673766435034178
toy,0,29,56.234133,38,3,4,1.0,1.0,3,0.5899925432207868,0.7300067333111177,0.0673766435034178
toy,0,29,100.0,38,3,4,1.0,1.0,3,0.5899925432207868,0.7300067333111177,0.0673766435034178
toy,0,29,177.827941,38,3,4,1.0,1.0,3,0.5899925432207868,0.7300067333111177,0.0673766435034178
toy,0,29,316.227766,38,3,3,1.0,1.0,3,0.5899925432207868,0.7300067333111177,0.0673766435034178
toy,0,29,562.341325,38,3,3,1.0,1.0,3,0.5899925432207868,0.7300067333111177,0.0673766435034178
toy,0,29,1000.0,38,3,1,1.0,,3,0.5899925432207868,0.7300067333111177,0.0673766435034178
toy,0,30,0.001,38,3,6,0.072998377062483,-0.0396510705789056,3,0.0746725386449731,0.1043945866074706,0.2487024603231532
toy,0,30,0.001778,38,3,1,0.0193548387096774,0.6481481481481481,2,0.0400736189586068,0.0583333928550598,0.2568444542750688
toy,0,30,0.003162,38,3,1,0.0426079080806277,-0.0360082304526749,3,0.0942699247005774,0.1287481601617636,0.2474276925718072
toy,0,30,0.005623,38,3,3,0.02389486260454,-0.027027027027027,2,0.1859025324097034,0.2330631252709499,0.2360517082864442
toy,0,30,0.01,38,3,1,0.0193548387096774,1.0,2,0.000301521932305,0.0003989621482887,0.2636331005227855
toy,0,30,0.017783,38,3,2,0.0193548387096774,1.0,2,0.000301521932305,0.0003989621482887,0.2636331005227855
toy,0,30,0.031623,38,3,10,0.0193548387096774,0.4726407613005551,2,0.000301521932305,0.0003989621482887,0.2636331005227855
toy,0,30,0.056234,38,3,9,0.072998377062483,0.072998377062483,3,0.0560504814701256,0.0802429249620398,0.2547996834950172
toy,0,30,0.1,38,3,9,1.0,1.0,3,0.6707315830817618,0.8377313213209665,0.0565308191596837
toy,0,30,0.177828,38,3,9,1.0,1.0,3,0.6707315830817618,0.8377313213209665,0.0565308191596837
toy,0,30,0.316228,38,3,10,1.0,1.0,3,0.6707315830817618,0.8377313213209665,0.0565308191596837
toy,0,30,0.5,38,3,10,1.0,1.0,3,0.6707315830817618,0.8377313213209665,0.0565308191596837
toy,0,30,0.562341,38,3,10,1.0,1.0,3,0.6707315830817618,0.8377313213209665,0.0565308191596837
toy,0,30,1.0,38,3,8,1.0,-0.021505376344086,3,0.6707315830817617,0.8377313213209667,0.0565308191596837
toy,0,30,1.778279,38,3,9,-0.021505376344086,1.0,2,0.0005399201762601,0.0003689028733311,0.2636952839339324
toy,0,30,3.162278,38,3,5,-0.021505376344086,0.0906801007556675,2,0.0005399201762601,0.0003689028733311,0.2636952839339324
toy,0,30,5.623413,38,3,5,0.6857866507747318,0.1143809516357462,3,0.1342623411693241,0.0003689028733311,0.2741563240303273
toy,0,30,10.0,38,3,4,0.1397516645672125,0.1397516645672125,3,0.3661373084288841,0.4580045431250287,0.2486345802092485
toy,0,30,17.782794,38,3,4,1.0,1.0,3,0.6707315830817618,0.8377313213209665,0.0565308191596837
toy,0,30,31.622777,38,3,4,1.0,1.0,3,0.6707315830817618,0.8377313213209665,0.0565308191596837
toy,0,30,56.234133,38,3,4,1.0,1.0,3,0.6707315830817618,0.8377313213209665,0.0565308191596837
toy,0,30,100.0,38,3,4,1.0,1.0,3,0.6707315830817618,0.8377313213209665,0.0565308191596837
toy,0,30,177.827941,38,3,4,1.0,1.0,3,0.6707315830817618,0.8377313213209665,0.0565308191596837
toy,0,30,316.227766,38,3,3,1.0,1.0,3,0.6707315830817618,0.8377313213209665,0.0565308191596837
toy,0,30,562.341325,38,3,3,1.0,1.0,3,0.6707315830817618,0.8377313213209665,0.0565308191596837
toy,0,30,1000.0,38,3,1,1.0,,3,0.6707315830817618,0.8377313213209665,0.0565308191596837
toy,0,31,0.001,38,3,2,0.02389486260454,1.0,2,0.0247067592733798,0.0361892216345149,0.2588145576404189
toy,0,31,0.001778,38,3,5,0.02389486260454,-0.027027027027027,2,0.0247067592733798,0.0361892216345149,0.2588145576404189
toy,0,31,0.003162,38,3,1,0.02389486260454,-0.0360082304526749,2,0.1001005875995731,0.1341818012815078,0.2453233827301488
toy,0,31,0.005623,38,3,3,0.0426079080806277,1.0,3,0.1849289014196048,0.2323808900857877,0.2352603226220232
toy,0,31,0.01,38,3,1,0.0426079080806277,0.9923104689191996,3,0.1849289014196048,0.2323808900857877,0.2352603226220232
toy,0,31,0.017783,38,3,10,0.0455595011974564,0.9923104689191996,2,0.1851082827800478,0.2326946153176455,0.2352209151687264
toy,0,31,0.031623,38,3,10,0.0426079080806277,0.1932663328555148,3,0.1849289014196048,0.2323808900857877,0.2352603226220232
toy,0,31,0.056234,38,3,10,0.5617224841389821,0.3043940337889838,3,0.2358410356711223,0.2863663952481553,0.2923722553798844
toy,0,31,0.1,38,3,10,0.4174727642240965,0.4174727642240965,3,0.4290035030654481,0.5273444060397834,0.2596116627674191
toy,0,31,0.177828,38,3,10,1.0,1.0,3,0.567291361836737,0.7167977903630167,0.1049326178470553
toy,0,31,0.316228,38,3,10,1.0,1.0,3,0.567291361836737,0.7167977903630167,0.1049326178470553
toy,0,31,0.5,38,3,10,1.0,1.0,3,0.567291361836737,0.7167977903630167,0.1049326178470553
toy,0,31,0.562341,38,3,10,1.0,-0.021505376344086,3,0.567291361836737,0.7167977903630167,0.1049326178470553
toy,0,31,1.0,38,3,10,-0.021505376344086,1.0,2,0.06758053404993,0.0834361171192304,0.2900241839475269
toy,0,31,1.778279,38,3,9,-0.021505376344086,1.0,2,0.06758053404993,0.0834361171192304,0.2900241839475269
toy,0,31,3.162278,38,3,4,-0.021505376344086,1.0,2,0.06758053404993,0.0834361171192304,0.2900241839475269
toy,0,31,5.623413,38,3,4,-0.021505376344086,-0.0388349514563106,2,0.06758053404993,0.0834361171192304,0.2900241839475269
toy,0,31,10.0,38,3,4,0.4656742946011997,0.4428697962798937,3,0.5611855471256605,0.7134159370921748,0.167294552743778
toy,0,31,17.782794,38,3,4,0.915831903260566,1.0,3,0.6878264688119737,0.8388611799809937,0.1495858943334705
toy,0,31,31.622777,38,3,4,0.915831903260566,1.0,3,0.6878264688119737,0.8388611799809937,0.1495858943334705
toy,0,31,56.234133,38,3,4,0.915831903260566,1.0,3,0.6878264688119737,0.8388611799809937,0.1495858943334705
toy,0,31,100.0,38,3,4,0.915831903260566,1.0,3,0.6878264688119737,0.8388611799809937,0.1495858943334705
toy,0,31,177.827941,38,3,4,0.915831903260566,1.0,3,0.6878264688119737,0.8388611799809937,0.1495858943334705
toy,0,31,316.227766,38,3,3,0.915831903260566,1.0,3,0.6878264688119737,0.8388611799809937,0.1495858943334705
toy,0,31,562.341325,38,3,3,0.915831903260566,1.0,3,0.6878264688119737,0.8388611799809937,0.1495858943334705
toy,0,31,1000.0,38,3,1,0.915831903260566,,3,0.6878264688119737,0.8388611799809937,0.1495858943334705
toy,0,32,0.001,38,3,3,0.0193548387096774,1.0,2,0.0408896993123849,0.0601982374546698,0.2544806523593921
toy,0,32,0.001778,38,3,1,0.0193548387096774,1.0,2,0.0408896993123849,0.0601982374546698,0.2544806523593921
toy,0,32,0.003162,38,3,10,0.0193548387096774,0.2136181575433912,2,0.0408896993123849,0.0601982374546698,0.2544806523593921
toy,0,32,0.005623,38,3,1,0.1904604732356349,-0.0400534045393858,3,0.0467931689814858,0.06296315728158,0.2664401367528948
toy,0,32,0.01,38,3,1,0.0193548387096774,1.0,2,0.0002995617841182,0.0003994230067602,0.2615179554062238
toy,0,32,0.017783,38,3,10,0.0193548387096774,1.0,2,0.0002995617841182,0.0003994230067602,0.2615179554062238
toy,0,32,0.031623,38,3,10,0.0193548387096774,1.0,2,0.0002995617841182,0.0003994230067602,0.2615179554062238
toy,0,32,0.056234,38,3,10,0.0193548387096774,0.0439746300211416,2,0.0002995617841182,0.0003994230067602,0.2615179554062238
toy,0,32,0.1,38,3,10,0.6662455775320049,0.6662455775320049,3,0.5578056022357768,0.7151954868295151,0.1495419799052919
toy,0,32,0.177828,38,3,9,1.0,0.4433006018371872,3,0.6507084954583701,0.8197044480274323,0.0606730080320137
toy,0,32,0.316228,38,3,9,0.4433006018371872,0.4433006018371872,3,0.6667924655859294,0.8592519955689328,0.1497922620232877
toy,0,32,0.5,38,3,9,1.0,1.0,3,0.6507084954583701,0.8197044480274323,0.0606730080320137
toy,0,32,0.562341,38,3,9,1.0,1.0,3,0.6507084954583701,0.8197044480274323,0.0606730080320137
toy,0,32,1.0,38,3,8,1.0,-0.021505376344086,3,0.6507084954583701,0.8197044480274323,0.0606730080320137
toy,0,32,1.778279,38,3,8,-0.021505376344086,1.0,2,0.0039812056128221,0.0057161098106935,0.2636179739585883
toy,0,32,3.162278,38,3,8,-0.021505376344086,1.0,2,0.0039812056128221,0.0057161098106935,0.2636179739585883
toy,0,32,5.623413,38,3,4,-0.021505376344086,0.1474358974358974,2,0.0039812056128221,0.0057161098106935,0.2636179739585883
toy,0,32,10.0,38,3,4,0.4636937374297801,0.4636937374297801,3,0.6314392681868903,0.8197044480274323,0.1146816066406109
toy,0,32,17.782794,38,3,4,1.0,1.0,3,0.6507084954583701,0.8197044480274323,0.0606730080320137
toy,0,32,31.622777,38,3,4,1.0,1.0,3,0.6507084954583701,0.8197044480274323,0.0606730080320137
toy,0,32,56.234133,38,3,4,1.0,1.0,3,0.6507084954583701,0.8197044480274323,0.0606730080320137
toy,0,32,100.0,38,3,4,1.0,1.0,3,0.6507084954583701,0.8197044480274323,0.0606730080320137
toy,0,32,177.827941,38,3,4,1.0,1.0,3,0.6507084954583701,0.8197044480274323,0.0606730080320137
toy,0,32,316.227766,38,3,3,1.0,1.0,3,0.6507084954583701,0.8197044480274323,0.0606730080320137
toy,0,32,562.341325,38,3,3,1.0,1.0,3,0.6507084954583701,0.8197044480274323,0.0606730080320137
toy,0,32,1000.0,38,3,1,1.0,,3,0.6507084954583701,0.8197044480274323,0.0606730080320137
toy,0,33,0.001,38,3,1,0.0682445225858804,1.0,3,0.1221534336867105,0.1652375722158858,0.2301914843822587
toy,0,33,0.001778,38,3,3,0.0682445225858804,0.5156144514584392,3,0.1221534336867105,0.1652375722158858,0.2301914843822587
toy,0,33,0.003162,38,3,1,0.1078587655994439,1.0,3,0.1177995572359059,0.1633057558491419,0.2430819479808601
toy,0,33,0.005623,38,3,1,0.1078587655994439,-0.0415180019461563,3,0.1177995572359059,0.1633057558491419,0.2430819479808601
toy,0,33,0.01,38,3,10,0.02389486260454,1.0,2,0.1686293410771187,0.2091900941193949,0.2341420529302345
toy,0,33,0.017783,38,3,3,0.02389486260454,1.0,2,0.1686293410771187,0.2091900941193949,0.2341420529302345
toy,0,33,0.031623,38,3,10,0.02389486260454,0.6481481481481481,2,0.1686293410771187,0.2091900941193949,0.2341420529302345
toy,0,33,0.056234,38,3,10,0.0426079080806277,0.0618171178179171,3,0.1685945932004869,0.2090299678633712,0.2341462313751978
toy,0,33,0.1,38,3,10,0.6474003672470077,0.6474003672470077,3,0.3456754531276517,0.3416850389709523,0.2434282652629852
toy,0,33,0.177828,38,3,10,1.0,0.4751160783032735,3,0.6149077652597289,0.7812476530898058,0.0648093753163051
toy,0,33,0.316228,38,3,10,0.4751160783032735,0.4751160783032735,3,0.5070047118507816,0.6416662345202723,0.1905930798405257
toy,0,33,0.5,38,3,10,1.0,1.0,3,0.6149077652597289,0.7812476530898058,0.0648093753163051
toy,0,33,0.562341,38,3,10,1.0,1.0,3,0.6149077652597289,0.7812476530898058,0.0648093753163051
toy,0,33,1.0,38,3,9,1.0,-0.021505376344086,3,0.6149077652597289,0.7812476530898058,0.0648093753163051
toy,0,33,1.778279,38,3,9,-0.021505376344086,1.0,2,0.0003311969322648,6.1953143099832e-05,0.2606210820635898
toy,0,33,3.162278,38,3,9,-0.021505376344086,0.1474358974358974,2,0.0003311969322648,6.1953143099832e-05,0.2606210820635898
toy,0,33,5.623413,38,3,4,0.4636937374297801,0.0437195636205348,3,0.6033304023605982,0.781247653089806,0.1185512308449851
toy,0,33,10.0,38,3,4,0.0525999336540056,0.0525999336540056,3,0.234039285083115,0.287843327995903,0.2351662142307213
toy,0,33,17.782794,38,3,4,1.0,1.0,3,0.6149077652597289,0.7812476530898058,0.0648093753163051
toy,0,33,31.622777,38,3,4,1.0,1.0,3,0.6149077652597289,0.7812476530898058,0.0648093753163051
toy,0,33,56.234133,38,3,4,1.0,1.0,3,0.6149077652597289,0.7812476530898058,0.0648093753163051
toy,0,33,100.0,38,3,4,1.0,1.0,3,0.6149077652597289,0.7812476530898058,0.0648093753163051
toy,0,33,177.827941,38,3,4,1.0,1.0,3,0.6149077652597289,0.7812476530898058,0.0648093753163051
toy,0,33,316.227766,38,3,3,1.0,1.0,3,0.6149077652597289,0.7812476530898058,0.0648093753163051
toy,0,33,562.341325,38,3,3,1.0,1.0,3,0.6149077652597289,0.7812476530898058,0.0648093753163051
toy,0,33,1000.0,38,3,1,1.0,,3,0.6149077652597289,0.7812476530898058,0.0648093753163051
toy,0,34,0.001,38,3,3,0.0519029769342139,-0.0360082304526749,3,0.1617491031806917,0.2085080743308625,0.2350886984279226
toy,0,34,0.001778,38,3,2,0.02389486260454,1.0,2,0.0374175530165096,0.0561938687139983,0.2534321853372044
toy,0,34,0.003162,38,3,1,0.02389486260454,0.3679060665362035,2,0.0374175530165096,0.0561938687139983,0.2534321853372044
toy,0,34,0.005623,38,3,1,0.1303353237131641,0.6274858175924194,3,0.100079771867134,0.1409203735846428,0.2457181030738964
toy,0,34,0.01,38,3,1,0.1853041705173906,-0.0400534045393858,3,0.0505109734987527,0.0681630629111257,0.2681935944519829
toy,0,34,0.017783,38,3,2,0.0193548387096774,1.0,2,0.0002973229061609,0.0003991924854273,0.2595050354609056
toy,0,34,0.031623,38,3,10,0.0193548387096774,1.0,2,0.0002973229061609,0.0003991924854273,0.2595050354609056
toy,0,34,0.056234,38,3,10,0.0193548387096774,0.1474358974358974,2,0.0002973229061609,0.0003991924854273,0.2595050354609056
toy,0,34,0.1,38,3,10,0.512448852208891,0.512448852208891,3,0.5790526811919459,0.7744263462479594,0.2000206875729533
toy,0,34,0.177828,38,3,10,1.0,1.0,3,0.6194555331379924,0.7969582769179694,0.0690513485336779
toy,0,34,0.316228,38,3,9,1.0,1.0,3,0.6194555331379924,0.7969582769179694,0.0690513485336779
toy,0,34,0.5,38,3,9,1.0,0.6662455775320049,3,0.6194555331379924,0.7969582769179694,0.0690513485336779
toy,0,34,0.562341,38,3,8,0.6662455775320049,0.2003679772029741,3,0.535838761661225,0.7031500246471918,0.1684294312544557
toy,0,34,1.0,38,3,8,0.4346580682714621,-0.0401459854014598,3,0.5102053746767126,0.6597733712400898,0.1992418649370149
toy,0,34,1.778279,38,3,8,-0.021505376344086,1.0,2,0.0018332581232059,0.0025743903518417,0.2605684219784951
toy,0,34,3.162278,38,3,8,-0.021505376344086,1.0,2,0.0018332581232059,0.0025743903518417,0.2605684219784951
toy,0,34,5.623413,38,3,4,-0.021505376344086,0.1474358974358974,2,0.0018332581232059,0.0025743903518417,0.2605684219784951
toy,0,34,10.0,38,3,4,0.4636937374297801,0.4636937374297801,3,0.6088456645378926,0.7969582769179692,0.1178901099896053
toy,0,34,17.782794,38,3,4,1.0,1.0,3,0.6194555331379924,0.7969582769179694,0.0690513485336779
toy,0,34,31.622777,38,3,4,1.0,1.0,3,0.6194555331379924,0.7969582769179694,0.0690513485336779
toy,0,34,56.234133,38,3,4,1.0,1.0,3,0.6194555331379924,0.7969582769179694,0.0690513485336779
toy,0,34,100.0,38,3,4,1.0,1.0,3,0.6194555331379924,0.7969582769179694,0.0690513485336779
toy,0,34,177.827941,38,3,4,1.0,1.0,3,0.6194555331379924,0.7969582769179694,0.0690513485336779
toy,0,34,316.227766,38,3,3,1.0,1.0,3,0.6194555331379924,0.7969582769179694,0.0690513485336779
toy,0,34,562.341325,38,3,3,1.0,1.0,3,0.6194555331379924,0.7969582769179694,0.0690513485336779
toy,0,34,1000.0,38,3,1,1.0,,3,0.6194555331379924,0.7969582769179694,0.0690513485336779
toy,0,35,0.001,38,3,2,0.0548484598232719,-0.0352880124545926,2,0.0533685532667238,0.0789942448034199,0.2506038373073198
toy,0,35,0.001778,38,3,1,0.02389486260454,-0.027027027027027,2,0.0630636695314206,0.0874020954655515,0.2474096457357984
toy,0,35,0.003162,38,3,1,0.02389486260454,1.0,2,0.0405291329167786,0.0610216435889877,0.2518246858942147
toy,0,35,0.005623,38,3,3,0.02389486260454,1.0,2,0.0405291329167786,0.0610216435889877,0.2518246858942147
toy,0,35,0.01,38,3,3,0.02389486260454,-0.027027027027027,2,0.0405291329167786,0.0610216435889877,0.2518246858942147
toy,0,35,0.017783,38,3,9,0.0193548387096774,1.0,2,0.0002961905140504,0.0003989621482887,0.2585592287007294
toy,0,35,0.031623,38,3,10,0.0193548387096774,1.0,2,0.0002961905140504,0.0003989621482887,0.2585592287007294
toy,0,35,0.056234,38,3,10,0.0193548387096774,0.1474358974358974,2,0.0002961905140504,0.0003989621482887,0.2585592287007294
toy,0,35,0.1,38,3,10,0.512448852208891,0.512448852208891,3,0.5687945074980916,0.7661545105081007,0.2025097975505101
toy,0,35,0.177828,38,3,10,1.0,1.0,3,0.619032821241875,0.7969830315693754,0.0675429606020719
toy,0,35,0.316228,38,3,10,1.0,1.0,3,0.619032821241875,0.7969830315693754,0.0675429606020719
toy,0,35,0.5,38,3,9,1.0,1.0,3,0.619032821241875,0.7969830315693754,0.0675429606020719
toy,0,35,0.562341,38,3,9,1.0,0.4433006018371872,3,0.619032821241875,0.7969830315693754,0.0675429606020719
toy,0,35,1.0,38,3,8,0.4433006018371872,-0.021505376344086,3,0.5870597510939288,0.76712187479095,0.1955230101104982
toy,0,35,1.778279,38,3,8,-0.021505376344086,1.0,2,0.0031223786316096,0.0044382889271798,0.2597687062356254
toy,0,35,3.162278,38,3,8,-0.021505376344086,1.0,2,0.0031223786316096,0.0044382889271798,0.2597687062356254
toy,0,35,5.623413,38,3,4,-0.021505376344086,0.1337386018237082,2,0.0031223786316096,0.0044382889271798,0.2597687062356254
toy,0,35,10.0,38,3,4,0.5056258790436006,0.5056258790436006,3,0.6050154190545425,0.7969830315693754,0.1204284207392324
toy,0,35,17.782794,38,3,4,1.0,1.0,3,0.619032821241875,0.7969830315693754,0.0675429606020719
toy,0,35,31.622777,38,3,4,1.0,1.0,3,0.619032821241875,0.7969830315693754,0.0675429606020719
toy,0,35,56.234133,38,3,4,1.0,1.0,3,0.619032821241875,0.7969830315693754,0.0675429606020719
toy,0,35,100.0,38,3,4,1.0,1.0,3,0.619032821241875,0.7969830315693754,0.0675429606020719
toy,0,35,177.827941,38,3,4,1.0,1.0,3,0.619032821241875,0.7969830315693754,0.0675429606020719
toy,0,35,316.227766,38,3,3,1.0,1.0,3,0.619032821241875,0.7969830315693754,0.0675429606020719
toy,0,35,562.341325,38,3,3,1.0,1.0,3,0.619032821241875,0.7969830315693754,0.0675429606020719
toy,0,35,1000.0,38,3,1,1.0,,3,0.619032821241875,0.7969830315693754,0.0675429606020719
toy,0,36,0.001,38,3,2,0.0519029769342139,0.9923104689191996,3,0.0740905554821858,0.1076315019403691,0.2451715424946021
toy,0,36,0.001778,38,3,5,0.0548484598232719,-0.0352880124545926,2,0.0770864965286883,0.1133796530309003,0.2451780380506691
toy,0,36,0.003162,38,3,1,0.02389486260454,1.0,2,0.0277417486536996,0.0423096637428477,0.2533429983014246
toy,0,36,0.005623,38,3,1,0.02389486260454,1.0,2,0.0277417486536996,0.0423096637428477,0.2533429983014246
toy,0,36,0.01,38,3,10,0.02389486260454,-0.027027027027027,2,0.0277417486536996,0.0423096637428477,0.2533429983014246
toy,0,36,0.017783,38,3,10,0.0193548387096774,1.0,2,0.000295239992525,0.0003989621482887,0.2575667851068191
toy,0,36,0.031623,38,3,10,0.0193548387096774,1.0,2,0.000295239992525,0.0003989621482887,0.2575667851068191
toy,0,36,0.056234,38,3,10,0.0193548387096774,0.1474358974358974,2,0.000295239992525,0.0003989621482887,0.2575667851068191
toy,0,36,0.1,38,3,10,0.512448852208891,0.512448852208891,3,0.4734018130299379,0.643219214917688,0.2601901438155025
toy,0,36,0.177828,38,3,10,1.0,1.0,3,0.5582348273818984,0.7223104837549102,0.0823759502565569
toy,0,36,0.316228,38,3,10,1.0,1.0,3,0.5582348273818984,0.7223104837549102,0.0823759502565569
toy,0,36,0.5,38,3,9,1.0,1.0,3,0.5582348273818984,0.7223104837549102,0.0823759502565569
toy,0,36,0.562341,38,3,9,1.0,1.0,3,0.5582348273818984,0.7223104837549102,0.0823759502565569
toy,0,36,1.0,38,3,9,1.0,-0.021505376344086,3,0.5582348273818984,0.7223104837549102,0.0823759502565569
toy,0,36,1.778279,38,3,9,-0.021505376344086,1.0,2,0.0155509022189763,0.0174366586171806,0.2634842254693447
toy,0,36,3.162278,38,3,8,-0.021505376344086,0.1337386018237082,2,0.0155509022189763,0.0174366586171806,0.2634842254693447
toy,0,36,5.623413,38,3,4,0.5056258790436006,1.0,3,0.5537091831431952,0.7223104837549102,0.1382238720160085
toy,0,36,10.0,38,3,4,0.5056258790436006,0.5056258790436006,3,0.5537091831431952,0.7223104837549102,0.1382238720160085
toy,0,36,17.782794,38,3,4,1.0,1.0,3,0.5582348273818984,0.7223104837549102,0.0823759502565569
toy,0,36,31.622777,38,3,4,1.0,1.0,3,0.5582348273818984,0.7223104837549102,0.0823759502565569
toy,0,36,56.234133,38,3,4,1.0,1.0,3,0.5582348273818984,0.7223104837549102,0.0823759502565569
toy,0,36,100.0,38,3,4,1.0,1.0,3,0.5582348273818984,0.7223104837549102,0.0823759502565569
toy,0,36,177.827941,38,3,4,1.0,1.0,3,0.5582348273818984,0.7223104837549102,0.0823759502565569
toy,0,36,316.227766,38,3,3,1.0,1.0,3,0.5582348273818984,0.7223104837549102,0.0823759502565569
toy,0,36,562.341325,38,3,3,1.0,1.0,3,0.5582348273818984,0.7223104837549102,0.0823759502565569
toy,0,36,1000.0,38,3,1,1.0,,3,0.5582348273818984,0.7223104837549102,0.0823759502565569
toy,0,37,0.001,38,3,3,-0.0327713880573499,-0.0360082304526749,2,0.0634102748804092,0.0928663969307367,0.2458975642719575
toy,0,37,0.001778,38,3,1,0.1281053830166396,-0.0360082304526749,3,0.1730374953176731,0.2266379342770098,0.2325172950765748
toy,0,37,0.003162,38,3,1,0.0630219001102883,0.4726407613005551,2,0.0265290672340725,0.0404228683325902,0.2527744127495285
toy,0,37,0.005623,38,3,1,0.1980729809023904,1.0,3,0.1986589913554231,0.2647882763858044,0.2333506578922222
toy,0,37,0.01,38,3,10,0.1980729809023904,-0.0396510705789056,3,0.1986589913554231,0.2647882763858044,0.2333506578922222
toy,0,37,0.017783,38,3,2,0.0630219001102883,1.0,2,0.0002944664034035,0.0003991924854273,0.256618168394692
toy,0,37,0.031623,38,3,9,0.0630219001102883,1.0,2,0.0002944664034035,0.0003991924854273,0.256618168394692
toy,0,37,0.056234,38,3,10,0.0630219001102883,0.4726407613005551,2,0.0002944664034035,0.0003991924854273,0.256618168394692
toy,0,37,0.1,38,3,10,0.2809289090748372,0.072998377062483,3,0.2284254054833791,0.2945124985330017,0.2294002830494807
toy,0,37,0.177828,38,3,10,0.5882582624459629,0.1753490870032223,3,0.5928391658105854,0.7739031430369486,0.0726438070194039
toy,0,37,0.316228,38,3,10,0.1244163039176889,0.1244163039176889,3,0.3561494271029266,0.4521938535997468,0.2458454284969233
toy,0,37,0.5,38,3,10,1.0,0.0698506068711827,3,0.4949708914186451,0.6256079955613779,0.1728139526423407
toy,0,37,0.562341,38,3,10,0.0698506068711827,0.4533103595498765,3,0.5038337173421586,0.6489593267629853,0.1911755755372597
toy,0,37,1.0,38,3,10,0.5882582624459629,-0.021505376344086,3,0.5928391658105854,0.7739031430369486,0.0726438070194039
toy,0,37,1.778279,38,3,10,-0.0327713880573499,1.0,2,0.0018679133154428,0.0020450665942194,0.2571695873379361
toy,0,37,3.162278,38,3,10,-0.0327713880573499,1.0,2,0.0018679133154428,0.0020450665942194,0.2571695873379361
toy,0,37,5.623413,38,3,6,-0.0327713880573499,0.1474358974358974,2,0.0018679133154428,0.0020450665942194,0.2571695873379361
toy,0,37,10.0,38,3,4,0.0087138845859883,0.0628257023050633,3,0.5854071066974436,0.7739031430369486,0.1231575507584598
toy,0,37,17.782794,38,3,4,0.9232287525127304,0.6234050842505113,3,0.5014357613728739,0.6332625739518205,0.1456747729677693
toy,0,37,31.622777,38,3,4,0.5882582624459629,1.0,3,0.5928391658105854,0.7739031430369486,0.0726438070194039
toy,0,37,56.234133,38,3,4,0.5882582624459629,1.0,3,0.5928391658105854,0.7739031430369486,0.0726438070194039
toy,0,37,100.0,38,3,4,0.5882582624459629,1.0,3,0.5928391658105854,0.7739031430369486,0.0726438070194039
toy,0,37,177.827941,38,3,4,0.5882582624459629,1.0,3,0.5928391658105854,0.7739031430369486,0.0726438070194039
toy,0,37,316.227766,38,3,3,0.5882582624459629,1.0,3,0.5928391658105854,0.7739031430369486,0.0726438070194039
toy,0,37,562.341325,38,3,3,0.5882582624459629,1.0,3,0.5928391658105854,0.7739031430369486,0.0726438070194039
toy,0,37,1000.0,38,3,1,0.5882582624459629,,3,0.5928391658105854,0.7739031430369486,0.0726438070194039
toy,0,38,0.001,38,3,1,0.087259940492291,1.0,3,0.1397129070825311,0.1914278990535391,0.2345674815486838
toy,0,38,0.001778,38,3,4,0.087259940492291,0.9889763532584832,3,0.1397129070825311,0.1914278990535391,0.2345674815486838
toy,0,38,0.003162,38,3,4,0.087259940492291,-0.0396510705789056,3,0.1423906347896693,0.1966363690446674,0.2345939400994967
toy,0,38,0.005623,38,3,10,0.02389486260454,1.0,2,0.1720833712824251,0.2238861779059265,0.2307080459183315
toy,0,38,0.01,38,3,2,0.02389486260454,-0.027027027027027,2,0.1720833712824251,0.2238861779059265,0.2307080459183315
toy,0,38,0.017783,38,3,8,0.0193548387096774,1.0,2,0.000293439652508,0.0003989621482887,0.2556832243650039
toy,0,38,0.031623,38,3,10,0.0193548387096774,1.0,2,0.000293439652508,0.0003989621482887,0.2556832243650039
toy,0,38,0.056234,38,3,10,0.0193548387096774,0.1474358974358974,2,0.000293439652508,0.0003989621482887,0.2556832243650039
toy,0,38,0.1,38,3,10,0.512448852208891,0.512448852208891,3,0.5554983416577461,0.7580628981012657,0.2098374370508106
toy,0,38,0.177828,38,3,9,1.0,1.0,3,0.5385252340843336,0.7062714778408341,0.0864469119655904
toy,0,38,0.316228,38,3,9,1.0,1.0,3,0.5385252340843336,0.7062714778408341,0.0864469119655904
toy,0,38,0.5,38,3,9,1.0,1.0,3,0.5385252340843336,0.7062714778408341,0.0864469119655904
toy,0,38,0.562341,38,3,9,1.0,1.0,3,0.5385252340843336,0.7062714778408341,0.0864469119655904
toy,0,38,1.0,38,3,9,1.0,-0.021505376344086,3,0.5385252340843336,0.7062714778408341,0.0864469119655904
toy,0,38,1.778279,38,3,9,-0.021505376344086,1.0,2,0.0139854881725629,0.013839080252932,0.260519158392486
toy,0,38,3.162278,38,3,7,-0.021505376344086,1.0,2,0.0139854881725629,0.013839080252932,0.260519158392486
toy,0,38,5.623413,38,3,4,-0.021505376344086,0.2986577181208054,2,0.0139854881725629,0.013839080252932,0.260519158392486
toy,0,38,10.0,38,3,4,0.0921735080551262,0.0921735080551262,3,0.214697637542086,0.2717240484162941,0.2509265321970177
toy,0,38,17.782794,38,3,4,1.0,1.0,3,0.5385252340843336,0.7062714778408341,0.0864469119655904
toy,0,38,31.622777,38,3,4,1.0,1.0,3,0.5385252340843336,0.7062714778408341,0.0864469119655904
toy,0,38,56.234133,38,3,4,1.0,1.0,3,0.5385252340843336,0.7062714778408341,0.0864469119655904
toy,0,38,100.0,38,3,4,1.0,1.0,3,0.5385252340843336,0.7062714778408341,0.0864469119655904
toy,0,38,177.827941,38,3,4,1.0,1.0,3,0.5385252340843336,0.7062714778408341,0.0864469119655904
toy,0,38,316.227766,38,3,3,1.0,1.0,3,0.5385252340843336,0.7062714778408341,0.0864469119655904
toy,0,38,562.341325,38,3,3,1.0,1.0,3,0.5385252340843336,0.7062714778408341,0.0864469119655904
toy,0,38,1000.0,38,3,1,1.0,,3,0.5385252340843336,0.7062714778408341,0.0864469119655904
toy,0,39,0.001,38,3,1,0.1622907465569253,-0.0710910370536508,3,0.2738325103371269,0.336743117351738,0.1747735476454235
toy,0,39,0.001778,38,3,1,0.1974006283793657,1.0,3,0.0700507392863046,0.1034846715815344,0.2439455149320127
toy,0,39,0.003162,38,3,1,0.1974006283793657,-0.0547292889758643,3,0.0700507392863046,0.1034846715815344,0.2439455149320127
toy,0,39,0.005623,38,3,3,-0.0722727604851673,1.0,3,0.0523154298704863,0.0782315336357261,0.2472213851006021
toy,0,39,0.01,38,3,2,-0.0722727604851673,-0.0360082304526749,3,0.0523154298704863,0.0782315336357261,0.2472213851006021
toy,0,39,0.017783,38,3,4,0.1250859106529209,1.0,2,0.0002927274664155,0.0003991924854273,0.2547679023348808
toy,0,39,0.031623,38,3,10,0.1250859106529209,0.1474358974358974,2,0.0002927274664155,0.0003991924854273,0.2547679023348808
toy,0,39,0.056234,38,3,10,-0.0451925313133326,0.0715057586980816,3,0.6271598985535108,0.860806903461585,0.1677402776574165
toy,0,39,0.1,38,3,10,0.3741558383166224,0.072998377062483,3,0.2414715406332576,0.3181758193515376,0.2298018553397651
toy,0,39,0.177828,38,3,10,0.4751160783032735,1.0,3,0.6366370862208248,0.8395106101362769,0.0676168247211474
toy,0,39,0.316228,38,3,10,0.4751160783032735,0.4751160783032735,3,0.6366370862208248,0.8395106101362769,0.0676168247211474
toy,0,39,0.5,38,3,10,1.0,0.4751160783032735,3,0.5131763026490619,0.6709964328079143,0.1781118181353689
toy,0,39,0.562341,38,3,10,0.4751160783032735,1.0,3,0.6366370862208248,0.8395106101362769,0.0676168247211474
toy,0,39,1.0,38,3,10,0.4751160783032735,-0.021505376344086,3,0.6366370862208248,0.8395106101362769,0.0676168247211474
toy,0,39,1.778279,38,3,7,-0.0381443298969072,1.0,2,0.0013248883159268,0.0013654352483387,0.2549835049107853
toy,0,39,3.162278,38,3,7,-0.0381443298969072,0.1337386018237082,2,0.0013248883159268,0.0013654352483387,0.2549835049107853
toy,0,39,5.623413,38,3,7,0.8609125757388402,1.0,3,0.618669045860099,0.8395106101362769,0.1177881867395793
toy,0,39,10.0,38,3,4,0.8609125757388402,0.5056258790436006,3,0.618669045860099,0.8395106101362769,0.1177881867395793
toy,0,39,17.782794,38,3,4,0.4751160783032735,1.0,3,0.6366370862208248,0.8395106101362769,0.0676168247211474
toy,0,39,31.622777,38,3,4,0.4751160783032735,1.0,3,0.6366370862208248,0.8395106101362769,0.0676168247211474
toy,0,39,56.234133,38,3,4,0.4751160783032735,1.0,3,0.6366370862208248,0.8395106101362769,0.0676168247211474
toy,0,39,100.0,38,3,4,0.4751160783032735,1.0,3,0.6366370862208248,0.8395106101362769,0.0676168247211474
toy,0,39,177.827941,38,3,4,0.4751160783032735,1.0,3,0.6366370862208248,0.8395106101362769,0.0676168247211474
toy,0,39,316.227766,38,3,3,0.4751160783032735,1.0,3,0.6366370862208248,0.8395106101362769,0.0676168247211474
toy,0,39,562.341325,38,3,3,0.4751160783032735,1.0,3,0.6366370862208248,0.8395106101362769,0.0676168247211474
toy,0,39,1000.0,38,3,1,0.4751160783032735,,3,0.6366370862208248,0.8395106101362769,0.0676168247211474
toy,0,40,0.001,38,3,1,0.1356068743286788,-0.0421052631578947,3,0.1709424792592911,0.2346288263749011,0.2161393762497942
toy,0,40,0.001778,38,3,3,0.0193548387096774,-0.027027027027027,2,0.0640431849932237,0.0951109521864685,0.2430371728886199
toy,0,40,0.003162,38,3,1,0.0193548387096774,-0.027027027027027,2,0.0422638577811747,0.0654536848023541,0.2469692731683205
toy,0,40,0.005623,38,3,2,0.02389486260454,1.0,2,0.1653757873411376,0.2177934771675952,0.2296460196750896
toy,0,40,0.01,38,3,1,0.02389486260454,-0.027027027027027,2,0.1653757873411376,0.2177934771675952,0.2296460196750896
toy,0,40,0.017783,38,3,2,0.0193548387096774,1.0,2,0.000291763078134,0.0003989621482887,0.2538096000039082
toy,0,40,0.031623,38,3,10,0.0193548387096774,1.0,2,0.000291763078134,0.0003989621482887,0.2538096000039082
toy,0,40,0.056234,38,3,10,0.0193548387096774,0.1474358974358974,2,0.000291763078134,0.0003989621482887,0.2538096000039082
toy,0,40,0.1,38,3,10,0.512448852208891,0.512448852208891,3,0.6116147765795165,0.8427826984798062,0.1757107797042271
toy,0,40,0.177828,38,3,10,1.0,1.0,3,0.5649891433314232,0.7499698398355443,0.0921917848216165
toy,0,40,0.316228,38,3,10,1.0,1.0,3,0.5649891433314232,0.7499698398355443,0.0921917848216165
toy,0,40,0.5,38,3,10,1.0,1.0,3,0.5649891433314232,0.7499698398355443,0.0921917848216165
toy,0,40,0.562341,38,3,9,1.0,1.0,3,0.5649891433314232,0.7499698398355443,0.0921917848216165
toy,0,40,1.0,38,3,9,1.0,-0.021505376344086,3,0.5649891433314232,0.7499698398355443,0.0921917848216165
toy,0,40,1.778279,38,3,7,-0.021505376344086,1.0,2,0.0316296838758928,0.0423889055126016,0.2666320222778259
toy,0,40,3.162278,38,3,7,-0.021505376344086,1.0,2,0.0316296838758928,0.0423889055126016,0.2666320222778259
toy,0,40,5.623413,38,3,7,-0.021505376344086,0.1337386018237082,2,0.0316296838758928,0.0423889055126016,0.2666320222778259
toy,0,40,10.0,38,3,4,0.5056258790436006,0.5056258790436006,3,0.5605217878005585,0.7499698398355443,0.145452826472253
toy,0,40,17.782794,38,3,4,1.0,1.0,3,0.5649891433314232,0.7499698398355443,0.0921917848216165
toy,0,40,31.622777,38,3,4,1.0,1.0,3,0.5649891433314232,0.7499698398355443,0.0921917848216165
toy,0,40,56.234133,38,3,4,1.0,1.0,3,0.5649891433314232,0.7499698398355443,0.0921917848216165
toy,0,40,100.0,38,3,4,1.0,1.0,3,0.5649891433314232,0.7499698398355443,0.0921917848216165
toy,0,40,177.827941,38,3,4,1.0,1.0,3,0.5649891433314232,0.7499698398355443,0.0921917848216165
toy,0,40,316.227766,38,3,3,1.0,1.0,3,0.5649891433314232,0.7499698398355443,0.0921917848216165
toy,0,40,562.341325,38,3,3,1.0,1.0,3,0.5649891433314232,0.7499698398355443,0.0921917848216165
toy,0,40,1000.0,38,3,1,1.0,,3,0.5649891433314232,0.7499698398355443,0.0921917848216165
toy,0,41,0.001,38,3,1,0.1035598705501618,-0.0352880124545926,2,0.03574192581628,0.0561938687139983,0.2474700549467423
toy,0,41,0.001778,38,3,2,-0.0709855272226051,-0.0352880124545926,2,0.091344718705383,0.1364036502589464,0.239370218997802
toy,0,41,0.003162,38,3,2,-0.0388349514563106,1.0,2,0.1147176815720959,0.159120718594581,0.2347799902241228
toy,0,41,0.005623,38,3,1,-0.0388349514563106,-0.027027027027027,2,0.1147176815720959,0.159120718594581,0.2347799902241228
toy,0,41,0.01,38,3,3,0.116504854368932,0.6481481481481481,2,0.1674286549119853,0.2214639712521842,0.2291017008058492
toy,0,41,0.017783,38,3,4,0.2321536209420477,1.0,3,0.1674952131867379,0.2214172387085982,0.2290742063661067
toy,0,41,0.031623,38,3,3,0.2321536209420477,1.0,3,0.1674952131867379,0.2214172387085982,0.2290742063661067
toy,0,41,0.056234,38,3,10,0.2321536209420477,1.0,3,0.1674952131867379,0.2214172387085982,0.2290742063661067
toy,0,41,0.1,38,3,10,0.2321536209420477,0.0426079080806277,3,0.1674952131867379,0.2214172387085982,0.2290742063661067
toy,0,41,0.177828,38,3,10,0.4656742946011997,1.0,3,0.5035741330013301,0.6760995483132016,0.0945600208899606
toy,0,41,0.316228,38,3,9,0.4656742946011997,0.4656742946011997,3,0.5035741330013301,0.6760995483132016,0.0945600208899606
toy,0,41,0.5,38,3,9,1.0,1.0,3,0.4324538358191426,0.5759197453317635,0.2382013766503011
toy,0,41,0.562341,38,3,9,1.0,0.4656742946011997,3,0.4324538358191426,0.5759197453317635,0.2382013766503011
toy,0,41,1.0,38,3,10,0.4656742946011997,-0.021505376344086,3,0.5035741330013301,0.6760995483132016,0.0945600208899606
toy,0,41,1.778279,38,3,8,-0.0388349514563106,1.0,2,0.0082325320315213,0.0027433683520614,0.2542127705314585
toy,0,41,3.162278,38,3,8,-0.0388349514563106,1.0,2,0.0082325320315213,0.0027433683520614,0.2542127705314585
toy,0,41,5.623413,38,3,7,-0.0388349514563106,0.1474358974358974,2,0.0082325320315213,0.0027433683520614,0.2542127705314585
toy,0,41,10.0,38,3,4,-0.1455920586149846,-0.1413747991835238,3,0.5101802387849719,0.6760995483132015,0.1422933685360458
toy,0,41,17.782794,38,3,4,0.822513591301567,0.3283565313501058,3,0.2915549573793331,0.3855765305025225,0.2456111573084214
toy,0,41,31.622777,38,3,4,0.4656742946011997,1.0,3,0.5035741330013301,0.6760995483132016,0.0945600208899606
toy,0,41,56.234133,38,3,4,0.4656742946011997,1.0,3,0.5035741330013301,0.6760995483132016,0.0945600208899606
toy,0,41,100.0,38,3,4,0.4656742946011997,1.0,3,0.5035741330013301,0.6760995483132016,0.0945600208899606
toy,0,41,177.827941,38,3,4,0.4656742946011997,1.0,3,0.5035741330013301,0.6760995483132016,0.0945600208899606
toy,0,41,316.227766,38,3,3,0.4656742946011997,1.0,3,0.5035741330013301,0.6760995483132016,0.0945600208899606
toy,0,41,562.341325,38,3,3,0.4656742946011997,1.0,3,0.5035741330013301,0.6760995483132016,0.0945600208899606
toy,0,41,1000.0,38,3,1,0.4656742946011997,,3,0.5035741330013301,0.6760995483132016,0.0945600208899606
toy,0,42,0.001,38,3,1,0.0954131635723338,0.3535224219693827,3,0.0628385719941889,0.0946575584377936,0.2401315370526418
toy,0,42,0.001778,38,3,1,0.3622739213425812,1.0,3,0.1794969183013458,0.2472103068344927,0.2309077795912862
toy,0,42,0.003162,38,3,2,0.3622739213425812,-0.0396510705789056,3,0.1794969183013458,0.2472103068344927,0.2309077795912862
toy,0,42,0.005623,38,3,3,-0.0396621373485126,0.6481481481481481,2,0.0256055020724909,0.0400796253184701,0.2485176698657013
toy,0,42,0.01,38,3,1,0.0750089492168225,1.0,3,0.1078960221417948,0.1453930219511932,0.2300764966332593
toy,0,42,0.017783,38,3,9,0.0750089492168225,-0.0360082304526749,3,0.1078960221417948,0.1453930219511932,0.2300764966332593
toy,0,42,0.031623,38,3,8,-0.0396621373485126,1.0,2,0.0002901990416921,0.0003989621482887,0.2520028300485014
toy,0,42,0.056234,38,3,1,-0.0396621373485126,1.0,2,0.0002901990416921,0.0003989621482887,0.2520028300485014
toy,0,42,0.1,38,3,10,-0.0396621373485126,0.3679060665362035,2,0.0002901990416921,0.0003989621482887,0.2520028300485014
toy,0,42,0.177828,38,3,9,0.3629537846984632,0.1109014761983745,3,0.0751505597773018,0.1136775004162919,0.2423155055448732
toy,0,42,0.316228,38,3,9,0.4408944220974871,0.4408944220974871,3,0.5607067187995171,0.7530257584498639,0.0931838293993966
toy,0,42,0.5,38,3,9,1.0,0.4408944220974871,3,0.5432043561765975,0.7348680587339631,0.176868613669027
toy,0,42,0.562341,38,3,9,0.4408944220974871,1.0,3,0.5607067187995171,0.7530257584498639,0.0931838293993966
toy,0,42,1.0,38,3,10,0.4408944220974871,-0.021505376344086,3,0.5607067187995171,0.7530257584498639,0.0931838293993966
toy,0,42,1.778279,38,3,8,-0.0396621373485126,1.0,2,0.0288320515069205,0.0391846751548353,0.2637359591892798
toy,0,42,3.162278,38,3,8,-0.0396621373485126,1.0,2,0.0288320515069205,0.0391846751548353,0.2637359591892798
toy,0,42,5.623413,38,3,6,-0.0396621373485126,0.1474358974358974,2,0.0288320515069205,0.0391846751548353,0.2637359591892798
toy,0,42,10.0,38,3,4,0.8641500239453542,0.0628257023050633,3,0.5618774012463233,0.753025758449864,0.1421915984396879
toy,0,42,17.782794,38,3,4,0.1369077427588323,0.6234050842505113,3,0.4096606568955148,0.5649508150250625,0.2324237888442649
toy,0,42,31.622777,38,3,4,0.4408944220974871,1.0,3,0.5607067187995171,0.7530257584498639,0.0931838293993966
toy,0,42,56.234133,38,3,4,0.4408944220974871,1.0,3,0.5607067187995171,0.7530257584498639,0.0931838293993966
toy,0,42,100.0,38,3,4,0.4408944220974871,1.0,3,0.5607067187995171,0.7530257584498639,0.0931838293993966
toy,0,42,177.827941,38,3,4,0.4408944220974871,1.0,3,0.5607067187995171,0.7530257584498639,0.0931838293993966
toy,0,42,316.227766,38,3,3,0.4408944220974871,1.0,3,0.5607067187995171,0.7530257584498639,0.0931838293993966
toy,0,42,562.341325,38,3,3,0.4408944220974871,1.0,3,0.5607067187995171,0.7530257584498639,0.0931838293993966
toy,0,42,1000.0,38,3,1,0.4408944220974871,,3,0.5607067187995171,0.7530257584498639,0.0931838293993966
toy,0,43,0.001,38,3,7,0.087259940492291,1.0,3,0.1406033295930206,0.1962524442604019,0.231968427639245
toy,0,43,0.001778,38,3,3,0.087259940492291,0.7718314430480174,3,0.1406033295930206,0.1962524442604019,0.231968427639245
toy,0,43,0.003162,38,3,2,0.0519029769342139,1.0,3,0.0556202902731997,0.085635697777444,0.2427782013773623
toy,0,43,0.005623,38,3,1,0.0519029769342139,0.6248462865142035,3,0.0556202902731997,0.085635697777444,0.2427782013773623
toy,0,43,0.01,38,3,2,0.0981351554152417,1.0,3,0.1127756378404013,0.1647866395477795,0.2260994468700089
toy,0,43,0.017783,38,3,10,0.0981351554152417,-0.0415180019461563,3,0.1127756378404013,0.1647866395477795,0.2260994468700089
toy,0,43,0.031623,38,3,10,0.0193548387096774,1.0,2,0.0002895932510321,0.0003991924854273,0.2512267952988939
toy,0,43,0.056234,38,3,10,0.0193548387096774,1.0,2,0.0002895932510321,0.0003991924854273,0.2512267952988939
toy,0,43,0.1,38,3,10,0.0193548387096774,0.3679060665362035,2,0.0002895932510321,0.0003991924854273,0.2512267952988939
toy,0,43,0.177828,38,3,10,0.1109014761983745,0.223324568575027,3,0.0769183212621867,0.11671228851589,0.24196361196454
toy,0,43,0.316228,38,3,10,0.749420780609517,0.749420780609517,3,0.1023589583230553,0.0956168973962346,0.2454688659137135
toy,0,43,0.5,38,3,10,1.0,1.0,3,0.5754465546447649,0.7751461231369894,0.0783583378572361
toy,0,43,0.562341,38,3,10,1.0,1.0,3,0.5754465546447649,0.7751461231369894,0.0783583378572361
toy,0,43,1.0,38,3,10,1.0,-0.021505376344086,3,0.5754465546447649,0.7751461231369894,0.0783583378572361
toy,0,43,1.778279,38,3,10,-0.021505376344086,1.0,2,0.0032927414978693,0.0041929179044478,0.2523032268194602
toy,0,43,3.162278,38,3,7,-0.021505376344086,1.0,2,0.0032927414978693,0.0041929179044478,0.2523032268194602
toy,0,43,5.623413,38,3,7,-0.021505376344086,0.1337386018237082,2,0.0032927414978693,0.0041929179044478,0.2523032268194602
toy,0,43,10.0,38,3,4,0.5056258790436006,0.5056258790436006,3,0.5657941821754443,0.7751461231369894,0.1296322334896358
toy,0,43,17.782794,38,3,4,1.0,1.0,3,0.5754465546447649,0.7751461231369894,0.0783583378572361
toy,0,43,31.622777,38,3,4,1.0,1.0,3,0.5754465546447649,0.7751461231369894,0.0783583378572361
toy,0,43,56.234133,38,3,4,1.0,1.0,3,0.5754465546447649,0.7751461231369894,0.0783583378572361
toy,0,43,100.0,38,3,4,1.0,1.0,3,0.5754465546447649,0.7751461231369894,0.0783583378572361
toy,0,43,177.827941,38,3,4,1.0,1.0,3,0.5754465546447649,0.7751461231369894,0.0783583378572361
toy,0,43,316.227766,38,3,3,1.0,1.0,3,0.5754465546447649,0.7751461231369894,0.0783583378572361
toy,0,43,562.341325,38,3,3,1.0,1.0,3,0.5754465546447649,0.7751461231369894,0.0783583378572361
toy,0,43,1000.0,38,3,1,1.0,,3,0.5754465546447649,0.7751461231369894,0.0783583378572361
toy,0,44,0.001,38,3,1,0.0193548387096774,-0.027027027027027,2,0.0339382069731248,0.0543775966282582,0.2451369548546408
toy,0,44,0.001778,38,3,2,0.02389486260454,-0.027027027027027,2,0.0573147867224823,0.0838279650853554,0.2403710737519109
toy,0,44,0.003162,38,3,1,0.02389486260454,-0.027027027027027,2,0.0343637615798468,0.0550483270367552,0.2451434147467482
toy,0,44,0.005623,38,3,2,0.02389486260454,0.6481481481481481,2,0.02540053371395,0.0401029152330653,0.2469367514704445
toy,0,44,0.01,38,3,1,0.0519029769342139,0.6177626570971401,3,0.0548345971436239,0.0845201053826919,0.2425341976670568
toy,0,44,0.017783,38,3,9,0.0914676286835848,-0.0410958904109589,3,0.022537333649755,0.0310900434014631,0.2476186235612867
toy,0,44,0.031623,38,3,10,0.0193548387096774,1.0,2,0.000288601469049,0.0003987319951093,0.2501816442892506
toy,0,44,0.056234,38,3,10,0.0193548387096774,1.0,2,0.000288601469049,0.0003987319951093,0.2501816442892506
toy,0,44,0.1,38,3,10,0.0193548387096774,0.1474358974358974,2,0.000288601469049,0.0003987319951093,0.2501816442892506
toy,0,44,0.177828,38,3,10,0.512448852208891,0.512448852208891,3,0.5889372202661686,0.8296610247339675,0.1841911499590525
toy,0,44,0.316228,38,3,10,1.0,1.0,3,0.5640255096470683,0.7651931281891877,0.0866407017390814
toy,0,44,0.5,38,3,10,1.0,1.0,3,0.5640255096470683,0.7651931281891877,0.0866407017390814
toy,0,44,0.562341,38,3,10,1.0,1.0,3,0.5640255096470683,0.7651931281891877,0.0866407017390814
toy,0,44,1.0,38,3,8,1.0,-0.021505376344086,3,0.5640255096470683,0.7651931281891877,0.0866407017390814
toy,0,44,1.778279,38,3,8,-0.021505376344086,1.0,2,0.0134453760226912,0.0185942696085503,0.2557221614031408
toy,0,44,3.162278,38,3,8,-0.021505376344086,1.0,2,0.0134453760226912,0.0185942696085503,0.2557221614031408
toy,0,44,5.623413,38,3,7,-0.021505376344086,0.2986577181208054,2,0.0134453760226912,0.0185942696085503,0.2557221614031408
toy,0,44,10.0,38,3,4,0.0921735080551262,0.421731580253039,3,0.2208941912590895,0.2940349112013312,0.2473259493652172
toy,0,44,17.782794,38,3,4,0.4656742946011997,0.4656742946011997,3,0.4196134683451195,0.5691352518932276,0.2413652439893776
toy,0,44,31.622777,38,3,4,1.0,1.0,3,0.5640255096470683,0.7651931281891877,0.0866407017390814
toy,0,44,56.234133,38,3,4,1.0,1.0,3,0.5640255096470683,0.7651931281891877,0.0866407017390814
toy,0,44,100.0,38,3,4,1.0,1.0,3,0.5640255096470683,0.7651931281891877,0.0866407017390814
toy,0,44,177.827941,38,3,4,1.0,1.0,3,0.5640255096470683,0.7651931281891877,0.0866407017390814
toy,0,44,316.227766,38,3,3,1.0,1.0,3,0.5640255096470683,0.7651931281891877,0.0866407017390814
toy,0,44,562.341325,38,3,3,1.0,1.0,3,0.5640255096470683,0.7651931281891877,0.0866407017390814
toy,0,44,1000.0,38,3,1,1.0,,3,0.5640255096470683,0.7651931281891877,0.0866407017390814
toy,0,45,0.001,38,3,5,0.0455595011974564,0.9923104689191996,2,0.21419714359791,0.2931035361975092,0.2269343341249882
toy,0,45,0.001778,38,3,6,0.0426079080806277,1.0,3,0.1967907823157984,0.2614269037892136,0.2269073940159326
toy,0,45,0.003162,38,3,2,0.0426079080806277,-0.0360082304526749,3,0.1967907823157984,0.2614269037892136,0.2269073940159326
toy,0,45,0.005623,38,3,1,0.02389486260454,1.0,2,0.0668856733050727,0.0964748738654053,0.2379786571852335
toy,0,45,0.01,38,3,2,0.02389486260454,-0.027027027027027,2,0.0668856733050727,0.0964748738654053,0.2379786571852335
toy,0,45,0.017783,38,3,10,0.0193548387096774,1.0,2,0.0002880427108245,0.0003989621482887,0.2494470615174075
toy,0,45,0.031623,38,3,10,0.0193548387096774,1.0,2,0.0002880427108245,0.0003989621482887,0.2494470615174075
toy,0,45,0.056234,38,3,10,0.0193548387096774,0.1645185746777862,2,0.0002880427108245,0.0003989621482887,0.2494470615174075
toy,0,45,0.1,38,3,10,0.2957248351181306,0.7350191814785654,3,0.1197728142213769,0.1729740860241695,0.3300242748999178
toy,0,45,0.177828,38,3,10,0.4751160783032735,0.1306936975781192,3,0.4977523832892721,0.6716259469258054,0.1825938095561151
toy,0,45,0.316228,38,3,10,0.5662441103881535,0.5662441103881535,3,0.4558508042619548,0.6026626277674745,0.1759573636712595
toy,0,45,0.5,38,3,10,1.0,1.0,3,0.5654798079884773,0.7747673737514236,0.0880524694085892
toy,0,45,0.562341,38,3,10,1.0,1.0,3,0.5654798079884773,0.7747673737514236,0.0880524694085892
toy,0,45,1.0,38,3,8,1.0,-0.021505376344086,3,0.5654798079884773,0.7747673737514236,0.0880524694085892
toy,0,45,1.778279,38,3,8,-0.021505376344086,1.0,2,0.0082964912797581,0.0117627351680271,0.2536794745579583
toy,0,45,3.162278,38,3,7,-0.021505376344086,1.0,2,0.0082964912797581,0.0117627351680271,0.2536794745579583
toy,0,45,5.623413,38,3,7,-0.021505376344086,0.3679060665362035,2,0.0082964912797581,0.0117627351680271,0.2536794745579583
toy,0,45,10.0,38,3,4,0.0525999336540056,0.0525999336540056,3,0.1815604351749599,0.2371376042624873,0.2271127667776981
toy,0,45,17.782794,38,3,4,1.0,1.0,3,0.5654798079884773,0.7747673737514236,0.0880524694085892
toy,0,45,31.622777,38,3,4,1.0,1.0,3,0.5654798079884773,0.7747673737514236,0.0880524694085892
toy,0,45,56.234133,38,3,4,1.0,1.0,3,0.5654798079884773,0.7747673737514236,0.0880524694085892
toy,0,45,100.0,38,3,4,1.0,1.0,3,0.5654798079884773,0.7747673737514236,0.0880524694085892
toy,0,45,177.827941,38,3,4,1.0,1.0,3,0.5654798079884773,0.7747673737514236,0.0880524694085892
toy,0,45,316.227766,38,3,3,1.0,1.0,3,0.5654798079884773,0.7747673737514236,0.0880524694085892
toy,0,45,562.341325,38,3,3,1.0,1.0,3,0.5654798079884773,0.7747673737514236,0.0880524694085892
toy,0,45,1000.0,38,3,1,1.0,,3,0.5654798079884773,0.7747673737514236,0.0880524694085892
toy,0,46,0.001,38,3,3,0.072998377062483,-0.0396510705789056,3,0.1093140717198308,0.1621386718101062,0.2265768499955099
toy,0,46,0.001778,38,3,1,0.0193548387096774,-0.027027027027027,2,0.0770798202281468,0.115229698218104,0.2360890568413327
toy,0,46,0.003162,38,3,4,0.0193548387096774,-0.027027027027027,2,0.1086722827357442,0.1547153095790133,0.2315991113323052
toy,0,46,0.005623,38,3,1,0.02389486260454,1.0,2,0.0341480517839594,0.0553193041532722,0.2434720634453709
toy,0,46,0.01,38,3,5,0.02389486260454,-0.027027027027027,2,0.0341480517839594,0.0553193041532722,0.2434720634453709
toy,0,46,0.017783,38,3,1,0.0193548387096774,1.0,2,0.0002873702264999,0.0003989621482887,0.2484765313979662
toy,0,46,0.031623,38,3,9,0.0193548387096774,1.0,2,0.0002873702264999,0.0003989621482887,0.2484765313979662
toy,0,46,0.056234,38,3,10,0.0193548387096774,1.0,2,0.0002873702264999,0.0003989621482887,0.2484765313979662
toy,0,46,0.1,38,3,10,0.0193548387096774,0.0630219001102883,2,0.0002873702264999,0.0003989621482887,0.2484765313979662
toy,0,46,0.177828,38,3,10,0.5882582624459629,0.5882582624459629,3,0.5224047705582362,0.7377707243241497,0.1874731854141389
toy,0,46,0.316228,38,3,10,1.0,1.0,3,0.5432176303059231,0.7460931867646547,0.0933734753171605
toy,0,46,0.5,38,3,10,1.0,1.0,3,0.5432176303059231,0.7460931867646547,0.0933734753171605
toy,0,46,0.562341,38,3,10,1.0,1.0,3,0.5432176303059231,0.7460931867646547,0.0933734753171605
toy,0,46,1.0,38,3,9,1.0,-0.021505376344086,3,0.5432176303059231,0.7460931867646547,0.0933734753171605
toy,0,46,1.778279,38,3,7,-0.021505376344086,1.0,2,0.0152594803850281,0.0198655391462865,0.2557564489526051
toy,0,46,3.162278,38,3,7,-0.021505376344086,1.0,2,0.0152594803850281,0.0198655391462865,0.2557564489526051
toy,0,46,5.623413,38,3,7,-0.021505376344086,0.4726407613005551,2,0.0152594803850281,0.0198655391462865,0.2557564489526051
toy,0,46,10.0,38,3,4,0.0302136867730592,0.186236419734898,3,0.0513002087886535,0.0709842738969738,0.252717156412975
toy,0,46,17.782794,38,3,4,0.5882582624459629,0.5882582624459629,3,0.5224047705582362,0.7377707243241497,0.1874731854141389
toy,0,46,31.622777,38,3,4,1.0,1.0,3,0.5432176303059231,0.7460931867646547,0.0933734753171605
toy,0,46,56.234133,38,3,4,1.0,1.0,3,0.5432176303059231,0.7460931867646547,0.0933734753171605
toy,0,46,100.0,38,3,4,1.0,1.0,3,0.5432176303059231,0.7460931867646547,0.0933734753171605
toy,0,46,177.827941,38,3,4,1.0,1.0,3,0.5432176303059231,0.7460931867646547,0.0933734753171605
toy,0,46,316.227766,38,3,3,1.0,1.0,3,0.5432176303059231,0.7460931867646547,0.0933734753171605
toy,0,46,562.341325,38,3,3,1.0,1.0,3,0.5432176303059231,0.7460931867646547,0.0933734753171605
toy,0,46,1000.0,38,3,1,1.0,,3,0.5432176303059231,0.7460931867646547,0.0933734753171605
toy,0,47,0.001,38,3,2,0.0426079080806277,-0.0360082304526749,3,0.0469315347845729,0.0728940206971286,0.2405703874484746
toy,0,47,0.001778,38,3,2,0.02389486260454,-0.027027027027027,2,0.0341739424702735,0.0556220416432245,0.2428616805774104
toy,0,47,0.003162,38,3,1,0.02389486260454,1.0,2,0.0862784506978953,0.1277921760870817,0.2341621867736621
toy,0,47,0.005623,38,3,1,0.02389486260454,1.0,2,0.0862784506978953,0.1277921760870817,0.2341621867736621
toy,0,47,0.01,38,3,2,0.02389486260454,-0.0352880124545926,2,0.0862784506978953,0.1277921760870817,0.2341621867736621
toy,0,47,0.017783,38,3,10,0.0455595011974564,1.0,2,0.1691715454516892,0.2282136015765926,0.2249651379744809
toy,0,47,0.031623,38,3,1,0.0455595011974564,1.0,2,0.1691715454516892,0.2282136015765926,0.2249651379744809
toy,0,47,0.056234,38,3,10,0.0455595011974564,1.0,2,0.1691715454516892,0.2282136015765926,0.2249651379744809
toy,0,47,0.1,38,3,10,0.0455595011974564,0.5239766081871345,2,0.1691715454516892,0.2282136015765926,0.2249651379744809
toy,0,47,0.177828,38,3,10,0.1356068743286788,0.1356068743286788,3,0.3116323394321634,0.3857404227889989,0.1656018007700246
toy,0,47,0.316228,38,3,10,1.0,1.0,3,0.5844654041328547,0.80863744455313,0.083539674015142
toy,0,47,0.5,38,3,8,1.0,1.0,3,0.5844654041328547,0.80863744455313,0.083539674015142
toy,0,47,0.562341,38,3,8,1.0,1.0,3,0.5844654041328547,0.80863744455313,0.083539674015142
toy,0,47,1.0,38,3,9,1.0,-0.021505376344086,3,0.5844654041328547,0.80863744455313,0.083539674015142
toy,0,47,1.778279,38,3,7,-0.021505376344086,1.0,2,0.00439511513852,0.00691799453448,0.2493537130193125
toy,0,47,3.162278,38,3,7,-0.021505376344086,1.0,2,0.00439511513852,0.00691799453448,0.2493537130193125
toy,0,47,5.623413,38,3,6,-0.021505376344086,0.1474358974358974,2,0.00439511513852,0.00691799453448,0.2493537130193125
toy,0,47,10.0,38,3,6,0.4636937374297801,0.4636937374297801,3,0.5773598483444771,0.8086374445531301,0.1282813906293505
toy,0,47,17.782794,38,3,4,1.0,1.0,3,0.5844654041328547,0.80863744455313,0.083539674015142
toy,0,47,31.622777,38,3,4,1.0,1.0,3,0.5844654041328547,0.80863744455313,0.083539674015142
toy,0,47,56.234133,38,3,4,1.0,1.0,3,0.5844654041328547,0.80863744455313,0.083539674015142
toy,0,47,100.0,38,3,4,1.0,1.0,3,0.5844654041328547,0.80863744455313,0.083539674015142
toy,0,47,177.827941,38,3,4,1.0,1.0,3,0.5844654041328547,0.80863744455313,0.083539674015142
toy,0,47,316.227766,38,3,3,1.0,1.0,3,0.5844654041328547,0.80863744455313,0.083539674015142
toy,0,47,562.341325,38,3,3,1.0,1.0,3,0.5844654041328547,0.80863744455313,0.083539674015142
toy,0,47,1000.0,38,3,1,1.0,,3,0.5844654041328547,0.80863744455313,0.083539674015142
toy,0,48,0.001,38,3,2,0.0548484598232719,0.0,2,0.0798520222177694,0.1252655345710576,0.2357263315309892
toy,0,48,0.001778,38,3,1,0.0,0.0,1,0.0,0.0,0.2467574786400851
toy,0,48,0.003162,38,3,1,0.0455595011974564,0.9923104689191996,2,0.2087148157614065,0.2891436525889495,0.2249698103381614
toy,0,48,0.005623,38,3,1,0.0426079080806277,1.0,3,0.1926703641490666,0.2588846257918057,0.2249113709252226
toy,0,48,0.01,38,3,1,0.0426079080806277,-0.0360082304526749,3,0.1926703641490665,0.2588846257918057,0.2249113709252226
toy,0,48,0.017783,38,3,1,0.0193548387096774,1.0,2,0.0002859560490486,0.0003987319951093,0.2467310822241053
toy,0,48,0.031623,38,3,2,0.0193548387096774,1.0,2,0.0002859560490486,0.0003987319951093,0.2467310822241053
toy,0,48,0.056234,38,3,1,0.0193548387096774,0.4726407613005551,2,0.0002859560490486,0.0003987319951093,0.2467310822241053
toy,0,48,0.1,38,3,8,0.072998377062483,0.2183837047910414,3,0.2087617450299599,0.2890320188063064,0.2250359262492355
toy,0,48,0.177828,38,3,9,0.749420780609517,0.749420780609517,3,0.1815743636386145,0.2305274475213368,0.2281863188883731
toy,0,48,0.316228,38,3,9,1.0,1.0,3,0.5139901374965061,0.7136160268878243,0.091866618341578
toy,0,48,0.5,38,3,9,1.0,0.749420780609517,3,0.5139901374965061,0.7136160268878243,0.091866618341578
toy,0,48,0.562341,38,3,9,0.749420780609517,0.749420780609517,3,0.1815743636386145,0.2305274475213368,0.2281863188883731
toy,0,48,1.0,38,3,9,1.0,-0.021505376344086,3,0.5139901374965061,0.7136160268878243,0.091866618341578
toy,0,48,1.778279,38,3,9,-0.021505376344086,1.0,2,0.0035341705141601,1.260706618843246e-05,0.2468411774004215
toy,0,48,3.162278,38,3,8,-0.021505376344086,1.0,2,0.0035341705141601,1.260706618843246e-05,0.2468411774004215
toy,0,48,5.623413,38,3,7,-0.021505376344086,0.1474358974358974,2,0.0035341705141601,1.260706618843246e-05,0.2468411774004215
toy,0,48,10.0,38,3,4,0.4636937374297801,-0.1386175620452506,3,0.5174176661103354,0.7136160268878243,0.1400955825295862
toy,0,48,17.782794,38,3,4,0.4751160783032735,0.4751160783032735,3,0.426565573568244,0.5840046934729576,0.233691638238287
toy,0,48,31.622777,38,3,4,1.0,1.0,3,0.5139901374965061,0.7136160268878243,0.091866618341578
toy,0,48,56.234133,38,3,4,1.0,1.0,3,0.5139901374965061,0.7136160268878243,0.091866618341578
toy,0,48,100.0,38,3,4,1.0,1.0,3,0.5139901374965061,0.7136160268878243,0.091866618341578
toy,0,48,177.827941,38,3,4,1.0,1.0,3,0.5139901374965061,0.7136160268878243,0.091866618341578
toy,0,48,316.227766,38,3,3,1.0,1.0,3,0.5139901374965061,0.7136160268878243,0.091866618341578
toy,0,48,562.341325,38,3,3,1.0,1.0,3,0.5139901374965061,0.7136160268878243,0.091866618341578
toy,0,48,1000.0,38,3,1,1.0,,3,0.5139901374965061,0.7136160268878243,0.091866618341578
toy,0,49,0.001,38,3,2,0.02389486260454,-0.027027027027027,2,0.0850591616273588,0.1273480975821565,0.2328179476114052
toy,0,49,0.001778,38,3,1,0.02389486260454,-0.027027027027027,2,0.0585591846389707,0.0874533903841947,0.236198726776016
toy,0,49,0.003162,38,3,1,0.0193548387096774,1.0,2,0.0569673758317287,0.0901166873348015,0.2371639710339155
toy,0,49,0.005623,38,3,2,0.0193548387096774,-0.027027027027027,2,0.0569673758317287,0.0901166873348015,0.2371639710339155
toy,0,49,0.01,38,3,3,0.02389486260454,1.0,2,0.0248575009588882,0.0397825588335365,0.243097627237222
toy,0,49,0.017783,38,3,3,0.02389486260454,-0.027027027027027,2,0.0248575009588882,0.0397825588335365,0.243097627237222
toy,0,49,0.031623,38,3,2,0.0193548387096774,1.0,2,0.000285346327528,0.0003987319951093,0.245901608111095
toy,0,49,0.056234,38,3,9,0.0193548387096774,1.0,2,0.000285346327528,0.0003987319951093,0.245901608111095
toy,0,49,0.1,38,3,9,0.0193548387096774,0.3679060665362035,2,0.000285346327528,0.0003987319951093,0.245901608111095
toy,0,49,0.177828,38,3,9,0.1109014761983745,0.4578934772781663,3,0.0676102305816662,0.1038368347943887,0.2394681415625754
toy,0,49,0.316228,38,3,9,0.4751160783032735,0.4751160783032735,3,0.4974825479864745,0.7028823568481212,0.1971541239766732
toy,0,49,0.5,38,3,9,1.0,1.0,3,0.5933726114351291,0.8293457558436236,0.0832718316662122
toy,0,49,0.562341,38,3,9,1.0,1.0,3,0.5933726114351291,0.8293457558436236,0.0832718316662122
toy,0,49,1.0,38,3,9,1.0,-0.021505376344086,3,0.5933726114351293,0.8293457558436236,0.0832718316662122
toy,0,49,1.778279,38,3,9,-0.021505376344086,1.0,2,0.003473509024344,0.0052207908210873,0.2470978151619177
toy,0,49,3.162278,38,3,9,-0.021505376344086,0.1474358974358974,2,0.003473509024344,0.0052207908210873,0.2470978151619177
toy,0,49,5.623413,38,3,7,0.4636937374297801,0.0046203144794694,3,0.5838672527775358,0.8293457558436236,0.1270859120289403
toy,0,49,10.0,38,3,4,0.5056258790436006,0.5056258790436006,3,0.5815396622318588,0.8293457558436236,0.1279849993609768
toy,0,49,17.782794,38,3,4,1.0,1.0,3,0.5933726114351293,0.8293457558436236,0.0832718316662122
toy,0,49,31.622777,38,3,4,1.0,1.0,3,0.5933726114351291,0.8293457558436236,0.0832718316662122
toy,0,49,56.234133,38,3,4,1.0,1.0,3,0.5933726114351291,0.8293457558436236,0.0832718316662122
toy,0,49,100.0,38,3,4,1.0,1.0,3,0.5933726114351291,0.8293457558436236,0.0832718316662122
toy,0,49,177.827941,38,3,4,1.0,1.0,3,0.5933726114351291,0.8293457558436236,0.0832718316662122
toy,0,49,316.227766,38,3,3,1.0,1.0,3,0.5933726114351291,0.8293457558436236,0.0832718316662122
toy,0,49,562.341325,38,3,3,1.0,1.0,3,0.5933726114351291,0.8293457558436236,0.0832718316662122
toy,0,49,1000.0,38,3,1,1.0,,3,0.5933726114351291,0.8293457558436236,0.0832718316662122
toy,0,50,0.001,38,3,1,0.0193548387096774,-0.0396510705789056,2,0.0518485241293133,0.0832187474242668,0.2371172591123606
toy,0,50,0.001778,38,3,3,0.087259940492291,-0.0396510705789056,3,0.0812310268635058,0.125207968353669,0.2355599729764459
toy,0,50,0.003162,38,3,1,0.02389486260454,0.6481481481481481,2,0.0978704380937142,0.1437619652258857,0.2300955853082653
toy,0,50,0.005623,38,3,7,0.0519029769342139,-0.0360082304526749,3,0.1620022815018241,0.2194705253626983,0.2236747196001361
toy,0,50,0.01,38,3,3,0.0193548387096774,1.0,2,0.0239762582451749,0.0384746972327006,0.2423310308556334
toy,0,50,0.017783,38,3,1,0.0193548387096774,-0.027027027027027,2,0.0239762582451749,0.0384746972327006,0.2423310308556334
toy,0,50,0.031623,38,3,9,0.0193548387096774,1.0,2,0.000284886988901,0.0003989621482887,0.2450529061689411
toy,0,50,0.056234,38,3,10,0.0193548387096774,1.0,2,0.000284886988901,0.0003989621482887,0.2450529061689411
toy,0,50,0.1,38,3,10,0.0193548387096774,0.2497532082922013,2,0.000284886988901,0.0003989621482887,0.2450529061689411
toy,0,50,0.177828,38,3,10,0.2105956451322656,0.2105956451322656,3,0.1396592267377633,0.2145836396221805,0.2341542178789183
toy,0,50,0.316228,38,3,9,1.0,1.0,3,0.5909449314380015,0.8268639827993457,0.0846492939299559
toy,0,50,0.5,38,3,10,1.0,0.6662455775320049,3,0.5909449314380015,0.8268639827993457,0.0846492939299559
toy,0,50,0.562341,38,3,10,0.6662455775320049,0.6662455775320049,3,0.5320271829014722,0.719757607194985,0.1430559533217996
toy,0,50,1.0,38,3,9,1.0,-0.021505376344086,3,0.5909449314380015,0.8268639827993457,0.0846492939299559
toy,0,50,1.778279,38,3,10,-0.021505376344086,1.0,2,0.0065329216096619,0.010351400151459,0.2487392868403877
toy,0,50,3.162278,38,3,10,-0.021505376344086,1.0,2,0.0065329216096619,0.010351400151459,0.2487392868403877
toy,0,50,5.623413,38,3,7,-0.021505376344086,0.1474358974358974,2,0.0065329216096619,0.010351400151459,0.2487392868403877
toy,0,50,10.0,38,3,4,0.4636937374297801,0.1204315517234487,3,0.5796313594556946,0.8268639827993459,0.1319270141348369
toy,0,50,17.782794,38,3,4,0.6662455775320049,0.6662455775320049,3,0.5320271829014722,0.719757607194985,0.1430559533217996
toy,0,50,31.622777,38,3,4,1.0,1.0,3,0.5909449314380015,0.8268639827993457,0.0846492939299559
toy,0,50,56.234133,38,3,4,1.0,1.0,3,0.5909449314380015,0.8268639827993457,0.0846492939299559
toy,0,50,100.0,38,3,4,1.0,1.0,3,0.5909449314380015,0.8268639827993457,0.0846492939299559
toy,0,50,177.827941,38,3,4,1.0,1.0,3,0.5909449314380015,0.8268639827993457,0.0846492939299559
toy,0,50,316.227766,38,3,3,1.0,1.0,3,0.5909449314380015,0.8268639827993457,0.0846492939299559
toy,0,50,562.341325,38,3,3,1.0,1.0,3,0.5909449314380015,0.8268639827993457,0.0846492939299559
toy,0,50,1000.0,38,3,1,1.0,,3,0.5909449314380015,0.8268639827993457,0.0846492939299559
toy,0,51,0.001,38,3,1,0.0682445225858804,-0.0396510705789056,3,0.1520085260104596,0.2185196855208676,0.2129341229367445
toy,0,51,0.001778,38,3,1,0.02389486260454,1.0,2,0.053868448907773,0.0820482782409894,0.2352667239010978
toy,0,51,0.003162,38,3,3,0.02389486260454,0.6481481481481481,2,0.053868448907773,0.0820482782409894,0.2352667239010978
toy,0,51,0.005623,38,3,2,0.0426079080806277,0.2266864670131727,3,0.1287486418384555,0.1786985059502776,0.2154038891784329
toy,0,51,0.01,38,3,5,0.1814679170988843,0.6189219955549934,3,0.1597844154237906,0.234986373010908,0.2314587195867294
toy,0,51,0.017783,38,3,9,0.4346580682714621,-0.0401459854014598,3,0.447151830243883,0.6291811452088646,0.2202294123757449
toy,0,51,0.031623,38,3,10,0.0193548387096774,1.0,2,0.0002844444988253,0.0003991924854273,0.2441385206916226
toy,0,51,0.056234,38,3,10,0.0193548387096774,1.0,2,0.0002844444988253,0.0003991924854273,0.2441385206916226
toy,0,51,0.1,38,3,10,0.0193548387096774,0.1474358974358974,2,0.0002844444988253,0.0003991924854273,0.2441385206916226
toy,0,51,0.177828,38,3,10,0.512448852208891,0.512448852208891,3,0.5143369875846243,0.7534185216794963,0.2206684541004746
toy,0,51,0.316228,38,3,10,1.0,1.0,3,0.5662495196942293,0.8005990265119627,0.0912082288335251
toy,0,51,0.5,38,3,10,1.0,1.0,3,0.5662495196942293,0.8005990265119627,0.0912082288335251
toy,0,51,0.562341,38,3,10,1.0,0.4206151090824081,3,0.5662495196942293,0.8005990265119627,0.0912082288335251
toy,0,51,1.0,38,3,7,0.4206151090824081,-0.0372511239563262,3,0.3809770353103507,0.5331911372083011,0.1995456472694842
toy,0,51,1.778279,38,3,7,-0.021505376344086,1.0,2,0.0059833680067381,0.0095077731945962,0.2476727601511786
toy,0,51,3.162278,38,3,7,-0.021505376344086,1.0,2,0.0059833680067381,0.0095077731945962,0.2476727601511786
toy,0,51,5.623413,38,3,7,-0.021505376344086,0.1337386018237082,2,0.0059833680067381,0.0095077731945962,0.2476727601511786
toy,0,51,10.0,38,3,4,0.5056258790436006,0.7604590861492945,3,0.5603833476286875,0.8005990265119627,0.1342440611229838
toy,0,51,17.782794,38,3,4,0.3925102855482312,0.3925102855482312,3,0.4314339438102389,0.6111384539503145,0.246125515794135
toy,0,51,31.622777,38,3,4,1.0,1.0,3,0.5662495196942293,0.8005990265119627,0.0912082288335251
toy,0,51,56.234133,38,3,4,1.0,1.0,3,0.5662495196942293,0.8005990265119627,0.0912082288335251
toy,0,51,100.0,38,3,4,1.0,1.0,3,0.5662495196942293,0.8005990265119627,0.0912082288335251
toy,0,51,177.827941,38,3,4,1.0,1.0,3,0.5662495196942293,0.8005990265119627,0.0912082288335251
toy,0,51,316.227766,38,3,3,1.0,1.0,3,0.5662495196942293,0.8005990265119627,0.0912082288335251
toy,0,51,562.341325,38,3,3,1.0,1.0,3,0.5662495196942293,0.8005990265119627,0.0912082288335251
toy,0,51,1000.0,38,3,1,1.0,,3,0.5662495196942293,0.8005990265119627,0.0912082288335251
toy,0,52,0.001,38,3,7,0.0193548387096774,1.0,2,0.0360126621345378,0.060128057346921,0.2384771489940749
toy,0,52,0.001778,38,3,1,0.0193548387096774,0.4726407613005551,2,0.0360126621345378,0.060128057346921,0.2384771489940749
toy,0,52,0.003162,38,3,1,0.072998377062483,-0.0396510705789056,3,0.0710159129409096,0.1107908803223787,0.231716371506238
toy,0,52,0.005623,38,3,1,0.0193548387096774,1.0,2,0.0266014916526614,0.0438909287302783,0.2403756449076474
toy,0,52,0.01,38,3,2,0.0193548387096774,0.6481481481481481,2,0.0266014916526614,0.0438909287302783,0.2403756449076474
toy,0,52,0.017783,38,3,1,0.0426079080806277,-0.0360082304526749,3,0.1173810567965261,0.1711429704556555,0.2276972314680465
toy,0,52,0.031623,38,3,10,0.0193548387096774,1.0,2,0.0002837581030816,0.0003989621482887,0.2434148159459674
toy,0,52,0.056234,38,3,10,0.0193548387096774,1.0,2,0.0002837581030816,0.0003989621482887,0.2434148159459674
toy,0,52,0.1,38,3,10,0.0193548387096774,0.3679060665362035,2,0.0002837581030816,0.0003989621482887,0.2434148159459674
toy,0,52,0.177828,38,3,10,0.1109014761983745,0.3382651090944197,3,0.2498293868386735,0.3500264988187855,0.225031590784629
toy,0,52,0.316228,38,3,10,0.6234050842505113,0.6234050842505113,3,0.5237716809824359,0.7128006865590155,0.1488926275428093
toy,0,52,0.5,38,3,10,1.0,1.0,3,0.5974666917315269,0.8439697127409376,0.0832092387722277
toy,0,52,0.562341,38,3,10,1.0,1.0,3,0.5974666917315269,0.8439697127409376,0.0832092387722277
toy,0,52,1.0,38,3,10,1.0,-0.021505376344086,3,0.5974666917315269,0.8439697127409376,0.0832092387722277
toy,0,52,1.778279,38,3,9,-0.021505376344086,1.0,2,0.0032391619550044,0.0041884528205308,0.2451207088700482
toy,0,52,3.162278,38,3,8,-0.021505376344086,1.0,2,0.0032391619550044,0.0041884528205308,0.2451207088700482
toy,0,52,5.623413,38,3,6,-0.021505376344086,0.1474358974358974,2,0.0032391619550044,0.0041884528205308,0.2451207088700482
toy,0,52,10.0,38,3,4,0.4636937374297801,0.0628257023050633,3,0.5840784494710228,0.8439697127409376,0.1294201253404375
toy,0,52,17.782794,38,3,4,0.6234050842505113,0.6234050842505113,3,0.5237716809824359,0.7128006865590155,0.1488926275428093
toy,0,52,31.622777,38,3,4,1.0,1.0,3,0.5974666917315269,0.8439697127409376,0.0832092387722277
toy,0,52,56.234133,38,3,4,1.0,1.0,3,0.5974666917315269,0.8439697127409376,0.0832092387722277
toy,0,52,100.0,38,3,4,1.0,1.0,3,0.5974666917315269,0.8439697127409376,0.0832092387722277
toy,0,52,177.827941,38,3,4,1.0,1.0,3,0.5974666917315269,0.8439697127409376,0.0832092387722277
toy,0,52,316.227766,38,3,3,1.0,1.0,3,0.5974666917315269,0.8439697127409376,0.0832092387722277
toy,0,52,562.341325,38,3,3,1.0,1.0,3,0.5974666917315269,0.8439697127409376,0.0832092387722277
toy,0,52,1000.0,38,3,1,1.0,,3,0.5974666917315269,0.8439697127409376,0.0832092387722277
toy,0,53,0.001,38,3,1,0.072998377062483,1.0,3,0.0795531508379932,0.1236571401848869,0.2345280250973829
toy,0,53,0.001778,38,3,1,0.072998377062483,-0.0631355893832236,3,0.0795531508379932,0.1236571401848869,0.2345280250973829
toy,0,53,0.003162,38,3,3,0.0548484598232719,-0.0352880124545926,2,0.229124176025169,0.3126223098285686,0.2206917652707488
toy,0,53,0.005623,38,3,1,0.02389486260454,1.0,2,0.0499323108500861,0.0817673864521112,0.235340491768231
toy,0,53,0.01,38,3,1,0.02389486260454,0.4726407613005551,2,0.0499323108500861,0.0817673864521112,0.235340491768231
toy,0,53,0.017783,38,3,2,0.087259940492291,-0.0396510705789056,3,0.2598642192264204,0.3508046129126973,0.2259328744048059
toy,0,53,0.031623,38,3,1,0.0193548387096774,1.0,2,0.0002833485970107,0.0003991924854273,0.2426309890523464
toy,0,53,0.056234,38,3,10,0.0193548387096774,1.0,2,0.0002833485970107,0.0003991924854273,0.2426309890523464
toy,0,53,0.1,38,3,10,0.0193548387096774,0.4726407613005551,2,0.0002833485970107,0.0003991924854273,0.2426309890523464
toy,0,53,0.177828,38,3,10,0.072998377062483,0.2809289090748372,3,0.2290302676128051,0.3122935853898839,0.2206144186058641
toy,0,53,0.316228,38,3,10,0.5882582624459629,0.5882582624459629,3,0.4810486519693795,0.6508121017413908,0.1803957119061226
toy,0,53,0.5,38,3,9,1.0,1.0,3,0.5441702928627736,0.7771597748107016,0.0920739856839856
toy,0,53,0.562341,38,3,9,1.0,0.5882582624459629,3,0.5441702928627736,0.7771597748107016,0.0920739856839856
toy,0,53,1.0,38,3,10,0.5882582624459629,-0.0327713880573499,3,0.4810486519693795,0.6508121017413908,0.1803957119061226
toy,0,53,1.778279,38,3,10,-0.021505376344086,1.0,2,0.0005820833146862,0.0003836965328717,0.2428928869547233
toy,0,53,3.162278,38,3,7,-0.021505376344086,1.0,2,0.0005820833146862,0.0003836965328717,0.2428928869547233
toy,0,53,5.623413,38,3,7,-0.021505376344086,0.1337386018237082,2,0.0005820833146862,0.0003836965328717,0.2428928869547233
toy,0,53,10.0,38,3,7,0.5056258790436006,0.2605189340813464,3,0.540668488235653,0.7771597748107016,0.1351370175171798
toy,0,53,17.782794,38,3,4,0.7523485204321277,0.7523485204321277,3,0.209727315997095,0.2642738590372154,0.2259726061539679
toy,0,53,31.622777,38,3,4,1.0,1.0,3,0.5441702928627736,0.7771597748107016,0.0920739856839856
toy,0,53,56.234133,38,3,4,1.0,1.0,3,0.5441702928627736,0.7771597748107016,0.0920739856839856
toy,0,53,100.0,38,3,4,1.0,1.0,3,0.5441702928627736,0.7771597748107016,0.0920739856839856
toy,0,53,177.827941,38,3,4,1.0,1.0,3,0.5441702928627736,0.7771597748107016,0.0920739856839856
toy,0,53,316.227766,38,3,3,1.0,1.0,3,0.5441702928627736,0.7771597748107016,0.0920739856839856
toy,0,53,562.341325,38,3,3,1.0,1.0,3,0.5441702928627736,0.7771597748107016,0.0920739856839856
toy,0,53,1000.0,38,3,1,1.0,,3,0.5441702928627736,0.7771597748107016,0.0920739856839856
toy,0,54,0.001,38,3,3,-0.0401459854014598,0.6481481481481481,2,0.0327597766399623,0.0553193041532722,0.2375845142862548
toy,0,54,0.001778,38,3,1,0.0799668969764622,1.0,3,0.069402398498124,0.1112847759365807,0.2327355530007155
toy,0,54,0.003162,38,3,1,0.0799668969764622,-0.0534657580696323,3,0.069402398498124,0.1112847759365807,0.2327355530007155
toy,0,54,0.005623,38,3,1,0.082727075760129,1.0,2,0.0964948315276605,0.1524292398450475,0.229360919235605
toy,0,54,0.01,38,3,1,0.082727075760129,0.9923104689191996,2,0.0964948315276605,0.1524292398450475,0.229360919235605
toy,0,54,0.017783,38,3,10,0.0867318462633999,-0.0360082304526749,3,0.0922935762258736,0.1427263172624083,0.2293258122861884
toy,0,54,0.031623,38,3,2,0.1332116788321168,1.0,2,0.0002826967618997,0.0003989621482887,0.2417641899891951
toy,0,54,0.056234,38,3,10,0.1332116788321168,1.0,2,0.0002826967618997,0.0003989621482887,0.2417641899891951
toy,0,54,0.1,38,3,10,0.1332116788321168,0.2986577181208054,2,0.0002826967618997,0.0003989621482887,0.2417641899891951
toy,0,54,0.177828,38,3,10,0.4474368935547404,0.1566639145867293,3,0.3398850364469092,0.4856085903151234,0.2371048283166482
toy,0,54,0.316228,38,3,10,0.3054370553049392,0.3054370553049392,3,0.5551864969446161,0.7933800948782063,0.0881719158044067
toy,0,54,0.5,38,3,10,1.0,1.0,3,0.3867955745420735,0.5038501363308692,0.1258422174562802
toy,0,54,0.562341,38,3,10,1.0,0.3054370553049392,3,0.3867955745420735,0.5038501363308692,0.1258422174562802
toy,0,54,1.0,38,3,10,0.3054370553049392,-0.021505376344086,3,0.5551864969446161,0.7933800948782063,0.0881719158044067
toy,0,54,1.778279,38,3,10,-0.0401459854014598,1.0,2,0.0004196753588644,0.0005763819699997,0.2419226013916772
toy,0,54,3.162278,38,3,9,-0.0401459854014598,1.0,2,0.0004196753588644,0.0005763819699997,0.2419226013916772
toy,0,54,5.623413,38,3,7,-0.0401459854014598,0.1337386018237082,2,0.0004196753588644,0.0005763819699997,0.2419226013916772
toy,0,54,10.0,38,3,7,0.1417929659926089,0.5056258790436006,3,0.5479667591563745,0.7933800948782064,0.1346306287749746
toy,0,54,17.782794,38,3,4,0.3054370553049392,1.0,3,0.5551864969446161,0.7933800948782063,0.0881719158044067
toy,0,54,31.622777,38,3,4,0.3054370553049392,1.0,3,0.5551864969446161,0.7933800948782064,0.0881719158044067
toy,0,54,56.234133,38,3,4,0.3054370553049392,1.0,3,0.5551864969446161,0.7933800948782064,0.0881719158044067
toy,0,54,100.0,38,3,4,0.3054370553049392,1.0,3,0.5551864969446161,0.7933800948782064,0.0881719158044067
toy,0,54,177.827941,38,3,4,0.3054370553049392,1.0,3,0.5551864969446161,0.7933800948782064,0.0881719158044067
toy,0,54,316.227766,38,3,3,0.3054370553049392,1.0,3,0.5551864969446161,0.7933800948782064,0.0881719158044067
toy,0,54,562.341325,38,3,3,0.3054370553049392,1.0,3,0.5551864969446161,0.7933800948782064,0.0881719158044067
toy,0,54,1000.0,38,3,1,0.3054370553049392,,3,0.5551864969446161,0.7933800948782064,0.0881719158044067
toy,0,55,0.001,38,3,2,-0.0327713880573499,-0.027027027027027,2,0.0413321623140614,0.0695392385950443,0.2352339304878541
toy,0,55,0.001778,38,3,2,0.0630219001102883,-0.0360082304526749,2,0.0475360681179927,0.0789942448034199,0.2342884588937727
toy,0,55,0.003162,38,3,2,0.0269298984520176,-0.0360082304526749,3,0.1215835442929766,0.1764885190228768,0.2129006276220887
toy,0,55,0.005623,38,3,8,0.0630219001102883,1.0,2,0.1147629665367547,0.1678731399616892,0.2246673997616236
toy,0,55,0.01,38,3,1,0.0630219001102883,0.1226993865030674,2,0.1147629665367547,0.1678731399616892,0.2246673997616236
toy,0,55,0.017783,38,3,2,0.0826446280991735,-0.0306748466257668,3,0.2183884742700079,0.3057101504848912,0.3218297967988117
toy,0,55,0.031623,38,3,1,0.0630219001102883,1.0,2,0.0002821898384855,0.0003989621482887,0.2410023088631187
toy,0,55,0.056234,38,3,10,0.0630219001102883,1.0,2,0.0002821898384855,0.0003989621482887,0.2410023088631187
toy,0,55,0.1,38,3,10,0.0630219001102883,0.4726407613005551,2,0.0002821898384855,0.0003989621482887,0.2410023088631187
toy,0,55,0.177828,38,3,10,0.1980729809023904,0.072998377062483,3,0.0445687327294356,0.0703057916482154,0.2372893766379958
toy,0,55,0.316228,38,3,10,0.5882582624459629,0.5882582624459629,3,0.5118650307951129,0.7395170531644125,0.1200204873635888
toy,0,55,0.5,38,3,10,1.0,1.0,3,0.5198468313614358,0.7678901439431018,0.1814060492454548
toy,0,55,0.562341,38,3,10,1.0,-0.0327713880573499,3,0.5198468313614358,0.7678901439431018,0.1814060492454548
toy,0,55,1.0,38,3,10,-0.0327713880573499,1.0,2,0.0406814852618818,0.0568446486262451,0.2592089953600722
toy,0,55,1.778279,38,3,10,-0.0327713880573499,1.0,2,0.0406814852618818,0.0568446486262451,0.2592089953600722
toy,0,55,3.162278,38,3,10,-0.0327713880573499,0.1337386018237082,2,0.0406814852618818,0.0568446486262451,0.2592089953600722
toy,0,55,5.623413,38,3,7,0.7851195546299655,0.5318097374601283,3,0.5202694390443776,0.7395170531644125,0.159363670263996
toy,0,55,10.0,38,3,7,0.5524715918133495,0.4428697962798937,3,0.5933979638412323,0.8455253204469046,0.168711784934405
toy,0,55,17.782794,38,3,4,0.7821506042764177,0.4428697962798937,3,0.4962910092950411,0.7124959507952275,0.1826095951884547
toy,0,55,31.622777,38,3,4,0.5524715918133495,1.0,3,0.5933979638412322,0.8455253204469046,0.168711784934405
toy,0,55,56.234133,38,3,4,0.5524715918133495,1.0,3,0.5933979638412322,0.8455253204469046,0.168711784934405
toy,0,55,100.0,38,3,4,0.5524715918133495,1.0,3,0.5933979638412322,0.8455253204469046,0.168711784934405
toy,0,55,177.827941,38,3,4,0.5524715918133495,1.0,3,0.5933979638412322,0.8455253204469046,0.168711784934405
toy,0,55,316.227766,38,3,3,0.5524715918133495,1.0,3,0.5933979638412322,0.8455253204469046,0.168711784934405
toy,0,55,562.341325,38,3,3,0.5524715918133495,1.0,3,0.5933979638412322,0.8455253204469046,0.168711784934405
toy,0,55,1000.0,38,3,1,0.5524715918133495,,3,0.5933979638412322,0.8455253204469046,0.168711784934405
toy,0,56,0.001,38,3,1,-0.0709855272226051,-0.0352880124545926,2,0.1248315481629815,0.1868767563746998,0.2238342471328044
toy,0,56,0.001778,38,3,1,-0.0388349514563106,1.0,2,0.0244585121243281,0.0404228683325902,0.2377684332383117
toy,0,56,0.003162,38,3,3,-0.0388349514563106,0.4726407613005551,2,0.0244585121243281,0.0404228683325902,0.2377684332383117
toy,0,56,0.005623,38,3,1,-0.1021811083764745,1.0,3,0.1378329432095594,0.2040915455574251,0.2247358249442915
toy,0,56,0.01,38,3,1,-0.1021811083764745,0.3702209558377307,3,0.1378329432095594,0.2040915455574251,0.2247358249442915
toy,0,56,0.017783,38,3,3,0.3233180927498367,-0.0419205459419936,3,0.1700052417099857,0.2462288784340345,0.1990215025169922
toy,0,56,0.031623,38,3,1,0.116504854368932,1.0,2,0.000281570834005,0.0003987319951093,0.2402175761175594
toy,0,56,0.056234,38,3,10,0.116504854368932,1.0,2,0.000281570834005,0.0003987319951093,0.2402175761175594
toy,0,56,0.1,38,3,10,0.116504854368932,0.2986577181208054,2,0.000281570834005,0.0003987319951093,0.2402175761175594
toy,0,56,0.177828,38,3,10,-0.0188538824113123,0.659141741438008,3,0.1056458369682812,0.168646504583823,0.2318748621826801
toy,0,56,0.316228,38,3,9,0.0574787720444154,0.0574787720444154,3,0.121528990973499,0.1856637059738008,0.2228361950513343
toy,0,56,0.5,38,3,9,1.0,0.4302611024324927,3,0.4879253876138525,0.6891229027354263,0.183982663569865
toy,0,56,0.562341,38,3,9,0.4302611024324927,0.4302611024324927,3,0.1468056866702604,0.1862716796979198,0.2375114430146046
toy,0,56,1.0,38,3,10,1.0,-0.0388349514563106,3,0.4879253876138525,0.6891229027354263,0.183982663569865
toy,0,56,1.778279,38,3,7,-0.0388349514563106,1.0,2,0.0157836598038977,0.0234802045757085,0.2482335175885436
toy,0,56,3.162278,38,3,7,-0.0388349514563106,1.0,2,0.0157836598038977,0.0234802045757085,0.2482335175885436
toy,0,56,5.623413,38,3,7,-0.0388349514563106,0.1337386018237082,2,0.0157836598038977,0.0234802045757085,0.2482335175885436
toy,0,56,10.0,38,3,7,0.8523820699366346,0.5056258790436006,3,0.5318771872844802,0.7686310816226058,0.1463663608639157
toy,0,56,17.782794,38,3,4,0.4656742946011997,1.0,3,0.5316494371068056,0.7686310816226058,0.1028332337951022
toy,0,56,31.622777,38,3,4,0.4656742946011997,1.0,3,0.5316494371068056,0.7686310816226058,0.1028332337951022
toy,0,56,56.234133,38,3,4,0.4656742946011997,1.0,3,0.5316494371068056,0.7686310816226058,0.1028332337951022
toy,0,56,100.0,38,3,4,0.4656742946011997,1.0,3,0.5316494371068056,0.7686310816226058,0.1028332337951022
toy,0,56,177.827941,38,3,4,0.4656742946011997,1.0,3,0.5316494371068056,0.7686310816226058,0.1028332337951022
toy,0,56,316.227766,38,3,3,0.4656742946011997,1.0,3,0.5316494371068056,0.7686310816226058,0.1028332337951022
toy,0,56,562.341325,38,3,3,0.4656742946011997,1.0,3,0.5316494371068056,0.7686310816226058,0.1028332337951022
toy,0,56,1000.0,38,3,1,0.4656742946011997,,3,0.5316494371068056,0.7686310816226058,0.1028332337951022
toy,0,57,0.001,38,3,6,0.0519029769342139,-0.0360082304526749,3,0.0485953150272181,0.0795056865554061,0.2338748089490526
toy,0,57,0.001778,38,3,2,0.02389486260454,-0.0352880124545926,2,0.0508080740197224,0.0843382044409545,0.2316499880631698
toy,0,57,0.003162,38,3,3,0.0548484598232719,1.0,2,0.1728950087427758,0.2466749894250131,0.2191850273608688
toy,0,57,0.005623,38,3,3,0.0548484598232719,1.0,2,0.1728950087427758,0.2466749894250131,0.2191850273608688
toy,0,57,0.01,38,3,1,0.0548484598232719,-0.0352880124545926,2,0.1728950087427758,0.2466749894250131,0.2191850273608688
toy,0,57,0.017783,38,3,1,0.0193548387096774,-0.027027027027027,2,0.1182964442223968,0.1726648878701926,0.222312827824732
toy,0,57,0.031623,38,3,2,0.0193548387096774,1.0,2,0.0002812205921948,0.0003989621482887,0.2391086243231671
toy,0,57,0.056234,38,3,10,0.0193548387096774,1.0,2,0.0002812205921948,0.0003989621482887,0.2391086243231671
toy,0,57,0.1,38,3,10,0.0193548387096774,0.1474358974358974,2,0.0002812205921948,0.0003989621482887,0.2391086243231671
toy,0,57,0.177828,38,3,10,0.512448852208891,0.8247291216224502,3,0.4414276871799253,0.6680421098390903,0.2574000721701127
toy,0,57,0.316228,38,3,10,0.5882582624459629,0.5882582624459629,3,0.4067287025087156,0.5679310812090429,0.1923473809570076
toy,0,57,0.5,38,3,10,1.0,1.0,3,0.4911514661326751,0.7111855981090973,0.100736730711773
toy,0,57,0.562341,38,3,10,1.0,1.0,3,0.4911514661326751,0.7111855981090973,0.100736730711773
toy,0,57,1.0,38,3,9,1.0,-0.021505376344086,3,0.4911514661326751,0.7111855981090973,0.100736730711773
toy,0,57,1.778279,38,3,9,-0.021505376344086,1.0,2,0.0073146405383298,0.0048066380288665,0.2405899738002042
toy,0,57,3.162278,38,3,9,-0.021505376344086,1.0,2,0.0073146405383298,0.0048066380288665,0.2405899738002042
toy,0,57,5.623413,38,3,9,-0.021505376344086,0.1337386018237082,2,0.0073146405383298,0.0048066380288665,0.2405899738002042
toy,0,57,10.0,38,3,5,0.5056258790436006,0.5056258790436006,3,0.4947851127775796,0.7111855981090973,0.1491067923188763
toy,0,57,17.782794,38,3,4,1.0,1.0,3,0.4911514661326751,0.7111855981090973,0.100736730711773
toy,0,57,31.622777,38,3,4,1.0,1.0,3,0.4911514661326751,0.7111855981090973,0.100736730711773
toy,0,57,56.234133,38,3,4,1.0,1.0,3,0.4911514661326751,0.7111855981090973,0.100736730711773
toy,0,57,100.0,38,3,4,1.0,1.0,3,0.4911514661326751,0.7111855981090973,0.100736730711773
toy,0,57,177.827941,38,3,4,1.0,1.0,3,0.4911514661326751,0.7111855981090973,0.100736730711773
toy,0,57,316.227766,38,3,3,1.0,1.0,3,0.4911514661326751,0.7111855981090973,0.100736730711773
toy,0,57,562.341325,38,3,3,1.0,1.0,3,0.4911514661326751,0.7111855981090973,0.100736730711773
toy,0,57,1000.0,38,3,1,1.0,,3,0.4911514661326751,0.7111855981090973,0.100736730711773
toy,0,58,0.001,38,3,1,0.1273059859678484,-0.0710910370536508,3,0.1835792937713628,0.2730987379561557,0.2272812144192008
toy,0,58,0.001778,38,3,4,0.0426079080806277,0.6248462865142035,3,0.0470627344501075,0.0766775493951122,0.2341155374318967
toy,0,58,0.003162,38,3,2,0.0981351554152417,1.0,3,0.1004860753296707,0.157796029649913,0.2208153137600186
toy,0,58,0.005623,38,3,2,0.0981351554152417,1.0,3,0.1004860753296707,0.157796029649913,0.2208153137600186
toy,0,58,0.01,38,3,1,0.0981351554152417,-0.0415180019461563,3,0.1004860753296707,0.157796029649913,0.2208153137600186
toy,0,58,0.017783,38,3,1,0.02389486260454,1.0,2,0.1363560138465988,0.1853939626687655,0.2186908806865934
toy,0,58,0.031623,38,3,10,0.02389486260454,-0.027027027027027,2,0.1363560138465988,0.1853939626687655,0.2186908806865934
toy,0,58,0.056234,38,3,10,0.0193548387096774,1.0,2,0.0002808831008158,0.0003991924854273,0.2386235641095066
toy,0,58,0.1,38,3,10,0.0193548387096774,0.2497532082922013,2,0.0002808831008158,0.0003991924854273,0.2386235641095066
toy,0,58,0.177828,38,3,10,0.2105956451322656,0.5926283627168645,3,0.35356852314028,0.5167274012263152,0.2401337845961134
toy,0,58,0.316228,38,3,10,0.512448852208891,0.512448852208891,3,0.52343353291015,0.7900323296474192,0.2096974540780681
toy,0,58,0.5,38,3,10,1.0,0.6234050842505113,3,0.5316616886331504,0.7750904809493505,0.0945393632758805
toy,0,58,0.562341,38,3,10,0.6234050842505113,0.1369077427588323,3,0.4608312730752469,0.639245791730162,0.1622617404135106
toy,0,58,1.0,38,3,10,0.4408944220974871,-0.0396621373485126,3,0.455320726741901,0.6459553436512475,0.2083963646432969
toy,0,58,1.778279,38,3,10,-0.021505376344086,1.0,2,0.0008791298871161,0.000748326976973,0.2387313110561345
toy,0,58,3.162278,38,3,8,-0.021505376344086,1.0,2,0.0008791298871161,0.000748326976973,0.2387313110561345
toy,0,58,5.623413,38,3,8,-0.021505376344086,0.1474358974358974,2,0.0008791298871161,0.000748326976973,0.2387313110561345
toy,0,58,10.0,38,3,8,0.4636937374297801,0.4636937374297801,3,0.5300345206851048,0.7750904809493504,0.1386261237361666
toy,0,58,17.782794,38,3,4,1.0,1.0,3,0.5316616886331504,0.7750904809493505,0.0945393632758805
toy,0,58,31.622777,38,3,4,1.0,1.0,3,0.5316616886331504,0.7750904809493505,0.0945393632758805
toy,0,58,56.234133,38,3,4,1.0,1.0,3,0.5316616886331504,0.7750904809493505,0.0945393632758805
toy,0,58,100.0,38,3,4,1.0,1.0,3,0.5316616886331504,0.7750904809493505,0.0945393632758805
toy,0,58,177.827941,38,3,4,1.0,1.0,3,0.5316616886331504,0.7750904809493505,0.0945393632758805
toy,0,58,316.227766,38,3,3,1.0,1.0,3,0.5316616886331504,0.7750904809493505,0.0945393632758805
toy,0,58,562.341325,38,3,3,1.0,1.0,3,0.5316616886331504,0.7750904809493505,0.0945393632758805
toy,0,58,1000.0,38,3,1,1.0,,3,0.5316616886331504,0.7750904809493505,0.0945393632758805
toy,0,59,0.001,38,3,3,0.0519029769342139,-0.0534657580696323,3,0.043287497700406,0.0699797944421012,0.2339133804627172
toy,0,59,0.001778,38,3,1,0.0455595011974564,-0.0534657580696323,2,0.0545867926546966,0.0915472511794173,0.2320428442079982
toy,0,59,0.003162,38,3,2,0.0426079080806277,1.0,3,0.1618245623595927,0.2313881284316391,0.2199933680370766
toy,0,59,0.005623,38,3,1,0.0426079080806277,-0.0360082304526749,3,0.1618245623595927,0.2313881284316391,0.2199933680370766
toy,0,59,0.01,38,3,1,0.02389486260454,0.6481481481481481,2,0.1097917646032678,0.1539536268309386,0.2209982295904195
toy,0,59,0.017783,38,3,1,0.0519029769342139,-0.0360082304526749,3,0.1832586541643042,0.248705180710808,0.2172080892894354
toy,0,59,0.031623,38,3,4,0.0193548387096774,1.0,2,0.000280307275743,0.0003989621482887,0.237859720423476
toy,0,59,0.056234,38,3,10,0.0193548387096774,1.0,2,0.000280307275743,0.0003989621482887,0.237859720423476
toy,0,59,0.1,38,3,10,0.0193548387096774,0.3679060665362035,2,0.000280307275743,0.0003989621482887,0.237859720423476
toy,0,59,0.177828,38,3,10,0.1109014761983745,0.1109014761983745,3,0.0681506153341,0.1102375614888742,0.2322336681420535
toy,0,59,0.316228,38,3,10,1.0,1.0,3,0.5472022925685538,0.7979732362707547,0.0901656499380161
toy,0,59,0.5,38,3,10,1.0,1.0,3,0.5472022925685538,0.7979732362707547,0.0901656499380161
toy,0,59,0.562341,38,3,10,1.0,0.6234050842505113,3,0.5472022925685538,0.7979732362707547,0.0901656499380161
toy,0,59,1.0,38,3,10,0.6234050842505113,-0.0320569902048085,3,0.4691036671421321,0.699293775890907,0.1994587922729033
toy,0,59,1.778279,38,3,10,-0.021505376344086,1.0,2,7.24279807193916e-05,8.428299466049175e-05,0.2378829268793117
toy,0,59,3.162278,38,3,10,-0.021505376344086,0.1337386018237082,2,7.24279807193916e-05,8.428299466049175e-05,0.2378829268793117
toy,0,59,5.623413,38,3,8,0.5056258790436006,0.0046203144794694,3,0.539275314597976,0.7979732362707547,0.1377128327449172
toy,0,59,10.0,38,3,4,0.4636937374297801,0.4636937374297801,3,0.5410622248686004,0.7979732362707546,0.1371988162079528
toy,0,59,17.782794,38,3,4,1.0,1.0,3,0.5472022925685538,0.7979732362707547,0.0901656499380161
toy,0,59,31.622777,38,3,4,1.0,1.0,3,0.5472022925685538,0.7979732362707547,0.0901656499380161
toy,0,59,56.234133,38,3,4,1.0,1.0,3,0.5472022925685538,0.7979732362707547,0.0901656499380161
toy,0,59,100.0,38,3,4,1.0,1.0,3,0.5472022925685538,0.7979732362707547,0.0901656499380161
toy,0,59,177.827941,38,3,4,1.0,1.0,3,0.5472022925685538,0.7979732362707547,0.0901656499380161
toy,0,59,316.227766,38,3,3,1.0,1.0,3,0.5472022925685538,0.7979732362707547,0.0901656499380161
toy,0,59,562.341325,38,3,3,1.0,1.0,3,0.5472022925685538,0.7979732362707547,0.0901656499380161
toy,0,59,1000.0,38,3,1,1.0,,3,0.5472022925685538,0.7979732362707547,0.0901656499380161
toy,0,60,0.001,38,3,2,0.02389486260454,-0.027027027027027,2,0.0363660311786984,0.0630604366568515,0.2324430289007766
toy,0,60,0.001778,38,3,1,0.0193548387096774,-0.027027027027027,2,0.0727797175806626,0.116353379357414,0.2265571414198229
toy,0,60,0.003162,38,3,1,0.02389486260454,-0.027027027027027,2,0.0236793485131974,0.0394159840517959,0.2350093351497091
toy,0,60,0.005623,38,3,3,0.02389486260454,-0.0352880124545926,2,0.0490089525835671,0.0828898387995657,0.2302686046694829
toy,0,60,0.01,38,3,1,0.0548484598232719,1.0,2,0.2262450813762834,0.3148429598151355,0.2169070386360561
toy,0,60,0.017783,38,3,1,0.0548484598232719,1.0,2,0.2262450813762834,0.3148429598151355,0.2169070386360561
toy,0,60,0.031623,38,3,1,0.0548484598232719,-0.0352880124545926,2,0.2262450813762834,0.3148429598151355,0.2169070386360561
toy,0,60,0.056234,38,3,9,0.0193548387096774,1.0,2,0.0002799949984504,0.0003991924854273,0.2370844792814373
toy,0,60,0.1,38,3,10,0.0193548387096774,0.6481481481481481,2,0.0002799949984504,0.0003991924854273,0.2370844792814373
toy,0,60,0.177828,38,3,10,0.0426079080806277,0.7718314430480174,3,0.1027720065418988,0.1550728292679364,0.2225140600599401
toy,0,60,0.316228,38,3,10,0.072998377062483,0.072998377062483,3,0.2261613245838101,0.3145108538481871,0.2168567299080328
toy,0,60,0.5,38,3,10,1.0,1.0,3,0.5184369588809559,0.7632658047325803,0.1020559720663286
toy,0,60,0.562341,38,3,10,1.0,1.0,3,0.5184369588809559,0.7632658047325803,0.1020559720663286
toy,0,60,1.0,38,3,10,1.0,-0.021505376344086,3,0.5184369588809559,0.7632658047325803,0.1020559720663286
toy,0,60,1.778279,38,3,10,-0.021505376344086,1.0,2,0.008590745613433,0.0122327867704915,0.240430506964706
toy,0,60,3.162278,38,3,6,-0.021505376344086,1.0,2,0.008590745613433,0.0122327867704915,0.240430506964706
toy,0,60,5.623413,38,3,6,-0.021505376344086,0.1474358974358974,2,0.008590745613433,0.0122327867704915,0.240430506964706
toy,0,60,10.0,38,3,6,0.4636937374297801,0.8757019811233382,3,0.5205253276074463,0.7632658047325803,0.1445180665850454
toy,0,60,17.782794,38,3,4,0.4533103595498765,0.4533103595498765,3,0.4684864179144685,0.6626864194536702,0.1989131403225817
toy,0,60,31.622777,38,3,4,1.0,1.0,3,0.5184369588809559,0.7632658047325803,0.1020559720663286
toy,0,60,56.234133,38,3,4,1.0,1.0,3,0.5184369588809559,0.7632658047325803,0.1020559720663286
toy,0,60,100.0,38,3,4,1.0,1.0,3,0.5184369588809559,0.7632658047325803,0.1020559720663286
toy,0,60,177.827941,38,3,4,1.0,1.0,3,0.5184369588809559,0.7632658047325803,0.1020559720663286
toy,0,60,316.227766,38,3,3,1.0,1.0,3,0.5184369588809559,0.7632658047325803,0.1020559720663286
toy,0,60,562.341325,38,3,3,1.0,1.0,3,0.5184369588809559,0.7632658047325803,0.1020559720663286
toy,0,60,1000.0,38,3,1,1.0,,3,0.5184369588809559,0.7632658047325803,0.1020559720663286
toy,0,61,0.001,38,3,3,0.072998377062483,1.0,3,0.0857678866358342,0.1343851000627415,0.2213918699805102
toy,0,61,0.001778,38,3,4,0.072998377062483,-0.0647865991092518,3,0.0857678866358342,0.1343851000627415,0.2213918699805102
toy,0,61,0.003162,38,3,4,0.0426079080806277,0.9923104689191996,3,0.0437896278089303,0.0713425035566607,0.2326509288825127
toy,0,61,0.005623,38,3,1,0.0455595011974564,1.0,2,0.0449300649734905,0.0738659790561254,0.2326566077988595
toy,0,61,0.01,38,3,1,0.0455595011974564,0.9923104689191996,2,0.0449300649734905,0.0738659790561254,0.2326566077988595
toy,0,61,0.017783,38,3,1,0.0426079080806277,0.6248462865142035,3,0.0437896278089303,0.0713425035566607,0.2326509288825127
toy,0,61,0.031623,38,3,10,0.0981351554152417,-0.0415180019461563,3,0.0744740537687908,0.1165552473982285,0.2268308404123075
toy,0,61,0.056234,38,3,10,0.0193548387096774,1.0,2,0.0002794459879224,0.0003989621482887,0.2363131023272178
toy,0,61,0.1,38,3,10,0.0193548387096774,1.0,2,0.0002794459879224,0.0003989621482887,0.2363131023272178
toy,0,61,0.177828,38,3,10,0.0193548387096774,0.4726407613005551,2,0.0002794459879224,0.0003989621482887,0.2363131023272178
toy,0,61,0.316228,38,3,10,0.072998377062483,0.072998377062483,3,0.0438710101310178,0.0714185284135625,0.2327617019556562
toy,0,61,0.5,38,3,10,1.0,0.7523485204321277,3,0.5409018898972996,0.7972850948786017,0.1013219994786651
toy,0,61,0.562341,38,3,10,0.7523485204321277,0.165947910585488,3,0.0777550372666747,0.0738256482078254,0.240789673691237
toy,0,61,1.0,38,3,10,0.1273059859678484,-0.0415180019461563,3,0.2215975920185753,0.3205582276056615,0.2259789253280117
toy,0,61,1.778279,38,3,10,-0.021505376344086,1.0,2,0.0172929435119109,0.0283224314468168,0.2433570264954988
toy,0,61,3.162278,38,3,9,-0.021505376344086,0.1337386018237082,2,0.0172929435119109,0.0283224314468168,0.2433570264954988
toy,0,61,5.623413,38,3,9,0.5056258790436006,0.0046203144794694,3,0.5351623981603042,0.7972850948786017,0.1479439964197951
toy,0,61,10.0,38,3,7,0.4636937374297801,0.4873379339991249,3,0.5392792652097218,0.7972850948786017,0.1458851431680327
toy,0,61,17.782794,38,3,4,0.9127915219394628,1.0,3,0.6014537348212,0.876351076580211,0.1619328481314484
toy,0,61,31.622777,38,3,4,0.9127915219394628,0.9127915219394628,3,0.6014537348212,0.876351076580211,0.1619328481314484
toy,0,61,56.234133,38,3,4,1.0,1.0,3,0.5409018898972996,0.7972850948786017,0.1013219994786651
toy,0,61,100.0,38,3,4,1.0,1.0,3,0.5409018898972996,0.7972850948786017,0.1013219994786651
toy,0,61,177.827941,38,3,4,1.0,1.0,3,0.5409018898972996,0.7972850948786017,0.1013219994786651
toy,0,61,316.227766,38,3,3,1.0,1.0,3,0.5409018898972996,0.7972850948786017,0.1013219994786651
toy,0,61,562.341325,38,3,3,1.0,1.0,3,0.5409018898972996,0.7972850948786017,0.1013219994786651
toy,0,61,1000.0,38,3,1,1.0,,3,0.5409018898972996,0.7972850948786017,0.1013219994786651
toy,0,62,0.001,38,3,5,-0.0381443298969072,-0.0360082304526749,2,0.0505513298499165,0.0860120312450656,0.2286367602577327
toy,0,62,0.001778,38,3,2,0.0561431389741341,1.0,3,0.1038518117912675,0.1594894891117273,0.2147107351420506
toy,0,62,0.003162,38,3,1,0.0561431389741341,1.0,3,0.1038518117912675,0.1594894891117273,0.2147107351420506
toy,0,62,0.005623,38,3,1,0.0561431389741341,0.2792095819546069,3,0.1038518117912675,0.1594894891117273,0.2147107351420506
toy,0,62,0.01,38,3,1,0.3270401786901374,-0.0410958904109589,3,0.1143032468225913,0.1717058625597698,0.2151613219754397
toy,0,62,0.017783,38,3,9,-0.0381443298969072,1.0,2,0.0233979991497703,0.0387965047761322,0.2338290907756072
toy,0,62,0.031623,38,3,9,-0.0381443298969072,-0.027027027027027,2,0.0233979991497703,0.0387965047761322,0.2338290907756072
toy,0,62,0.056234,38,3,10,0.0989690721649484,1.0,2,0.0002790337330334,0.0003989621482887,0.2355296781327887
toy,0,62,0.1,38,3,10,0.0989690721649484,1.0,2,0.0002790337330334,0.0003989621482887,0.2355296781327887
toy,0,62,0.177828,38,3,10,0.0989690721649484,0.1474358974358974,2,0.0002790337330334,0.0003989621482887,0.2355296781327887
toy,0,62,0.316228,38,3,10,-0.0685487889963121,-0.0685487889963121,3,0.5023932364153396,0.773032729098826,0.2190309226165938
toy,0,62,0.5,38,3,10,1.0,1.0,3,0.4266728503657584,0.64046700446564,0.2350447102873148
toy,0,62,0.562341,38,3,10,1.0,0.4751160783032735,3,0.4266728503657584,0.64046700446564,0.2350447102873148
toy,0,62,1.0,38,3,9,0.4751160783032735,-0.021505376344086,3,0.5034073333436077,0.7499585342978665,0.104768580014796
toy,0,62,1.778279,38,3,9,-0.0381443298969072,1.0,2,0.0027946304739851,0.0022760971632465,0.2360905414073204
toy,0,62,3.162278,38,3,7,-0.0381443298969072,1.0,2,0.0027946304739851,0.0022760971632465,0.2360905414073204
toy,0,62,5.623413,38,3,7,-0.0381443298969072,0.1337386018237082,2,0.0027946304739851,0.0022760971632465,0.2360905414073204
toy,0,62,10.0,38,3,6,0.8609125757388402,0.8609125757388402,3,0.5048740755568837,0.7499585342978665,0.1449758076393463
toy,0,62,17.782794,38,3,4,1.0,0.4751160783032735,3,0.4266728503657584,0.64046700446564,0.2350447102873148
toy,0,62,31.622777,38,3,4,0.4751160783032735,1.0,3,0.5034073333436077,0.7499585342978665,0.104768580014796
toy,0,62,56.234133,38,3,4,0.4751160783032735,1.0,3,0.5034073333436077,0.7499585342978665,0.104768580014796
toy,0,62,100.0,38,3,4,0.4751160783032735,1.0,3,0.5034073333436077,0.7499585342978665,0.104768580014796
toy,0,62,177.827941,38,3,4,0.4751160783032735,1.0,3,0.5034073333436077,0.7499585342978665,0.104768580014796
toy,0,62,316.227766,38,3,4,0.4751160783032735,1.0,3,0.5034073333436077,0.7499585342978665,0.104768580014796
toy,0,62,562.341325,38,3,3,0.4751160783032735,1.0,3,0.5034073333436077,0.7499585342978665,0.104768580014796
toy,0,62,1000.0,38,3,1,0.4751160783032735,,3,0.5034073333436077,0.7499585342978665,0.104768580014796
toy,0,63,0.001,38,3,1,0.1853767452376915,-0.0547292889758643,3,0.0678045194009313,0.1130891352736029,0.2318381082142974
toy,0,63,0.001778,38,3,2,-0.0662954798108265,-0.0360082304526749,3,0.1152660749947886,0.1813954494747724,0.2266850124335025
toy,0,63,0.003162,38,3,1,-0.0352564102564102,-0.027027027027027,2,0.0478577613371141,0.0829384283922896,0.2308409015170479
toy,0,63,0.005623,38,3,2,0.0933048433048433,-0.027027027027027,2,0.0291492145264443,0.0488895215859164,0.2340993863567647
toy,0,63,0.01,38,3,1,0.0933048433048433,0.6481481481481481,2,0.019961387568918,0.0358850160207612,0.2320242223775553
toy,0,63,0.017783,38,3,2,0.0529176794226819,-0.0360082304526749,3,0.1110048473623763,0.169707253725397,0.2187443086010992
toy,0,63,0.031623,38,3,2,0.0933048433048433,1.0,2,0.116817616767666,0.177954898930891,0.2222907301860817
toy,0,63,0.056234,38,3,2,0.0933048433048433,-0.027027027027027,2,0.116817616767666,0.177954898930891,0.2222907301860817
toy,0,63,0.1,38,3,3,0.1474358974358974,1.0,2,0.0002786331796813,0.0003989621482887,0.2348268687198181
toy,0,63,0.177828,38,3,9,0.1474358974358974,0.1474358974358974,2,0.0002786331796813,0.0003989621482887,0.2348268687198181
toy,0,63,0.316228,38,3,9,1.0,1.0,3,0.3968162156960111,0.6201681747771665,0.2849787947503894
toy,0,63,0.5,38,3,10,1.0,-0.0047389799909733,3,0.3968162156960111,0.6201681747771665,0.2849787947503894
toy,0,63,0.562341,38,3,10,-0.0047389799909733,-0.0352564102564102,3,0.5228185700776656,0.8146841881593665,0.2103397833773362
toy,0,63,1.0,38,3,10,-0.0352564102564102,1.0,2,0.0236566490888401,0.0340930531589851,0.2466236625625334
toy,0,63,1.778279,38,3,10,-0.0352564102564102,1.0,2,0.0236566490888401,0.0340930531589851,0.2466236625625334
toy,0,63,3.162278,38,3,9,-0.0352564102564102,0.0906801007556675,2,0.0236566490888401,0.0340930531589851,0.2466236625625334
toy,0,63,5.623413,38,3,9,0.1918959695380415,0.7113798380173926,3,0.0297941663060735,0.0340930531589851,0.2475212730623057
toy,0,63,10.0,38,3,6,0.4417360080102199,1.0,3,0.5233188516739757,0.8157146118382294,0.2091134661054277
toy,0,63,17.782794,38,3,6,0.4417360080102199,1.0,3,0.5233188516739757,0.8157146118382294,0.2091134661054277
toy,0,63,31.622777,38,3,5,0.4417360080102199,1.0,3,0.5233188516739757,0.8157146118382294,0.2091134661054277
toy,0,63,56.234133,38,3,5,0.4417360080102199,1.0,3,0.5233188516739757,0.8157146118382294,0.2091134661054277
toy,0,63,100.0,38,3,5,0.4417360080102199,1.0,3,0.5233188516739757,0.8157146118382294,0.2091134661054277
toy,0,63,177.827941,38,3,5,0.4417360080102199,1.0,3,0.5233188516739757,0.8157146118382294,0.2091134661054277
toy,0,63,316.227766,38,3,3,0.4417360080102199,1.0,3,0.5233188516739757,0.8157146118382294,0.2091134661054277
toy,0,63,562.341325,38,3,3,0.4417360080102199,1.0,3,0.5233188516739757,0.8157146118382294,0.2091134661054277
toy,0,63,1000.0,38,3,1,0.4417360080102199,,3,0.5233188516739757,0.8157146118382294,0.2091134661054277
toy,0,64,0.001,114,3,1,0.0001269596030943,1.0,3,0.0691567155293614,0.1145003964336906,0.2245108418165986
toy,0,64,0.001778,114,3,2,0.0001269596030943,-0.0131907021635968,3,0.0691567155293614,0.1145003964336906,0.2245108418165986
toy,0,64,0.003162,114,3,2,-0.0011801856400114,0.4911123622617228,2,0.0223243547685306,0.0368593595623308,0.2324690813962616
toy,0,64,0.005623,114,3,3,-0.0023013902217919,0.7315249265210343,3,0.1791926490664682,0.2635906995064967,0.2209108820968601
toy,0,64,0.01,114,3,8,-0.0009315504437822,1.0,3,0.300268577488022,0.4458260436609731,0.237032015769749
toy,0,64,0.017783,114,3,2,-0.0009315504437822,0.7063589484452538,3,0.300268577488022,0.4458260436609733,0.237032015769749
toy,0,64,0.031623,114,3,3,-0.0014621298310627,-0.0147691728792831,3,0.2760586534750225,0.404207595615018,0.2092291442631329
toy,0,64,0.056234,114,3,1,0.0333641670122165,1.0,2,0.0002782439327478,0.0003989621482887,0.2340708716914335
toy,0,64,0.1,114,3,9,0.0333641670122165,1.0,2,0.0002782439327478,0.0003989621482887,0.2340708716914335
toy,0,64,0.177828,114,3,10,0.0333641670122165,0.0335686408326046,2,0.0002782439327478,0.0003989621482887,0.2340708716914335
toy,0,64,0.316228,114,3,10,0.2102261134118215,0.2102261134118215,3,0.0396883337649222,0.0613797445526781,0.2692419156795767
toy,0,64,0.5,114,3,10,1.0,0.2476144907763187,3,0.6387227558269255,0.9987286066145942,0.1448777228371845
toy,0,64,0.562341,114,3,10,0.2476144907763187,0.1301854729675852,3,0.0533262769719022,0.0003989621482887,0.2412620167055224
toy,0,64,1.0,114,3,10,0.5572344676107328,0.2254191578415318,3,0.6463099875913884,1.0,0.1155654814480138
toy,0,64,1.778279,114,3,10,0.0461984076986263,1.0,3,0.6663826811599826,1.0,0.0980735262312779
toy,0,64,3.162278,114,3,8,0.0461984076986263,1.0,3,0.6663826811599826,1.0,0.0980735262312779
toy,0,64,5.623413,114,3,9,0.0461984076986263,1.0,3,0.6663826811599826,1.0,0.0980735262312779
toy,0,64,10.0,114,3,5,0.0461984076986263,1.0,3,0.6663826811599826,1.0,0.0980735262312779
toy,0,64,17.782794,114,3,4,0.0461984076986263,1.0,3,0.6663826811599826,1.0,0.0980735262312779
toy,0,64,31.622777,114,3,4,0.0461984076986263,1.0,3,0.6663826811599826,1.0,0.0980735262312779
toy,0,64,56.234133,114,3,3,0.0461984076986263,1.0,3,0.6663826811599826,1.0,0.0980735262312779
toy,0,64,100.0,114,3,3,0.0461984076986263,1.0,3,0.6663826811599826,1.0,0.0980735262312779
toy,0,64,177.827941,114,3,3,0.0461984076986263,1.0,3,0.6663826811599826,1.0,0.0980735262312779
toy,0,64,316.227766,114,3,3,0.0461984076986263,1.0,3,0.6663826811599826,1.0,0.0980735262312779
toy,0,64,562.341325,114,3,1,0.0461984076986263,1.0,3,0.6663826811599826,1.0,0.0980735262312779
toy,0,64,1000.0,114,3,1,0.0461984076986263,,3,0.6663826811599826,1.0,0.0980735262312779
toy,0,65,0.001,38,3,4,0.0904272389761398,0.7771871519256717,2,0.1138243516687613,0.1837442743687544,0.2211731453635706
toy,0,65,0.001778,38,3,1,0.1415354683813282,-0.0396510705789056,3,0.1407516399921887,0.2172449048926671,0.2203722823990986
toy,0,65,0.003162,38,3,3,0.008817046289493,-0.027027027027027,2,0.0333604702879026,0.0589327383820221,0.2303957128897998
toy,0,65,0.005623,38,3,6,0.04139113397012,0.6481481481481481,2,0.1190447635476471,0.1784584637511899,0.2178175812937721
toy,0,65,0.01,38,3,1,0.0875129291986939,1.0,3,0.1456506070052443,0.2160552540094825,0.2182735420840974
toy,0,65,0.017783,38,3,1,0.0875129291986939,0.5070126227208976,3,0.1456506070052443,0.2160552540094825,0.2182735420840974
toy,0,65,0.031623,38,3,2,0.2744318059646934,-0.0413870246085011,3,0.2894112735660297,0.4182042178625493,0.237136979154487
toy,0,65,0.056234,38,3,10,0.04139113397012,1.0,2,0.0002778656144821,0.0003989621482887,0.2332752000250131
toy,0,65,0.1,38,3,10,0.04139113397012,1.0,2,0.0002778656144821,0.0003989621482887,0.2332752000250131
toy,0,65,0.177828,38,3,10,0.04139113397012,0.0906801007556675,2,0.0002778656144821,0.0003989621482887,0.2332752000250131
toy,0,65,0.316228,38,3,10,0.7968979578359996,0.7968979578359996,3,0.0212871602633853,0.0130013908689191,0.2394577187613518
toy,0,65,0.5,38,3,9,1.0,0.945735702768534,3,0.3140274860422813,0.4624125002423653,0.2598365494475164
toy,0,65,0.562341,38,3,8,0.945735702768534,0.8176268137873783,3,0.315353952742937,0.4644913345364106,0.2597573574329638
toy,0,65,1.0,38,3,10,0.785756578374519,-0.021505376344086,3,0.5081900718595618,0.7712741783830099,0.1168481168750821
toy,0,65,1.778279,38,3,10,-0.0191036002939015,1.0,2,0.0083687742413882,0.0127660428563539,0.238049433420962
toy,0,65,3.162278,38,3,10,-0.0191036002939015,1.0,2,0.0083687742413882,0.0127660428563539,0.238049433420962
toy,0,65,5.623413,38,3,8,-0.0191036002939015,0.1474358974358974,2,0.0083687742413882,0.0127660428563539,0.238049433420962
toy,0,65,10.0,38,3,8,0.2698707962269708,0.4636937374297801,3,0.5119983954575079,0.7712741783830099,0.148536891664753
toy,0,65,17.782794,38,3,4,0.785756578374519,1.0,3,0.5081900718595618,0.7712741783830099,0.1168481168750821
toy,0,65,31.622777,38,3,4,0.785756578374519,1.0,3,0.5081900718595618,0.7712741783830099,0.1168481168750821
toy,0,65,56.234133,38,3,4,0.785756578374519,1.0,3,0.5081900718595618,0.7712741783830099,0.1168481168750821
toy,0,65,100.0,38,3,4,0.785756578374519,1.0,3,0.5081900718595618,0.7712741783830099,0.1168481168750821
toy,0,65,177.827941,38,3,4,0.785756578374519,1.0,3,0.5081900718595618,0.7712741783830099,0.1168481168750821
toy,0,65,316.227766,38,3,4,0.785756578374519,1.0,3,0.5081900718595618,0.7712741783830099,0.1168481168750821
toy,0,65,562.341325,38,3,3,0.785756578374519,1.0,3,0.5081900718595618,0.7712741783830099,0.1168481168750821
toy,0,65,1000.0,38,3,1,0.785756578374519,,3,0.5081900718595618,0.7712741783830099,0.1168481168750821
toy,0,66,0.001,152,3,1,-0.0297420971778328,-0.0158162429480992,3,0.1235385529107004,0.1966281016481469,0.220252696496096
toy,0,66,0.001778,152,3,3,0.2733449309792501,-0.0087896424753533,2,0.0432663231662416,0.0729619630819791,0.2288381462596654
toy,0,66,0.003162,152,3,2,0.1453815261044176,0.6622222222222223,2,0.0300638809829028,0.0537697408131501,0.2288627867677957
toy,0,66,0.005623,152,3,2,0.2730803251717323,1.0,3,0.0930368127778401,0.141546641044116,0.2195654557367306
toy,0,66,0.01,152,3,1,0.2730803251717323,0.3888057891477949,3,0.0930368127778401,0.141546641044116,0.2195654557367306
toy,0,66,0.017783,152,3,1,0.3866042445823403,-0.0098877007740145,3,0.2042530278023317,0.2917167228360528,0.2166955984502283
toy,0,66,0.031623,152,3,1,0.1561540278762107,1.0,2,0.0002776189680596,0.0003991924854273,0.2325863801199435
toy,0,66,0.056234,152,3,1,0.1561540278762107,1.0,2,0.0002776189680596,0.0003991924854273,0.2325863801199435
toy,0,66,0.1,152,3,10,0.1561540278762107,1.0,2,0.0002776189680596,0.0003991924854273,0.2325863801199435
toy,0,66,0.177828,152,3,10,0.1561540278762107,0.1561540278762107,2,0.0002776189680596,0.0003991924854273,0.2325863801199435
toy,0,66,0.316228,152,3,10,1.0,1.0,3,0.6401306833117782,0.9987286640522428,0.1346321898315456
toy,0,66,0.5,152,3,10,1.0,1.0,3,0.6401306833117782,0.9987286640522428,0.1346321898315456
toy,0,66,0.562341,152,3,10,1.0,0.6377285283713936,3,0.6401306833117782,0.9987286640522428,0.1346321898315456
toy,0,66,1.0,152,3,10,0.6377285283713936,1.0,3,0.6702152897856578,1.0,0.093556597202891
toy,0,66,1.778279,152,3,8,0.6377285283713936,1.0,3,0.6702152897856578,1.0,0.093556597202891
toy,0,66,3.162278,152,3,9,0.6377285283713936,1.0,3,0.6702152897856578,1.0,0.093556597202891
toy,0,66,5.623413,152,3,9,0.6377285283713936,1.0,3,0.6702152897856578,1.0,0.093556597202891
toy,0,66,10.0,152,3,4,0.6377285283713936,1.0,3,0.6702152897856578,1.0,0.093556597202891
toy,0,66,17.782794,152,3,4,0.6377285283713936,1.0,3,0.6702152897856578,1.0,0.093556597202891
toy,0,66,31.622777,152,3,4,0.6377285283713936,1.0,3,0.6702152897856578,1.0,0.093556597202891
toy,0,66,56.234133,152,3,4,0.6377285283713936,1.0,3,0.6702152897856578,1.0,0.093556597202891
toy,0,66,100.0,152,3,3,0.6377285283713936,1.0,3,0.6702152897856578,1.0,0.093556597202891
toy,0,66,177.827941,152,3,3,0.6377285283713936,1.0,3,0.6702152897856578,1.0,0.093556597202891
toy,0,66,316.227766,152,3,3,0.6377285283713936,1.0,3,0.6702152897856578,1.0,0.093556597202891
toy,0,66,562.341325,152,3,1,0.6377285283713936,1.0,3,0.6702152897856578,1.0,0.093556597202891
toy,0,66,1000.0,152,3,1,0.6377285283713936,,3,0.6702152897856578,1.0,0.093556597202891
toy,0,67,0.001,76,3,2,0.0,0.0,1,0.0,0.0,0.2318642967755079
toy,0,67,0.001778,76,3,7,0.1034766920092755,-0.0265521358615859,2,0.1450767473223024,0.225041038421467,0.2165285723832443
toy,0,67,0.003162,76,3,1,0.0996542501498796,-0.0177745312880448,3,0.0782206289226817,0.1220229610079275,0.2165282213989519
toy,0,67,0.005623,76,3,1,0.0513742508782806,1.0,2,0.0230451101011679,0.0397825588335365,0.2298508053310679
toy,0,67,0.01,76,3,7,0.0513742508782806,1.0,2,0.0230451101011679,0.0397825588335365,0.2298508053310679
toy,0,67,0.017783,76,3,3,0.0513742508782806,0.3840612336785232,2,0.0230451101011679,0.0397825588335365,0.2298508053310679
toy,0,67,0.031623,76,3,2,0.2078131717486352,-0.0352254211064678,3,0.2100874438643157,0.3148784754375453,0.2204215277374025
toy,0,67,0.056234,76,3,2,0.0996542501498796,1.0,3,0.0225967448897232,0.0403182597997381,0.2315879081425506
toy,0,67,0.1,76,3,10,0.0996542501498796,1.0,3,0.0225967448897232,0.0403182597997381,0.2315879081425506
toy,0,67,0.177828,76,3,10,0.0996542501498796,1.0,3,0.0225967448897232,0.0403182597997381,0.2315879081425506
toy,0,67,0.316228,76,3,10,0.0996542501498796,0.0996542501498796,3,0.0225967448897232,0.0403182597997381,0.2315879081425506
toy,0,67,0.5,76,3,10,1.0,1.0,3,0.6636053256952192,1.0,0.0981871125944941
toy,0,67,0.562341,76,3,10,1.0,1.0,3,0.6636053256952192,1.0,0.0981871125944941
toy,0,67,1.0,76,3,10,1.0,1.0,3,0.6636053256952192,1.0,0.0981871125944941
toy,0,67,1.778279,76,3,10,1.0,1.0,3,0.6636053256952192,1.0,0.0981871125944941
toy,0,67,3.162278,76,3,10,1.0,1.0,3,0.6636053256952192,1.0,0.0981871125944941
toy,0,67,5.623413,76,3,7,1.0,1.0,3,0.6636053256952192,1.0,0.0981871125944941
toy,0,67,10.0,76,3,7,1.0,1.0,3,0.6636053256952192,1.0,0.0981871125944941
toy,0,67,17.782794,76,3,5,1.0,1.0,3,0.6636053256952192,1.0,0.0981871125944941
toy,0,67,31.622777,76,3,4,1.0,1.0,3,0.6636053256952192,1.0,0.0981871125944941
toy,0,67,56.234133,76,3,4,1.0,1.0,3,0.6636053256952192,1.0,0.0981871125944941
toy,0,67,100.0,76,3,3,1.0,1.0,3,0.6636053256952192,1.0,0.0981871125944941
toy,0,67,177.827941,76,3,3,1.0,1.0,3,0.6636053256952192,1.0,0.0981871125944941
toy,0,67,316.227766,76,3,3,1.0,1.0,3,0.6636053256952192,1.0,0.0981871125944941
toy,0,67,562.341325,76,3,1,1.0,1.0,3,0.6636053256952192,1.0,0.0981871125944941
toy,0,67,1000.0,76,3,1,1.0,,3,0.6636053256952192,1.0,0.0981871125944941
toy,0,69,0.001,152,3,2,0.2616693627692954,-0.0105073767542281,3,0.1127758337614795,0.1813908002027842,0.2078996632909016
toy,0,69,0.001778,152,3,2,0.0710694923607688,-0.0066225165562913,2,0.0872945775812437,0.1376087742485688,0.2174278760400682
toy,0,69,0.003162,152,3,2,0.0710694923607688,-0.0066225165562913,2,0.1314684795309988,0.1930557829099853,0.2125993806480729
toy,0,69,0.005623,152,3,1,0.0703884582642591,1.0,2,0.1038636682418577,0.1587722867414939,0.2154833268606614
toy,0,69,0.01,152,3,1,0.0703884582642591,1.0,2,0.1038636682418577,0.1587722867414939,0.2154833268606614
toy,0,69,0.017783,152,3,1,0.0703884582642591,-0.0066225165562913,2,0.1038636682418577,0.1587722867414939,0.2154833268606614
toy,0,69,0.031623,152,3,5,0.0703884582642591,1.0,2,0.0002764546285942,0.0003989621482887,0.2303916710438008
toy,0,69,0.056234,152,3,1,0.0703884582642591,1.0,2,0.0002764546285942,0.0003989621482887,0.2303916710438008
toy,0,69,0.1,152,3,9,0.0703884582642591,1.0,2,0.0002764546285942,0.0003989621482887,0.2303916710438008
toy,0,69,0.177828,152,3,9,0.0703884582642591,0.1561540278762107,2,0.0002764546285942,0.0003989621482887,0.2303916710438008
toy,0,69,0.316228,152,3,9,0.6377285283713936,0.6377285283713936,3,0.6347113317370309,0.9987286066145942,0.1382851977276681
toy,0,69,0.5,152,3,9,1.0,1.0,3,0.6711873801875535,1.0,0.0904230955057681
toy,0,69,0.562341,152,3,9,1.0,1.0,3,0.6711873801875535,1.0,0.0904230955057681
toy,0,69,1.0,152,3,9,1.0,1.0,3,0.6711873801875535,1.0,0.0904230955057681
toy,0,69,1.778279,152,3,9,1.0,1.0,3,0.6711873801875535,1.0,0.0904230955057681
toy,0,69,3.162278,152,3,9,1.0,1.0,3,0.6711873801875535,1.0,0.0904230955057681
toy,0,69,5.623413,152,3,8,1.0,1.0,3,0.6711873801875535,1.0,0.0904230955057681
toy,0,69,10.0,152,3,8,1.0,1.0,3,0.6711873801875535,1.0,0.0904230955057681
toy,0,69,17.782794,152,3,4,1.0,1.0,3,0.6711873801875535,1.0,0.0904230955057681
toy,0,69,31.622777,152,3,4,1.0,1.0,3,0.6711873801875535,1.0,0.0904230955057681
toy,0,69,56.234133,152,3,4,1.0,1.0,3,0.6711873801875535,1.0,0.0904230955057681
toy,0,69,100.0,152,3,3,1.0,1.0,3,0.6711873801875535,1.0,0.0904230955057681
toy,0,69,177.827941,152,3,3,1.0,1.0,3,0.6711873801875535,1.0,0.0904230955057681
toy,0,69,316.227766,152,3,1,1.0,1.0,3,0.6711873801875535,1.0,0.0904230955057681
toy,0,69,562.341325,152,3,1,1.0,1.0,3,0.6711873801875535,1.0,0.0904230955057681
toy,0,69,1000.0,152,3,1,1.0,,3,0.6711873801875535,1.0,0.0904230955057681
toy,0,70,0.001,76,3,7,0.1034766920092755,-0.0262668293756376,2,0.1251012902135658,0.1936938098244289,0.213889767358028
toy,0,70,0.001778,76,3,5,0.1003556361067839,0.7890460073370011,2,0.0545272964272607,0.0962589586653607,0.2240580587241446
toy,0,70,0.003162,76,3,1,0.1502651000960291,-0.01980381269665,3,0.0837911600416473,0.1416151434937824,0.2217021162070376
toy,0,70,0.005623,76,3,1,0.0513742508782806,1.0,2,0.0276138548948957,0.0500960904664628,0.2265731140773021
toy,0,70,0.01,76,3,2,0.0513742508782806,0.4865815287803072,2,0.0276138548948957,0.0500960904664628,0.2265731140773021
toy,0,70,0.017783,76,3,2,0.1487144889648174,-0.0320217024969604,3,0.1931846984020805,0.2842463978192084,0.2040973984954192
toy,0,70,0.031623,76,3,4,0.0996542501498796,1.0,3,0.028468152874019,0.0519238025616259,0.2285240228006787
toy,0,70,0.056234,76,3,10,0.0996542501498796,1.0,3,0.028468152874019,0.0519238025616259,0.2285240228006787
toy,0,70,0.1,76,3,10,0.0996542501498796,1.0,3,0.028468152874019,0.0519238025616259,0.2285240228006787
toy,0,70,0.177828,76,3,10,0.0996542501498796,0.0996542501498796,3,0.028468152874019,0.0519238025616259,0.2285240228006787
toy,0,70,0.316228,76,3,10,1.0,1.0,3,0.65915386651711,1.0,0.0986323405537555
toy,0,70,0.5,76,3,10,1.0,1.0,3,0.65915386651711,1.0,0.0986323405537555
toy,0,70,0.562341,76,3,10,1.0,0.2528457608608014,3,0.65915386651711,1.0,0.0986323405537555
toy,0,70,1.0,76,3,10,0.2528457608608014,0.0936652269796447,3,0.650198965625222,1.0,0.1090318556022961
toy,0,70,1.778279,76,3,10,0.4211836555381376,0.4211836555381376,3,0.654528442620407,1.0,0.107186198149229
toy,0,70,3.162278,76,3,9,1.0,1.0,3,0.65915386651711,1.0,0.0986323405537555
toy,0,70,5.623413,76,3,10,1.0,0.2767148062707081,3,0.65915386651711,1.0,0.0986323405537555
toy,0,70,10.0,76,3,5,0.2767148062707081,0.2767148062707081,3,0.6274845186975063,1.0,0.1392287420449607
toy,0,70,17.782794,76,3,5,1.0,1.0,3,0.65915386651711,1.0,0.0986323405537555
toy,0,70,31.622777,76,3,5,1.0,1.0,3,0.65915386651711,1.0,0.0986323405537555
toy,0,70,56.234133,76,3,4,1.0,1.0,3,0.65915386651711,1.0,0.0986323405537555
toy,0,70,100.0,76,3,3,1.0,1.0,3,0.65915386651711,1.0,0.0986323405537555
toy,0,70,177.827941,76,3,3,1.0,1.0,3,0.65915386651711,1.0,0.0986323405537555
toy,0,70,316.227766,76,3,3,1.0,1.0,3,0.65915386651711,1.0,0.0986323405537555
toy,0,70,562.341325,76,3,1,1.0,1.0,3,0.65915386651711,1.0,0.0986323405537555
toy,0,70,1000.0,76,3,1,1.0,,3,0.65915386651711,1.0,0.0986323405537555
toy,0,72,0.001,126,3,1,0.1755181014740555,-0.0106073120897274,2,0.1157460104924423,0.188525527163073,0.2149358019845754
toy,0,72,0.001778,126,3,1,0.0852610178174076,0.491968793024323,2,0.0620498785903257,0.1051224276296893,0.2192564695067545
toy,0,72,0.003162,126,3,3,0.2489999308843931,-0.0119320789352914,3,0.1396217791655802,0.2142445250683593,0.1980797681128609
toy,0,72,0.005623,126,3,4,0.0852610178174076,1.0,2,0.0412057045641505,0.074152659746816,0.2225504585347602
toy,0,72,0.01,126,3,1,0.0852610178174076,-0.008,2,0.0412057045641505,0.074152659746816,0.2225504585347602
toy,0,72,0.017783,126,3,1,0.0852610178174076,1.0,2,0.000275494887812,0.0003989621482887,0.2283118841165033
toy,0,72,0.031623,126,3,2,0.0852610178174076,0.491968793024323,2,0.000275494887812,0.0003989621482887,0.2283118841165033
toy,0,72,0.056234,126,3,1,0.2433105364213961,0.792134178505333,3,0.0393927060652281,0.0122487866573217,0.2337864326327041
toy,0,72,0.1,126,3,2,0.1693727587024606,1.0,3,0.1520216300513414,0.2198968614202842,0.2094197622089502
toy,0,72,0.177828,126,3,9,0.1693727587024606,0.420258060621498,3,0.1520216300513414,0.2198968614202842,0.2094197622089502
toy,0,72,0.316228,126,3,9,0.5317356975189371,0.5317356975189371,3,0.4201760512892551,0.6442626437033587,0.2468389843139339
toy,0,72,0.5,126,3,10,1.0,1.0,3,0.579865458231945,0.8550070837627546,0.1180977278979613
toy,0,72,0.562341,126,3,10,1.0,0.8570393551663316,3,0.579865458231945,0.8550070837627546,0.1180977278979613
toy,0,72,1.0,126,3,10,0.8570393551663316,1.0,3,0.6590771802755753,1.0,0.0951664184010201
toy,0,72,1.778279,126,3,10,0.8570393551663316,1.0,3,0.6590771802755753,1.0,0.0951664184010201
toy,0,72,3.162278,126,3,10,0.8570393551663316,1.0,3,0.6590771802755753,1.0,0.0951664184010201
toy,0,72,5.623413,126,3,9,0.8570393551663316,1.0,3,0.6590771802755753,1.0,0.0951664184010201
toy,0,72,10.0,126,3,9,0.8570393551663316,1.0,3,0.6590771802755753,1.0,0.0951664184010201
toy,0,72,17.782794,126,3,4,0.8570393551663316,1.0,3,0.6590771802755753,1.0,0.0951664184010201
toy,0,72,31.622777,126,3,4,0.8570393551663316,1.0,3,0.6590771802755753,1.0,0.0951664184010201
toy,0,72,56.234133,126,3,3,0.8570393551663316,1.0,3,0.6590771802755753,1.0,0.0951664184010201
toy,0,72,100.0,126,3,3,0.8570393551663316,1.0,3,0.6590771802755753,1.0,0.0951664184010201
toy,0,72,177.827941,126,3,3,0.8570393551663316,1.0,3,0.6590771802755753,1.0,0.0951664184010201
toy,0,72,316.227766,126,3,3,0.8570393551663316,1.0,3,0.6590771802755753,1.0,0.0951664184010201
toy,0,72,562.341325,126,3,1,0.8570393551663316,1.0,3,0.6590771802755753,1.0,0.0951664184010201
toy,0,72,1000.0,126,3,1,0.8570393551663316,,3,0.6590771802755753,1.0,0.0951664184010201
toy,0,73,0.001,76,3,2,0.0498036784459599,-0.0133333333333333,2,0.0300543042358977,0.0553515443816366,0.2244512503463919
toy,0,73,0.001778,76,3,1,0.0498036784459599,1.0,2,0.0594238695134337,0.1019554529814955,0.2194980834499279
toy,0,73,0.003162,76,3,6,0.0498036784459599,-0.0133333333333333,2,0.0594238695134337,0.1019554529814955,0.2194980834499279
toy,0,73,0.005623,76,3,1,0.0498036784459599,1.0,2,0.0905407331920446,0.1441034534286286,0.2152270017773108
toy,0,73,0.01,76,3,1,0.0498036784459599,-0.0133333333333333,2,0.0905407331920446,0.1441034534286286,0.2152270017773108
toy,0,73,0.017783,76,3,1,0.0513742508782806,1.0,2,0.1014875317902482,0.1477591410551195,0.21272370831321
toy,0,73,0.031623,76,3,4,0.0513742508782806,-0.0133333333333333,2,0.1014875317902482,0.1477591410551195,0.21272370831321
toy,0,73,0.056234,76,3,10,0.0498036784459599,1.0,2,0.0002753095973118,0.0003991924854273,0.2279050048378483
toy,0,73,0.1,76,3,9,0.0498036784459599,1.0,2,0.0002753095973118,0.0003991924854273,0.2279050048378483
toy,0,73,0.177828,76,3,9,0.0498036784459599,0.0741971207087486,2,0.0002753095973118,0.0003991924854273,0.2279050048378483
toy,0,73,0.316228,76,3,9,0.9212558869701728,0.9212558869701728,3,0.130889318117576,0.0003991924854273,0.2455734318833105
toy,0,73,0.5,76,3,9,1.0,0.6645648195706657,3,0.6499302299068418,1.0,0.1013618136308147
toy,0,73,0.562341,76,3,9,0.6645648195706657,0.6645648195706657,3,0.5699792033374158,0.9060455433751886,0.1410066698573271
toy,0,73,1.0,76,3,9,1.0,1.0,3,0.6499302299068418,1.0,0.1013618136308147
toy,0,73,1.778279,76,3,9,1.0,1.0,3,0.6499302299068418,1.0,0.1013618136308147
toy,0,73,3.162278,76,3,9,1.0,1.0,3,0.6499302299068418,1.0,0.1013618136308147
toy,0,73,5.623413,76,3,6,1.0,1.0,3,0.6499302299068418,1.0,0.1013618136308147
toy,0,73,10.0,76,3,6,1.0,1.0,3,0.6499302299068418,1.0,0.1013618136308147
toy,0,73,17.782794,76,3,5,1.0,1.0,3,0.6499302299068418,1.0,0.1013618136308147
toy,0,73,31.622777,76,3,5,1.0,1.0,3,0.6499302299068418,1.0,0.1013618136308147
toy,0,73,56.234133,76,3,5,1.0,1.0,3,0.6499302299068418,1.0,0.1013618136308147
toy,0,73,100.0,76,3,3,1.0,1.0,3,0.6499302299068418,1.0,0.1013618136308147
toy,0,73,177.827941,76,3,3,1.0,1.0,3,0.6499302299068418,1.0,0.1013618136308147
toy,0,73,316.227766,76,3,3,1.0,1.0,3,0.6499302299068418,1.0,0.1013618136308147
toy,0,73,562.341325,76,3,1,1.0,1.0,3,0.6499302299068418,1.0,0.1013618136308147
toy,0,73,1000.0,76,3,1,1.0,,3,0.6499302299068418,1.0,0.1013618136308147
toy,0,75,0.001,76,3,4,0.0513742508782806,-0.0177745312880448,2,0.0691967363692106,0.1156890018211756,0.216101006180182
toy,0,75,0.001778,76,3,9,0.0996542501498796,-0.0177745312880448,3,0.1027171176748964,0.161590827515792,0.2057606992160311
toy,0,75,0.003162,76,3,4,0.0498036784459599,0.6576576576576577,2,0.0768304082443558,0.1260470951089026,0.2150938108668292
toy,0,75,0.005623,76,3,3,0.0996542501498796,1.0,3,0.0943835997195085,0.151433961125843,0.2073211259912739
toy,0,75,0.01,76,3,4,0.0996542501498796,-0.0177745312880448,3,0.0943835997195085,0.151433961125843,0.2073211259912739
toy,0,75,0.017783,76,3,4,0.0498036784459599,1.0,2,0.1070137234734736,0.1631717686360356,0.2157782095933777
toy,0,75,0.031623,76,3,1,0.0498036784459599,-0.0133333333333333,2,0.1070137234734736,0.1631717686360356,0.2157782095933777
toy,0,75,0.056234,76,3,1,0.0498036784459599,1.0,2,0.0002747274885604,0.0003991924854273,0.2261533992459752
toy,0,75,0.1,76,3,10,0.0498036784459599,1.0,2,0.0002747274885604,0.0003991924854273,0.2261533992459752
toy,0,75,0.177828,76,3,10,0.0498036784459599,0.1468048359240069,2,0.0002747274885604,0.0003991924854273,0.2261533992459752
toy,0,75,0.316228,76,3,10,0.584077138575803,0.584077138575803,3,0.6186734008012109,0.9987286640522428,0.1451887940712817
toy,0,75,0.5,76,3,10,1.0,0.4080498868938725,3,0.653291964901083,1.0,0.0985306649168828
toy,0,75,0.562341,76,3,10,0.4080498868938725,0.4080498868938725,3,0.6474178745619781,1.0,0.1020462125030986
toy,0,75,1.0,76,3,10,1.0,1.0,3,0.653291964901083,1.0,0.0985306649168828
toy,0,75,1.778279,76,3,10,1.0,1.0,3,0.653291964901083,1.0,0.0985306649168828
toy,0,75,3.162278,76,3,10,1.0,1.0,3,0.653291964901083,1.0,0.0985306649168828
toy,0,75,5.623413,76,3,6,1.0,1.0,3,0.653291964901083,1.0,0.0985306649168828
toy,0,75,10.0,76,3,6,1.0,1.0,3,0.653291964901083,1.0,0.0985306649168828
toy,0,75,17.782794,76,3,5,1.0,1.0,3,0.653291964901083,1.0,0.0985306649168828
toy,0,75,31.622777,76,3,5,1.0,1.0,3,0.653291964901083,1.0,0.0985306649168828
toy,0,75,56.234133,76,3,5,1.0,1.0,3,0.653291964901083,1.0,0.0985306649168828
toy,0,75,100.0,76,3,4,1.0,1.0,3,0.653291964901083,1.0,0.0985306649168828
toy,0,75,177.827941,76,3,3,1.0,1.0,3,0.653291964901083,1.0,0.0985306649168828
toy,0,75,316.227766,76,3,3,1.0,1.0,3,0.653291964901083,1.0,0.0985306649168828
toy,0,75,562.341325,76,3,1,1.0,1.0,3,0.653291964901083,1.0,0.0985306649168828
toy,0,75,1000.0,76,3,1,1.0,,3,0.653291964901083,1.0,0.0985306649168828
toy,0,76,0.001,77,3,2,0.0,0.0,1,0.0,0.0,0.2255252284289993
toy,0,76,0.001778,77,3,3,0.1516262325188203,-0.0312406291742769,3,0.1048419586275335,0.1760010040748607,0.2184912491967759
toy,0,76,0.003162,77,3,1,0.1043958808533476,-0.017378883466254,2,0.1830157738238933,0.2702397900959863,0.2076033726832048
toy,0,76,0.005623,77,3,2,0.0518800762057555,1.0,2,0.0214032507734502,0.0378078735222825,0.2238466124526954
toy,0,76,0.01,77,3,1,0.0518800762057555,0.4867591424968474,2,0.0214032507734502,0.0378078735222825,0.2238466124526954
toy,0,76,0.017783,77,3,1,0.1561955705842485,1.0,3,0.191227232444745,0.2826398414630342,0.2109350152835553
toy,0,76,0.031623,77,3,7,0.1561955705842485,-0.019546027742749,3,0.191227232444745,0.2826398414630342,0.2109350152835553
toy,0,76,0.056234,77,3,9,0.0503359069487616,1.0,2,0.0002744480914165,0.0003991924854273,0.2255220975707256
toy,0,76,0.1,77,3,10,0.0503359069487616,1.0,2,0.0002744480914165,0.0003991924854273,0.2255220975707256
toy,0,76,0.177828,77,3,10,0.0503359069487616,0.1470292044310171,2,0.0002744480914165,0.0003991924854273,0.2255220975707256
toy,0,76,0.316228,77,3,10,0.5854679398913352,0.5854679398913352,3,0.6129529949730529,0.9987286640522428,0.1464486697874102
toy,0,76,0.5,77,3,10,1.0,0.639731921544639,3,0.638649137263337,1.0,0.107489136947386
toy,0,76,0.562341,77,3,10,0.639731921544639,1.0,3,0.1188247267031966,0.0,0.2419325175048593
toy,0,76,1.0,77,3,9,0.639731921544639,0.639731921544639,3,0.1188247267031966,0.0,0.2419325175048593
toy,0,76,1.778279,77,3,9,1.0,1.0,3,0.638649137263337,1.0,0.107489136947386
toy,0,76,3.162278,77,3,9,1.0,1.0,3,0.638649137263337,1.0,0.107489136947386
toy,0,76,5.623413,77,3,9,1.0,1.0,3,0.638649137263337,1.0,0.107489136947386
toy,0,76,10.0,77,3,9,1.0,1.0,3,0.638649137263337,1.0,0.107489136947386
toy,0,76,17.782794,77,3,9,1.0,1.0,3,0.638649137263337,1.0,0.107489136947386
toy,0,76,31.622777,77,3,4,1.0,1.0,3,0.638649137263337,1.0,0.107489136947386
toy,0,76,56.234133,77,3,4,1.0,1.0,3,0.638649137263337,1.0,0.107489136947386
toy,0,76,100.0,77,3,3,1.0,1.0,3,0.638649137263337,1.0,0.107489136947386
toy,0,76,177.827941,77,3,3,1.0,1.0,3,0.638649137263337,1.0,0.107489136947386
toy,0,76,316.227766,77,3,3,1.0,1.0,3,0.638649137263337,1.0,0.107489136947386
toy,0,76,562.341325,77,3,1,1.0,1.0,3,0.638649137263337,1.0,0.107489136947386
toy,0,76,1000.0,77,3,1,1.0,,3,0.638649137263337,1.0,0.107489136947386
toy,0,77,0.001,20,3,10,0.0584303330644231,1.0,3,0.0192924617884661,0.0271456374660147,0.2376049016677575
toy,0,77,0.001778,20,3,10,0.0584303330644231,1.0,3,0.0192924617884661,0.0271456374660147,0.2376049016677575
toy,0,77,0.003162,20,3,10,0.0584303330644231,0.0468227424749163,3,0.0192924617884661,0.0271456374660147,0.2376049016677575
toy,0,77,0.005623,20,3,10,-0.1020881670533642,1.0,2,0.0119153390480088,0.00632506221831,0.2269038816444012
toy,0,77,0.01,20,3,10,-0.1020881670533642,-0.0966810966810966,2,0.0119153390480088,0.00632506221831,0.2269038816444012
toy,0,77,0.017783,20,3,10,-0.1020881670533642,-0.0669456066945606,2,0.0033159674974873,4.896809263223034e-05,0.2248222373649598
toy,0,77,0.031623,20,3,10,-0.0699588477366255,-0.0526315789473684,2,0.0046781717349969,7.768917369935729e-05,0.2247817852208066
toy,0,77,0.056234,20,3,10,-0.0699588477366255,0.6296296296296297,2,0.0034324390454071,0.0004172413072126,0.2249703795259301
toy,0,77,0.1,20,3,10,-0.1075781664016958,0.5635724902040264,3,0.0075791435803319,0.0003199823129084,0.2249383032820698
toy,0,77,0.177828,20,3,2,-0.1295770841778138,-0.1295770841778138,3,0.0028373228577721,0.0003091745978869,0.2249967689164556
toy,0,77,0.316228,20,3,10,1.0,1.0,3,0.0182571998959738,0.0295285236418023,0.23549047393918
toy,0,77,0.5,20,3,10,1.0,1.0,3,0.0182571998959738,0.0295285236418023,0.23549047393918
toy,0,77,0.562341,20,3,10,1.0,-0.0699588477366255,3,0.0182571998959738,0.0295285236418023,0.23549047393918
toy,0,77,1.0,20,3,10,-0.0699588477366255,-0.0699588477366255,2,0.0409777773572387,0.0672360134676389,0.246715292594376
toy,0,77,1.778279,20,3,10,-0.1075781664016958,1.0,3,0.0536091668697198,0.0902608620994786,0.2179682983467591
toy,0,77,3.162278,20,3,10,-0.1075781664016958,1.0,3,0.0536091668697198,0.0902608620994786,0.2179682983467591
toy,0,77,5.623413,20,3,10,-0.1075781664016958,1.0,3,0.0536091668697198,0.0902608620994786,0.2179682983467591
toy,0,77,10.0,20,3,10,-0.1075781664016958,0.0151302885962454,3,0.0536091668697198,0.0902608620994786,0.2179682983467591
toy,0,77,17.782794,20,3,10,0.0683664892126646,0.4995610184372256,3,0.0629249983411041,0.0979249691515389,0.2386191763610577
toy,0,77,31.622777,20,3,8,0.3882047226302113,0.2847510956287223,3,0.0376848582594003,0.0558251759886448,0.2529792179647085
toy,0,77,56.234133,20,3,8,0.7404765518288056,0.2040981124457454,3,0.0414714910333407,0.0676272701109613,0.2520745096061497
toy,0,77,100.0,20,3,6,0.248755247486088,1.0,3,0.0591101189199012,0.0939767265653659,0.233826791431625
toy,0,77,177.827941,20,3,6,0.248755247486088,0.2150445326751797,3,0.0591101189199012,0.0939767265653659,0.233826791431625
toy,0,77,316.227766,20,3,6,0.4216486058687447,0.2150445326751797,3,0.0545738467694733,0.084513280220716,0.2627931197015607
toy,0,77,562.341325,20,3,1,0.0261642097041882,1.0,3,0.0694075287426162,0.1077130777937479,0.2369223749933175
toy,0,77,1000.0,20,3,1,0.0261642097041882,,3,0.0694075287426162,0.1077130777937479,0.2369223749933175
toy,0,80,0.001,76,3,2,0.0498036784459599,-0.0133333333333333,2,0.0282457896316045,0.0522750755757436,0.2212745166850558
toy,0,80,0.001778,76,3,6,0.0513742508782806,-0.0133333333333333,2,0.0249582302746302,0.0464016258437954,0.2188543391935138
toy,0,80,0.003162,76,3,6,0.0513742508782806,-0.0133333333333333,2,0.0291494456159785,0.05501626537105,0.2200864097903952
toy,0,80,0.005623,76,3,3,0.0498036784459599,1.0,2,0.0238155475609349,0.0416744748836528,0.2222249299853508
toy,0,80,0.01,76,3,1,0.0498036784459599,-0.0133333333333333,2,0.0238155475609349,0.0416744748836528,0.2222249299853508
toy,0,80,0.017783,76,3,1,0.0498036784459599,1.0,2,0.0329451223830707,0.06191278592885,0.2213276048709977
toy,0,80,0.031623,76,3,2,0.0498036784459599,-0.0133333333333333,2,0.0329451223830707,0.06191278592885,0.2213276048709977
toy,0,80,0.056234,76,3,1,0.0498036784459599,0.6576576576576577,2,0.0002732888822033,0.0003989621482887,0.2228319046942166
toy,0,80,0.1,76,3,9,0.0996542501498796,1.0,3,0.1428556751674218,0.2159790320793453,0.2078264709123405
toy,0,80,0.177828,76,3,10,0.0996542501498796,1.0,3,0.1428556751674218,0.2159790320793453,0.2078264709123405
toy,0,80,0.316228,76,3,10,0.0996542501498796,0.0996542501498796,3,0.1428556751674218,0.2159790320793453,0.2078264709123405
toy,0,80,0.5,76,3,10,1.0,1.0,3,0.6186070160386068,1.0,0.117845157959348
toy,0,80,0.562341,76,3,10,1.0,1.0,3,0.6186070160386068,1.0,0.117845157959348
toy,0,80,1.0,76,3,10,1.0,1.0,3,0.6186070160386068,1.0,0.117845157959348
toy,0,80,1.778279,76,3,7,1.0,1.0,3,0.6186070160386068,1.0,0.117845157959348
toy,0,80,3.162278,76,3,10,1.0,1.0,3,0.6186070160386068,1.0,0.117845157959348
toy,0,80,5.623413,76,3,8,1.0,1.0,3,0.6186070160386068,1.0,0.117845157959348
toy,0,80,10.0,76,3,8,1.0,1.0,3,0.6186070160386068,1.0,0.117845157959348
toy,0,80,17.782794,76,3,8,1.0,1.0,3,0.6186070160386068,1.0,0.117845157959348
toy,0,80,31.622777,76,3,3,1.0,1.0,3,0.6186070160386068,1.0,0.117845157959348
toy,0,80,56.234133,76,3,3,1.0,1.0,3,0.6186070160386068,1.0,0.117845157959348
toy,0,80,100.0,76,3,3,1.0,1.0,3,0.6186070160386068,1.0,0.117845157959348
toy,0,80,177.827941,76,3,3,1.0,1.0,3,0.6186070160386068,1.0,0.117845157959348
toy,0,80,316.227766,76,3,3,1.0,1.0,3,0.6186070160386068,1.0,0.117845157959348
toy,0,80,562.341325,76,3,1,1.0,1.0,3,0.6186070160386068,1.0,0.117845157959348
toy,0,80,1000.0,76,3,1,1.0,,3,0.6186070160386068,1.0,0.117845157959348
toy,0,81,0.001,38,3,2,-0.0718165359082679,0.6248462865142035,3,0.0458163022760883,0.075572649751279,0.2241328782483921
toy,0,81,0.001778,38,3,2,-0.1191122764303773,-0.0910906800481622,3,0.1154235404116754,0.1938164235379813,0.2270795616858262
toy,0,81,0.003162,38,3,3,0.0531213648701046,1.0,3,0.1571315110847171,0.2436627766756985,0.2003998754364832
toy,0,81,0.005623,38,3,1,0.0531213648701046,-0.0396510705789056,3,0.1571315110847171,0.2436627766756985,0.2003998754364832
toy,0,81,0.01,38,3,2,0.1395348837209302,-0.027027027027027,2,0.0663271298089333,0.1173380100739612,0.216218027648278
toy,0,81,0.017783,38,3,2,0.1395348837209302,0.6481481481481481,2,0.1139493362265547,0.1822342766911175,0.2112822759928353
toy,0,81,0.031623,38,3,1,0.2705693019513176,1.0,3,0.1633725422304514,0.2524907577000822,0.2149290336575215
toy,0,81,0.056234,38,3,8,0.2705693019513176,-0.0360082304526749,3,0.1633725422304514,0.2524907577000822,0.2149290336575215
toy,0,81,0.1,38,3,9,0.1860465116279069,1.0,2,0.0002730451222827,0.0003989621482887,0.22218886151249
toy,0,81,0.177828,38,3,1,0.1860465116279069,0.1474358974358974,2,0.0002730451222827,0.0003989621482887,0.22218886151249
toy,0,81,0.316228,38,3,10,0.7897385939275856,0.7897385939275856,3,0.4569508267292168,0.7627611070757484,0.2339079131765914
toy,0,81,0.5,38,3,10,1.0,-0.0092547491475888,3,0.3859050423855817,0.6421921080008897,0.2744609131502351
toy,0,81,0.562341,38,3,10,-0.0092547491475888,0.512448852208891,3,0.4945977506452569,0.8240736678189101,0.2154348835625436
toy,0,81,1.0,38,3,10,0.3439716312056737,-0.021505376344086,3,0.4885339564547456,0.7918527278743576,0.1475670589736099
toy,0,81,1.778279,38,3,10,-0.0387596899224806,1.0,2,0.0021339456201954,0.0038850067648226,0.2228412654724318
toy,0,81,3.162278,38,3,10,-0.0387596899224806,1.0,2,0.0021339456201954,0.0038850067648226,0.2228412654724318
toy,0,81,5.623413,38,3,10,-0.0387596899224806,0.1474358974358974,2,0.0021339456201954,0.0038850067648226,0.2228412654724318
toy,0,81,10.0,38,3,10,-0.1294041240461113,0.4636937374297801,3,0.4896367742531241,0.7918527278743577,0.1504924522686505
toy,0,81,17.782794,38,3,10,0.3439716312056737,1.0,3,0.4885339564547456,0.7918527278743576,0.1475670589736099
toy,0,81,31.622777,38,3,8,0.3439716312056737,1.0,3,0.4885339564547456,0.7918527278743576,0.1475670589736099
toy,0,81,56.234133,38,3,4,0.3439716312056737,1.0,3,0.4885339564547456,0.7918527278743576,0.1475670589736099
toy,0,81,100.0,38,3,4,0.3439716312056737,1.0,3,0.4885339564547456,0.7918527278743576,0.1475670589736099
toy,0,81,177.827941,38,3,4,0.3439716312056737,1.0,3,0.4885339564547456,0.7918527278743576,0.1475670589736099
toy,0,81,316.227766,38,3,4,0.3439716312056737,1.0,3,0.4885339564547456,0.7918527278743576,0.1475670589736099
toy,0,81,562.341325,38,3,3,0.3439716312056737,1.0,3,0.4885339564547456,0.7918527278743576,0.1475670589736099
toy,0,81,1000.0,38,3,1,0.3439716312056737,,3,0.4885339564547456,0.7918527278743576,0.1475670589736099
toy,0,82,0.001,40,3,4,-0.0353753235547886,-0.0256410256410256,2,0.0428185984018278,0.0804071777558004,0.2187097708888864
toy,0,82,0.001778,40,3,2,-0.0353753235547886,-0.0256410256410256,2,0.0593695098677392,0.1072638780318594,0.216330023553876
toy,0,82,0.003162,40,3,2,0.08541846419327,-0.0256410256410256,2,0.0271759141862608,0.0485797447695634,0.2215402756024713
toy,0,82,0.005623,40,3,1,-0.0353753235547886,-0.0256410256410256,2,0.0404345455256309,0.0727170868427353,0.2168299668341303
toy,0,82,0.01,40,3,1,0.08541846419327,-0.0335195530726257,2,0.0230035247284274,0.0362102322997641,0.2225357396931991
toy,0,82,0.017783,40,3,1,0.2304611844883575,1.0,2,0.1759968426395572,0.2733136091605034,0.2108592496409048
toy,0,82,0.031623,40,3,2,0.2304611844883575,-0.0335195530726257,2,0.1759968426395572,0.2733136091605034,0.2108592496409048
toy,0,82,0.056234,40,3,10,0.1141788898475697,1.0,2,0.0002728077957873,0.0003989621482887,0.221490213819916
toy,0,82,0.1,40,3,10,0.1141788898475697,1.0,2,0.0002728077957873,0.0003989621482887,0.221490213819916
toy,0,82,0.177828,40,3,10,0.1141788898475697,0.4740582800284292,2,0.0002728077957873,0.0003989621482887,0.221490213819916
toy,0,82,0.316228,40,3,10,0.3438356065889661,0.3438356065889661,3,0.176084379278726,0.2732160259235673,0.2108912215643109
toy,0,82,0.5,40,3,10,1.0,0.4707437869784961,3,0.5177793871312665,0.804827847303617,0.1399561688357269
toy,0,82,0.562341,40,3,10,0.4707437869784961,1.0,3,0.595906702759624,1.0,0.1394763124726634
toy,0,82,1.0,40,3,10,0.4707437869784961,0.4707437869784961,3,0.595906702759624,1.0,0.1394763124726634
toy,0,82,1.778279,40,3,8,1.0,0.4707437869784961,3,0.5177793871312665,0.804827847303617,0.1399561688357269
toy,0,82,3.162278,40,3,8,0.4707437869784961,1.0,3,0.595906702759624,1.0,0.1394763124726634
toy,0,82,5.623413,40,3,5,0.4707437869784961,1.0,3,0.595906702759624,1.0,0.1394763124726634
toy,0,82,10.0,40,3,5,0.4707437869784961,1.0,3,0.595906702759624,1.0,0.1394763124726634
toy,0,82,17.782794,40,3,5,0.4707437869784961,1.0,3,0.595906702759624,1.0,0.1394763124726634
toy,0,82,31.622777,40,3,3,0.4707437869784961,1.0,3,0.595906702759624,1.0,0.1394763124726634
toy,0,82,56.234133,40,3,3,0.4707437869784961,1.0,3,0.595906702759624,1.0,0.1394763124726634
toy,0,82,100.0,40,3,3,0.4707437869784961,1.0,3,0.595906702759624,1.0,0.1394763124726634
toy,0,82,177.827941,40,3,3,0.4707437869784961,1.0,3,0.595906702759624,1.0,0.1394763124726634
toy,0,82,316.227766,40,3,3,0.4707437869784961,1.0,3,0.595906702759624,1.0,0.1394763124726634
toy,0,82,562.341325,40,3,3,0.4707437869784961,1.0,3,0.595906702759624,1.0,0.1394763124726634
toy,0,82,1000.0,40,3,1,0.4707437869784961,,3,0.595906702759624,1.0,0.1394763124726634
toy,0,83,0.001,21,3,1,-0.05,1.0,2,0.0307182939816828,0.0540423444356337,0.2227055037724607
toy,0,83,0.001778,21,3,1,-0.05,-0.05,2,0.0307182939816828,0.0540423444356337,0.2227055037724607
toy,0,83,0.003162,21,3,1,-0.05,-0.05,2,0.0332815441334936,0.0634667385188282,0.2177856381030636
toy,0,83,0.005623,21,3,2,-0.05,-0.0672645739910313,2,0.0222870725469502,0.0394847286934725,0.2199904982783066
toy,0,83,0.01,21,3,3,-0.0672645739910313,-0.0672645739910313,2,0.2089649116431725,0.3426910648691789,0.2260341282856577
toy,0,83,0.017783,21,3,1,-0.05,1.0,2,0.0257443524271173,0.037785933168075,0.2238823653342665
toy,0,83,0.031623,21,3,1,-0.05,0.3417332513829133,2,0.0257443524271173,0.037785933168075,0.2238823653342665
toy,0,83,0.056234,21,3,10,-0.0712968653964351,-0.0712968653964351,3,0.2182478503038191,0.3536768452788327,0.2357990159179877
toy,0,83,0.1,21,3,10,1.0,1.0,2,0.0002723514197831,0.0003985020256606,0.2208019607976633
toy,0,83,0.177828,21,3,10,1.0,1.0,2,0.0002723514197831,0.0003985020256606,0.2208019607976633
toy,0,83,0.316228,21,3,10,1.0,1.0,2,0.0002723514197831,0.0003985020256606,0.2208019607976633
toy,0,83,0.5,21,3,10,1.0,0.3417332513829133,2,0.0002723514197831,0.0003985020256606,0.2208019607976633
toy,0,83,0.562341,21,3,10,0.3417332513829133,0.6787800129785854,3,0.2090410629470173,0.3425366237952903,0.2260765637583832
toy,0,83,1.0,21,3,10,0.1543624161073825,1.0,3,0.2430901059783679,0.3614748532204491,0.1744591954315084
toy,0,83,1.778279,21,3,9,0.1543624161073825,0.3283582089552239,3,0.2430901059783679,0.3614748532204491,0.1744591954315084
toy,0,83,3.162278,21,3,9,0.0585683297180043,1.0,3,0.5093176883587613,0.7998722417088883,0.1429544181878314
toy,0,83,5.623413,21,3,8,0.0585683297180043,1.0,3,0.5093176883587613,0.7998722417088883,0.1429544181878314
toy,0,83,10.0,21,3,4,0.0585683297180043,1.0,3,0.5093176883587613,0.7998722417088883,0.1429544181878314
toy,0,83,17.782794,21,3,4,0.0585683297180043,0.8957091775923719,3,0.5093176883587613,0.7998722417088883,0.1429544181878314
toy,0,83,31.622777,21,3,4,0.0815418828762045,1.0,3,0.5167387072974012,0.8104327495279463,0.1431599814127634
toy,0,83,56.234133,21,3,2,0.0815418828762045,0.8957091775923719,3,0.5167387072974012,0.8104327495279463,0.1431599814127634
toy,0,83,100.0,21,3,2,0.0585683297180043,1.0,3,0.5093176883587613,0.7998722417088883,0.1429544181878314
toy,0,83,177.827941,21,3,2,0.0585683297180043,1.0,3,0.5093176883587613,0.7998722417088883,0.1429544181878314
toy,0,83,316.227766,21,3,2,0.0585683297180043,1.0,3,0.5093176883587616,0.7998722417088883,0.1429544181878314
toy,0,83,562.341325,21,3,2,0.0585683297180043,1.0,3,0.5093176883587616,0.7998722417088883,0.1429544181878314
toy,0,83,1000.0,21,3,2,0.0585683297180043,,3,0.5093176883587616,0.7998722417088883,0.1429544181878314
toy,0,85,0.001,78,3,2,0.1052918776852393,-0.0255958204877328,2,0.0413379454823196,0.0698700956402531,0.2194554084809804
toy,0,85,0.001778,78,3,2,0.1052918776852393,-0.0171554422162976,2,0.0529634263194411,0.0976208129569989,0.2171949315621375
toy,0,85,0.003162,78,3,1,0.0523733499474319,-0.0192948605507805,2,0.044448573692879,0.0835478434627624,0.2148808340010931
toy,0,85,0.005623,78,3,3,0.157441000053822,1.0,3,0.2121160800277413,0.3190997882863733,0.2127486301126041
toy,0,85,0.01,78,3,2,0.157441000053822,0.9952151280347608,3,0.2121160800277413,0.3190997882863733,0.2127486301126041
toy,0,85,0.017783,78,3,2,0.1587744732265555,1.0,2,0.2288983328464189,0.3585998268850085,0.2128453462934041
toy,0,85,0.031623,78,3,1,0.1587744732265555,-0.0307741652317769,2,0.2288983328464189,0.3585998268850085,0.2128453462934041
toy,0,85,0.056234,78,3,1,0.1016108168830836,1.0,3,0.1647873818240663,0.2464505009052917,0.20465719460776
toy,0,85,0.1,78,3,9,0.1016108168830836,1.0,3,0.1647873818240663,0.2464505009052917,0.20465719460776
toy,0,85,0.177828,78,3,9,0.1016108168830836,1.0,3,0.1647873818240663,0.2464505009052917,0.20465719460776
toy,0,85,0.316228,78,3,10,0.1016108168830836,0.1016108168830836,3,0.1647873818240663,0.2464505009052917,0.20465719460776
toy,0,85,0.5,78,3,10,1.0,1.0,3,0.5990501388366345,1.0,0.1266739857531269
toy,0,85,0.562341,78,3,10,1.0,1.0,3,0.5990501388366345,1.0,0.1266739857531269
toy,0,85,1.0,78,3,10,1.0,1.0,3,0.5990501388366345,1.0,0.1266739857531269
toy,0,85,1.778279,78,3,10,1.0,1.0,3,0.5990501388366345,1.0,0.1266739857531269
toy,0,85,3.162278,78,3,9,1.0,0.705746351983598,3,0.5990501388366345,1.0,0.1266739857531269
toy,0,85,5.623413,78,3,9,0.705746351983598,0.705746351983598,3,0.5132057955181749,0.8002525647241199,0.139013657930287
toy,0,85,10.0,78,3,9,1.0,1.0,3,0.5990501388366345,1.0,0.1266739857531269
toy,0,85,17.782794,78,3,4,1.0,1.0,3,0.5990501388366345,1.0,0.1266739857531269
toy,0,85,31.622777,78,3,3,1.0,1.0,3,0.5990501388366345,1.0,0.1266739857531269
toy,0,85,56.234133,78,3,3,1.0,1.0,3,0.5990501388366345,1.0,0.1266739857531269
toy,0,85,100.0,78,3,3,1.0,1.0,3,0.5990501388366345,1.0,0.1266739857531269
toy,0,85,177.827941,78,3,3,1.0,1.0,3,0.5990501388366345,1.0,0.1266739857531269
toy,0,85,316.227766,78,3,3,1.0,1.0,3,0.5990501388366345,1.0,0.1266739857531269
toy,0,85,562.341325,78,3,1,1.0,1.0,3,0.5990501388366345,1.0,0.1266739857531269
toy,0,85,1000.0,78,3,1,1.0,,3,0.5990501388366345,1.0,0.1266739857531269
toy,0,86,0.001,20,3,10,-0.0669456066945606,1.0,2,0.0161600665376686,0.0242733638562004,0.2267245558679834
toy,0,86,0.001778,20,3,10,-0.0669456066945606,0.9830447974299482,2,0.0161600665376686,0.0242733638562004,0.2267245558679834
toy,0,86,0.003162,20,3,10,-0.0699588477366255,-0.1020881670533642,3,0.0150620431124393,0.0221962392374872,0.2267275135709415
toy,0,86,0.005623,20,3,1,-0.0669456066945606,1.0,2,0.0082224376533532,0.0028183434849062,0.2198235487717736
toy,0,86,0.01,20,3,9,-0.0669456066945606,1.0,2,0.0082224376533532,0.0028183434849062,0.2198235487717736
toy,0,86,0.017783,20,3,2,-0.0669456066945606,1.0,2,0.0082224376533532,0.0028183434849062,0.2198235487717736
toy,0,86,0.031623,20,3,1,-0.0669456066945606,-0.0966810966810966,2,0.0082224376533532,0.0028183434849062,0.2198235487717736
toy,0,86,0.056234,20,3,8,-0.0669456066945606,-0.0966810966810966,2,0.0406846205836108,0.0709491715857132,0.2441338594543783
toy,0,86,0.1,20,3,10,-0.0669456066945606,1.0,2,0.0033548271404928,0.0058650429559683,0.2210758268004469
toy,0,86,0.177828,20,3,10,-0.0669456066945606,0.5909580193756727,2,0.0033548271404928,0.0058650429559683,0.2210758268004469
toy,0,86,0.316228,20,3,10,-0.0762942779291553,-0.0762942779291553,3,0.0319247238417664,0.0521432591243461,0.2440291960933493
toy,0,86,0.5,20,3,10,1.0,1.0,2,0.0415646387447352,0.0503143151706028,0.2362794019758459
toy,0,86,0.562341,20,3,10,1.0,1.0,2,0.0415646387447352,0.0503143151706028,0.2362794019758459
toy,0,86,1.0,20,3,10,1.0,-0.0526315789473684,2,0.0415646387447352,0.0503143151706028,0.2362794019758459
toy,0,86,1.778279,20,3,10,-0.0526315789473684,1.0,2,0.0570100849404429,0.0987658448375082,0.2131893147017656
toy,0,86,3.162278,20,3,10,-0.0526315789473684,0.6296296296296297,2,0.0570100849404429,0.0987658448375082,0.2131893147017656
toy,0,86,5.623413,20,3,10,-0.0699588477366255,1.0,3,0.0571594419726984,0.0988349069118727,0.2131765364984896
toy,0,86,10.0,20,3,10,-0.0699588477366255,-0.0203605118147006,3,0.0571594419726984,0.0988349069118727,0.2131765364984896
toy,0,86,17.782794,20,3,10,0.027072758037225,1.0,3,0.0643490364679705,0.1050114340958453,0.2610274757474438
toy,0,86,31.622777,20,3,10,0.027072758037225,0.6882325363338021,3,0.0643490364679705,0.1050114340958453,0.2610274757474438
toy,0,86,56.234133,20,3,8,0.0883977900552486,1.0,3,0.0727760789695789,0.1043716514817085,0.2687951701302402
toy,0,86,100.0,20,3,6,0.0883977900552486,0.6882325363338021,3,0.0727760789695789,0.1043716514817085,0.2687951701302402
toy,0,86,177.827941,20,3,6,0.0609137055837563,1.0,3,0.079865395744728,0.1174797391416923,0.2670896320197154
toy,0,86,316.227766,20,3,5,0.0609137055837563,1.0,3,0.079865395744728,0.1174797391416923,0.2670896320197154
toy,0,86,562.341325,20,3,1,0.0609137055837563,1.0,3,0.079865395744728,0.1174797391416923,0.2670896320197154
toy,0,86,1000.0,20,3,1,0.0609137055837563,,3,0.079865395744728,0.1174797391416923,0.2670896320197153
toy,0,87,0.001,21,3,1,0.0,0.0,1,0.0,0.0,0.2182141585241193
toy,0,87,0.001778,21,3,1,-0.0714285714285714,-0.0714285714285714,3,0.0923562075548768,0.1491521930870517,0.2162603947345013
toy,0,87,0.003162,21,3,1,-0.05,1.0,2,0.0275972503926526,0.0538324092663098,0.2147340228622123
toy,0,87,0.005623,21,3,2,-0.05,0.4489795918367347,2,0.0275972503926526,0.0538324092663098,0.2147340228622123
toy,0,87,0.01,21,3,3,-0.0714285714285714,0.4642857142857143,3,0.0740784023062882,0.1218529560740489,0.2225647524660993
toy,0,87,0.017783,21,3,3,-0.072992700729927,1.0,3,0.1202928704730751,0.2016257922334205,0.2376589939514924
toy,0,87,0.031623,21,3,10,-0.072992700729927,-0.072992700729927,3,0.1202928704730751,0.2016257922334205,0.2376589939514924
toy,0,87,0.056234,21,3,10,-0.05,1.0,2,0.1084909467939452,0.1836335498325078,0.214274759173938
toy,0,87,0.1,21,3,9,-0.05,-0.05,2,0.1084909467939452,0.1836335498325078,0.214274759173938
toy,0,87,0.177828,21,3,9,1.0,1.0,2,0.0002716004909661,0.0003987319951093,0.218205164697064
toy,0,87,0.316228,21,3,9,1.0,1.0,2,0.0002716004909661,0.0003987319951093,0.218205164697064
toy,0,87,0.5,21,3,9,1.0,1.0,2,0.0002716004909661,0.0003987319951093,0.218205164697064
toy,0,87,0.562341,21,3,9,1.0,0.3417332513829133,2,0.0002716004909661,0.0003987319951093,0.218205164697064
toy,0,87,1.0,21,3,8,0.3417332513829133,0.3689799950605087,3,0.1807456767368992,0.3097268118922037,0.2301163496516162
toy,0,87,1.778279,21,3,8,0.0585683297180043,1.0,3,0.5058139919214983,0.8009755571123466,0.1518407031054807
toy,0,87,3.162278,21,3,8,0.0585683297180043,1.0,3,0.5058139919214983,0.8009755571123466,0.1518407031054807
toy,0,87,5.623413,21,3,8,0.0585683297180043,0.3689799950605087,3,0.5058139919214983,0.8009755571123466,0.1518407031054807
toy,0,87,10.0,21,3,4,0.3417332513829133,1.0,3,0.1807456767368992,0.3097268118922037,0.2301163496516162
toy,0,87,17.782794,21,3,4,0.3417332513829133,0.5695251110351897,3,0.1807456767368992,0.3097268118922037,0.2301163496516162
toy,0,87,31.622777,21,3,3,0.631578947368421,1.0,3,0.1086226957263547,0.1836305518920984,0.2142790996387891
toy,0,87,56.234133,21,3,3,0.631578947368421,0.2382205214063621,3,0.1086226957263547,0.1836305518920984,0.2142790996387891
toy,0,87,100.0,21,3,2,0.1101694915254237,1.0,3,0.526454046838733,0.8291023360951757,0.1517191744836546
toy,0,87,177.827941,21,3,2,0.1101694915254237,1.0,3,0.526454046838733,0.8291023360951758,0.1517191744836546
toy,0,87,316.227766,21,3,2,0.1101694915254237,1.0,3,0.526454046838733,0.8291023360951758,0.1517191744836546
toy,0,87,562.341325,21,3,2,0.1101694915254237,1.0,3,0.526454046838733,0.8291023360951758,0.1517191744836546
toy,0,87,1000.0,21,3,2,0.1101694915254237,,3,0.526454046838733,0.8291023360951758,0.1517191744836546
toy,0,88,0.001,38,3,1,-0.080317380668632,-0.0396510705789056,3,0.1069690782937086,0.1825626459761835,0.2007685017700097
toy,0,88,0.001778,38,3,1,-0.0396510705789056,-0.0360082304526749,2,0.046412493880215,0.0812526234605464,0.2113143650375252
toy,0,88,0.003162,38,3,1,0.7718314430480174,-0.0360082304526749,3,0.1475271734912479,0.2345472476671531,0.2092523698479354
toy,0,88,0.005623,38,3,2,-0.0396510705789056,-0.027027027027027,2,0.0433931644882321,0.0823772382107071,0.2129528324777544
toy,0,88,0.01,38,3,2,-0.0396510705789056,1.0,2,0.0223475566978274,0.0378298304354018,0.2178778093149493
toy,0,88,0.017783,38,3,1,-0.0396510705789056,0.6481481481481481,2,0.0223475566978274,0.0378298304354018,0.2178778093149493
toy,0,88,0.031623,38,3,2,-0.0647865991092518,0.3535224219693827,3,0.0391854291346896,0.0657059072916484,0.2169475977233174
toy,0,88,0.056234,38,3,1,0.6251960107884338,-0.0396510705789056,3,0.1676782932300969,0.2731372311299251,0.2147063458755802
toy,0,88,0.1,38,3,8,0.4726407613005551,1.0,2,0.0002715091655072,0.0003989621482887,0.2175925433210998
toy,0,88,0.177828,38,3,10,0.4726407613005551,0.1474358974358974,2,0.0002715091655072,0.0003989621482887,0.2175925433210998
toy,0,88,0.316228,38,3,10,0.318238494148941,0.318238494148941,3,0.498691882158831,0.8503859111709222,0.1998837298489655
toy,0,88,0.5,38,3,10,1.0,0.0715057586980816,3,0.1584860286120127,0.260349037661814,0.2093109441109273
toy,0,88,0.562341,38,3,10,0.0715057586980816,0.512448852208891,3,0.4672353421720615,0.7907526101910392,0.2241600889220293
toy,0,88,1.0,38,3,10,0.072998377062483,-0.021505376344086,3,0.4936941482140151,0.8175685314249381,0.1235791706007055
toy,0,88,1.778279,38,3,10,-0.0396510705789056,1.0,2,0.0021932049665665,0.0039550758551793,0.2194026276486256
toy,0,88,3.162278,38,3,10,-0.0396510705789056,1.0,2,0.0021932049665665,0.0039550758551793,0.2194026276486256
toy,0,88,5.623413,38,3,10,-0.0396510705789056,0.1337386018237082,2,0.0021932049665665,0.0039550758551793,0.2194026276486256
toy,0,88,10.0,38,3,5,0.2325599971598977,0.5056258790436006,3,0.4916274377933144,0.8175685314249381,0.1522241780135665
toy,0,88,17.782794,38,3,5,0.072998377062483,1.0,3,0.4936941482140151,0.8175685314249381,0.1235791706007055
toy,0,88,31.622777,38,3,4,0.072998377062483,1.0,3,0.4936941482140151,0.8175685314249381,0.1235791706007055
toy,0,88,56.234133,38,3,4,0.072998377062483,1.0,3,0.4936941482140151,0.8175685314249381,0.1235791706007055
toy,0,88,100.0,38,3,4,0.072998377062483,1.0,3,0.4936941482140151,0.8175685314249381,0.1235791706007055
toy,0,88,177.827941,38,3,4,0.072998377062483,1.0,3,0.4936941482140151,0.8175685314249381,0.1235791706007055
toy,0,88,316.227766,38,3,3,0.072998377062483,1.0,3,0.4936941482140151,0.8175685314249381,0.1235791706007055
toy,0,88,562.341325,38,3,3,0.072998377062483,1.0,3,0.4936941482140149,0.8175685314249381,0.1235791706007055
toy,0,88,1000.0,38,3,1,0.072998377062483,,3,0.4936941482140149,0.8175685314249381,0.1235791706007055
toy,0,89,0.001,152,3,4,0.3866042445823403,-0.0098877007740145,3,0.0849283846175772,0.1530259440533503,0.2085904748869613
toy,0,89,0.001778,152,3,1,-0.0114182219072367,-0.0066225165562913,2,0.0809549135959354,0.1349373668780894,0.2055612721895612
toy,0,89,0.003162,152,3,1,-0.0114182219072367,-0.0066225165562913,2,0.0776734616638847,0.1242959018586329,0.2069301657869951
toy,0,89,0.005623,152,3,1,0.1453815261044176,0.6622222222222223,2,0.0527317091806207,0.0955445802195325,0.2092946283356096
toy,0,89,0.01,152,3,3,0.124775229225316,1.0,3,0.0640119033655224,0.1129964912683282,0.2060867128271591
toy,0,89,0.017783,152,3,6,0.124775229225316,1.0,3,0.0640119033655224,0.1129964912683282,0.2060867128271591
toy,0,89,0.031623,152,3,1,0.124775229225316,-0.0088296296296296,3,0.0640119033655224,0.1129964912683282,0.2060867128271591
toy,0,89,0.056234,152,3,5,0.1561540278762107,1.0,2,0.0002715327497279,0.0003994230067602,0.2169467916341236
toy,0,89,0.1,152,3,10,0.1561540278762107,0.0274906841032131,2,0.0002715327497279,0.0003994230067602,0.2169467916341236
toy,0,89,0.177828,152,3,10,-0.0043308725506584,0.0274906841032131,3,0.2516001053798467,0.4368763236689569,0.2654726862826457
toy,0,89,0.316228,152,3,10,0.1561540278762107,0.1561540278762107,2,0.0002715327497279,0.0003994230067602,0.2169467916341236
toy,0,89,0.5,152,3,10,1.0,1.0,3,0.5946637453596786,0.9987287212198878,0.1538822166380871
toy,0,89,0.562341,152,3,10,1.0,-0.0206612127979182,3,0.5946637453596786,0.9987287212198878,0.1538822166380871
toy,0,89,1.0,152,3,10,-0.0206612127979182,1.0,3,0.596062928902473,1.0,0.1324809684790305
toy,0,89,1.778279,152,3,10,-0.0206612127979182,0.1780717609651561,3,0.5960629289024731,1.0,0.1324809684790305
toy,0,89,3.162278,152,3,7,0.6377285283713936,1.0,3,0.6370316997478709,1.0,0.0966513912686403
toy,0,89,5.623413,152,3,6,0.6377285283713936,1.0,3,0.6370316997478709,1.0,0.0966513912686403
toy,0,89,10.0,152,3,8,0.6377285283713936,1.0,3,0.6370316997478709,1.0,0.0966513912686403
toy,0,89,17.782794,152,3,5,0.6377285283713936,1.0,3,0.6370316997478709,1.0,0.0966513912686403
toy,0,89,31.622777,152,3,4,0.6377285283713936,1.0,3,0.6370316997478709,1.0,0.0966513912686403
toy,0,89,56.234133,152,3,4,0.6377285283713936,1.0,3,0.6370316997478709,1.0,0.0966513912686403
toy,0,89,100.0,152,3,3,0.6377285283713936,1.0,3,0.6370316997478709,1.0,0.0966513912686403
toy,0,89,177.827941,152,3,3,0.6377285283713936,1.0,3,0.6370316997478709,1.0,0.0966513912686403
toy,0,89,316.227766,152,3,1,0.6377285283713936,1.0,3,0.6370316997478709,1.0,0.0966513912686403
toy,0,89,562.341325,152,3,1,0.6377285283713936,1.0,3,0.6370316997478709,1.0,0.0966513912686403
toy,0,89,1000.0,152,3,1,0.6377285283713936,,3,0.6370316997478709,1.0,0.0966513912686403
toy,0,90,0.001,153,3,1,0.058757604357168,1.0,3,0.0559175047812655,0.1046273162460241,0.2083486789136477
toy,0,90,0.001778,153,3,2,0.058757604357168,-0.0098229658734713,3,0.0559175047812655,0.1046273162460241,0.2083486789136477
toy,0,90,0.003162,153,3,3,0.0192776543407457,1.0,2,0.0305290000387603,0.0592319873433346,0.2110638947453557
toy,0,90,0.005623,153,3,7,0.0192776543407457,-0.006578947368421,2,0.0305290000387603,0.0592319873433346,0.2110638947453557
toy,0,90,0.01,153,3,5,-0.0052086039652732,1.0,2,0.1199723684490651,0.1749326819312535,0.2005288557338508
toy,0,90,0.017783,153,3,3,-0.0052086039652732,-0.006578947368421,2,0.1199723684490651,0.1749326819312535,0.2005288557338508
toy,0,90,0.031623,153,3,1,-0.0052086039652732,1.0,2,0.0002711202017784,0.0003989621482887,0.2163435896600373
toy,0,90,0.056234,153,3,1,-0.0052086039652732,0.0334912489327576,2,0.0002711202017784,0.0003989621482887,0.2163435896600373
toy,0,90,0.1,153,3,2,-0.0010177012446976,0.0119918533328006,3,0.0173771410468693,0.0003989621482887,0.2187140182790701
toy,0,90,0.177828,153,3,5,-0.0193990147772409,0.1039935451146818,3,0.2613643096015963,0.3945153112787364,0.2056865322841169
toy,0,90,0.316228,153,3,5,0.2199146718805802,0.2199146718805802,3,0.6474479525705376,1.0,0.093181445036242
toy,0,90,0.5,153,3,9,1.0,1.0,3,0.6286636302443485,1.0,0.1125131376863159
toy,0,90,0.562341,153,3,9,1.0,0.1597496149393649,3,0.6286636302443486,1.0,0.1125131376863159
toy,0,90,1.0,153,3,10,0.1597496149393649,1.0,3,0.6621257273032116,1.0,0.0848002026745293
toy,0,90,1.778279,153,3,8,0.1597496149393649,1.0,3,0.6621257273032116,1.0,0.0848002026745293
toy,0,90,3.162278,153,3,10,0.1597496149393649,1.0,3,0.6621257273032116,1.0,0.0848002026745293
toy,0,90,5.623413,153,3,10,0.1597496149393649,1.0,3,0.6621257273032116,1.0,0.0848002026745293
toy,0,90,10.0,153,3,8,0.1597496149393649,1.0,3,0.6621257273032116,1.0,0.0848002026745293
toy,0,90,17.782794,153,3,8,0.1597496149393649,1.0,3,0.6621257273032116,1.0,0.0848002026745293
toy,0,90,31.622777,153,3,4,0.1597496149393649,1.0,3,0.6621257273032116,1.0,0.0848002026745293
toy,0,90,56.234133,153,3,4,0.1597496149393649,1.0,3,0.6621257273032116,1.0,0.0848002026745293
toy,0,90,100.0,153,3,4,0.1597496149393649,1.0,3,0.6621257273032116,1.0,0.0848002026745293
toy,0,90,177.827941,153,3,4,0.1597496149393649,1.0,3,0.6621257273032116,1.0,0.0848002026745293
toy,0,90,316.227766,153,3,1,0.1597496149393649,1.0,3,0.6621257273032116,1.0,0.0848002026745293
toy,0,90,562.341325,153,3,1,0.1597496149393649,1.0,3,0.6621257273032116,1.0,0.0848002026745293
toy,0,90,1000.0,153,3,1,0.1597496149393649,,3,0.6621257273032116,1.0,0.0848002026745293
toy,0,92,0.001,21,3,1,-0.0637898686679174,0.5949625595643295,2,0.1495933013979065,0.2614800824057652,0.221376347955505
toy,0,92,0.001778,21,3,1,-0.072992700729927,-0.1275008477449983,3,0.2342296828122329,0.3907917452542878,0.2538928317612899
toy,0,92,0.003162,21,3,1,-0.0664819944598338,1.0,3,0.0840605347135548,0.1457852262897481,0.2048960427538183
toy,0,92,0.005623,21,3,1,-0.0664819944598338,-0.0664819944598338,3,0.0840605347135548,0.1457852262897481,0.2048960427538183
toy,0,92,0.01,21,3,1,-0.05,-0.05,2,0.0204793243108155,0.039759456333113,0.2166377011976184
toy,0,92,0.017783,21,3,2,-0.05,1.0,2,0.0944307420628796,0.1419705890023846,0.2013070865272433
toy,0,92,0.031623,21,3,2,-0.05,0.631578947368421,2,0.0944307420628796,0.1419705890023846,0.2013070865272433
toy,0,92,0.056234,21,3,9,-0.0664819944598338,1.0,3,0.106191548206605,0.1593359115016543,0.2030162460791578
toy,0,92,0.1,21,3,9,-0.0664819944598338,0.0363539160652232,3,0.106191548206605,0.1593359115016543,0.2030162460791578
toy,0,92,0.177828,21,3,9,-0.0611702127659574,-0.0611702127659574,3,0.3498539120752205,0.5775151544301538,0.2986444845470913
toy,0,92,0.316228,21,3,9,1.0,1.0,2,0.0002707512624291,0.0003989621482887,0.2150916064524713
toy,0,92,0.5,21,3,9,1.0,1.0,2,0.0002707512624291,0.0003989621482887,0.2150916064524713
toy,0,92,0.562341,21,3,9,1.0,1.0,2,0.0002707512624291,0.0003989621482887,0.2150916064524713
toy,0,92,1.0,21,3,9,1.0,0.4489795918367347,2,0.0002707512624291,0.0003989621482887,0.2150916064524713
toy,0,92,1.778279,21,3,9,0.4489795918367347,0.0863787375415282,3,0.1496996028639848,0.2613933758468033,0.2213621502685337
toy,0,92,3.162278,21,3,9,0.0130151843817787,1.0,3,0.5131511809189666,0.8458322804440206,0.154455415699053
toy,0,92,5.623413,21,3,9,0.0130151843817787,1.0,3,0.5131511809189666,0.8458322804440206,0.154455415699053
toy,0,92,10.0,21,3,4,0.0130151843817787,1.0,3,0.5131511809189666,0.8458322804440206,0.154455415699053
toy,0,92,17.782794,21,3,4,0.0130151843817787,1.0,3,0.5131511809189666,0.8458322804440206,0.154455415699053
toy,0,92,31.622777,21,3,4,0.0130151843817787,1.0,3,0.5131511809189666,0.8458322804440206,0.154455415699053
toy,0,92,56.234133,21,3,4,0.0130151843817787,0.8936170212765957,3,0.5131511809189667,0.8458322804440206,0.154455415699053
toy,0,92,100.0,21,3,2,0.025,1.0,3,0.5075740590233857,0.8317096587202958,0.1544134229561324
toy,0,92,177.827941,21,3,2,0.025,1.0,3,0.5075740590233857,0.8317096587202958,0.1544134229561324
toy,0,92,316.227766,21,3,2,0.025,1.0,3,0.5075740590233857,0.8317096587202958,0.1544134229561324
toy,0,92,562.341325,21,3,2,0.025,1.0,3,0.5075740590233857,0.8317096587202958,0.1544134229561324
toy,0,92,1000.0,21,3,2,0.025,,3,0.5075740590233857,0.8317096587202958,0.1544134229561324
toy,0,94,0.001,77,3,3,0.0518800762057555,1.0,2,0.0186607614164379,0.0375067656907538,0.2108132191129147
toy,0,94,0.001778,77,3,1,0.0518800762057555,-0.0131578947368421,2,0.0186607614164379,0.0375067656907538,0.2108132191129147
toy,0,94,0.003162,77,3,3,0.0503359069487616,1.0,2,0.0206247398056373,0.041037723987068,0.2108595117195627
toy,0,94,0.005623,77,3,1,0.0503359069487616,-0.0131578947368421,2,0.0206247398056373,0.041037723987068,0.2108595117195627
toy,0,94,0.01,77,3,2,0.0503359069487616,1.0,2,0.0002704013029044,0.0003989621482887,0.213854566391387
toy,0,94,0.017783,77,3,10,0.0503359069487616,0.6577777777777778,2,0.0002704013029044,0.0003989621482887,0.213854566391387
toy,0,94,0.031623,77,3,2,0.1006453912045468,1.0,3,0.1533600243473474,0.2215525137465705,0.1938201674365433
toy,0,94,0.056234,77,3,10,0.1006453912045468,0.159566213259799,3,0.1533600243473474,0.2215525137465705,0.1938201674365433
toy,0,94,0.1,77,3,10,0.7435602799861332,0.7435602799861332,3,0.5240011862236896,0.8468251613264015,0.1611354750692146
toy,0,94,0.177828,77,3,10,1.0,1.0,3,0.6813726768037456,1.0,0.0726539729262849
toy,0,94,0.316228,77,3,10,1.0,1.0,3,0.6813726768037456,1.0,0.0726539729262849
toy,0,94,0.5,77,3,10,1.0,1.0,3,0.6813726768037455,1.0,0.0726539729262849
toy,0,94,0.562341,77,3,9,1.0,1.0,3,0.6813726768037456,1.0,0.0726539729262849
toy,0,94,1.0,77,3,9,1.0,1.0,3,0.6813726768037456,1.0,0.0726539729262849
toy,0,94,1.778279,77,3,9,1.0,1.0,3,0.6813726768037456,1.0,0.0726539729262849
toy,0,94,3.162278,77,3,9,1.0,1.0,3,0.6813726768037456,1.0,0.0726539729262849
toy,0,94,5.623413,77,3,5,1.0,1.0,3,0.6813726768037456,1.0,0.0726539729262849
toy,0,94,10.0,77,3,5,1.0,1.0,3,0.6813726768037456,1.0,0.0726539729262849
toy,0,94,17.782794,77,3,5,1.0,1.0,3,0.6813726768037456,1.0,0.0726539729262849
toy,0,94,31.622777,77,3,5,1.0,1.0,3,0.6813726768037456,1.0,0.0726539729262849
toy,0,94,56.234133,77,3,4,1.0,1.0,3,0.6813726768037456,1.0,0.0726539729262849
toy,0,94,100.0,77,3,4,1.0,1.0,3,0.6813726768037456,1.0,0.0726539729262849
toy,0,94,177.827941,77,3,4,1.0,1.0,3,0.6813726768037456,1.0,0.0726539729262849
toy,0,94,316.227766,77,3,4,1.0,1.0,3,0.6813726768037456,1.0,0.0726539729262849
toy,0,94,562.341325,77,3,1,1.0,1.0,3,0.6813726768037456,1.0,0.0726539729262849
toy,0,94,1000.0,77,3,1,1.0,,3,0.6813726768037456,1.0,0.0726539729262849
toy,0,96,0.001,115,3,1,0.0591783112385047,1.0,2,0.0187159016524055,0.0355800069123142,0.2110886903503203
toy,0,96,0.001778,115,3,3,0.0591783112385047,-0.0116242538485705,2,0.0187159016524055,0.0355800069123142,0.2110886903503203
toy,0,96,0.003162,115,3,2,0.1164481644022348,-0.0174981887539848,2,0.1133994412088773,0.1901503027299589,0.2007814162539018
toy,0,96,0.005623,115,3,1,0.116134181875417,0.4889088144711707,3,0.1943486883449199,0.263860167706011,0.1647152611586712
toy,0,96,0.01,115,3,9,0.116134181875417,1.0,3,0.1297996787752563,0.1997723856935783,0.1878953027331458
toy,0,96,0.017783,115,3,3,0.116134181875417,-0.0116949904717153,3,0.1297996787752563,0.1997723856935783,0.1878953027331458
toy,0,96,0.031623,115,3,1,0.0778181570012455,1.0,2,0.0002701769711742,0.0003991924854273,0.2126347290511328
toy,0,96,0.056234,115,3,2,0.0778181570012455,1.0,2,0.0002701769711742,0.0003991924854273,0.2126347290511328
toy,0,96,0.1,115,3,1,0.0778181570012455,0.0392973662523566,2,0.0002701769711742,0.0003991924854273,0.2126347290511328
toy,0,96,0.177828,115,3,10,0.1218983563681217,0.1203084560633553,3,0.0923278117736548,0.1564251015428365,0.2810229092662029
toy,0,96,0.316228,115,3,10,0.9608556821393444,0.9608556821393444,3,0.6271550681290413,1.0,0.0982987072665415
toy,0,96,0.5,115,3,10,1.0,0.9301459460676847,3,0.1790192746441032,0.0003991924854273,0.2401369179070004
toy,0,96,0.562341,115,3,10,0.9301459460676847,0.286012646333109,3,0.6260391173713309,0.9987286640522428,0.0982576695379791
toy,0,96,1.0,115,3,7,0.2333814584112295,1.0,3,0.5829346221940274,1.0,0.1541216332515379
toy,0,96,1.778279,115,3,9,0.2333814584112295,0.2741918467569876,3,0.5829346221940274,1.0,0.1541216332515379
toy,0,96,3.162278,115,3,9,0.9608556821393444,1.0,3,0.6271550681290413,1.0,0.0982987072665415
toy,0,96,5.623413,115,3,9,0.9608556821393444,1.0,3,0.6271550681290413,1.0,0.0982987072665415
toy,0,96,10.0,115,3,9,0.9608556821393444,1.0,3,0.6271550681290413,1.0,0.0982987072665415
toy,0,96,17.782794,115,3,9,0.9608556821393444,1.0,3,0.6271550681290413,1.0,0.0982987072665415
toy,0,96,31.622777,115,3,4,0.9608556821393444,1.0,3,0.6271550681290413,1.0,0.0982987072665415
toy,0,96,56.234133,115,3,3,0.9608556821393444,1.0,3,0.6271550681290413,1.0,0.0982987072665415
toy,0,96,100.0,115,3,3,0.9608556821393444,1.0,3,0.6271550681290413,1.0,0.0982987072665415
toy,0,96,177.827941,115,3,3,0.9608556821393444,1.0,3,0.6271550681290413,1.0,0.0982987072665415
toy,0,96,316.227766,115,3,3,0.9608556821393444,1.0,3,0.6271550681290413,1.0,0.0982987072665415
toy,0,96,562.341325,115,3,1,0.9608556821393444,1.0,3,0.6271550681290413,1.0,0.0982987072665415
toy,0,96,1000.0,115,3,1,0.9608556821393444,,3,0.6271550681290413,1.0,0.0982987072665415
toy,0,98,0.001,38,3,6,-0.027027027027027,-0.0352880124545926,2,0.0238999880514025,0.0445208012448474,0.2117428630031231
toy,0,98,0.001778,38,3,1,-0.0352880124545926,-0.0352880124545926,2,0.1208985207181152,0.2134881234332453,0.205175878001102
toy,0,98,0.003162,38,3,1,-0.027027027027027,1.0,2,0.0258876482353194,0.0501252517773424,0.2111556667941541
toy,0,98,0.005623,38,3,2,-0.027027027027027,1.0,2,0.0258876482353194,0.0501252517773424,0.2111556667941541
toy,0,98,0.01,38,3,2,-0.027027027027027,0.2986577181208054,2,0.0258876482353194,0.0501252517773424,0.2111556667941541
toy,0,98,0.017783,38,3,3,-0.0413870246085011,0.7568579785762283,3,0.0349767183940462,0.0609861607224235,0.2281115834732071
toy,0,98,0.031623,38,3,2,-0.04177545691906,0.5679022463346474,3,0.1587125305281003,0.2729018234134698,0.1897233783648154
toy,0,98,0.056234,38,3,9,-0.034333436436746,-0.034333436436746,3,0.4201190986221321,0.7058824513433235,0.1980903477172944
toy,0,98,0.1,38,3,9,1.0,1.0,2,0.0002697544786874,0.0003989621482887,0.2114305035935934
toy,0,98,0.177828,38,3,10,1.0,1.0,2,0.0002697544786874,0.0003989621482887,0.2114305035935934
toy,0,98,0.316228,38,3,10,1.0,1.0,2,0.0002697544786874,0.0003989621482887,0.2114305035935934
toy,0,98,0.5,38,3,10,1.0,0.2497532082922013,2,0.0002697544786874,0.0003989621482887,0.2114305035935934
toy,0,98,0.562341,38,3,10,0.2497532082922013,-0.0409674234945705,3,0.2954431805677407,0.501125648530712,0.2331417242220284
toy,0,98,1.0,38,3,9,-0.027027027027027,1.0,2,0.0087458242522624,0.0164775147526451,0.2171152931512363
toy,0,98,1.778279,38,3,9,-0.027027027027027,1.0,2,0.0087458242522624,0.0164775147526451,0.2171152931512363
toy,0,98,3.162278,38,3,9,-0.027027027027027,0.1337386018237082,2,0.0087458242522624,0.0164775147526451,0.2171152931512363
toy,0,98,5.623413,38,3,9,0.0759878419452887,0.5318097374601283,3,0.4647644750506282,0.7907412781848683,0.1635321512546872
toy,0,98,10.0,38,3,6,0.0168954593453009,1.0,3,0.4915585646686849,0.8531788411519063,0.1953141860009152
toy,0,98,17.782794,38,3,6,0.0168954593453009,1.0,3,0.4915585646686849,0.8531788411519063,0.1953141860009152
toy,0,98,31.622777,38,3,6,0.0168954593453009,1.0,3,0.4915585646686849,0.8531788411519063,0.1953141860009152
toy,0,98,56.234133,38,3,4,0.0168954593453009,1.0,3,0.4915585646686849,0.8531788411519063,0.1953141860009152
toy,0,98,100.0,38,3,4,0.0168954593453009,1.0,3,0.4915585646686849,0.8531788411519063,0.1953141860009152
toy,0,98,177.827941,38,3,4,0.0168954593453009,0.915831903260566,3,0.4915585646686849,0.8531788411519063,0.1953141860009152
toy,0,98,316.227766,38,3,3,0.0193548387096774,1.0,3,0.4610080357359173,0.7907412781848683,0.1415523611918804
toy,0,98,562.341325,38,3,3,0.0193548387096774,1.0,3,0.4610080357359173,0.7907412781848683,0.1415523611918804
toy,0,98,1000.0,38,3,1,0.0193548387096774,,3,0.4610080357359173,0.7907412781848683,0.1415523611918804
toy,0,100,0.001,76,3,3,-0.0176082171680117,-0.0176082171680117,2,0.1110894415086634,0.1783139563866387,0.1940454211884772
toy,0,100,0.001778,76,3,1,-0.0133333333333333,-0.0133333333333333,2,0.1390299601625138,0.2045178481747437,0.1913167007478591
toy,0,100,0.003162,76,3,4,-0.0133333333333333,1.0,2,0.018045407505682,0.0371616972486788,0.2071497164773705
toy,0,100,0.005623,76,3,4,-0.0133333333333333,0.3840612336785232,2,0.018045407505682,0.0371616972486788,0.2071497164773705
toy,0,100,0.01,76,3,4,-0.0208614738105958,-0.0208614738105958,3,0.2439858941571194,0.3594628664274437,0.184584787154144
toy,0,100,0.017783,76,3,5,-0.0133333333333333,1.0,2,0.000269349705061,0.0003987319951093,0.2102478179117182
toy,0,100,0.031623,76,3,5,-0.0133333333333333,1.0,2,0.000269349705061,0.0003987319951093,0.2102478179117182
toy,0,100,0.056234,76,3,10,-0.0133333333333333,0.3840612336785232,2,0.000269349705061,0.0003987319951093,0.2102478179117182
toy,0,100,0.1,76,3,10,-0.0208614738105958,-0.0208614738105958,3,0.2520148427510508,0.3731955461824022,0.1926762236854177
toy,0,100,0.177828,76,3,10,1.0,1.0,2,0.0316846316595579,0.0639455034178279,0.2110365693183431
toy,0,100,0.316228,76,3,10,1.0,1.0,2,0.0316846316595579,0.0639455034178279,0.2110365693183431
toy,0,100,0.5,76,3,10,1.0,1.0,2,0.0316846316595579,0.0639455034178279,0.2110365693183431
toy,0,100,0.562341,76,3,10,1.0,0.1468048359240069,2,0.0316846316595579,0.0639455034178279,0.2110365693183431
toy,0,100,1.0,76,3,10,0.1468048359240069,0.584077138575803,3,0.5548092015538206,0.9109856903876014,0.1745023717585768
toy,0,100,1.778279,76,3,10,0.0498036784459599,0.2767148062707081,3,0.6766936409949685,1.0,0.0793323611592632
toy,0,100,3.162278,76,3,10,0.0293402604322776,0.1191411803265773,3,0.5860248408234657,1.0,0.1815943391247677
toy,0,100,5.623413,76,3,6,0.001624819890248,0.5986648631908288,3,0.6716289557140378,1.0,0.0810481100527165
toy,0,100,10.0,76,3,6,-0.0028001697072549,1.0,3,0.6503240053265266,1.0,0.090835184856965
toy,0,100,17.782794,76,3,6,-0.0028001697072549,1.0,3,0.6503240053265266,1.0,0.090835184856965
toy,0,100,31.622777,76,3,6,-0.0028001697072549,1.0,3,0.6503240053265266,1.0,0.090835184856965
toy,0,100,56.234133,76,3,5,-0.0028001697072549,1.0,3,0.6503240053265266,1.0,0.090835184856965
toy,0,100,100.0,76,3,5,-0.0028001697072549,0.5986648631908288,3,0.6503240053265266,1.0,0.090835184856965
toy,0,100,177.827941,76,3,5,0.001624819890248,1.0,3,0.6716289557140379,1.0,0.0810481100527165
toy,0,100,316.227766,76,3,2,0.001624819890248,1.0,3,0.6716289557140378,1.0,0.0810481100527165
toy,0,100,562.341325,76,3,2,0.001624819890248,1.0,3,0.6716289557140378,1.0,0.0810481100527165
toy,0,100,1000.0,76,3,1,0.001624819890248,,3,0.6716289557140378,1.0,0.0810481100527165
toy,5,1,0.001,38,3,1,-0.0647865991092518,-0.0360082304526749,3,0.1133759311304679,0.1155411531795525,0.434962567189976
toy,5,1,0.001778,38,3,1,-0.0396510705789056,1.0,2,0.0334161690168307,0.0342920696684235,0.4649400696750654
toy,5,1,0.003162,38,3,1,-0.0396510705789056,1.0,2,0.0334161690168307,0.0342920696684235,0.4649400696750654
toy,5,1,0.005623,38,3,1,-0.0396510705789056,-0.0396510705789056,2,0.0334161690168307,0.0342920696684235,0.4649400696750654
toy,5,1,0.01,38,3,2,-0.080317380668632,-0.0647865991092518,3,0.0029014106242759,0.0004418832426083,0.4732822043789669
toy,5,1,0.017783,38,3,2,-0.0647865991092518,-0.0647865991092518,3,0.0047921640351128,0.0019366110260264,0.4733721082219414
toy,5,1,0.031623,38,3,1,-0.080317380668632,-0.0631355893832236,3,0.0063452541110043,0.0016155165047441,0.4733172696919697
toy,5,1,0.056234,38,3,1,0.7771871519256717,-0.0534657580696323,2,0.0036049510720663,4.12518548199244e-05,0.4734079268050669
toy,5,1,0.1,38,3,3,-0.0647865991092518,-0.0360082304526749,3,0.0030282652030601,0.0003019682129797,0.4732925174687712
toy,5,1,0.177828,38,3,1,0.4726407613005551,1.0,2,0.0103434456435227,0.0104430719727198,0.4736329399216333
toy,5,1,0.316228,38,3,1,0.4726407613005551,0.4726407613005551,2,0.0103434456435227,0.0104430719727198,0.4736329399216333
toy,5,1,0.5,38,3,1,1.0,1.0,3,0.0125979139751312,0.0103549974944482,0.4737466473217926
toy,5,1,0.562341,38,3,10,1.0,0.5156144514584392,3,0.0125979139751312,0.0103549974944482,0.4737466473217926
toy,5,1,1.0,38,3,1,0.5156144514584392,0.165947910585488,3,0.0078232972553785,0.0011126174592415,0.4733941902463458
toy,5,1,1.778279,38,3,10,0.0150833159447938,1.0,3,0.0212862488329211,0.0074082588480405,0.4735056395799863
toy,5,1,3.162278,38,3,10,0.0150833159447938,0.7541425883058271,3,0.0212862488329211,0.0074082588480405,0.4735056395799863
toy,5,1,5.623413,38,3,10,0.0314637387229876,0.5136715034330087,3,0.02628112492325,0.0117525244690008,0.4732136103128693
toy,5,1,10.0,38,3,10,-0.0553556938057884,1.0,3,0.7097064302592275,0.7144290246891319,0.0660252748546457
toy,5,1,17.782794,38,3,10,-0.0553556938057884,1.0,3,0.7097064302592275,0.7144290246891319,0.0660252748546457
toy,5,1,31.622777,38,3,10,-0.0553556938057884,1.0,3,0.7097064302592275,0.7144290246891319,0.0660252748546457
toy,5,1,56.234133,38,3,7,-0.0553556938057884,1.0,3,0.7097064302592275,0.7144290246891319,0.0660252748546457
toy,5,1,100.0,38,3,6,-0.0553556938057884,1.0,3,0.7097064302592275,0.7144290246891319,0.0660252748546457
toy,5,1,177.827941,38,3,5,-0.0553556938057884,0.6222528702692053,3,0.7097064302592275,0.7144290246891319,0.0660252748546457
toy,5,1,316.227766,38,3,3,0.0014335275250376,1.0,3,0.7073260396638642,0.7154463373430638,0.0801466875195954
toy,5,1,562.341325,38,3,3,0.0014335275250376,0.9099311809063622,3,0.7073260396638642,0.7154463373430638,0.0801466875195955
toy,5,1,1000.0,38,3,3,-0.0123715389147083,,3,0.7076698481671236,0.7153380755941035,0.0804795267614571
toy,5,2,0.001,38,3,1,-0.0396510705789056,1.0,2,0.0383673978728994,0.0400796253184701,0.3252092636115601
toy,5,2,0.001778,38,3,1,-0.0396510705789056,-0.0352880124545926,2,0.0383673978728994,0.0400796253184701,0.3252092636115601
toy,5,2,0.003162,38,3,1,-0.0631355893832236,0.7771871519256717,2,0.0061216022875599,0.0007478341313349,0.3328110650450475
toy,5,2,0.005623,38,3,1,-0.080317380668632,1.0,3,0.0091121865420788,0.0011068172107574,0.3329734092978099
toy,5,2,0.01,38,3,2,-0.080317380668632,-0.0396510705789056,3,0.0091121865420788,0.0011068172107574,0.3329734092978099
toy,5,2,0.017783,38,3,1,-0.0396510705789056,-0.0396510705789056,2,0.003512494179062,0.0002993767065471,0.3327742766658427
toy,5,2,0.031623,38,3,1,-0.080317380668632,-0.0631355893832236,3,0.0096620420180854,0.0007250614701454,0.3328419606622562
toy,5,2,0.056234,38,3,1,0.7771871519256717,0.7771871519256717,2,0.0059010278129531,2.574329521201975e-05,0.3326887555773729
toy,5,2,0.1,38,3,1,0.6251960107884338,-0.0396510705789056,3,0.009470135867107,0.0008375409487106,0.3327740057756987
toy,5,2,0.177828,38,3,3,0.4726407613005551,1.0,2,0.0060244098576525,0.0062836947606637,0.335582325968959
toy,5,2,0.316228,38,3,1,0.4726407613005551,0.4726407613005551,2,0.0060244098576525,0.0062836947606637,0.335582325968959
toy,5,2,0.5,38,3,2,1.0,1.0,3,0.0103182527383663,0.0062109116682431,0.335654485528107
toy,5,2,0.562341,38,3,1,1.0,0.2724393150599009,3,0.0103182527383663,0.0062109116682431,0.335654485528107
toy,5,2,1.0,38,3,2,0.2724393150599009,0.072998377062483,3,0.0112411112976028,0.0063489469956518,0.3356771997360071
toy,5,2,1.778279,38,3,8,0.072998377062483,0.5882582624459629,3,0.0463751289694053,0.0085488183008913,0.336665212194386
toy,5,2,3.162278,38,3,8,0.1980729809023904,0.5882582624459629,3,0.0231073572316619,0.0076054356427583,0.3363710944722651
toy,5,2,5.623413,38,3,8,0.072998377062483,0.4433006018371872,3,0.0463751289694053,0.0085488183008913,0.336665212194386
toy,5,2,10.0,38,3,8,-0.0553556938057884,0.4433006018371872,3,0.7726800782525396,0.7802628965745865,0.033143711737979
toy,5,2,17.782794,38,3,7,0.072998377062483,0.4433006018371872,3,0.0463751289694053,0.0085488183008913,0.336665212194386
toy,5,2,31.622777,38,3,7,-0.0553556938057884,1.0,3,0.7726800782525396,0.7802628965745865,0.033143711737979
toy,5,2,56.234133,38,3,4,-0.0553556938057884,1.0,3,0.7726800782525396,0.7802628965745865,0.033143711737979
toy,5,2,100.0,38,3,4,-0.0553556938057884,1.0,3,0.7726800782525396,0.7802628965745865,0.033143711737979
toy,5,2,177.827941,38,3,4,-0.0553556938057884,1.0,3,0.7726800782525396,0.7802628965745865,0.033143711737979
toy,5,2,316.227766,38,3,4,-0.0553556938057884,1.0,3,0.7726800782525396,0.7802628965745865,0.033143711737979
toy,5,2,562.341325,38,3,3,-0.0553556938057884,1.0,3,0.7726800782525396,0.7802628965745865,0.033143711737979
toy,5,2,1000.0,38,3,3,-0.0553556938057884,,3,0.7726800782525396,0.7802628965745865,0.033143711737979
toy,5,3,0.001,38,3,1,-0.0396510705789056,1.0,2,0.0481887258838989,0.0510188542135971,0.3201132342681042
toy,5,3,0.001778,38,3,1,-0.0396510705789056,0.2986577181208054,2,0.0481887258838989,0.0510188542135971,0.3201132342681042
toy,5,3,0.003162,38,3,1,-0.0955011339017622,-0.0708264696354601,3,0.1627419018894112,0.1652184099584122,0.3342361793036923
toy,5,3,0.005623,38,3,1,-0.0631355893832236,0.0,2,0.0074666634699576,6.991647043608756e-05,0.3296800929953887
toy,5,3,0.01,38,3,2,0.0,0.0,1,0.0,0.0,0.3296831930094174
toy,5,3,0.017783,38,3,2,-0.0647865991092518,-0.0547292889758643,3,0.0098329146578494,0.0003946352915127,0.3300497343948154
toy,5,3,0.031623,38,3,1,0.7718314430480174,-0.0360082304526749,3,0.0106538092162928,1.8295065640860452e-10,0.3300159575697871
toy,5,3,0.056234,38,3,1,-0.0396510705789056,-0.027027027027027,2,0.0048660939599888,0.0002989191871093,0.3298286906374208
toy,5,3,0.1,38,3,1,0.4726407613005551,1.0,2,0.000144004443239,0.0001537527057745,0.3296955793713494
toy,5,3,0.177828,38,3,1,0.4726407613005551,0.4726407613005551,2,0.000144004443239,0.0001537527057745,0.3296955793713494
toy,5,3,0.316228,38,3,1,0.2724393150599009,0.2724393150599009,3,0.0072562708219515,0.0008354690730379,0.3298938871747338
toy,5,3,0.5,38,3,2,1.0,1.0,3,0.0085940103239219,0.0001526547479643,0.329723985987205
toy,5,3,0.562341,38,3,10,1.0,0.0915439303949589,3,0.0085940103239219,0.0001526547479643,0.329723985987205
toy,5,3,1.0,38,3,10,0.0915439303949589,0.4264130771178572,3,0.0541402601454211,0.0022811669707936,0.3300095374394426
toy,5,3,1.778279,38,3,10,0.0150833159447938,1.0,3,0.0575356007624746,0.0012598280018815,0.3299003562238861
toy,5,3,3.162278,38,3,9,0.0150833159447938,0.6344192444474267,3,0.0575356007624746,0.0012598280018815,0.3299003562238861
toy,5,3,5.623413,38,3,9,-0.0553556938057884,1.0,3,0.798816243486663,0.8080304886461114,0.0246220773276869
toy,5,3,10.0,38,3,9,-0.0553556938057884,0.6344192444474267,3,0.798816243486663,0.8080304886461114,0.0246220773276869
toy,5,3,17.782794,38,3,9,0.0150833159447938,0.6344192444474267,3,0.0575356007624746,0.0012598280018815,0.3299003562238861
toy,5,3,31.622777,38,3,6,-0.0553556938057884,1.0,3,0.798816243486663,0.8080304886461114,0.0246220773276869
toy,5,3,56.234133,38,3,5,-0.0553556938057884,1.0,3,0.798816243486663,0.8080304886461114,0.0246220773276869
toy,5,3,100.0,38,3,5,-0.0553556938057884,1.0,3,0.798816243486663,0.8080304886461114,0.0246220773276869
toy,5,3,177.827941,38,3,3,-0.0553556938057884,1.0,3,0.798816243486663,0.8080304886461114,0.0246220773276869
toy,5,3,316.227766,38,3,3,-0.0553556938057884,1.0,3,0.798816243486663,0.8080304886461114,0.0246220773276869
toy,5,3,562.341325,38,3,3,-0.0553556938057884,1.0,3,0.798816243486663,0.8080304886461114,0.0246220773276869
toy,5,3,1000.0,38,3,3,-0.0553556938057884,,3,0.798816243486663,0.8080304886461114,0.0246220773276869
toy,5,4,0.001,38,3,1,-0.027027027027027,-0.0352880124545926,2,0.034524811237276,0.0371616972486788,0.3036005844800543
toy,5,4,0.001778,38,3,1,-0.0352880124545926,1.0,2,0.0134136176786591,1.8309565629126587e-10,0.3117014057721725
toy,5,4,0.003162,38,3,1,-0.0352880124545926,1.0,2,0.0134136176786591,1.8309565629126587e-10,0.3117014057721725
toy,5,4,0.005623,38,3,2,-0.0352880124545926,-0.0534657580696323,2,0.0134136176786591,1.8309565629126587e-10,0.3117014057721725
toy,5,4,0.01,38,3,1,-0.0360082304526749,-0.0360082304526749,3,0.0099348317796245,8.094240522913918e-05,0.3117682680404869
toy,5,4,0.017783,38,3,2,-0.027027027027027,-0.027027027027027,2,0.0003662697957549,0.0003991924854273,0.3117328691911718
toy,5,4,0.031623,38,3,1,-0.027027027027027,-0.0396510705789056,2,0.0060958939788613,0.0002998346607114,0.3119980525880278
toy,5,4,0.056234,38,3,1,-0.0396510705789056,1.0,3,0.0170107862279856,0.001708767803643,0.311871310618241
toy,5,4,0.1,38,3,1,-0.0396510705789056,0.7771871519256717,3,0.0170107862279856,0.001708767803643,0.311871310618241
toy,5,4,0.177828,38,3,2,-0.0352880124545926,-0.0352880124545926,2,0.0118780677122176,0.0013607041682923,0.3118601115578744
toy,5,4,0.316228,38,3,1,1.0,1.0,2,0.0117589798839757,0.0121990064339207,0.3136312085941992
toy,5,4,0.5,38,3,10,1.0,1.0,2,0.0117589798839757,0.0121990064339207,0.3136312085941992
toy,5,4,0.562341,38,3,9,1.0,1.0,2,0.0117589798839757,0.0121990064339207,0.3136312085941992
toy,5,4,1.0,38,3,10,1.0,0.2497532082922013,2,0.0117589798839757,0.0121990064339207,0.3136312085941992
toy,5,4,1.778279,38,3,10,0.2497532082922013,-0.0626597084757963,3,0.0311577502683825,0.0134298514024508,0.3141672179138029
toy,5,4,3.162278,38,3,10,-0.021505376344086,1.0,3,0.7222804736535468,0.7325890874637673,0.0432747170262553
toy,5,4,5.623413,38,3,10,-0.021505376344086,1.0,3,0.7222804736535468,0.7325890874637673,0.0432747170262553
toy,5,4,10.0,38,3,10,-0.021505376344086,0.5136715034330087,3,0.7222804736535468,0.7325890874637673,0.0432747170262553
toy,5,4,17.782794,38,3,6,0.0062266500622665,0.5136715034330087,3,0.0686391658989075,0.0129979061729784,0.3142997841169486
toy,5,4,31.622777,38,3,6,-0.021505376344086,1.0,3,0.7222804736535468,0.7325890874637673,0.0432747170262553
toy,5,4,56.234133,38,3,6,-0.021505376344086,1.0,3,0.7222804736535468,0.7325890874637673,0.0432747170262553
toy,5,4,100.0,38,3,3,-0.021505376344086,1.0,3,0.7222804736535468,0.7325890874637673,0.0432747170262553
toy,5,4,177.827941,38,3,3,-0.021505376344086,1.0,3,0.7222804736535468,0.7325890874637673,0.0432747170262553
toy,5,4,316.227766,38,3,3,-0.021505376344086,1.0,3,0.7222804736535468,0.7325890874637673,0.0432747170262553
toy,5,4,562.341325,38,3,3,-0.021505376344086,1.0,3,0.7222804736535468,0.7325890874637673,0.0432747170262553
toy,5,4,1000.0,38,3,3,-0.021505376344086,,3,0.7222804736535468,0.7325890874637673,0.0432747170262553
toy,5,5,0.001,38,3,1,0.0216317893251822,-0.027027027027027,2,0.0347165413771933,0.0378298304354018,0.3006839491655717
toy,5,5,0.001778,38,3,1,0.0126969198213026,1.0,2,0.0409361443040245,0.0445208012448474,0.2975574695930221
toy,5,5,0.003162,38,3,1,0.0126969198213026,-0.0360082304526749,2,0.0409361443040245,0.0445208012448474,0.2975574695930221
toy,5,5,0.005623,38,3,1,-0.0350965203171521,-0.0710910370536508,3,0.0143359217887475,0.0005936930844517,0.306332556990778
toy,5,5,0.01,38,3,2,-0.0548231747539963,-0.0710910370536508,3,0.030608410561828,0.0001919532100947,0.3057613882658699
toy,5,5,0.017783,38,3,1,-0.0350965203171521,-0.0547292889758643,3,0.0144479844932636,0.000642410847232,0.3061150060849337
toy,5,5,0.031623,38,3,1,-0.0350965203171521,1.0,3,0.0133677064582484,0.0002954627523904,0.3060352100617133
toy,5,5,0.056234,38,3,2,-0.0350965203171521,0.5070126227208976,3,0.0133677064582484,0.0002954627523904,0.3060352100617133
toy,5,5,0.1,38,3,1,-0.0507854244225436,0.1078761069968546,3,0.0351840013180837,0.0004584992136946,0.3060301550815277
toy,5,5,0.177828,38,3,3,-0.0115801014115389,0.8088115311395159,3,0.0625574915629804,0.0009522501753915,0.3059377596056139
toy,5,5,0.316228,38,3,3,0.0577224810968927,0.0577224810968927,3,0.0788114064273655,0.0008944455049142,0.3058495290215189
toy,5,5,0.5,38,3,10,1.0,1.0,3,0.8242061303088147,0.827046327701979,0.0943212944549027
toy,5,5,0.562341,38,3,10,1.0,0.0126969198213026,3,0.8242061303088147,0.827046327701979,0.0943212944549027
toy,5,5,1.0,38,3,10,0.0126969198213026,1.0,2,0.0398667970082278,0.0431495636866758,0.3144618128185759
toy,5,5,1.778279,38,3,10,0.0126969198213026,0.0906801007556675,2,0.0398667970082278,0.0431495636866758,0.3144618128185759
toy,5,5,3.162278,38,3,10,0.7085309628843411,1.0,3,0.141718527613856,0.0403701024874275,0.3145120080329886
toy,5,5,5.623413,38,3,10,0.7085309628843411,0.7443234888122928,3,0.141718527613856,0.0403701024874275,0.3145120080329886
toy,5,5,10.0,38,3,7,0.417784865331583,0.4646692750045952,3,0.112455457902183,0.0415924123226392,0.3149921453431408
toy,5,5,17.782794,38,3,5,0.9127915219394628,1.0,3,0.7463728736050831,0.7588212119557947,0.0467488659501516
toy,5,5,31.622777,38,3,5,0.9127915219394628,1.0,3,0.7463728736050831,0.7588212119557947,0.0467488659501516
toy,5,5,56.234133,38,3,5,0.9127915219394628,1.0,3,0.7463728736050831,0.7588212119557947,0.0467488659501516
toy,5,5,100.0,38,3,4,0.9127915219394628,1.0,3,0.7463728736050831,0.7588212119557947,0.0467488659501516
toy,5,5,177.827941,38,3,4,0.9127915219394628,1.0,3,0.7463728736050831,0.7588212119557947,0.0467488659501516
toy,5,5,316.227766,38,3,3,0.9127915219394628,1.0,3,0.7463728736050831,0.7588212119557947,0.0467488659501516
toy,5,5,562.341325,38,3,3,0.9127915219394628,1.0,3,0.7463728736050831,0.7588212119557947,0.0467488659501516
toy,5,5,1000.0,38,3,3,0.9127915219394628,,3,0.7463728736050831,0.7588212119557947,0.0467488659501516
toy,5,6,0.001,38,3,1,-0.0360082304526749,-0.0547292889758643,3,0.0834569324287412,0.0901747057749093,0.2762197115465396
toy,5,6,0.001778,38,3,1,-0.0360082304526749,1.0,3,0.0656508342658868,0.0711953883531606,0.2772954141674786
toy,5,6,0.003162,38,3,1,-0.0360082304526749,-0.0534657580696323,3,0.0656508342658868,0.0711953883531606,0.2772954141674786
toy,5,6,0.005623,38,3,1,-0.0352880124545926,-0.0691517427604829,2,0.0160119856142448,0.0010902887426834,0.2902853760161579
toy,5,6,0.01,38,3,1,-0.0415180019461563,-0.0710910370536508,3,0.0331862082502865,0.000230666912831,0.2901196161410496
toy,5,6,0.017783,38,3,1,-0.0360082304526749,-0.0534657580696323,3,0.0169764072612261,2.7337566573988133e-10,0.2903672433421163
toy,5,6,0.031623,38,3,1,-0.0352880124545926,-0.0522098961084698,2,0.0204298896699973,0.0007966364444936,0.2900974885454767
toy,5,6,0.056234,38,3,1,-0.0352880124545926,1.0,2,0.0152759940221144,0.0006679678762132,0.2902225257181833
toy,5,6,0.1,38,3,1,-0.0352880124545926,0.6290698035320773,2,0.0152759940221144,0.0006679678762132,0.2902225257181833
toy,5,6,0.177828,38,3,2,-0.0415180019461563,-0.0415180019461563,3,0.0352911706941248,0.0014449116251709,0.2902901913110468
toy,5,6,0.316228,38,3,3,1.0,1.0,2,0.0098301033241822,0.0106571216455081,0.2938773010529651
toy,5,6,0.5,38,3,10,1.0,1.0,2,0.0098301033241822,0.0106571216455081,0.2938773010529651
toy,5,6,0.562341,38,3,9,1.0,1.0,2,0.0098301033241822,0.0106571216455081,0.2938773010529651
toy,5,6,1.0,38,3,9,1.0,0.4726407613005551,2,0.0098301033241822,0.0106571216455081,0.2938773010529651
toy,5,6,1.778279,38,3,9,0.4726407613005551,-0.0553556938057884,3,0.02071854697078,0.0109078677662936,0.2940287847965981
toy,5,6,3.162278,38,3,10,-0.021505376344086,0.6344192444474267,3,0.7619248883100309,0.7739093767536851,0.0310901918076368
toy,5,6,5.623413,38,3,10,0.0010784578053383,0.6344192444474267,3,0.0987242432748357,0.0115209811721598,0.2941602832422606
toy,5,6,10.0,38,3,10,-0.021505376344086,1.0,3,0.7619248883100309,0.7739093767536851,0.0310901918076368
toy,5,6,17.782794,38,3,5,-0.021505376344086,1.0,3,0.7619248883100309,0.7739093767536851,0.0310901918076368
toy,5,6,31.622777,38,3,5,-0.021505376344086,1.0,3,0.7619248883100309,0.7739093767536851,0.0310901918076368
toy,5,6,56.234133,38,3,4,-0.021505376344086,1.0,3,0.7619248883100309,0.7739093767536851,0.0310901918076368
toy,5,6,100.0,38,3,3,-0.021505376344086,1.0,3,0.7619248883100309,0.7739093767536851,0.0310901918076368
toy,5,6,177.827941,38,3,3,-0.021505376344086,1.0,3,0.7619248883100309,0.7739093767536851,0.0310901918076368
toy,5,6,316.227766,38,3,3,-0.021505376344086,1.0,3,0.7619248883100309,0.7739093767536851,0.0310901918076368
toy,5,6,562.341325,38,3,3,-0.021505376344086,1.0,3,0.7619248883100309,0.7739093767536851,0.0310901918076368
toy,5,6,1000.0,38,3,3,-0.021505376344086,,3,0.7619248883100309,0.7739093767536851,0.0310901918076368
toy,5,7,0.001,38,3,1,0.0502999703773148,1.0,2,0.0979280166209991,0.1069335646963332,0.2692367774390563
toy,5,7,0.001778,38,3,1,0.0502999703773148,0.9923104689191996,2,0.0979280166209991,0.1069335646963332,0.2692367774390563
toy,5,7,0.003162,38,3,1,0.0473447954603201,-0.0534657580696323,3,0.0937579998022896,0.1018050609757967,0.2693475587720391
toy,5,7,0.005623,38,3,2,-0.0320836466501951,-0.0534657580696323,2,0.0190581225758157,0.0001941866693147,0.2871261472099868
toy,5,7,0.01,38,3,1,-0.0350965203171521,-0.0360082304526749,3,0.0195674223750762,9.71317042317862e-05,0.2874567471379984
toy,5,7,0.017783,38,3,1,-0.018575123442276,-0.027027027027027,2,0.0095734469946688,9.71638876316228e-05,0.2870680355467146
toy,5,7,0.031623,38,3,2,-0.018575123442276,-0.027027027027027,2,0.0095734469946688,9.71638876316228e-05,0.2870696229642308
toy,5,7,0.056234,38,3,1,0.0126969198213026,1.0,2,0.0003518238088747,0.0003991924854273,0.2870180544497664
toy,5,7,0.1,38,3,1,0.0126969198213026,0.6481481481481481,2,0.0003518238088747,0.0003991924854273,0.2870180544497664
toy,5,7,0.177828,38,3,3,-0.0076160817246613,-0.0547292889758643,3,0.0111305774239529,0.0011918710010766,0.2874688115545742
toy,5,7,0.316228,38,3,2,-0.0350965203171521,-0.0350965203171521,3,0.0173523619345706,5.674602200890356e-05,0.2870499017436335
toy,5,7,0.5,38,3,9,1.0,1.0,3,0.6613297513048995,0.6355845625840235,0.1973450505456647
toy,5,7,0.562341,38,3,9,1.0,0.0126969198213026,3,0.6613297513048995,0.6355845625840235,0.1973450505456647
toy,5,7,1.0,38,3,9,0.0126969198213026,1.0,2,0.0250033236427709,0.0271289282316453,0.2949343332118851
toy,5,7,1.778279,38,3,9,0.0126969198213026,1.0,2,0.0250033236427709,0.0271289282316453,0.2949343332118851
toy,5,7,3.162278,38,3,10,0.0126969198213026,0.0906801007556675,2,0.0250033236427709,0.0271289282316453,0.2949343332118851
toy,5,7,5.623413,38,3,10,0.7085309628843411,0.6857866507747318,3,0.1631230707004898,0.0259007843470509,0.2949977200988209
toy,5,7,10.0,38,3,4,0.9127915219394628,1.0,3,0.7301719180584937,0.7431164487876816,0.0419160024640429
toy,5,7,17.782794,38,3,4,0.9127915219394628,0.4504483930751596,3,0.7301719180584937,0.7431164487876816,0.0419160024640429
toy,5,7,31.622777,38,3,4,0.4280054125284113,0.4504483930751596,3,0.1326781663516053,0.0265105193425366,0.2951585778404742
toy,5,7,56.234133,38,3,4,0.9127915219394628,1.0,3,0.7301719180584937,0.7431164487876816,0.0419160024640429
toy,5,7,100.0,38,3,4,0.9127915219394628,1.0,3,0.7301719180584937,0.7431164487876816,0.0419160024640429
toy,5,7,177.827941,38,3,4,0.9127915219394628,1.0,3,0.7301719180584937,0.7431164487876816,0.0419160024640429
toy,5,7,316.227766,38,3,3,0.9127915219394628,1.0,3,0.7301719180584937,0.7431164487876816,0.0419160024640429
toy,5,7,562.341325,38,3,3,0.9127915219394628,1.0,3,0.7301719180584937,0.7431164487876816,0.0419160024640429
toy,5,7,1000.0,38,3,3,0.9127915219394628,,3,0.7301719180584937,0.7431164487876816,0.0419160024640429
toy,5,8,0.001,38,3,1,-0.027027027027027,1.0,2,0.0793227129444828,0.0877310570471955,0.2649592354680459
toy,5,8,0.001778,38,3,1,-0.027027027027027,1.0,2,0.0793227129444828,0.0877310570471955,0.2649592354680459
toy,5,8,0.003162,38,3,1,-0.027027027027027,0.2497532082922013,2,0.0793227129444828,0.0877310570471955,0.2649592354680459
toy,5,8,0.005623,38,3,2,-0.0409674234945705,-0.0715196685309725,3,0.2511873564011633,0.2653731378506699,0.2216871807304862
toy,5,8,0.01,38,3,1,-0.0352880124545926,-0.0631355893832236,2,0.0201688786287725,4.102321087574107e-05,0.2785857291299123
toy,5,8,0.017783,38,3,1,-0.0396510705789056,-0.0647865991092518,3,0.031068189899561,0.0002893712421395,0.2786100568206728
toy,5,8,0.031623,38,3,1,-0.0360082304526749,-0.0360082304526749,3,0.0219765598659743,0.0003950353255565,0.2789920546376714
toy,5,8,0.056234,38,3,1,-0.027027027027027,1.0,2,0.0117595316687661,0.0007957174296507,0.2786910787311861
toy,5,8,0.1,38,3,2,-0.027027027027027,0.1860465116279069,2,0.0117595316687661,0.0007957174296507,0.2786910787311861
toy,5,8,0.177828,38,3,6,-0.0387596899224806,0.3674082552400028,3,0.0806809360459896,0.0011454075837257,0.2788496629246286
toy,5,8,0.316228,38,3,2,-0.0239520958083832,-0.0239520958083832,3,0.1991419902110962,0.0010885844247356,0.2790079401364974
toy,5,8,0.5,38,3,9,1.0,1.0,2,0.0079541232856864,0.0084671655018816,0.2819324337067629
toy,5,8,0.562341,38,3,9,1.0,1.0,2,0.0079541232856864,0.0084671655018816,0.2819324337067629
toy,5,8,1.0,38,3,9,1.0,1.0,2,0.0079541232856864,0.0084671655018816,0.2819324337067629
toy,5,8,1.778279,38,3,10,1.0,0.1645185746777862,2,0.0079541232856864,0.0084671655018816,0.2819324337067629
toy,5,8,3.162278,38,3,10,0.1645185746777862,-0.0083939860808585,3,0.069758310056027,0.0084982083487616,0.2820388389123019
toy,5,8,5.623413,38,3,9,-0.021505376344086,1.0,3,0.7479732088974977,0.7603879751379925,0.0315820637605896
toy,5,8,10.0,38,3,4,-0.021505376344086,1.0,3,0.7479732088974977,0.7603879751379925,0.0315820637605896
toy,5,8,17.782794,38,3,4,-0.021505376344086,0.4646692750045952,3,0.7479732088974977,0.7603879751379925,0.0315820637605896
toy,5,8,31.622777,38,3,4,0.0118529269472665,0.4646692750045952,3,0.1273721939688914,0.0089862419095648,0.2820966413432155
toy,5,8,56.234133,38,3,4,-0.021505376344086,1.0,3,0.7479732088974977,0.7603879751379925,0.0315820637605896
toy,5,8,100.0,38,3,4,-0.021505376344086,1.0,3,0.7479732088974977,0.7603879751379925,0.0315820637605896
toy,5,8,177.827941,38,3,3,-0.021505376344086,1.0,3,0.7479732088974977,0.7603879751379925,0.0315820637605896
toy,5,8,316.227766,38,3,3,-0.021505376344086,1.0,3,0.7479732088974977,0.7603879751379925,0.0315820637605896
toy,5,8,562.341325,38,3,3,-0.021505376344086,1.0,3,0.7479732088974977,0.7603879751379925,0.0315820637605896
toy,5,8,1000.0,38,3,3,-0.021505376344086,,3,0.7479732088974977,0.7603879751379925,0.0315820637605896
toy,5,9,0.001,38,3,1,-0.027027027027027,0.6481481481481481,2,0.0518649458466932,0.0583674104598871,0.2714695113530149
toy,5,9,0.001778,38,3,1,-0.0360082304526749,0.4649923896499239,3,0.074176742146718,0.0820314975178584,0.265519003166514
toy,5,9,0.003162,38,3,1,-0.0360082304526749,-0.0534657580696323,3,0.0761050358824066,0.0843546459158927,0.2665555413880678
toy,5,9,0.005623,38,3,1,-0.0352880124545926,-0.0611466366605373,2,0.0263400775088499,0.0007966364444936,0.2802483344868552
toy,5,9,0.01,38,3,1,-0.0385852090032154,-0.0775563737496642,2,0.0358170263341856,0.000193274434729,0.2802625624247967
toy,5,9,0.017783,38,3,1,-0.0396510705789056,-0.0647865991092518,3,0.0328194774063269,0.0001363288474601,0.2802704331553322
toy,5,9,0.031623,38,3,1,-0.0360082304526749,1.0,3,0.0135459716285931,0.0007963195303866,0.2803064720110755
toy,5,9,0.056234,38,3,1,-0.0360082304526749,0.6177626570971401,3,0.0135459716285931,0.0007963195303866,0.2803064720110755
toy,5,9,0.1,38,3,2,-0.0410958904109589,0.4142300132937278,3,0.0341962868329379,0.0005363457890501,0.2803386741280251
toy,5,9,0.177828,38,3,3,-0.0415180019461563,0.138291486187746,3,0.0498911236154055,4.102321087574107e-05,0.2803196498663196
toy,5,9,0.316228,38,3,1,-0.0209384460141271,-0.0209384460141271,3,0.2321501306981179,0.0011180187650413,0.2804834898374577
toy,5,9,0.5,38,3,9,1.0,1.0,2,0.0068151598697903,0.0078431157711583,0.2822797288927157
toy,5,9,0.562341,38,3,9,1.0,1.0,2,0.0068151598697903,0.0078431157711583,0.2822797288927157
toy,5,9,1.0,38,3,9,1.0,1.0,2,0.0068151598697903,0.0078431157711583,0.2822797288927157
toy,5,9,1.778279,38,3,10,1.0,0.0906801007556675,2,0.0068151598697903,0.0078431157711583,0.2822797288927157
toy,5,9,3.162278,38,3,7,0.0906801007556675,0.6857866507747318,3,0.2033097537706792,0.0076151093202269,0.2822576716211841
toy,5,9,5.623413,38,3,10,-0.021505376344086,1.0,3,0.7966258779112422,0.8089446408422802,0.0235340990415276
toy,5,9,10.0,38,3,4,-0.021505376344086,1.0,3,0.7966258779112422,0.8089446408422802,0.0235340990415276
toy,5,9,17.782794,38,3,4,-0.021505376344086,1.0,3,0.7966258779112422,0.8089446408422802,0.0235340990415276
toy,5,9,31.622777,38,3,4,-0.021505376344086,1.0,3,0.7966258779112422,0.8089446408422802,0.0235340990415276
toy,5,9,56.234133,38,3,4,-0.021505376344086,1.0,3,0.7966258779112422,0.8089446408422802,0.0235340990415276
toy,5,9,100.0,38,3,4,-0.021505376344086,1.0,3,0.7966258779112422,0.8089446408422802,0.0235340990415276
toy,5,9,177.827941,38,3,3,-0.021505376344086,1.0,3,0.7966258779112422,0.8089446408422802,0.0235340990415276
toy,5,9,316.227766,38,3,3,-0.021505376344086,1.0,3,0.7966258779112422,0.8089446408422802,0.0235340990415276
toy,5,9,562.341325,38,3,3,-0.021505376344086,1.0,3,0.7966258779112422,0.8089446408422802,0.0235340990415276
toy,5,9,1000.0,38,3,3,-0.021505376344086,,3,0.7966258779112422,0.8089446408422802,0.0235340990415276
toy,5,10,0.001,38,3,2,-0.0360082304526749,1.0,3,0.0905017388657263,0.0999896870297931,0.2572105991626903
toy,5,10,0.001778,38,3,2,-0.0360082304526749,1.0,3,0.0905017388657263,0.0999896870297931,0.2572105991626903
toy,5,10,0.003162,38,3,2,-0.0360082304526749,0.0389991798001534,3,0.0905017388657263,0.0999896870297931,0.2572105991626903
toy,5,10,0.005623,38,3,1,-0.0349950478705843,-0.0636433010882175,3,0.6340386848496472,0.6796640309658903,0.1535929679063706
toy,5,10,0.01,38,3,1,-0.0352880124545926,-0.0522098961084698,2,0.0273149781866961,0.0011925229445401,0.2761687395273738
toy,5,10,0.017783,38,3,2,-0.0352880124545926,-0.0534657580696323,2,0.0264518123681475,9.762248548692996e-05,0.2759961882230077
toy,5,10,0.031623,38,3,1,-0.0360082304526749,-0.0360082304526749,3,0.0129196210858484,0.0007954008811417,0.2761152675314192
toy,5,10,0.056234,38,3,2,-0.027027027027027,0.6481481481481481,2,0.0128265806177049,9.190488014426336e-11,0.2760613583675563
toy,5,10,0.1,38,3,1,-0.0360082304526749,-0.0360082304526749,3,0.0131314813972635,0.0003967174913866,0.2760635412132935
toy,5,10,0.177828,38,3,1,-0.027027027027027,1.0,2,0.0106028133050369,0.0007957174296507,0.276265266577164
toy,5,10,0.316228,38,3,2,-0.027027027027027,-0.027027027027027,2,0.0106028133050369,0.0007957174296507,0.276265266577164
toy,5,10,0.5,38,3,10,1.0,1.0,2,0.0045662590515215,0.0052940876481764,0.2779838055630185
toy,5,10,0.562341,38,3,10,1.0,1.0,2,0.0045662590515215,0.0052940876481764,0.2779838055630185
toy,5,10,1.0,38,3,10,1.0,1.0,2,0.0045662590515215,0.0052940876481764,0.2779838055630185
toy,5,10,1.778279,38,3,10,1.0,0.0906801007556675,2,0.0045662590515215,0.0052940876481764,0.2779838055630185
toy,5,10,3.162278,38,3,9,0.0906801007556675,0.6857866507747318,3,0.209305741695417,0.0052100210487118,0.2779224102647823
toy,5,10,5.623413,38,3,8,-0.021505376344086,1.0,3,0.7866896871758501,0.802662791567087,0.0233290774934016
toy,5,10,10.0,38,3,8,-0.021505376344086,1.0,3,0.7866896871758501,0.802662791567087,0.0233290774934016
toy,5,10,17.782794,38,3,5,-0.021505376344086,1.0,3,0.7866896871758501,0.802662791567087,0.0233290774934016
toy,5,10,31.622777,38,3,5,-0.021505376344086,1.0,3,0.7866896871758501,0.802662791567087,0.0233290774934016
toy,5,10,56.234133,38,3,4,-0.021505376344086,1.0,3,0.7866896871758501,0.802662791567087,0.0233290774934016
toy,5,10,100.0,38,3,4,-0.021505376344086,1.0,3,0.7866896871758501,0.802662791567087,0.0233290774934016
toy,5,10,177.827941,38,3,3,-0.021505376344086,1.0,3,0.7866896871758501,0.802662791567087,0.0233290774934016
toy,5,10,316.227766,38,3,3,-0.021505376344086,1.0,3,0.7866896871758501,0.802662791567087,0.0233290774934016
toy,5,10,562.341325,38,3,3,-0.021505376344086,1.0,3,0.7866896871758501,0.802662791567087,0.0233290774934016
toy,5,10,1000.0,38,3,3,-0.021505376344086,,3,0.7866896871758501,0.802662791567087,0.0233290774934016
toy,5,11,0.001,38,3,1,-0.0360082304526749,-0.0360082304526749,3,0.1585758055133046,0.1731554081256335,0.2424865620570232
toy,5,11,0.001778,38,3,1,-0.027027027027027,1.0,2,0.0342793637249977,0.0407187565907626,0.2652309919816325
toy,5,11,0.003162,38,3,1,-0.027027027027027,-0.0396510705789056,2,0.0342793637249977,0.0407187565907626,0.2652309919816325
toy,5,11,0.005623,38,3,2,-0.0396510705789056,1.0,3,0.0439381293288267,0.0011907248591986,0.2709021610252754
toy,5,11,0.01,38,3,2,-0.0396510705789056,-0.0647865991092518,3,0.0439381293288267,0.0011907248591986,0.2709021610252754
toy,5,11,0.017783,38,3,1,-0.0360082304526749,-0.0360082304526749,3,0.0293155576497051,0.0003989621482887,0.2709631975788492
toy,5,11,0.031623,38,3,1,-0.027027027027027,1.0,2,0.000337397169683,0.0003989621482887,0.2707579851325428
toy,5,11,0.056234,38,3,4,-0.027027027027027,0.3679060665362035,2,0.000337397169683,0.0003989621482887,0.2707579851325428
toy,5,11,0.1,38,3,1,-0.0410958904109589,0.3365655707730238,3,0.0418591877089487,0.0003969464819864,0.2708424081370622
toy,5,11,0.177828,38,3,4,-0.0413870246085011,0.3527153830099809,3,0.0595549738614456,0.0003989621482887,0.2711134874114284
toy,5,11,0.316228,38,3,2,-0.0354144405434284,-0.0354144405434284,3,0.1709312994131591,0.0031496301356788,0.2717332791692644
toy,5,11,0.5,38,3,9,1.0,1.0,2,0.0052960960066457,0.0063423326219579,0.2729919729421145
toy,5,11,0.562341,38,3,9,1.0,1.0,2,0.0052960960066457,0.0063423326219579,0.2729919729421145
toy,5,11,1.0,38,3,9,1.0,1.0,2,0.0052960960066457,0.0063423326219579,0.2729919729421145
toy,5,11,1.778279,38,3,7,1.0,0.1138059701492537,2,0.0052960960066457,0.0063423326219579,0.2729919729421145
toy,5,11,3.162278,38,3,7,0.1138059701492537,0.1732389295571823,3,0.1462278785408465,0.0087269048093341,0.2737512404437992
toy,5,11,5.623413,38,3,6,-0.021505376344086,1.0,3,0.8106412734827326,0.8314116272211001,0.0190773901796843
toy,5,11,10.0,38,3,6,-0.021505376344086,1.0,3,0.8106412734827326,0.8314116272211001,0.0190773901796843
toy,5,11,17.782794,38,3,5,-0.021505376344086,0.4504483930751596,3,0.8106412734827326,0.8314116272211001,0.0190773901796843
toy,5,11,31.622777,38,3,4,0.0153550863723608,0.4504483930751596,3,0.1845898379850431,0.0092836913603478,0.2740363741160366
toy,5,11,56.234133,38,3,4,-0.021505376344086,1.0,3,0.8106412734827326,0.8314116272211001,0.0190773901796843
toy,5,11,100.0,38,3,4,-0.021505376344086,1.0,3,0.8106412734827326,0.8314116272211001,0.0190773901796843
toy,5,11,177.827941,38,3,3,-0.021505376344086,1.0,3,0.8106412734827326,0.8314116272211001,0.0190773901796843
toy,5,11,316.227766,38,3,3,-0.021505376344086,1.0,3,0.8106412734827326,0.8314116272211001,0.0190773901796843
toy,5,11,562.341325,38,3,3,-0.021505376344086,1.0,3,0.8106412734827326,0.8314116272211001,0.0190773901796843
toy,5,11,1000.0,38,3,3,-0.021505376344086,,3,0.8106412734827326,0.8314116272211001,0.0190773901796843
toy,5,12,0.001,38,3,1,0.0376407545059325,-0.0360082304526749,3,0.1755352178588128,0.1941982177546878,0.2456074263371631
toy,5,12,0.001778,38,3,1,0.0168954593453009,0.4726407613005551,2,0.0464418963942367,0.0535588488327616,0.2643561296384139
toy,5,12,0.003162,38,3,1,0.0561432031476441,0.0,3,0.1976298807236632,0.2168801009821484,0.2332651422048977
toy,5,12,0.005623,38,3,1,0.0,0.0,1,0.0,0.0,0.2728514358592042
toy,5,12,0.01,38,3,1,-0.0469081592878488,-0.080317380668632,3,0.045596958222384,0.0003994230067602,0.2732230503057777
toy,5,12,0.017783,38,3,2,-0.0469081592878488,-0.0396510705789056,3,0.0444797514129016,0.0003985020256606,0.2732122073334681
toy,5,12,0.031623,38,3,1,-0.0187727326058899,0.6481481481481481,2,0.0143295468793376,3.6760634813515306e-10,0.2728486256623259
toy,5,12,0.056234,38,3,1,-0.0035052464890631,1.0,3,0.0146250544846995,0.0003964888665036,0.2728681769734535
toy,5,12,0.1,38,3,1,-0.0035052464890631,1.0,3,0.0146250544846995,0.0003964888665036,0.2728681769734535
toy,5,12,0.177828,38,3,3,-0.0035052464890631,-0.0035052464890631,3,0.0146250544846995,0.0003964888665036,0.2728681769734535
toy,5,12,0.316228,38,3,10,1.0,1.0,3,0.6184133940739479,0.5606055666744575,0.241322171011397
toy,5,12,0.5,38,3,10,1.0,1.0,3,0.6184133940739479,0.5606055666744575,0.241322171011397
toy,5,12,0.562341,38,3,10,1.0,0.0168954593453009,3,0.6184133940739479,0.5606055666744575,0.241322171011397
toy,5,12,1.0,38,3,10,0.0168954593453009,1.0,2,0.0588575589692422,0.0658499745717188,0.2953322281812306
toy,5,12,1.778279,38,3,9,0.0168954593453009,1.0,2,0.0588575589692422,0.0658499745717188,0.2953322281812306
toy,5,12,3.162278,38,3,9,0.0168954593453009,0.0906801007556675,2,0.0588575589692422,0.0658499745717188,0.2953322281812306
toy,5,12,5.623413,38,3,7,0.7113798380173926,0.6857866507747318,3,0.2528633366066549,0.065333852647081,0.2954933037021431
toy,5,12,10.0,38,3,4,0.915831903260566,1.0,3,0.6955391095124327,0.7258687131899167,0.0605152005509039
toy,5,12,17.782794,38,3,4,0.915831903260566,1.0,3,0.6955391095124327,0.7258687131899167,0.0605152005509039
toy,5,12,31.622777,38,3,4,0.915831903260566,1.0,3,0.6955391095124327,0.7258687131899167,0.0605152005509039
toy,5,12,56.234133,38,3,4,0.915831903260566,1.0,3,0.6955391095124327,0.7258687131899167,0.0605152005509039
toy,5,12,100.0,38,3,4,0.915831903260566,1.0,3,0.6955391095124327,0.7258687131899167,0.0605152005509039
toy,5,12,177.827941,38,3,4,0.915831903260566,1.0,3,0.6955391095124327,0.7258687131899167,0.0605152005509039
toy,5,12,316.227766,38,3,3,0.915831903260566,1.0,3,0.6955391095124327,0.7258687131899167,0.0605152005509039
toy,5,12,562.341325,38,3,3,0.915831903260566,1.0,3,0.6955391095124327,0.7258687131899167,0.0605152005509039
toy,5,12,1000.0,38,3,3,0.915831903260566,,3,0.6955391095124327,0.7258687131899167,0.0605152005509039
toy,5,13,0.001,38,3,1,-0.0166051660516605,1.0,2,0.0363194428559327,0.0448351823717113,0.2591335510637894
toy,5,13,0.001778,38,3,1,-0.0166051660516605,-0.027027027027027,2,0.0363194428559327,0.0448351823717113,0.2591335510637894
toy,5,13,0.003162,38,3,1,-0.0166051660516605,0.0,2,0.0320741308369404,0.0387965047761322,0.2592085025022346
toy,5,13,0.005623,38,3,2,0.0,0.0,1,0.0,0.0,0.2648778682325387
toy,5,13,0.01,38,3,1,0.0229449372046597,-0.0534657580696323,2,0.0296245470139041,0.0,0.2651958429935018
toy,5,13,0.017783,38,3,2,0.0504940340334556,-0.0547292889758643,3,0.01399851845356,0.000795630360242,0.2651877662102394
toy,5,13,0.031623,38,3,1,0.0200286019703579,1.0,3,0.0308496959665987,0.0,0.2652759218884455
toy,5,13,0.056234,38,3,1,0.0200286019703579,0.2382426640609127,3,0.0308496959665987,0.0,0.2652759218884455
toy,5,13,0.1,38,3,3,0.3545448124867575,0.2259969472270646,3,0.1253277143977538,0.0003989621482887,0.2665471433599125
toy,5,13,0.177828,38,3,1,0.3986408351418569,0.3986408351418569,3,0.1489061330067718,0.0003989621482887,0.2665389721911823
toy,5,13,0.316228,38,3,10,1.0,1.0,3,0.2749177868005132,0.0003989621482887,0.2672003635642723
toy,5,13,0.5,38,3,10,1.0,0.5703262281304913,3,0.2749177868005132,0.0003989621482887,0.2672003635642723
toy,5,13,0.562341,38,3,10,0.5703262281304913,0.0126969198213026,3,0.8462426482832454,0.8608037147403146,0.0977673101518387
toy,5,13,1.0,38,3,10,-0.0166051660516605,1.0,2,0.0218920210864896,0.0256477497431117,0.273816667029255
toy,5,13,1.778279,38,3,9,-0.0166051660516605,1.0,2,0.0218920210864896,0.0256477497431117,0.273816667029255
toy,5,13,3.162278,38,3,10,-0.0166051660516605,0.0906801007556675,2,0.0218920210864896,0.0256477497431117,0.273816667029255
toy,5,13,5.623413,38,3,5,0.8157289013032331,0.6857866507747318,3,0.2361539830324331,0.0258562788345699,0.2753673616673702
toy,5,13,10.0,38,3,5,0.4886364597518375,1.0,3,0.7450795207807418,0.7855307469304754,0.0326347166227183
toy,5,13,17.782794,38,3,5,0.4886364597518375,1.0,3,0.7450795207807418,0.7855307469304754,0.0326347166227183
toy,5,13,31.622777,38,3,5,0.4886364597518375,1.0,3,0.7450795207807418,0.7855307469304754,0.0326347166227183
toy,5,13,56.234133,38,3,4,0.4886364597518375,1.0,3,0.7450795207807418,0.7855307469304754,0.0326347166227183
toy,5,13,100.0,38,3,4,0.4886364597518375,1.0,3,0.7450795207807418,0.7855307469304754,0.0326347166227183
toy,5,13,177.827941,38,3,4,0.4886364597518375,1.0,3,0.7450795207807418,0.7855307469304754,0.0326347166227183
toy,5,13,316.227766,38,3,3,0.4886364597518375,1.0,3,0.7450795207807418,0.7855307469304754,0.0326347166227183
toy,5,13,562.341325,38,3,3,0.4886364597518375,1.0,3,0.7450795207807418,0.7855307469304754,0.0326347166227183
toy,5,13,1000.0,38,3,3,0.4886364597518375,,3,0.7450795207807418,0.7855307469304754,0.0326347166227183
toy,5,14,0.001,38,3,1,0.0168954593453009,1.0,2,0.0318208216328564,0.0387739827895895,0.2620704154427044
toy,5,14,0.001778,38,3,1,0.0168954593453009,0.2986577181208054,2,0.0318208216328564,0.0387739827895895,0.2620704154427044
toy,5,14,0.003162,38,3,1,0.1246429281461561,0.659141741438008,3,0.2164665957512635,0.245070952976169,0.2255070098086936
toy,5,14,0.005623,38,3,3,0.1462961640117151,-0.1010975546320966,3,0.2222126702481535,0.250161515002507,0.2166240602877869
toy,5,14,0.01,38,3,1,-0.0469081592878488,-0.0396510705789056,3,0.0487201224702052,0.0,0.268078242075564
toy,5,14,0.017783,38,3,2,-0.0187727326058899,-0.0360082304526749,2,0.0130827899987297,0.0,0.2678175788613232
toy,5,14,0.031623,38,3,1,-0.0355076917073932,1.0,3,0.028469592999612,0.0,0.2681241727996969
toy,5,14,0.056234,38,3,1,-0.0355076917073932,1.0,3,0.028469592999612,0.0,0.2681241727996969
toy,5,14,0.1,38,3,1,-0.0355076917073932,0.0960552298437093,3,0.028469592999612,0.0,0.2681241727996969
toy,5,14,0.177828,38,3,1,0.6595162498809873,0.6595162498809873,3,0.2710103434896259,0.0,0.2703432430196044
toy,5,14,0.316228,38,3,10,1.0,1.0,3,0.8255083360200136,0.8472092201756145,0.1050386689065911
toy,5,14,0.5,38,3,10,1.0,0.0168954593453009,3,0.8255083360200136,0.8472092201756145,0.1050386689065911
toy,5,14,0.562341,38,3,10,0.0168954593453009,1.0,2,0.0010936441289974,0.0013554494730149,0.2681542240509865
toy,5,14,1.0,38,3,10,0.0168954593453009,1.0,2,0.0010936441289974,0.0013554494730149,0.2681542240509865
toy,5,14,1.778279,38,3,10,0.0168954593453009,1.0,2,0.0010936441289974,0.0013554494730149,0.2681542240509865
toy,5,14,3.162278,38,3,9,0.0168954593453009,-0.021505376344086,2,0.0010936441289974,0.0013554494730149,0.2681542240509865
toy,5,14,5.623413,38,3,10,0.915831903260566,1.0,3,0.7770992932242325,0.8248289839012267,0.0177347589241204
toy,5,14,10.0,38,3,4,0.915831903260566,1.0,3,0.7770992932242325,0.8248289839012267,0.0177347589241204
toy,5,14,17.782794,38,3,4,0.915831903260566,1.0,3,0.7770992932242325,0.8248289839012267,0.0177347589241204
toy,5,14,31.622777,38,3,4,0.915831903260566,1.0,3,0.7770992932242325,0.8248289839012267,0.0177347589241204
toy,5,14,56.234133,38,3,4,0.915831903260566,1.0,3,0.7770992932242325,0.8248289839012267,0.0177347589241204
toy,5,14,100.0,38,3,4,0.915831903260566,1.0,3,0.7770992932242325,0.8248289839012267,0.0177347589241204
toy,5,14,177.827941,38,3,3,0.915831903260566,1.0,3,0.7770992932242325,0.8248289839012267,0.0177347589241204
toy,5,14,316.227766,38,3,3,0.915831903260566,1.0,3,0.7770992932242325,0.8248289839012267,0.0177347589241204
toy,5,14,562.341325,38,3,3,0.915831903260566,1.0,3,0.7770992932242325,0.8248289839012267,0.0177347589241204
toy,5,14,1000.0,38,3,3,0.915831903260566,,3,0.7770992932242325,0.8248289839012267,0.0177347589241204
toy,5,15,0.001,38,3,1,-0.0349950478705843,1.0,2,0.0408663353441407,0.0513257876468248,0.2583347091740675
toy,5,15,0.001778,38,3,1,-0.0349950478705843,0.6481481481481481,2,0.0408663353441407,0.0513257876468248,0.2583347091740675
toy,5,15,0.003162,38,3,1,-0.066400910157249,-0.0534657580696323,3,0.0811783769320913,0.0970204015860659,0.2482727633635219
toy,5,15,0.005623,38,3,1,-0.0636433010882175,-0.0522098961084698,2,0.0288227681933784,0.0,0.2666293597649993
toy,5,15,0.01,38,3,1,0.1596287621139739,-0.0352880124545926,2,0.0263463328763594,0.0,0.2664591314857043
toy,5,15,0.017783,38,3,2,-0.0349950478705843,-0.027027027027027,2,0.0151428602383333,0.0,0.2663111013745607
toy,5,15,0.031623,38,3,1,-0.0349950478705843,1.0,2,0.0113829989941666,0.0,0.2665914158067018
toy,5,15,0.056234,38,3,1,-0.0349950478705843,0.6481481481481481,2,0.0113829989941666,0.0,0.2665914158067018
toy,5,15,0.1,38,3,1,-0.066400910157249,0.1059013057486857,3,0.0116806110953825,0.0003987319951093,0.2665898018334868
toy,5,15,0.177828,38,3,5,0.7739195685695673,0.7739195685695673,3,0.1414015702005818,0.0,0.2687176289264329
toy,5,15,0.316228,38,3,9,1.0,1.0,3,0.1635687469478987,0.0,0.2684204143767753
toy,5,15,0.5,38,3,10,1.0,-0.0349950478705843,3,0.1635687469478987,0.0,0.2684204143767753
toy,5,15,0.562341,38,3,10,-0.0349950478705843,1.0,2,0.0002294434841049,0.0002046092201269,0.2661540678387598
toy,5,15,1.0,38,3,10,-0.0349950478705843,1.0,2,0.0002294434841049,0.0002046092201269,0.2661540678387598
toy,5,15,1.778279,38,3,10,-0.0349950478705843,1.0,2,0.0002294434841049,0.0002046092201269,0.2661540678387598
toy,5,15,3.162278,38,3,6,-0.0349950478705843,-0.021505376344086,2,0.0002294434841049,0.0002046092201269,0.2661540678387598
toy,5,15,5.623413,38,3,6,0.0382280790036482,1.0,3,0.751160866067318,0.8051562337558663,0.0196200611479795
toy,5,15,10.0,38,3,5,0.0382280790036482,1.0,3,0.7511608660673181,0.8051562337558663,0.0196200611479795
toy,5,15,17.782794,38,3,5,0.0382280790036482,1.0,3,0.7511608660673181,0.8051562337558663,0.0196200611479795
toy,5,15,31.622777,38,3,4,0.0382280790036482,1.0,3,0.7511608660673181,0.8051562337558663,0.0196200611479795
toy,5,15,56.234133,38,3,4,0.0382280790036482,1.0,3,0.7511608660673181,0.8051562337558663,0.0196200611479795
toy,5,15,100.0,38,3,4,0.0382280790036482,1.0,3,0.7511608660673181,0.8051562337558663,0.0196200611479795
toy,5,15,177.827941,38,3,3,0.0382280790036482,1.0,3,0.7511608660673181,0.8051562337558663,0.0196200611479795
toy,5,15,316.227766,38,3,3,0.0382280790036482,1.0,3,0.7511608660673181,0.8051562337558663,0.0196200611479795
toy,5,15,562.341325,38,3,3,0.0382280790036482,1.0,3,0.7511608660673181,0.8051562337558663,0.0196200611479795
toy,5,15,1000.0,38,3,3,0.0382280790036482,,3,0.7511608660673181,0.8051562337558663,0.0196200611479795
toy,5,16,0.001,38,3,1,0.0216317893251822,-0.027027027027027,2,0.0481516220524375,0.0610572485319411,0.2537589613677124
toy,5,16,0.001778,38,3,1,0.0126969198213026,1.0,2,0.0405603149593498,0.0519386840242277,0.2540026557472413
toy,5,16,0.003162,38,3,1,0.0126969198213026,-0.0352880124545926,2,0.0405603149593498,0.0519386840242277,0.2540026557472413
toy,5,16,0.005623,38,3,1,-0.0320836466501951,-0.0522098961084698,2,0.0254842920360448,0.0,0.2621924321114589
toy,5,16,0.01,38,3,2,-0.0320836466501951,-0.0631355893832236,2,0.0290744427745872,0.0,0.2620579774830534
toy,5,16,0.017783,38,3,1,-0.0228116073573774,-0.0396510705789056,3,0.0233529741726887,0.0003987319951093,0.2621865523207837
toy,5,16,0.031623,38,3,1,-0.018575123442276,1.0,2,0.014649317850461,0.0,0.2617100223616245
toy,5,16,0.056234,38,3,1,-0.018575123442276,0.3679060665362035,2,0.014649317850461,0.0,0.2617100223616245
toy,5,16,0.1,38,3,3,-0.0420434984562419,0.0842592520799249,3,0.0358833233108271,0.0003987319951093,0.2623091369706921
toy,5,16,0.177828,38,3,1,0.6624976202498117,0.2883789785344189,3,0.2503211465406497,0.0,0.2662861979728321
toy,5,16,0.316228,38,3,10,0.0365662048278817,0.0365662048278817,3,0.1391853138464543,0.0,0.2641672975702577
toy,5,16,0.5,38,3,10,1.0,1.0,3,0.7266173342450125,0.7471380505832037,0.1563342085468299
toy,5,16,0.562341,38,3,9,1.0,0.0126969198213026,3,0.7266173342450125,0.7471380505832037,0.1563342085468299
toy,5,16,1.0,38,3,8,0.0126969198213026,1.0,2,0.014840020092611,0.0184523003694947,0.2678707233426906
toy,5,16,1.778279,38,3,9,0.0126969198213026,1.0,2,0.014840020092611,0.0184523003694947,0.2678707233426906
toy,5,16,3.162278,38,3,8,0.0126969198213026,0.0906801007556675,2,0.014840020092611,0.0184523003694947,0.2678707233426906
toy,5,16,5.623413,38,3,9,0.7085309628843411,0.6857866507747318,3,0.2167891264714369,0.0184523003694947,0.2725146034823942
toy,5,16,10.0,38,3,4,0.9127915219394628,1.0,3,0.7433571741652716,0.8130974904854709,0.0265990589859085
toy,5,16,17.782794,38,3,4,0.9127915219394628,1.0,3,0.7433571741652716,0.8130974904854709,0.0265990589859085
toy,5,16,31.622777,38,3,4,0.9127915219394628,1.0,3,0.7433571741652716,0.8130974904854709,0.0265990589859085
toy,5,16,56.234133,38,3,4,0.9127915219394628,1.0,3,0.7433571741652716,0.8130974904854709,0.0265990589859085
toy,5,16,100.0,38,3,4,0.9127915219394628,1.0,3,0.7433571741652716,0.8130974904854709,0.0265990589859085
toy,5,16,177.827941,38,3,4,0.9127915219394628,1.0,3,0.7433571741652716,0.8130974904854709,0.0265990589859085
toy,5,16,316.227766,38,3,3,0.9127915219394628,1.0,3,0.7433571741652716,0.8130974904854709,0.0265990589859085
toy,5,16,562.341325,38,3,3,0.9127915219394628,1.0,3,0.7433571741652716,0.8130974904854709,0.0265990589859085
toy,5,16,1000.0,38,3,3,0.9127915219394628,,3,0.7433571741652716,0.8130974904854709,0.0265990589859085
toy,5,17,0.001,38,3,1,-0.0718165359082679,0.4649923896499239,3,0.0543650345586726,0.0694847999995531,0.2502719054927357
toy,5,17,0.001778,38,3,1,-0.0718165359082679,1.0,3,0.0839561639315824,0.1037578006352543,0.2435393871159954
toy,5,17,0.003162,38,3,1,-0.0718165359082679,-0.0710910370536508,3,0.0839561639315824,0.1037578006352543,0.2435393871159954
toy,5,17,0.005623,38,3,1,-0.1191122764303773,-0.0710910370536508,3,0.051943515144365,0.0,0.2630606420434368
toy,5,17,0.01,38,3,2,-0.0718165359082679,-0.0360082304526749,3,0.0292126652021304,0.0,0.2622143066824738
toy,5,17,0.017783,38,3,2,0.1860465116279069,-0.0360082304526749,2,0.0165319524971211,0.0,0.2617520577778099
toy,5,17,0.031623,38,3,1,0.0919332126332729,1.0,3,0.0168131956206753,0.0003987319951093,0.2617516599387007
toy,5,17,0.056234,38,3,1,0.0919332126332729,1.0,3,0.0168131956206753,0.0003987319951093,0.2617516599387007
toy,5,17,0.1,38,3,2,0.0919332126332729,0.2660773942093541,3,0.0168131956206753,0.0003987319951093,0.2617516599387007
toy,5,17,0.177828,38,3,2,0.8898991568854356,0.8898991568854356,3,0.1089649358177869,0.0003987319951093,0.2639618624517201
toy,5,17,0.316228,38,3,10,1.0,1.0,3,0.1080493462659989,0.0,0.2639998068526807
toy,5,17,0.5,38,3,10,1.0,-0.0084512993872807,3,0.1080493462659989,0.0,0.2639998068526807
toy,5,17,0.562341,38,3,10,-0.0084512993872807,0.0168954593453009,3,0.5689164416696433,0.5504876202063289,0.2422412933091821
toy,5,17,1.0,38,3,9,-0.0387596899224806,1.0,2,0.0340732113648948,0.0355781857299811,0.275414087342367
toy,5,17,1.778279,38,3,9,-0.0387596899224806,1.0,2,0.0340732113648948,0.0355781857299811,0.275414087342367
toy,5,17,3.162278,38,3,9,-0.0387596899224806,0.0906801007556675,2,0.0340732113648948,0.0355781857299811,0.275414087342367
toy,5,17,5.623413,38,3,8,0.1492335437330929,0.6857866507747318,3,0.1966596233410187,0.0355781857299811,0.2809508461125171
toy,5,17,10.0,38,3,4,-0.0339007092198581,1.0,3,0.6047041063325057,0.6742576719691331,0.0603587918639484
toy,5,17,17.782794,38,3,4,-0.0339007092198581,1.0,3,0.6047041063325057,0.6742576719691331,0.0603587918639484
toy,5,17,31.622777,38,3,4,-0.0339007092198581,1.0,3,0.6047041063325057,0.6742576719691331,0.0603587918639484
toy,5,17,56.234133,38,3,4,-0.0339007092198581,1.0,3,0.6047041063325057,0.6742576719691331,0.0603587918639484
toy,5,17,100.0,38,3,4,-0.0339007092198581,1.0,3,0.6047041063325057,0.6742576719691331,0.0603587918639484
toy,5,17,177.827941,38,3,4,-0.0339007092198581,1.0,3,0.6047041063325057,0.6742576719691331,0.0603587918639484
toy,5,17,316.227766,38,3,3,-0.0339007092198581,1.0,3,0.6047041063325057,0.6742576719691331,0.0603587918639484
toy,5,17,562.341325,38,3,3,-0.0339007092198581,1.0,3,0.6047041063325057,0.6742576719691331,0.0603587918639484
toy,5,17,1000.0,38,3,3,-0.0339007092198581,,3,0.6047041063325057,0.6742576719691331,0.0603587918639484
toy,5,18,0.001,38,3,1,0.0168954593453009,0.6481481481481481,2,0.0307292483986058,0.0403759317629192,0.2553527000382371
toy,5,18,0.001778,38,3,1,0.0376407545059325,-0.0547292889758643,3,0.0587085576224682,0.0750010301925652,0.2498726451239809
toy,5,18,0.003162,38,3,1,-0.0355076917073932,-0.0534657580696323,3,0.0272164426725381,0.0,0.2618963004090034
toy,5,18,0.005623,38,3,2,-0.0324932738923042,-0.0631355893832236,2,0.0261866521219287,0.0,0.262088411467156
toy,5,18,0.01,38,3,1,-0.0469081592878488,-0.0647865991092518,3,0.0394082836430843,0.0,0.2623290725795854
toy,5,18,0.017783,38,3,1,-0.0355076917073932,1.0,3,0.0327720190642899,0.0,0.2617069609755642
toy,5,18,0.031623,38,3,2,-0.0355076917073932,-0.0360082304526749,3,0.0327720190642899,0.0,0.2617069609755642
toy,5,18,0.056234,38,3,2,0.0168954593453009,1.0,2,0.0003198460548481,0.0003987319951093,0.2612525609139579
toy,5,18,0.1,38,3,7,0.0168954593453009,1.0,2,0.0003198460548481,0.0003987319951093,0.2612525609139579
toy,5,18,0.177828,38,3,2,0.0168954593453009,0.0906801007556675,2,0.0003198460548481,0.0003987319951093,0.2612525609139579
toy,5,18,0.316228,38,3,9,0.7113798380173926,0.7113798380173926,3,0.2395634476930926,0.0003987319951093,0.2674541724824247
toy,5,18,0.5,38,3,9,1.0,1.0,3,0.7502208419997995,0.7998210584489398,0.1317692961556776
toy,5,18,0.562341,38,3,9,1.0,0.0168954593453009,3,0.7502208419997995,0.7998210584489398,0.1317692961556776
toy,5,18,1.0,38,3,9,0.0168954593453009,1.0,2,0.0007886183399817,0.0009259802358069,0.2615792369231229
toy,5,18,1.778279,38,3,9,0.0168954593453009,0.2136181575433912,2,0.0007886183399817,0.0009259802358069,0.2615792369231229
toy,5,18,3.162278,38,3,9,-0.0200298921047751,0.1702469194089042,3,0.0616675434442073,0.0009259802358069,0.2635641308332998
toy,5,18,5.623413,38,3,8,0.7113798380173926,0.6857866507747318,3,0.1962095185105873,0.0009259802358069,0.2676916314084023
toy,5,18,10.0,38,3,4,0.915831903260566,1.0,3,0.7266040639128443,0.8099288603122046,0.0211478578729554
toy,5,18,17.782794,38,3,4,0.915831903260566,0.4636937374297801,3,0.7266040639128443,0.8099288603122046,0.0211478578729554
toy,5,18,31.622777,38,3,4,0.4902807029658529,0.4636937374297801,3,0.6931304067079793,0.8099288603122046,0.0821877248678294
toy,5,18,56.234133,38,3,4,0.915831903260566,1.0,3,0.7266040639128443,0.8099288603122046,0.0211478578729554
toy,5,18,100.0,38,3,4,0.915831903260566,1.0,3,0.7266040639128443,0.8099288603122046,0.0211478578729554
toy,5,18,177.827941,38,3,4,0.915831903260566,1.0,3,0.7266040639128443,0.8099288603122046,0.0211478578729554
toy,5,18,316.227766,38,3,3,0.915831903260566,1.0,3,0.7266040639128443,0.8099288603122046,0.0211478578729554
toy,5,18,562.341325,38,3,3,0.915831903260566,1.0,3,0.7266040639128443,0.8099288603122046,0.0211478578729554
toy,5,18,1000.0,38,3,3,0.915831903260566,,3,0.7266040639128443,0.8099288603122046,0.0211478578729554
toy,5,19,0.001,38,3,1,-0.0050377833753148,0.6481481481481481,2,0.0582341084096725,0.0750553167031818,0.2498526908901694
toy,5,19,0.001778,38,3,1,-0.0072631105623766,1.0,3,0.0833246540599829,0.1055705886699998,0.244739283053615
toy,5,19,0.003162,38,3,1,-0.0072631105623766,-0.0360082304526749,3,0.0833246540599829,0.1055705886699998,0.244739283053615
toy,5,19,0.005623,38,3,1,0.0002798768541841,-0.0360082304526749,2,0.0133639503876849,0.0,0.2600291611110324
toy,5,19,0.01,38,3,1,0.0034524544436061,-0.0360082304526749,3,0.0264247880489034,0.0,0.2605398825676125
toy,5,19,0.017783,38,3,1,0.0002798768541841,1.0,2,0.012259773717554,0.0,0.260070094931694
toy,5,19,0.031623,38,3,1,0.0002798768541841,0.2986577181208054,2,0.012259773717554,0.0,0.260070094931694
toy,5,19,0.056234,38,3,3,0.0486034953449844,-0.0413870246085011,3,0.0606115920170152,0.0,0.2616837227743493
toy,5,19,0.1,38,3,1,0.0906801007556675,1.0,2,0.0003182104400802,0.0003991924854273,0.259647656651112
toy,5,19,0.177828,38,3,10,0.0906801007556675,0.0906801007556675,2,0.0003182104400802,0.0003991924854273,0.259647656651112
toy,5,19,0.316228,38,3,10,1.0,1.0,3,0.2279630700877059,0.0003991924854273,0.2667460269831607
toy,5,19,0.5,38,3,10,1.0,1.0,3,0.2279630700877059,0.0003991924854273,0.2667460269831607
toy,5,19,0.562341,38,3,10,1.0,-0.0050377833753148,3,0.2279630700877059,0.0003991924854273,0.2667460269831607
toy,5,19,1.0,38,3,10,-0.0050377833753148,1.0,2,0.0033608608778519,0.0027725495307251,0.2606061749165075
toy,5,19,1.778279,38,3,8,-0.0050377833753148,1.0,2,0.0033608608778519,0.0027725495307251,0.2606061749165075
toy,5,19,3.162278,38,3,8,-0.0050377833753148,0.0906801007556675,2,0.0033608608778519,0.0027725495307251,0.2606061749165075
toy,5,19,5.623413,38,3,5,0.896951040750513,0.6857866507747318,3,0.1771152464408754,0.0027725495307251,0.2676968490055015
toy,5,19,10.0,38,3,5,0.6334177592371871,0.3847137831787656,3,0.667121771342198,0.7556306959322314,0.0311626117583323
toy,5,19,17.782794,38,3,4,0.1143922909543052,0.3847137831787656,3,0.6394731580586246,0.7556306959322314,0.0821220638920823
toy,5,19,31.622777,38,3,4,0.6334177592371871,1.0,3,0.667121771342198,0.7556306959322314,0.0311626117583323
toy,5,19,56.234133,38,3,4,0.6334177592371871,1.0,3,0.667121771342198,0.7556306959322314,0.0311626117583323
toy,5,19,100.0,38,3,4,0.6334177592371871,1.0,3,0.667121771342198,0.7556306959322314,0.0311626117583323
toy,5,19,177.827941,38,3,4,0.6334177592371871,1.0,3,0.667121771342198,0.7556306959322314,0.0311626117583323
toy,5,19,316.227766,38,3,3,0.6334177592371871,1.0,3,0.667121771342198,0.7556306959322314,0.0311626117583323
toy,5,19,562.341325,38,3,3,0.6334177592371871,1.0,3,0.667121771342198,0.7556306959322314,0.0311626117583323
toy,5,19,1000.0,38,3,3,0.6334177592371871,,3,0.667121771342198,0.7556306959322314,0.0311626117583323
toy,5,20,0.001,38,3,1,0.0216317893251822,-0.0360082304526749,2,0.0527085112003986,0.0691277193901613,0.2466649429120954
toy,5,20,0.001778,38,3,1,0.0336045761640747,1.0,3,0.0791055402612905,0.101653207083811,0.2399747829108446
toy,5,20,0.003162,38,3,1,0.0336045761640747,-0.0547292889758643,3,0.0791055402612905,0.101653207083811,0.2399747829108446
toy,5,20,0.005623,38,3,1,-0.0350965203171521,-0.0744101633393829,3,0.0277813511284154,0.0,0.2572067994083351
toy,5,20,0.01,38,3,2,-0.0572833599149388,-0.0421052631578947,3,0.0567427677556307,0.0,0.2585373482208117
toy,5,20,0.017783,38,3,1,-0.018575123442276,-0.027027027027027,2,0.0151311825002181,0.0,0.2567232514033392
toy,5,20,0.031623,38,3,1,0.0126969198213026,0.6481481481481481,2,0.0003166659498667,0.0003996537125093,0.2563439044074104
toy,5,20,0.056234,38,3,1,-0.0076160817246613,1.0,3,0.0154112334821611,0.0003996537125093,0.2567374719600687
toy,5,20,0.1,38,3,1,-0.0076160817246613,0.0891769744914679,3,0.0154112334821611,0.0003996537125093,0.2567374719600687
toy,5,20,0.177828,38,3,1,0.7085309628843411,0.7085309628843411,3,0.2227046351906371,0.0003996537125093,0.2636079434715929
toy,5,20,0.316228,38,3,10,1.0,1.0,3,0.7014758732462195,0.7583624112084137,0.1555380038737878
toy,5,20,0.5,38,3,10,1.0,1.0,3,0.7014758732462195,0.7583624112084137,0.1555380038737878
toy,5,20,0.562341,38,3,10,1.0,0.0126969198213026,3,0.7014758732462195,0.7583624112084137,0.1555380038737878
toy,5,20,1.0,38,3,10,0.0126969198213026,1.0,2,0.0067857240824834,0.0059091574300139,0.2584193968696897
toy,5,20,1.778279,38,3,8,0.0126969198213026,1.0,2,0.0067857240824834,0.0059091574300139,0.2584193968696897
toy,5,20,3.162278,38,3,8,0.0126969198213026,0.0906801007556675,2,0.0067857240824834,0.0059091574300139,0.2584193968696897
toy,5,20,5.623413,38,3,4,0.7085309628843411,0.6857866507747318,3,0.1697951193956885,0.0059091574300139,0.265560865412518
toy,5,20,10.0,38,3,4,0.9127915219394628,1.0,3,0.6314197757083839,0.7229450615101903,0.0392517937000262
toy,5,20,17.782794,38,3,4,0.9127915219394628,1.0,3,0.6314197757083839,0.7229450615101903,0.0392517937000262
toy,5,20,31.622777,38,3,4,0.9127915219394628,1.0,3,0.6314197757083839,0.7229450615101903,0.0392517937000262
toy,5,20,56.234133,38,3,4,0.9127915219394628,1.0,3,0.6314197757083839,0.7229450615101903,0.0392517937000262
toy,5,20,100.0,38,3,4,0.9127915219394628,1.0,3,0.6314197757083839,0.7229450615101903,0.0392517937000262
toy,5,20,177.827941,38,3,4,0.9127915219394628,1.0,3,0.6314197757083839,0.7229450615101903,0.0392517937000262
toy,5,20,316.227766,38,3,3,0.9127915219394628,1.0,3,0.6314197757083839,0.7229450615101903,0.0392517937000262
toy,5,20,562.341325,38,3,3,0.9127915219394628,1.0,3,0.6314197757083839,0.7229450615101903,0.0392517937000262
toy,5,20,1000.0,38,3,3,0.9127915219394628,,3,0.6314197757083839,0.7229450615101903,0.0392517937000262
toy,5,21,0.001,38,3,1,0.0502999703773148,-0.0352880124545926,2,0.0674543505708637,0.0898408419212913,0.2462222028459555
toy,5,21,0.001778,38,3,1,0.0126969198213026,0.0,2,0.0354190215980939,0.0479870742807129,0.2509536262207723
toy,5,21,0.003162,38,3,1,0.0,0.0,1,0.0,0.0,0.2572558043643988
toy,5,21,0.005623,38,3,2,-0.0462705891775007,-0.080317380668632,3,0.0331338012351167,0.0,0.2586748191549845
toy,5,21,0.01,38,3,2,-0.0462705891775007,-0.0396510705789056,3,0.0361805056400561,0.0,0.2586525516222368
toy,5,21,0.017783,38,3,2,-0.018575123442276,-0.0360082304526749,2,0.014720338302052,0.0,0.2576594780342614
toy,5,21,0.031623,38,3,1,-0.0076160817246613,1.0,3,0.0087457410538014,0.0003991924854273,0.2577486097221768
toy,5,21,0.056234,38,3,1,-0.0076160817246613,1.0,3,0.0087457410538014,0.0003991924854273,0.2577486097221768
toy,5,21,0.1,38,3,3,-0.0076160817246613,1.0,3,0.0087457410538014,0.0003991924854273,0.2577486097221768
toy,5,21,0.177828,38,3,1,-0.0076160817246613,-0.008953802625855,3,0.0087457410538014,0.0003991924854273,0.2577486097221768
toy,5,21,0.316228,38,3,10,0.4768730662280186,0.4768730662280186,3,0.2038824546153013,0.0,0.2649549791139129
toy,5,21,0.5,38,3,10,1.0,1.0,3,0.5535340992443749,0.5743289081387526,0.2478824593293743
toy,5,21,0.562341,38,3,10,1.0,0.0126969198213026,3,0.5535340992443749,0.5743289081387526,0.2478824593293743
toy,5,21,1.0,38,3,10,0.0126969198213026,1.0,2,0.0529138895362606,0.0630653848052413,0.2788883730316554
toy,5,21,1.778279,38,3,9,0.0126969198213026,1.0,2,0.0529138895362606,0.0630653848052413,0.2788883730316554
toy,5,21,3.162278,38,3,7,0.0126969198213026,0.1337386018237082,2,0.0529138895362606,0.0630653848052413,0.2788883730316554
toy,5,21,5.623413,38,3,8,0.5289084902131904,0.5289084902131904,3,0.6215294140314563,0.7319079324238468,0.1158806613268581
toy,5,21,10.0,38,3,4,1.0,0.9127915219394628,3,0.5535340992443749,0.5743289081387526,0.2478824593293743
toy,5,21,17.782794,38,3,4,0.9127915219394628,1.0,3,0.6275479185391581,0.7319079324238468,0.062814397455199
toy,5,21,31.622777,38,3,4,0.9127915219394628,1.0,3,0.6275479185391581,0.7319079324238468,0.062814397455199
toy,5,21,56.234133,38,3,4,0.9127915219394628,1.0,3,0.6275479185391581,0.7319079324238468,0.062814397455199
toy,5,21,100.0,38,3,4,0.9127915219394628,1.0,3,0.6275479185391581,0.7319079324238468,0.062814397455199
toy,5,21,177.827941,38,3,4,0.9127915219394628,1.0,3,0.6275479185391581,0.7319079324238468,0.062814397455199
toy,5,21,316.227766,38,3,3,0.9127915219394628,1.0,3,0.6275479185391581,0.7319079324238468,0.062814397455199
toy,5,21,562.341325,38,3,3,0.9127915219394628,1.0,3,0.6275479185391581,0.7319079324238468,0.062814397455199
toy,5,21,1000.0,38,3,3,0.9127915219394628,,3,0.6275479185391581,0.7319079324238468,0.062814397455199
toy,5,22,0.001,38,3,1,0.0804079126511652,-0.0396510705789056,3,0.0936343987358858,0.1226510190701864,0.2425665104775477
toy,5,22,0.001778,38,3,1,0.0216317893251822,0.0,2,0.0633160148489912,0.083729746493773,0.2482984105408719
toy,5,22,0.003162,38,3,1,0.0,0.0,1,0.0,0.0,0.2592823223998539
toy,5,22,0.005623,38,3,1,-0.0462705891775007,-0.0396510705789056,3,0.0381605072683274,0.0,0.2609858090739215
toy,5,22,0.01,38,3,1,-0.018575123442276,-0.027027027027027,2,0.0061834205562306,0.0,0.2596630817237904
toy,5,22,0.017783,38,3,1,0.0126969198213026,-0.027027027027027,2,0.0003128503978256,0.0003991924854273,0.2592736648108401
toy,5,22,0.031623,38,3,1,-0.018575123442276,1.0,2,0.013319280076597,0.0,0.2597082924030184
toy,5,22,0.056234,38,3,1,-0.018575123442276,0.6481481481481481,2,0.013319280076597,0.0,0.2597082924030184
toy,5,22,0.1,38,3,3,-0.0350965203171521,0.0960552298437093,3,0.0282976862105313,0.0,0.260138026835387
toy,5,22,0.177828,38,3,10,0.6624976202498117,0.6624976202498117,3,0.2047934027146678,0.0,0.2676289092193492
toy,5,22,0.316228,38,3,10,1.0,1.0,3,0.7713912820514933,0.8763522814604482,0.1005758517592537
toy,5,22,0.5,38,3,10,1.0,1.0,3,0.7713912820514933,0.8763522814604482,0.1005758517592537
toy,5,22,0.562341,38,3,10,1.0,0.0126969198213026,3,0.7713912820514933,0.8763522814604482,0.1005758517592537
toy,5,22,1.0,38,3,9,0.0126969198213026,1.0,2,0.0011890546297975,0.0011010531302479,0.2596199578922614
toy,5,22,1.778279,38,3,10,0.0126969198213026,1.0,2,0.0011890546297975,0.0011010531302479,0.2596199578922614
toy,5,22,3.162278,38,3,10,0.0126969198213026,0.0906801007556675,2,0.0011890546297975,0.0011010531302479,0.2596199578922614
toy,5,22,5.623413,38,3,4,0.7085309628843411,0.6857866507747318,3,0.1788381320903135,0.0011010531302479,0.267792199446471
toy,5,22,10.0,38,3,4,0.9127915219394628,1.0,3,0.7367109453387387,0.8557862998113795,0.0208493290964247
toy,5,22,17.782794,38,3,4,0.9127915219394628,1.0,3,0.7367109453387387,0.8557862998113795,0.0208493290964247
toy,5,22,31.622777,38,3,4,0.9127915219394628,1.0,3,0.7367109453387387,0.8557862998113795,0.0208493290964247
toy,5,22,56.234133,38,3,4,0.9127915219394628,1.0,3,0.7367109453387387,0.8557862998113795,0.0208493290964247
toy,5,22,100.0,38,3,4,0.9127915219394628,1.0,3,0.7367109453387387,0.8557862998113795,0.0208493290964247
toy,5,22,177.827941,38,3,4,0.9127915219394628,1.0,3,0.7367109453387387,0.8557862998113795,0.0208493290964247
toy,5,22,316.227766,38,3,3,0.9127915219394628,1.0,3,0.7367109453387387,0.8557862998113795,0.0208493290964247
toy,5,22,562.341325,38,3,3,0.9127915219394628,1.0,3,0.7367109453387387,0.8557862998113795,0.0208493290964247
toy,5,22,1000.0,38,3,3,0.9127915219394628,,3,0.7367109453387387,0.8557862998113795,0.0208493290964247
toy,5,23,0.001,38,3,1,0.0168954593453009,-0.027027027027027,2,0.0351586280429283,0.0485797447695634,0.2495495599786055
toy,5,23,0.001778,38,3,1,0.0168954593453009,-0.0360082304526749,2,0.035103430945504,0.0482696262727339,0.2492966166607399
toy,5,23,0.003162,38,3,1,-0.0355076917073932,-0.0534657580696323,3,0.0246738418182953,0.0,0.2570577034754472
toy,5,23,0.005623,38,3,1,-0.0324932738923042,-0.0534657580696323,2,0.0267050480753534,0.0,0.2569387570447637
toy,5,23,0.01,38,3,2,-0.0355076917073932,-0.0360082304526749,3,0.0207903708631598,0.0,0.2571229891764925
toy,5,23,0.017783,38,3,1,0.0168954593453009,1.0,2,0.000311067813879,0.0003989621482887,0.2559561795612056
toy,5,23,0.031623,38,3,1,0.0168954593453009,1.0,2,0.000311067813879,0.0003989621482887,0.2559561795612056
toy,5,23,0.056234,38,3,3,0.0168954593453009,0.3679060665362035,2,0.000311067813879,0.0003989621482887,0.2559561795612056
toy,5,23,0.1,38,3,1,-0.0285454117598911,0.2080106136183396,3,0.0366212657210689,0.0003989621482887,0.2575190343491798
toy,5,23,0.177828,38,3,9,0.56714579927387,0.56714579927387,3,0.1954778084561819,0.0,0.264296126082842
toy,5,23,0.316228,38,3,9,1.0,1.0,3,0.7586177379636496,0.8708515104936062,0.103710622204783
toy,5,23,0.5,38,3,9,1.0,1.0,3,0.7586177379636496,0.8708515104936062,0.103710622204783
toy,5,23,0.562341,38,3,9,1.0,0.0168954593453009,3,0.7586177379636496,0.8708515104936062,0.103710622204783
toy,5,23,1.0,38,3,10,0.0168954593453009,1.0,2,0.001338443231127,0.0012802229665573,0.2564597107360747
toy,5,23,1.778279,38,3,10,0.0168954593453009,1.0,2,0.001338443231127,0.0012802229665573,0.2564597107360747
toy,5,23,3.162278,38,3,7,0.0168954593453009,0.0906801007556675,2,0.001338443231127,0.0012802229665573,0.2564597107360747
toy,5,23,5.623413,38,3,7,0.7113798380173926,0.6857866507747318,3,0.1711509109809948,0.0012802229665573,0.2646790822695839
toy,5,23,10.0,38,3,4,0.915831903260566,0.4646692750045952,3,0.7236831087894008,0.8490229436820758,0.0242138210172094
toy,5,23,17.782794,38,3,4,0.4204042942486167,0.4646692750045952,3,0.123345649713469,0.0012802229665573,0.2603551929828724
toy,5,23,31.622777,38,3,4,0.915831903260566,1.0,3,0.7236831087894008,0.8490229436820758,0.0242138210172094
toy,5,23,56.234133,38,3,4,0.915831903260566,1.0,3,0.7236831087894008,0.8490229436820758,0.0242138210172094
toy,5,23,100.0,38,3,4,0.915831903260566,1.0,3,0.7236831087894008,0.8490229436820758,0.0242138210172094
toy,5,23,177.827941,38,3,4,0.915831903260566,1.0,3,0.7236831087894008,0.8490229436820758,0.0242138210172094
toy,5,23,316.227766,38,3,3,0.915831903260566,1.0,3,0.7236831087894008,0.8490229436820758,0.0242138210172094
toy,5,23,562.341325,38,3,3,0.915831903260566,1.0,3,0.7236831087894008,0.8490229436820758,0.0242138210172094
toy,5,23,1000.0,38,3,3,0.915831903260566,,3,0.7236831087894008,0.8490229436820758,0.0242138210172094
toy,5,24,0.001,38,3,1,0.0126969198213026,-0.027027027027027,2,0.0343560741702331,0.0479870742807129,0.2497279014497934
toy,5,24,0.001778,38,3,1,0.0216317893251822,-0.0352880124545926,2,0.0280074108189742,0.0381303278720832,0.2499496317508941
toy,5,24,0.003162,38,3,1,-0.0320836466501951,-0.0522098961084698,2,0.0212852499189999,0.0,0.2565239427885274
toy,5,24,0.005623,38,3,1,-0.0320836466501951,-0.0522098961084698,2,0.0231906507787458,0.0,0.2563992277334698
toy,5,24,0.01,38,3,4,-0.0320836466501951,1.0,2,0.0212852499189999,0.0,0.2563502089359156
toy,5,24,0.017783,38,3,2,-0.0320836466501951,0.6290698035320773,2,0.0212852499189999,0.0,0.2563502089359156
toy,5,24,0.031623,38,3,1,-0.0548231747539963,-0.0415180019461563,3,0.0436592120627967,0.0,0.2572004379352692
toy,5,24,0.056234,38,3,1,0.0126969198213026,1.0,2,0.0003096785402491,0.0003991924854273,0.2555260271504259
toy,5,24,0.1,38,3,1,0.0126969198213026,1.0,2,0.0003096785402491,0.0003991924854273,0.2555260271504259
toy,5,24,0.177828,38,3,9,0.0126969198213026,0.0126969198213026,2,0.0003096785402491,0.0003991924854273,0.2555260271504259
toy,5,24,0.316228,38,3,9,1.0,1.0,3,0.6937530546795915,0.7888587273638693,0.1444113002288191
toy,5,24,0.5,38,3,9,1.0,1.0,3,0.6937530546795915,0.7888587273638693,0.1444113002288191
toy,5,24,0.562341,38,3,9,1.0,0.0126969198213026,3,0.6937530546795915,0.7888587273638693,0.1444113002288191
toy,5,24,1.0,38,3,9,0.0126969198213026,1.0,2,0.0026770235681942,0.0036122411227383,0.2567936751558264
toy,5,24,1.778279,38,3,9,0.0126969198213026,1.0,2,0.0026770235681942,0.0036122411227383,0.2567936751558264
toy,5,24,3.162278,38,3,9,0.0126969198213026,0.0906801007556675,2,0.0026770235681942,0.0036122411227383,0.2567936751558264
toy,5,24,5.623413,38,3,6,0.7085309628843411,0.6857866507747318,3,0.1639610752995258,0.0036122411227383,0.2656261155083782
toy,5,24,10.0,38,3,4,0.9127915219394628,0.4433006018371872,3,0.6868056018982686,0.813666731172025,0.0300143963329815
toy,5,24,17.782794,38,3,4,0.408228184589211,0.4433006018371872,3,0.1159777323825661,0.0036122411227383,0.2618061628173181
toy,5,24,31.622777,38,3,4,0.9127915219394628,1.0,3,0.6868056018982686,0.813666731172025,0.0300143963329815
toy,5,24,56.234133,38,3,4,0.9127915219394628,1.0,3,0.6868056018982686,0.813666731172025,0.0300143963329815
toy,5,24,100.0,38,3,4,0.9127915219394628,1.0,3,0.6868056018982686,0.813666731172025,0.0300143963329815
toy,5,24,177.827941,38,3,4,0.9127915219394628,1.0,3,0.6868056018982686,0.813666731172025,0.0300143963329815
toy,5,24,316.227766,38,3,3,0.9127915219394628,1.0,3,0.6868056018982686,0.813666731172025,0.0300143963329815
toy,5,24,562.341325,38,3,3,0.9127915219394628,1.0,3,0.6868056018982686,0.813666731172025,0.0300143963329815
toy,5,24,1000.0,38,3,1,0.9127915219394628,,3,0.6868056018982686,0.813666731172025,0.0300143963329815
toy,5,25,0.001,38,3,1,-0.054159405499206,-0.0352880124545926,2,0.0628914500637223,0.0867956593933375,0.2411566713926385
toy,5,25,0.001778,38,3,1,-0.029657589646805,-0.0360082304526749,2,0.0317907634023442,0.044861258934737,0.2464283915771434
toy,5,25,0.003162,38,3,1,0.1294566843816108,-0.0534657580696323,3,0.0244024950673579,0.0,0.2532586755231376
toy,5,25,0.005623,38,3,1,0.0805243514687514,-0.0352880124545926,2,0.0217014810343499,0.0,0.2532861073206839
toy,5,25,0.01,38,3,1,0.036937179832839,-0.027027027027027,2,0.0114108895356424,0.0,0.2528066181145649
toy,5,25,0.017783,38,3,1,0.036937179832839,-0.027027027027027,2,0.0123521915101348,0.0,0.2527336003547117
toy,5,25,0.031623,38,3,1,-0.029657589646805,1.0,2,0.0003081971500874,0.0003991924854273,0.2521791545196179
toy,5,25,0.056234,38,3,2,-0.029657589646805,1.0,2,0.0003081971500874,0.0003991924854273,0.2521791545196179
toy,5,25,0.1,38,3,3,-0.029657589646805,0.1337386018237082,2,0.0003081971500874,0.0003991924854273,0.2521791545196179
toy,5,25,0.177828,38,3,10,0.6302594670406733,0.0906838299463907,3,0.1144968251602884,0.0003991924854273,0.2574840289937409
toy,5,25,0.316228,38,3,10,0.2489568962616508,0.2489568962616508,3,0.7203211885087304,0.832328951867186,0.1253423315172641
toy,5,25,0.5,38,3,10,1.0,0.2489568962616508,3,0.1652182896660318,0.0,0.260192430775593
toy,5,25,0.562341,38,3,10,0.2489568962616508,0.0126969198213026,3,0.7203211885087304,0.832328951867186,0.1253423315172641
toy,5,25,1.0,38,3,10,-0.029657589646805,1.0,2,0.0181853652420613,0.023116430151412,0.2596855389999297
toy,5,25,1.778279,38,3,9,-0.029657589646805,1.0,2,0.0181853652420613,0.023116430151412,0.2596855389999297
toy,5,25,3.162278,38,3,9,-0.029657589646805,1.0,2,0.0181853652420613,0.023116430151412,0.2596855389999297
toy,5,25,5.623413,38,3,6,-0.029657589646805,-0.021505376344086,2,0.0181853652420613,0.023116430151412,0.2596855389999297
toy,5,25,10.0,38,3,4,0.1862879957055626,0.4669353873169174,3,0.6357595537891659,0.7603778497618627,0.0447631872728267
toy,5,25,17.782794,38,3,4,0.1569856731113121,0.4669353873169174,3,0.6138272011302619,0.7603778497618627,0.0790176034832517
toy,5,25,31.622777,38,3,4,0.1862879957055626,1.0,3,0.6357595537891659,0.7603778497618627,0.0447631872728267
toy,5,25,56.234133,38,3,4,0.1862879957055626,1.0,3,0.6357595537891659,0.7603778497618627,0.0447631872728267
toy,5,25,100.0,38,3,4,0.1862879957055626,1.0,3,0.6357595537891659,0.7603778497618627,0.0447631872728267
toy,5,25,177.827941,38,3,4,0.1862879957055626,1.0,3,0.6357595537891659,0.7603778497618627,0.0447631872728267
toy,5,25,316.227766,38,3,3,0.1862879957055626,1.0,3,0.6357595537891659,0.7603778497618627,0.0447631872728267
toy,5,25,562.341325,38,3,3,0.1862879957055626,1.0,3,0.6357595537891659,0.7603778497618627,0.0447631872728267
toy,5,25,1000.0,38,3,1,0.1862879957055626,,3,0.6357595537891659,0.7603778497618627,0.0447631872728267
toy,5,26,0.001,38,3,1,0.0126969198213026,-0.0396510705789056,2,0.0764928285540296,0.1023742529659142,0.2332635740045565
toy,5,26,0.001778,38,3,1,0.0804079126511652,-0.0631355893832236,3,0.0871249934646791,0.1182378298538428,0.2311991120814752
toy,5,26,0.003162,38,3,1,-0.0320836466501951,-0.0534657580696323,2,0.0175526140695555,0.0,0.2467980292554383
toy,5,26,0.005623,38,3,1,-0.0350965203171521,-0.0547292889758643,3,0.0202250472301214,0.0,0.2469683830710609
toy,5,26,0.01,38,3,3,-0.0350965203171521,-0.0547292889758643,3,0.0247273609291678,0.0,0.2469496042067586
toy,5,26,0.017783,38,3,2,-0.0350965203171521,-0.0360082304526749,3,0.0138693955370335,0.0,0.2468698573697577
toy,5,26,0.031623,38,3,3,0.0126969198213026,1.0,2,0.0003064679619448,0.0003987319951093,0.2458499842724482
toy,5,26,0.056234,38,3,1,0.0126969198213026,1.0,2,0.0003064679619448,0.0003987319951093,0.2458499842724482
toy,5,26,0.1,38,3,2,0.0126969198213026,0.0906801007556675,2,0.0003064679619448,0.0003987319951093,0.2458499842724482
toy,5,26,0.177828,38,3,10,0.7085309628843411,0.7085309628843411,3,0.1764276873374735,0.0003987319951093,0.2551638529242987
toy,5,26,0.316228,38,3,10,1.0,1.0,3,0.5795008287573689,0.655482464771718,0.2112909792116203
toy,5,26,0.5,38,3,10,1.0,1.0,3,0.5795008287573689,0.655482464771718,0.2112909792116203
toy,5,26,0.562341,38,3,10,1.0,0.0126969198213026,3,0.5795008287573689,0.655482464771718,0.2112909792116203
toy,5,26,1.0,38,3,10,0.0126969198213026,1.0,2,0.0093065432950154,0.0089236658440893,0.2499460773536177
toy,5,26,1.778279,38,3,10,0.0126969198213026,1.0,2,0.0093065432950154,0.0089236658440893,0.2499460773536177
toy,5,26,3.162278,38,3,9,0.0126969198213026,0.0906801007556675,2,0.0093065432950154,0.0089236658440893,0.2499460773536177
toy,5,26,5.623413,38,3,4,0.7085309628843411,0.6857866507747318,3,0.136565078500723,0.0089236658440893,0.2592855466158853
toy,5,26,10.0,38,3,4,0.9127915219394628,1.0,3,0.585584027175943,0.7123050079762338,0.051570235251589
toy,5,26,17.782794,38,3,4,0.9127915219394628,1.0,3,0.585584027175943,0.7123050079762338,0.051570235251589
toy,5,26,31.622777,38,3,4,0.9127915219394628,1.0,3,0.585584027175943,0.7123050079762338,0.051570235251589
toy,5,26,56.234133,38,3,4,0.9127915219394628,1.0,3,0.585584027175943,0.7123050079762338,0.051570235251589
toy,5,26,100.0,38,3,4,0.9127915219394628,1.0,3,0.585584027175943,0.7123050079762338,0.051570235251589
toy,5,26,177.827941,38,3,4,0.9127915219394628,1.0,3,0.585584027175943,0.7123050079762338,0.051570235251589
toy,5,26,316.227766,38,3,3,0.9127915219394628,1.0,3,0.585584027175943,0.7123050079762338,0.051570235251589
toy,5,26,562.341325,38,3,3,0.9127915219394628,1.0,3,0.585584027175943,0.7123050079762338,0.051570235251589
toy,5,26,1000.0,38,3,1,0.9127915219394628,,3,0.585584027175943,0.7123050079762338,0.051570235251589
toy,5,27,0.001,38,3,1,0.0502999703773148,-0.0534657580696323,2,0.214726997414151,0.2656717432129397,0.2171886403704591
toy,5,27,0.001778,38,3,1,0.0336045761640747,-0.0534657580696323,3,0.0585827199512412,0.0809335856734756,0.2362757997443982
toy,5,27,0.003162,38,3,1,0.0502999703773148,-0.0522098961084698,2,0.0503827278721732,0.0704086553344782,0.2404525420596294
toy,5,27,0.005623,38,3,1,-0.0320836466501951,0.0,2,0.0215924775048219,0.0,0.2498532689107738
toy,5,27,0.01,38,3,1,0.0,0.0,1,0.0,0.0,0.248759031909736
toy,5,27,0.017783,38,3,1,-0.0350965203171521,-0.0360082304526749,3,0.0162215267524429,0.0,0.2498032065716046
toy,5,27,0.031623,38,3,1,0.0126969198213026,1.0,2,0.000305267244435,0.0003989621482887,0.2487600616556244
toy,5,27,0.056234,38,3,1,0.0126969198213026,1.0,2,0.000305267244435,0.0003989621482887,0.2487600616556244
toy,5,27,0.1,38,3,2,0.0126969198213026,0.4726407613005551,2,0.000305267244435,0.0003989621482887,0.2487600616556244
toy,5,27,0.177828,38,3,1,-0.0228116073573774,0.1043621812700748,3,0.0218483883277238,0.0003989621482887,0.2498905822002351
toy,5,27,0.316228,38,3,10,0.5328142618881224,0.5328142618881224,3,0.1780599612598195,0.0,0.2584692832517035
toy,5,27,0.5,38,3,9,1.0,1.0,3,0.6461885571052226,0.7497529008342912,0.1649801775747459
toy,5,27,0.562341,38,3,9,1.0,0.0126969198213026,3,0.6461885571052226,0.7497529008342912,0.1649801775747459
toy,5,27,1.0,38,3,8,0.0126969198213026,1.0,2,0.0011160899898518,3.3504478615362806e-05,0.2487696835599499
toy,5,27,1.778279,38,3,9,0.0126969198213026,1.0,2,0.0011160899898518,3.3504478615362806e-05,0.2487696835599499
toy,5,27,3.162278,38,3,8,0.0126969198213026,0.0906801007556675,2,0.0011160899898518,3.3504478615362806e-05,0.2487696835599499
toy,5,27,5.623413,38,3,4,0.7085309628843411,0.6857866507747318,3,0.1402413252587635,3.3504478615362806e-05,0.2584112876107041
toy,5,27,10.0,38,3,4,0.9127915219394628,1.0,3,0.6173088498654594,0.7522317081173432,0.0406712552742613
toy,5,27,17.782794,38,3,4,0.9127915219394628,1.0,3,0.6173088498654594,0.7522317081173432,0.0406712552742613
toy,5,27,31.622777,38,3,4,0.9127915219394628,1.0,3,0.6173088498654594,0.7522317081173432,0.0406712552742613
toy,5,27,56.234133,38,3,4,0.9127915219394628,1.0,3,0.6173088498654594,0.7522317081173432,0.0406712552742613
toy,5,27,100.0,38,3,4,0.9127915219394628,1.0,3,0.6173088498654594,0.7522317081173432,0.0406712552742613
toy,5,27,177.827941,38,3,4,0.9127915219394628,1.0,3,0.6173088498654594,0.7522317081173432,0.0406712552742613
toy,5,27,316.227766,38,3,3,0.9127915219394628,1.0,3,0.6173088498654594,0.7522317081173432,0.0406712552742613
toy,5,27,562.341325,38,3,3,0.9127915219394628,1.0,3,0.6173088498654594,0.7522317081173432,0.0406712552742613
toy,5,27,1000.0,38,3,1,0.9127915219394628,,3,0.6173088498654594,0.7522317081173432,0.0406712552742613
toy,5,28,0.001,38,3,1,0.0126969198213026,-0.0352880124545926,2,0.0327749583428094,0.0473096760883946,0.2423230716637547
toy,5,28,0.001778,38,3,1,-0.0320836466501951,0.0,2,0.0193761556760438,0.0,0.2501850781256765
toy,5,28,0.003162,38,3,1,0.0,0.0,1,0.0,0.0,0.2490409928813686
toy,5,28,0.005623,38,3,1,-0.0462705891775007,-0.0647865991092518,3,0.033852080639108,0.0,0.2507796899593033
toy,5,28,0.01,38,3,1,-0.0350965203171521,1.0,3,0.0244791944990123,0.0,0.250214772680307
toy,5,28,0.017783,38,3,1,-0.0350965203171521,-0.0360082304526749,3,0.0244791944990123,0.0,0.250214772680307
toy,5,28,0.031623,38,3,2,0.0126969198213026,1.0,2,0.0003038139246553,0.0003987319951093,0.2490251036114259
toy,5,28,0.056234,38,3,2,0.0126969198213026,1.0,2,0.0003038139246553,0.0003987319951093,0.2490251036114259
toy,5,28,0.1,38,3,1,0.0126969198213026,0.0906801007556675,2,0.0003038139246553,0.0003987319951093,0.2490251036114259
toy,5,28,0.177828,38,3,10,0.7085309628843411,0.7085309628843411,3,0.1795585299636313,0.0003987319951093,0.2591381600238019
toy,5,28,0.316228,38,3,10,1.0,1.0,3,0.6529864728899581,0.7657540895618038,0.1597793142056038
toy,5,28,0.5,38,3,10,1.0,1.0,3,0.6529864728899581,0.7657540895618038,0.1597793142056038
toy,5,28,0.562341,38,3,10,1.0,0.0126969198213026,3,0.6529864728899581,0.7657540895618038,0.1597793142056038
toy,5,28,1.0,38,3,9,0.0126969198213026,1.0,2,0.0066005655941713,0.0058851077768901,0.2509009034365835
toy,5,28,1.778279,38,3,10,0.0126969198213026,1.0,2,0.0066005655941713,0.0058851077768901,0.2509009034365835
toy,5,28,3.162278,38,3,5,0.0126969198213026,1.0,2,0.0066005655941713,0.0058851077768901,0.2509009034365835
toy,5,28,5.623413,38,3,5,0.0126969198213026,-0.021505376344086,2,0.0066005655941713,0.0058851077768901,0.2509009034365835
toy,5,28,10.0,38,3,4,0.9127915219394628,1.0,3,0.5936004903442745,0.7295063280838135,0.0488643604818396
toy,5,28,17.782794,38,3,4,0.9127915219394628,1.0,3,0.5936004903442745,0.7295063280838135,0.0488643604818396
toy,5,28,31.622777,38,3,4,0.9127915219394628,1.0,3,0.5936004903442745,0.7295063280838135,0.0488643604818396
toy,5,28,56.234133,38,3,4,0.9127915219394628,1.0,3,0.5936004903442745,0.7295063280838135,0.0488643604818396
toy,5,28,100.0,38,3,4,0.9127915219394628,1.0,3,0.5936004903442745,0.7295063280838135,0.0488643604818396
toy,5,28,177.827941,38,3,4,0.9127915219394628,1.0,3,0.5936004903442745,0.7295063280838135,0.0488643604818396
toy,5,28,316.227766,38,3,3,0.9127915219394628,1.0,3,0.5936004903442745,0.7295063280838135,0.0488643604818396
toy,5,28,562.341325,38,3,3,0.9127915219394628,1.0,3,0.5936004903442745,0.7295063280838135,0.0488643604818396
toy,5,28,1000.0,38,3,1,0.9127915219394628,,3,0.5936004903442745,0.7295063280838135,0.0488643604818396
toy,5,29,0.001,38,3,1,0.0502999703773148,-0.0352880124545926,2,0.0586136842897326,0.0834988836379499,0.241605567080038
toy,5,29,0.001778,38,3,1,0.0126969198213026,-0.027027027027027,2,0.1309965876555044,0.1686301664743719,0.2289054763233687
toy,5,29,0.003162,38,3,1,-0.018575123442276,-0.027027027027027,2,0.0095529160056186,0.0,0.2525295156544214
toy,5,29,0.005623,38,3,1,-0.018575123442276,-0.027027027027027,2,0.012129793196808,0.0,0.2526438884790188
toy,5,29,0.01,38,3,1,-0.018575123442276,-0.0360082304526749,2,0.012986465754224,0.0,0.2526193688580874
toy,5,29,0.017783,38,3,1,-0.0350965203171521,-0.0360082304526749,3,0.0222685254119042,0.0,0.2531147686924464
toy,5,29,0.031623,38,3,1,0.0126969198213026,1.0,2,0.0003027195369853,0.0003989621482887,0.251987817551643
toy,5,29,0.056234,38,3,1,0.0126969198213026,1.0,2,0.0003027195369853,0.0003989621482887,0.251987817551643
toy,5,29,0.1,38,3,1,0.0126969198213026,0.0906801007556675,2,0.0003027195369853,0.0003989621482887,0.251987817551643
toy,5,29,0.177828,38,3,10,0.7085309628843411,0.7085309628843411,3,0.1777980210422743,0.0003989621482887,0.2620089906676875
toy,5,29,0.316228,38,3,10,1.0,1.0,3,0.6643988385759831,0.7881346535753695,0.1492176530365148
toy,5,29,0.5,38,3,10,1.0,1.0,3,0.6643988385759831,0.7881346535753695,0.1492176530365148
toy,5,29,0.562341,38,3,10,1.0,0.0126969198213026,3,0.6643988385759831,0.7881346535753695,0.1492176530365148
toy,5,29,1.0,38,3,9,0.0126969198213026,1.0,2,0.0096436245102762,0.0106104700823636,0.2553101891418753
toy,5,29,1.778279,38,3,10,0.0126969198213026,1.0,2,0.0096436245102762,0.0106104700823636,0.2553101891418753
toy,5,29,3.162278,38,3,5,0.0126969198213026,0.1474358974358974,2,0.0096436245102762,0.0106104700823636,0.2553101891418753
toy,5,29,5.623413,38,3,5,0.4873379339991249,0.4636937374297801,3,0.5906534921830461,0.7389571305907601,0.1020115910396551
toy,5,29,10.0,38,3,4,0.9127915219394628,1.0,3,0.5976262373169992,0.73895713059076,0.0512975585598839
toy,5,29,17.782794,38,3,4,0.9127915219394628,1.0,3,0.5976262373169992,0.7389571305907601,0.0512975585598839
toy,5,29,31.622777,38,3,4,0.9127915219394628,1.0,3,0.5976262373169992,0.7389571305907601,0.0512975585598839
toy,5,29,56.234133,38,3,4,0.9127915219394628,1.0,3,0.5976262373169992,0.7389571305907601,0.0512975585598839
toy,5,29,100.0,38,3,4,0.9127915219394628,1.0,3,0.5976262373169992,0.7389571305907601,0.0512975585598839
toy,5,29,177.827941,38,3,4,0.9127915219394628,1.0,3,0.5976262373169992,0.7389571305907601,0.0512975585598839
toy,5,29,316.227766,38,3,3,0.9127915219394628,1.0,3,0.5976262373169992,0.7389571305907601,0.0512975585598839
toy,5,29,562.341325,38,3,3,0.9127915219394628,1.0,3,0.5976262373169992,0.7389571305907601,0.0512975585598839
toy,5,29,1000.0,38,3,1,0.9127915219394628,,3,0.5976262373169992,0.7389571305907601,0.0512975585598839
toy,5,30,0.001,38,3,1,-0.0692780183264525,-0.0534657580696323,2,0.0935134538551309,0.1299443135282557,0.2288413836800766
toy,5,30,0.001778,38,3,1,-0.0718165359082679,-0.0547292889758643,3,0.0636067703234298,0.0900260877284009,0.233978575096795
toy,5,30,0.003162,38,3,1,-0.0718165359082679,0.0,3,0.0193242685116333,0.0,0.2466513544121171
toy,5,30,0.005623,38,3,1,0.0,0.0,1,0.0,0.0,0.2454379491019107
toy,5,30,0.01,38,3,1,0.2181077937184955,-0.0647865991092518,3,0.0316060258984242,0.0,0.2472436882212315
toy,5,30,0.017783,38,3,1,0.2705693019513176,-0.0360082304526749,3,0.0226163098876216,0.0,0.2464921986583871
toy,5,30,0.031623,38,3,3,-0.0387596899224806,-0.027027027027027,2,0.0085065584670454,0.0,0.2460047692764636
toy,5,30,0.056234,38,3,1,-0.0387596899224806,-0.027027027027027,2,0.0025685175531396,0.0,0.2456425023582985
toy,5,30,0.1,38,3,1,0.1860465116279069,1.0,2,0.0003016725476774,0.0003991924854273,0.2454585561342049
toy,5,30,0.177828,38,3,1,0.1860465116279069,1.0,2,0.0003016725476774,0.0003991924854273,0.2454585561342049
toy,5,30,0.316228,38,3,10,0.1860465116279069,0.1860465116279069,2,0.0003016725476774,0.0003991924854273,0.2454585561342049
toy,5,30,0.5,38,3,8,1.0,0.204839194469492,3,0.0736700626962286,0.0003991924854273,0.2495841221279449
toy,5,30,0.562341,38,3,8,0.204839194469492,0.7085309628843411,3,0.1675103690588472,0.0003991924854273,0.2553506110271851
toy,5,30,1.0,38,3,9,-0.0066253171694389,0.0126969198213026,3,0.5723546698141541,0.6694390784589598,0.2087192104796075
toy,5,30,1.778279,38,3,9,-0.0387596899224806,1.0,2,0.0281006958808724,0.0378814733594756,0.258296091138911
toy,5,30,3.162278,38,3,9,-0.0387596899224806,0.0906801007556675,2,0.0281006958808724,0.0378814733594756,0.258296091138911
toy,5,30,5.623413,38,3,9,0.1047490231439735,0.7085309628843411,3,0.1544814154550186,0.0378814733594756,0.2681973835872783
toy,5,30,10.0,38,3,9,-0.0066253171694389,0.4144573615935351,3,0.5723546698141541,0.6694390784589598,0.2087192104796075
toy,5,30,17.782794,38,3,4,0.1550354609929078,0.4433006018371872,3,0.1071280494485588,0.0378814733594756,0.2644179371715374
toy,5,30,31.622777,38,3,4,-0.0234042553191489,1.0,3,0.6229885312891037,0.7780202553255339,0.0570154743416747
toy,5,30,56.234133,38,3,4,-0.0234042553191489,1.0,3,0.6229885312891037,0.7780202553255339,0.0570154743416747
toy,5,30,100.0,38,3,4,-0.0234042553191489,1.0,3,0.6229885312891037,0.7780202553255339,0.0570154743416747
toy,5,30,177.827941,38,3,4,-0.0234042553191489,1.0,3,0.6229885312891037,0.7780202553255339,0.0570154743416747
toy,5,30,316.227766,38,3,3,-0.0234042553191489,1.0,3,0.6229885312891037,0.7780202553255339,0.0570154743416747
toy,5,30,562.341325,38,3,3,-0.0234042553191489,1.0,3,0.6229885312891037,0.7780202553255339,0.0570154743416747
toy,5,30,1000.0,38,3,1,-0.0234042553191489,,3,0.6229885312891037,0.7780202553255339,0.0570154743416747
toy,5,31,0.001,38,3,1,0.0406035950558234,-0.072254710851202,2,0.1278388573820756,0.1730208306837093,0.2233725640735926
toy,5,31,0.001778,38,3,1,0.108581668547156,-0.072254710851202,3,0.118685157618084,0.1623888630318975,0.2154781679225907
toy,5,31,0.003162,38,3,1,-0.0324932738923042,-0.0352880124545926,2,0.0189772713482711,0.0,0.2459412850099824
toy,5,31,0.005623,38,3,1,-0.0187727326058899,-0.027027027027027,2,0.0099793200400779,0.0,0.2454181130412634
toy,5,31,0.01,38,3,1,-0.0187727326058899,1.0,2,0.0083295323557712,0.0,0.2453531370993864
toy,5,31,0.017783,38,3,2,-0.0187727326058899,-0.027027027027027,2,0.0083295323557712,0.0,0.2453531370993864
toy,5,31,0.031623,38,3,3,0.0168954593453009,1.0,2,0.0003005207586763,0.0003991924854273,0.2447333962336192
toy,5,31,0.056234,38,3,2,0.0168954593453009,1.0,2,0.0003005207586763,0.0003991924854273,0.2447333962336192
toy,5,31,0.1,38,3,6,0.0168954593453009,1.0,2,0.0003005207586763,0.0003991924854273,0.2447333962336192
toy,5,31,0.177828,38,3,10,0.0168954593453009,0.0168954593453009,2,0.0003005207586763,0.0003991924854273,0.2447333962336192
toy,5,31,0.316228,38,3,10,1.0,1.0,3,0.5736727759298209,0.6759930276076574,0.2029845965731413
toy,5,31,0.5,38,3,10,1.0,0.4734449302374192,3,0.5736727759298209,0.6759930276076574,0.2029845965731413
toy,5,31,0.562341,38,3,9,0.4734449302374192,-0.0223685845656766,3,0.1635129682303769,0.0,0.2555939193932081
toy,5,31,1.0,38,3,9,0.0168954593453009,1.0,2,0.004746153896332,0.0015186807909457,0.245330975187785
toy,5,31,1.778279,38,3,9,0.0168954593453009,1.0,2,0.004746153896332,0.0015186807909457,0.245330975187785
toy,5,31,3.162278,38,3,6,0.0168954593453009,1.0,2,0.004746153896332,0.0015186807909457,0.245330975187785
toy,5,31,5.623413,38,3,6,0.0168954593453009,-0.021505376344086,2,0.004746153896332,0.0015186807909457,0.245330975187785
toy,5,31,10.0,38,3,4,0.915831903260566,1.0,3,0.5581889427318759,0.7022831560337185,0.0541509680561882
toy,5,31,17.782794,38,3,4,0.915831903260566,1.0,3,0.5581889427318759,0.7022831560337185,0.0541509680561882
toy,5,31,31.622777,38,3,4,0.915831903260566,1.0,3,0.5581889427318759,0.7022831560337185,0.0541509680561882
toy,5,31,56.234133,38,3,4,0.915831903260566,1.0,3,0.5581889427318759,0.7022831560337185,0.0541509680561882
toy,5,31,100.0,38,3,4,0.915831903260566,1.0,3,0.5581889427318759,0.7022831560337185,0.0541509680561882
toy,5,31,177.827941,38,3,4,0.915831903260566,1.0,3,0.5581889427318759,0.7022831560337185,0.0541509680561882
toy,5,31,316.227766,38,3,3,0.915831903260566,1.0,3,0.5581889427318759,0.7022831560337185,0.0541509680561882
toy,5,31,562.341325,38,3,3,0.915831903260566,1.0,3,0.5581889427318759,0.7022831560337185,0.0541509680561882
toy,5,31,1000.0,38,3,1,0.915831903260566,,3,0.5581889427318759,0.7022831560337185,0.0541509680561882
toy,5,32,0.001,38,3,1,0.0216317893251822,-0.027027027027027,2,0.0400143452240583,0.0588983924685909,0.2362071121290966
toy,5,32,0.001778,38,3,1,0.0216317893251822,-0.0415180019461563,2,0.0362752012141957,0.0537697408131501,0.2378514835151871
toy,5,32,0.003162,38,3,1,-0.0548231747539963,-0.0710910370536508,3,0.0411019604082059,0.0,0.2459242219926411
toy,5,32,0.005623,38,3,1,-0.0350965203171521,-0.0547292889758643,3,0.0185393643796839,0.0,0.2446100537588174
toy,5,32,0.01,38,3,2,-0.0350965203171521,1.0,3,0.0193288822801851,0.0,0.2444783208652491
toy,5,32,0.017783,38,3,3,-0.0350965203171521,-0.0360082304526749,3,0.0193288822801851,0.0,0.2444783208652491
toy,5,32,0.031623,38,3,1,0.0126969198213026,-0.027027027027027,2,0.0002994134504424,0.0003991924854273,0.2432226009739247
toy,5,32,0.056234,38,3,1,-0.018575123442276,1.0,2,0.0057266948081666,0.0,0.2436699716594245
toy,5,32,0.1,38,3,1,-0.018575123442276,0.0916760404949381,2,0.0057266948081666,0.0,0.2436699716594245
toy,5,32,0.177828,38,3,10,0.6624976202498117,0.1728892793273303,3,0.1617846793329387,0.0,0.2543354641115491
toy,5,32,0.316228,38,3,10,-0.0432573968507644,-0.0432573968507644,3,0.0573100650034025,0.0,0.2468726671587374
toy,5,32,0.5,38,3,10,1.0,1.0,3,0.6384023949652198,0.776795035672302,0.1575500512353723
toy,5,32,0.562341,38,3,10,1.0,0.0126969198213026,3,0.6384023949652198,0.776795035672302,0.1575500512353723
toy,5,32,1.0,38,3,10,0.0126969198213026,1.0,2,0.0008991104095224,0.0011514834093574,0.2438283613278016
toy,5,32,1.778279,38,3,9,0.0126969198213026,1.0,2,0.0008991104095224,0.0011514834093574,0.2438283613278016
toy,5,32,3.162278,38,3,7,0.0126969198213026,0.0906801007556675,2,0.0008991104095224,0.0011514834093574,0.2438283613278016
toy,5,32,5.623413,38,3,7,0.7085309628843411,0.6857866507747318,3,0.1316163078746808,0.0011514834093574,0.2547548999887558
toy,5,32,10.0,38,3,5,0.9127915219394628,1.0,3,0.6262402893052794,0.7902819707015756,0.0409481516858753
toy,5,32,17.782794,38,3,4,0.9127915219394628,1.0,3,0.6262402893052794,0.7902819707015756,0.0409481516858753
toy,5,32,31.622777,38,3,4,0.9127915219394628,1.0,3,0.6262402893052794,0.7902819707015756,0.0409481516858753
toy,5,32,56.234133,38,3,4,0.9127915219394628,1.0,3,0.6262402893052794,0.7902819707015756,0.0409481516858753
toy,5,32,100.0,38,3,4,0.9127915219394628,1.0,3,0.6262402893052794,0.7902819707015756,0.0409481516858753
toy,5,32,177.827941,38,3,4,0.9127915219394628,1.0,3,0.6262402893052794,0.7902819707015756,0.0409481516858753
toy,5,32,316.227766,38,3,3,0.9127915219394628,1.0,3,0.6262402893052794,0.7902819707015756,0.0409481516858753
toy,5,32,562.341325,38,3,3,0.9127915219394628,1.0,3,0.6262402893052794,0.7902819707015756,0.0409481516858753
toy,5,32,1000.0,38,3,1,0.9127915219394628,,3,0.6262402893052794,0.7902819707015756,0.0409481516858753
toy,5,33,0.001,38,3,1,-0.0166051660516605,-0.0360082304526749,2,0.0453728473706905,0.0666258460314699,0.2374946715495284
toy,5,33,0.001778,38,3,1,-0.0307471181348048,-0.0547292889758643,3,0.0679832637903905,0.0973251823231218,0.2314564461845234
toy,5,33,0.003162,38,3,1,0.0200286019703579,-0.0547292889758643,3,0.0197181629014045,0.0,0.2466832099185778
toy,5,33,0.005623,38,3,1,0.075881894086037,-0.0547292889758643,3,0.0235748627404568,0.0,0.2467794882311264
toy,5,33,0.01,38,3,2,0.0200286019703579,1.0,3,0.0181720105163274,0.0,0.246614998734985
toy,5,33,0.017783,38,3,1,0.0200286019703579,-0.0360082304526749,3,0.0181720105163274,0.0,0.246614998734985
toy,5,33,0.031623,38,3,1,-0.0166051660516605,1.0,2,0.0002982011494873,0.0003989621482887,0.2454562826552221
toy,5,33,0.056234,38,3,2,-0.0166051660516605,1.0,2,0.0002982011494873,0.0003989621482887,0.2454562826552221
toy,5,33,0.1,38,3,1,-0.0166051660516605,0.0906801007556675,2,0.0002982011494873,0.0003989621482887,0.2454562826552221
toy,5,33,0.177828,38,3,10,0.8157289013032331,0.7113798380173926,3,0.1620950548100331,0.0003989621482887,0.2556882949464348
toy,5,33,0.316228,38,3,10,0.56714579927387,0.56714579927387,3,0.6718353990396081,0.8307110546561723,0.1315671721501128
toy,5,33,0.5,38,3,9,1.0,0.56714579927387,3,0.1594563580348864,0.0,0.2557307319213194
toy,5,33,0.562341,38,3,9,0.56714579927387,0.0168954593453009,3,0.6718353990396081,0.8307110546561723,0.1315671721501128
toy,5,33,1.0,38,3,9,-0.0166051660516605,1.0,2,5.410297439004905e-05,2.951185047037938e-06,0.2454622664654162
toy,5,33,1.778279,38,3,10,-0.0166051660516605,1.0,2,5.410297439004905e-05,2.951185047037938e-06,0.2454622664654162
toy,5,33,3.162278,38,3,5,-0.0166051660516605,0.1337386018237082,2,5.410297439004905e-05,2.951185047037938e-06,0.2454622664654162
toy,5,33,5.623413,38,3,5,0.1179913128409551,0.5056258790436006,3,0.630241866369956,0.8244468742357497,0.0897517259807266
toy,5,33,10.0,38,3,4,0.4886364597518375,1.0,3,0.6502288305648756,0.8244468742357497,0.0394918698990349
toy,5,33,17.782794,38,3,4,0.4886364597518375,1.0,3,0.6502288305648756,0.8244468742357497,0.0394918698990349
toy,5,33,31.622777,38,3,4,0.4886364597518375,1.0,3,0.6502288305648756,0.8244468742357497,0.0394918698990349
toy,5,33,56.234133,38,3,4,0.4886364597518375,1.0,3,0.6502288305648756,0.8244468742357497,0.0394918698990349
toy,5,33,100.0,38,3,4,0.4886364597518375,1.0,3,0.6502288305648756,0.8244468742357497,0.0394918698990349
toy,5,33,177.827941,38,3,4,0.4886364597518375,1.0,3,0.6502288305648756,0.8244468742357497,0.0394918698990349
toy,5,33,316.227766,38,3,3,0.4886364597518375,1.0,3,0.6502288305648756,0.8244468742357497,0.0394918698990349
toy,5,33,562.341325,38,3,3,0.4886364597518375,1.0,3,0.6502288305648756,0.8244468742357497,0.0394918698990349
toy,5,33,1000.0,38,3,1,0.4886364597518375,,3,0.6502288305648756,0.8244468742357497,0.0394918698990349
toy,5,34,0.001,38,3,1,-0.0357558006013475,-0.0547292889758643,3,0.1534462993606965,0.2013066127593616,0.2198455026480406
toy,5,34,0.001778,38,3,1,0.0238560440375789,-0.0534657580696323,3,0.0178143307790495,0.0,0.2440926520357305
toy,5,34,0.003162,38,3,1,0.026783443989264,-0.0534657580696323,2,0.0193931230946614,0.0,0.2440596522669974
toy,5,34,0.005623,38,3,1,0.0238560440375789,-0.0547292889758643,3,0.0185747409504832,0.0,0.2440473393463952
toy,5,34,0.01,38,3,1,0.0238560440375789,-0.0547292889758643,3,0.0208491422790828,0.0,0.2441658745813599
toy,5,34,0.017783,38,3,2,0.0238560440375789,1.0,3,0.013997783021352,0.0,0.2438793023442727
toy,5,34,0.031623,38,3,4,0.0238560440375789,-0.0360082304526749,3,0.013997783021352,0.0,0.2438793023442727
toy,5,34,0.056234,38,3,1,-0.0190353697749196,1.0,2,0.0002971769308573,0.0003989621482887,0.2428287600026231
toy,5,34,0.1,38,3,1,-0.0190353697749196,0.1474358974358974,2,0.0002971769308573,0.0003989621482887,0.2428287600026231
toy,5,34,0.177828,38,3,10,0.0495048340890475,0.2424024714419139,3,0.5035814062645205,0.6751651293529063,0.2190531673372854
toy,5,34,0.316228,38,3,10,0.7835209006515929,0.7835209006515929,3,0.1523736718989365,0.0003989621482887,0.2536699663880187
toy,5,34,0.5,38,3,9,1.0,0.5295399557286751,3,0.1497442765957549,0.0,0.2538003976383176
toy,5,34,0.562341,38,3,9,0.5295399557286751,0.0168954593453009,3,0.6638379641477209,0.8307110546561723,0.1327973548914552
toy,5,34,1.0,38,3,9,-0.0190353697749196,1.0,2,0.017323723751676,0.0225782299453995,0.2510316739505941
toy,5,34,1.778279,38,3,9,-0.0190353697749196,1.0,2,0.017323723751676,0.0225782299453995,0.2510316739505941
toy,5,34,3.162278,38,3,8,-0.0190353697749196,0.0906801007556675,2,0.017323723751676,0.0225782299453995,0.2510316739505941
toy,5,34,5.623413,38,3,5,0.7835209006515929,0.2901038661281016,3,0.1320493432255024,0.0225782299453995,0.2618651435162986
toy,5,34,10.0,38,3,5,0.0908224406256797,0.5056258790436006,3,0.5861208577329929,0.7594888816608341,0.1067463048937903
toy,5,34,17.782794,38,3,4,0.4508492374151083,1.0,3,0.5905818028880696,0.7594888816608341,0.0602387857828742
toy,5,34,31.622777,38,3,4,0.4508492374151083,1.0,3,0.5905818028880695,0.7594888816608341,0.0602387857828742
toy,5,34,56.234133,38,3,4,0.4508492374151083,1.0,3,0.5905818028880695,0.7594888816608341,0.0602387857828742
toy,5,34,100.0,38,3,4,0.4508492374151083,1.0,3,0.5905818028880695,0.7594888816608341,0.0602387857828742
toy,5,34,177.827941,38,3,4,0.4508492374151083,1.0,3,0.5905818028880695,0.7594888816608341,0.0602387857828742
toy,5,34,316.227766,38,3,3,0.4508492374151083,1.0,3,0.5905818028880695,0.7594888816608341,0.0602387857828742
toy,5,34,562.341325,38,3,3,0.4508492374151083,1.0,3,0.5905818028880695,0.7594888816608341,0.0602387857828742
toy,5,34,1000.0,38,3,1,0.4508492374151083,,3,0.5905818028880695,0.7594888816608341,0.0602387857828742
toy,5,35,0.001,38,3,1,-0.0135740464232387,-0.0396510705789056,2,0.0299327584568947,0.0454628455835946,0.2350911411741336
toy,5,35,0.001778,38,3,1,-0.0298378848221678,-0.0910906800481622,3,0.1327685034381789,0.181850877707566,0.2119455739116956
toy,5,35,0.003162,38,3,1,0.1805658577937904,-0.105962953565085,3,0.0336695724521966,0.0,0.2432420118579288
toy,5,35,0.005623,38,3,1,0.0528618356317837,-0.0710910370536508,3,0.0358513742942691,0.0,0.2431850001303997
toy,5,35,0.01,38,3,1,0.0171769949900431,-0.0547292889758643,3,0.0204508365856102,0.0,0.2419397839903226
toy,5,35,0.017783,38,3,2,0.0171769949900431,-0.0360082304526749,3,0.0182220226710844,0.0,0.2417755798467036
toy,5,35,0.031623,38,3,3,-0.0135740464232387,1.0,2,0.0002961905140504,0.0003989621482887,0.2405264508388739
toy,5,35,0.056234,38,3,3,-0.0135740464232387,1.0,2,0.0002961905140504,0.0003989621482887,0.2405264508388739
toy,5,35,0.1,38,3,1,-0.0135740464232387,0.0906801007556675,2,0.0002961905140504,0.0003989621482887,0.2405264508388739
toy,5,35,0.177828,38,3,10,0.853587719548998,0.853587719548998,3,0.1584104468192611,0.0003989621482887,0.2522344114128252
toy,5,35,0.316228,38,3,10,1.0,1.0,3,0.1566647831848082,0.0,0.2522703019825632
toy,5,35,0.5,38,3,10,1.0,0.6136989978900741,3,0.1566647831848082,0.0,0.2522703019825632
toy,5,35,0.562341,38,3,10,0.6136989978900741,0.0126969198213026,3,0.6914581073047548,0.8717613531073123,0.116034671612497
toy,5,35,1.0,38,3,7,-0.0135740464232387,1.0,2,0.0047294473934944,0.0068342192840975,0.2423202124736382
toy,5,35,1.778279,38,3,8,-0.0135740464232387,1.0,2,0.0047294473934944,0.0068342192840975,0.2423202124736382
toy,5,35,3.162278,38,3,10,-0.0135740464232387,0.0906801007556675,2,0.0047294473934944,0.0068342192840975,0.2423202124736382
toy,5,35,5.623413,38,3,7,0.853587719548998,0.6857866507747318,3,0.1370880495343404,0.0068342192840975,0.2539341205201932
toy,5,35,10.0,38,3,4,0.5324018490242423,1.0,3,0.6462120243658002,0.8294781045467082,0.0416013429424383
toy,5,35,17.782794,38,3,4,0.5324018490242423,1.0,3,0.6462120243658002,0.8294781045467082,0.0416013429424383
toy,5,35,31.622777,38,3,4,0.5324018490242423,1.0,3,0.6462120243658002,0.8294781045467082,0.0416013429424383
toy,5,35,56.234133,38,3,4,0.5324018490242423,1.0,3,0.6462120243658002,0.8294781045467082,0.0416013429424383
toy,5,35,100.0,38,3,4,0.5324018490242423,1.0,3,0.6462120243658002,0.8294781045467082,0.0416013429424383
toy,5,35,177.827941,38,3,4,0.5324018490242423,1.0,3,0.6462120243658002,0.8294781045467082,0.0416013429424383
toy,5,35,316.227766,38,3,3,0.5324018490242423,1.0,3,0.6462120243658002,0.8294781045467082,0.0416013429424383
toy,5,35,562.341325,38,3,3,0.5324018490242423,1.0,3,0.6462120243658002,0.8294781045467082,0.0416013429424383
toy,5,35,1000.0,38,3,1,0.5324018490242423,,3,0.6462120243658002,0.8294781045467082,0.0416013429424383
toy,5,36,0.001,38,3,1,0.0,0.0,1,0.0,0.0,0.2397216984977516
toy,5,36,0.001778,38,3,1,0.0336045761640747,-0.0647865991092518,3,0.0471330594739858,0.0692115330382918,0.2311939462831565
toy,5,36,0.003162,38,3,1,-0.013428014629328,0.0,3,0.0443750884466171,0.0429682773230939,0.2372938209563904
toy,5,36,0.005623,38,3,1,0.0,0.0,1,0.0,0.0,0.2397216984977516
toy,5,36,0.01,38,3,1,-0.0350965203171521,-0.0360082304526749,3,0.0142096522589718,0.0,0.2408298275246792
toy,5,36,0.017783,38,3,1,-0.018575123442276,-0.027027027027027,2,0.010532504926783,0.0,0.2403401073660138
toy,5,36,0.031623,38,3,1,0.0126969198213026,1.0,2,0.0002950962530874,0.0003987319951093,0.2397264680082551
toy,5,36,0.056234,38,3,1,0.0126969198213026,1.0,2,0.0002950962530874,0.0003987319951093,0.2397264680082551
toy,5,36,0.1,38,3,1,0.0126969198213026,0.4726407613005551,2,0.0002950962530874,0.0003987319951093,0.2397264680082551
toy,5,36,0.177828,38,3,10,-0.0228116073573774,-0.0228116073573774,3,0.0145057142328912,0.0003987319951093,0.2408645952580892
toy,5,36,0.316228,38,3,10,1.0,1.0,3,0.6180202876233449,0.7746940902874756,0.1617567421980665
toy,5,36,0.5,38,3,7,1.0,1.0,3,0.6180202876233449,0.7746940902874756,0.1617567421980665
toy,5,36,0.562341,38,3,7,1.0,0.0126969198213026,3,0.6180202876233449,0.7746940902874756,0.1617567421980665
toy,5,36,1.0,38,3,7,0.0126969198213026,1.0,2,0.0023385436133476,0.0034145650733412,0.2412964366098921
toy,5,36,1.778279,38,3,7,0.0126969198213026,1.0,2,0.0023385436133476,0.0034145650733412,0.2412964366098921
toy,5,36,3.162278,38,3,8,0.0126969198213026,0.1337386018237082,2,0.0023385436133476,0.0034145650733412,0.2412964366098921
toy,5,36,5.623413,38,3,8,0.5289084902131904,0.5056258790436006,3,0.6037408485875028,0.7998786150165182,0.0946320656228013
toy,5,36,10.0,38,3,4,0.9127915219394628,1.0,3,0.6169346448382185,0.7998786150165182,0.0477727892569271
toy,5,36,17.782794,38,3,4,0.9127915219394628,1.0,3,0.6169346448382185,0.7998786150165182,0.0477727892569271
toy,5,36,31.622777,38,3,4,0.9127915219394628,1.0,3,0.6169346448382185,0.7998786150165182,0.0477727892569271
toy,5,36,56.234133,38,3,4,0.9127915219394628,1.0,3,0.6169346448382185,0.7998786150165182,0.0477727892569271
toy,5,36,100.0,38,3,4,0.9127915219394628,1.0,3,0.6169346448382185,0.7998786150165182,0.0477727892569271
toy,5,36,177.827941,38,3,4,0.9127915219394628,1.0,3,0.6169346448382185,0.7998786150165182,0.0477727892569271
toy,5,36,316.227766,38,3,3,0.9127915219394628,1.0,3,0.6169346448382185,0.7998786150165182,0.0477727892569271
toy,5,36,562.341325,38,3,3,0.9127915219394628,1.0,3,0.6169346448382185,0.7998786150165182,0.0477727892569271
toy,5,36,1000.0,38,3,1,0.9127915219394628,,3,0.6169346448382185,0.7998786150165182,0.0477727892569271
toy,5,37,0.001,38,3,1,0.0473447954603201,-0.0360082304526749,3,0.0527991619839666,0.0777547229271478,0.2350277130893896
toy,5,37,0.001778,38,3,1,0.0126969198213026,-0.0396510705789056,2,0.0307465611723185,0.0469983533003043,0.2373067622350514
toy,5,37,0.003162,38,3,1,-0.013428014629328,-0.080317380668632,3,0.0451802274223979,0.0429682773230939,0.2398468771733929
toy,5,37,0.005623,38,3,1,-0.0462705891775007,-0.080317380668632,3,0.0268129670150595,0.0,0.2444069621163539
toy,5,37,0.01,38,3,2,-0.0462705891775007,1.0,3,0.0275238060589106,0.0,0.2442890357830821
toy,5,37,0.017783,38,3,1,-0.0462705891775007,0.7771871519256717,3,0.0275238060589106,0.0,0.2442890357830821
toy,5,37,0.031623,38,3,1,-0.0320836466501951,-0.0352880124545926,2,0.019042934283166,0.0,0.2436398635772373
toy,5,37,0.056234,38,3,2,0.0126969198213026,1.0,2,0.000294180877193,0.0003987319951093,0.2423674279361349
toy,5,37,0.1,38,3,1,0.0126969198213026,1.0,2,0.000294180877193,0.0003987319951093,0.2423674279361349
toy,5,37,0.177828,38,3,10,0.0126969198213026,0.0906801007556675,2,0.000294180877193,0.0003987319951093,0.2423674279361349
toy,5,37,0.316228,38,3,10,0.7085309628843411,0.7085309628843411,3,0.142322991671577,0.0003987319951093,0.2533178228354373
toy,5,37,0.5,38,3,6,1.0,1.0,3,0.5899351714198322,0.74325523527736,0.1782980523686137
toy,5,37,0.562341,38,3,6,1.0,0.0126969198213026,3,0.5899351714198322,0.74325523527736,0.1782980523686137
toy,5,37,1.0,38,3,8,0.0126969198213026,1.0,2,0.0078869301274932,0.011336157074079,0.2465037211431677
toy,5,37,1.778279,38,3,8,0.0126969198213026,1.0,2,0.0078869301274932,0.011336157074079,0.2465037211431677
toy,5,37,3.162278,38,3,5,0.0126969198213026,1.0,2,0.0078869301274932,0.011336157074079,0.2465037211431677
toy,5,37,5.623413,38,3,5,0.0126969198213026,-0.021505376344086,2,0.0078869301274932,0.011336157074079,0.2465037211431677
toy,5,37,10.0,38,3,5,0.9127915219394628,1.0,3,0.6070069489832827,0.7951191952928061,0.055445500457028
toy,5,37,17.782794,38,3,5,0.9127915219394628,1.0,3,0.6070069489832827,0.7951191952928061,0.055445500457028
toy,5,37,31.622777,38,3,4,0.9127915219394628,1.0,3,0.6070069489832827,0.7951191952928061,0.055445500457028
toy,5,37,56.234133,38,3,4,0.9127915219394628,1.0,3,0.6070069489832827,0.7951191952928061,0.055445500457028
toy,5,37,100.0,38,3,4,0.9127915219394628,1.0,3,0.6070069489832827,0.7951191952928061,0.055445500457028
toy,5,37,177.827941,38,3,4,0.9127915219394628,1.0,3,0.6070069489832827,0.7951191952928061,0.055445500457028
toy,5,37,316.227766,38,3,3,0.9127915219394628,1.0,3,0.6070069489832827,0.7951191952928061,0.055445500457028
toy,5,37,562.341325,38,3,3,0.9127915219394628,1.0,3,0.6070069489832827,0.7951191952928061,0.055445500457028
toy,5,37,1000.0,38,3,1,0.9127915219394628,,3,0.6070069489832827,0.7951191952928061,0.055445500457028
toy,5,38,0.001,38,3,1,0.0561432031476441,-0.0396510705789056,3,0.0757669613767615,0.1110569766915265,0.2231575319895749
toy,5,38,0.001778,38,3,1,0.0168954593453009,-0.0396510705789056,2,0.0549701660185768,0.0824255279253505,0.2303937027606769
toy,5,38,0.003162,38,3,1,-0.0188032422599871,-0.0396510705789056,3,0.0457829315340283,0.0479312747186294,0.2354997127246631
toy,5,38,0.005623,38,3,2,-0.0187727326058899,-0.027027027027027,2,0.010152024305733,0.0,0.2397197805119802
toy,5,38,0.01,38,3,1,-0.0187727326058899,1.0,2,0.0115851600494821,0.0,0.2397570318856986
toy,5,38,0.017783,38,3,1,-0.0187727326058899,1.0,2,0.0115851600494821,0.0,0.2397570318856986
toy,5,38,0.031623,38,3,3,-0.0187727326058899,-0.027027027027027,2,0.0115851600494821,0.0,0.2397570318856986
toy,5,38,0.056234,38,3,4,0.0168954593453009,1.0,2,0.0002935814643042,0.0003991924854273,0.2389249197734813
toy,5,38,0.1,38,3,10,0.0168954593453009,0.1474358974358974,2,0.0002935814643042,0.0003991924854273,0.2389249197734813
toy,5,38,0.177828,38,3,10,0.4417360080102199,-0.1022316667462553,3,0.6324216063899601,0.8625759189584246,0.1382624924534147
toy,5,38,0.316228,38,3,9,0.1646131715554443,0.1646131715554443,3,0.118970495444178,0.0,0.2484432718624414
toy,5,38,0.5,38,3,10,1.0,0.5295399557286751,3,0.5900514095390076,0.7464884098732376,0.1749982748228445
toy,5,38,0.562341,38,3,10,0.5295399557286751,-0.0190353697749196,3,0.1421643253340882,0.0,0.2505484993665763
toy,5,38,1.0,38,3,10,0.0168954593453009,1.0,2,0.0097519278124289,0.0144810147389997,0.2429748037051858
toy,5,38,1.778279,38,3,8,0.0168954593453009,1.0,2,0.0097519278124289,0.0144810147389997,0.2429748037051858
toy,5,38,3.162278,38,3,5,0.0168954593453009,1.0,2,0.0097519278124289,0.0144810147389997,0.2429748037051858
toy,5,38,5.623413,38,3,5,0.0168954593453009,-0.021505376344086,2,0.0097519278124289,0.0144810147389997,0.2429748037051858
toy,5,38,10.0,38,3,5,0.915831903260566,1.0,3,0.6126396654195488,0.8048339544765155,0.0526085011116678
toy,5,38,17.782794,38,3,4,0.915831903260566,1.0,3,0.6126396654195488,0.8048339544765155,0.0526085011116678
toy,5,38,31.622777,38,3,4,0.915831903260566,1.0,3,0.6126396654195488,0.8048339544765155,0.0526085011116678
toy,5,38,56.234133,38,3,4,0.915831903260566,1.0,3,0.6126396654195488,0.8048339544765155,0.0526085011116678
toy,5,38,100.0,38,3,4,0.915831903260566,1.0,3,0.6126396654195488,0.8048339544765155,0.0526085011116678
toy,5,38,177.827941,38,3,4,0.915831903260566,1.0,3,0.6126396654195488,0.8048339544765155,0.0526085011116678
toy,5,38,316.227766,38,3,3,0.915831903260566,1.0,3,0.6126396654195488,0.8048339544765155,0.0526085011116678
toy,5,38,562.341325,38,3,3,0.915831903260566,1.0,3,0.6126396654195488,0.8048339544765155,0.0526085011116678
toy,5,38,1000.0,38,3,1,0.915831903260566,,3,0.6126396654195488,0.8048339544765155,0.0526085011116678
toy,5,39,0.001,38,3,1,0.0330689766175997,-0.0547292889758643,3,0.1354308454385214,0.1805305643223505,0.2030239063014612
toy,5,39,0.001778,38,3,1,0.0330689766175997,-0.0647865991092518,3,0.058026188949987,0.0848211891257607,0.2259210428634463
toy,5,39,0.003162,38,3,1,-0.0469081592878488,-0.0396510705789056,3,0.0203791515664713,0.0,0.2399783199401175
toy,5,39,0.005623,38,3,1,-0.0187727326058899,-0.0360082304526749,2,0.007853372874001,0.0,0.2390121480208739
toy,5,39,0.01,38,3,1,-0.0355076917073932,-0.0360082304526749,3,0.0134557575234659,0.0,0.2394891296877352
toy,5,39,0.017783,38,3,3,-0.0187727326058899,1.0,2,0.0035882291321478,0.0,0.2386551606914275
toy,5,39,0.031623,38,3,1,-0.0187727326058899,-0.027027027027027,2,0.0035882291321478,0.0,0.2386551606914275
toy,5,39,0.056234,38,3,1,0.0168954593453009,1.0,2,0.0002927274664155,0.0003991924854273,0.238303586128375
toy,5,39,0.1,38,3,10,0.0168954593453009,1.0,2,0.0002927274664155,0.0003991924854273,0.238303586128375
toy,5,39,0.177828,38,3,10,0.0168954593453009,-0.04177545691906,2,0.0002927274664155,0.0003991924854273,0.238303586128375
toy,5,39,0.316228,38,3,9,-0.0505687153573242,-0.0505687153573242,3,0.038677931217117,0.0,0.241735481594343
toy,5,39,0.5,38,3,10,1.0,1.0,3,0.6049598943337479,0.7838379477411926,0.1604953389245301
toy,5,39,0.562341,38,3,10,1.0,0.0168954593453009,3,0.6049598943337479,0.7838379477411926,0.1604953389245301
toy,5,39,1.0,38,3,10,0.0168954593453009,1.0,2,0.0027009903509055,0.0025217797867784,0.239461653000816
toy,5,39,1.778279,38,3,10,0.0168954593453009,1.0,2,0.0027009903509055,0.0025217797867784,0.239461653000816
toy,5,39,3.162278,38,3,9,0.0168954593453009,0.1337386018237082,2,0.0027009903509055,0.0025217797867784,0.239461653000816
toy,5,39,5.623413,38,3,5,0.5318097374601283,0.5289084902131904,3,0.5656049069538689,0.7579197448645787,0.1025962242204006
toy,5,39,10.0,38,3,5,0.9403111132958256,0.9127915219394628,3,0.5706700902437395,0.7324586141396279,0.1842824013857551
toy,5,39,17.782794,38,3,4,0.915831903260566,1.0,3,0.569387831463758,0.7579197448645787,0.0613943697448159
toy,5,39,31.622777,38,3,4,0.915831903260566,1.0,3,0.569387831463758,0.7579197448645787,0.0613943697448159
toy,5,39,56.234133,38,3,4,0.915831903260566,1.0,3,0.569387831463758,0.7579197448645787,0.0613943697448159
toy,5,39,100.0,38,3,4,0.915831903260566,1.0,3,0.569387831463758,0.7579197448645787,0.0613943697448159
toy,5,39,177.827941,38,3,4,0.915831903260566,1.0,3,0.569387831463758,0.7579197448645787,0.0613943697448159
toy,5,39,316.227766,38,3,3,0.915831903260566,1.0,3,0.569387831463758,0.7579197448645787,0.0613943697448159
toy,5,39,562.341325,38,3,3,0.915831903260566,1.0,3,0.569387831463758,0.7579197448645787,0.0613943697448159
toy,5,39,1000.0,38,3,1,0.915831903260566,,3,0.569387831463758,0.7579197448645787,0.0613943697448159
toy,5,40,0.001,38,3,1,0.012454840947853,-0.0910906800481622,3,0.2542582657855879,0.3300126273717443,0.2147359551786031
toy,5,40,0.001778,38,3,1,0.0804079126511652,0.0,3,0.1123897758025922,0.1608357694441389,0.2186887171543326
toy,5,40,0.003162,38,3,1,0.0,0.0,1,0.0,0.0,0.2361069021201437
toy,5,40,0.005623,38,3,1,-0.018575123442276,-0.027027027027027,2,0.0084114308992241,0.0,0.2368092731616257
toy,5,40,0.01,38,3,1,-0.018575123442276,-0.027027027027027,2,0.0084114308992241,0.0,0.2368396891777579
toy,5,40,0.017783,38,3,2,-0.018575123442276,0.4726407613005551,2,0.0125613432227451,0.0,0.2369772823880137
toy,5,40,0.031623,38,3,4,-0.0462705891775007,-0.0396510705789056,3,0.0294137028919679,0.0,0.2382800545496564
toy,5,40,0.056234,38,3,1,0.0126969198213026,1.0,2,0.0002919029614239,0.0003991924854273,0.236088999538014
toy,5,40,0.1,38,3,3,0.0126969198213026,1.0,2,0.0002919029614239,0.0003991924854273,0.236088999538014
toy,5,40,0.177828,38,3,10,0.0126969198213026,0.0906801007556675,2,0.0002919029614239,0.0003991924854273,0.236088999538014
toy,5,40,0.316228,38,3,10,0.7085309628843411,0.7085309628843411,3,0.1403489079106221,0.0003991924854273,0.2477704389216017
toy,5,40,0.5,38,3,10,1.0,1.0,3,0.6606981817000601,0.8636673248194301,0.124675716525874
toy,5,40,0.562341,38,3,10,1.0,0.0126969198213026,3,0.6606981817000601,0.8636673248194301,0.124675716525874
toy,5,40,1.0,38,3,10,0.0126969198213026,1.0,2,0.0017994660837077,0.000182512097321,0.2362976874609723
toy,5,40,1.778279,38,3,9,0.0126969198213026,1.0,2,0.0017994660837077,0.000182512097321,0.2362976874609723
toy,5,40,3.162278,38,3,7,0.0126969198213026,0.1474358974358974,2,0.0017994660837077,0.000182512097321,0.2362976874609723
toy,5,40,5.623413,38,3,5,0.4873379339991249,0.4636937374297801,3,0.6314714351038219,0.863233989543177,0.0885457862104742
toy,5,40,10.0,38,3,5,0.9127915219394628,1.0,3,0.6513930298913418,0.863233989543177,0.0429777408680765
toy,5,40,17.782794,38,3,4,0.9127915219394628,1.0,3,0.6513930298913418,0.863233989543177,0.0429777408680765
toy,5,40,31.622777,38,3,4,0.9127915219394628,1.0,3,0.6513930298913418,0.863233989543177,0.0429777408680765
toy,5,40,56.234133,38,3,4,0.9127915219394628,1.0,3,0.6513930298913418,0.863233989543177,0.0429777408680765
toy,5,40,100.0,38,3,4,0.9127915219394628,1.0,3,0.6513930298913418,0.863233989543177,0.0429777408680765
toy,5,40,177.827941,38,3,4,0.9127915219394628,1.0,3,0.6513930298913418,0.863233989543177,0.0429777408680765
toy,5,40,316.227766,38,3,3,0.9127915219394628,1.0,3,0.6513930298913418,0.863233989543177,0.0429777408680765
toy,5,40,562.341325,38,3,3,0.9127915219394628,1.0,3,0.6513930298913418,0.863233989543177,0.0429777408680765
toy,5,40,1000.0,38,3,1,0.9127915219394628,,3,0.6513930298913418,0.863233989543177,0.0429777408680765
toy,5,41,0.001,38,3,1,-0.0762021990752712,-0.0547292889758643,3,0.0914256740185805,0.1321466149641952,0.21462057221169
toy,5,41,0.001778,38,3,1,0.0983170764504484,-0.0710910370536508,3,0.0354942619502171,0.0476760838150139,0.2315075022295709
toy,5,41,0.003162,38,3,1,0.5535642436435029,-0.0710910370536508,3,0.0801874430617317,0.1151969325769071,0.2219619926963512
toy,5,41,0.005623,38,3,1,-0.0762021990752712,-0.0547292889758643,3,0.0136670611207435,0.0,0.2371239693110884
toy,5,41,0.01,38,3,1,0.112860349410925,-0.0360082304526749,3,0.0318293498440281,0.0365138121411679,0.234496891985163
toy,5,41,0.017783,38,3,2,-0.0408892417626042,-0.027027027027027,2,0.010310863191408,0.0,0.2367180120102703
toy,5,41,0.031623,38,3,1,-0.0408892417626042,-0.027027027027027,2,0.0062155523895016,0.0,0.2365359550099326
toy,5,41,0.056234,38,3,3,-0.0408892417626042,1.0,2,0.0002908287813342,0.0003987319951093,0.235970755365381
toy,5,41,0.1,38,3,1,-0.0408892417626042,0.1337386018237082,2,0.0002908287813342,0.0003987319951093,0.235970755365381
toy,5,41,0.177828,38,3,10,0.2749417229871371,0.438719275902493,3,0.5611809283181637,0.782853230497894,0.1764741102657882
toy,5,41,0.316228,38,3,10,0.221059896659143,0.221059896659143,3,0.5955194943041048,0.7813155519773208,0.1614753749464753
toy,5,41,0.5,38,3,8,1.0,0.2336215522004689,3,0.1573026961263797,0.219142921922387,0.2060794677517178
toy,5,41,0.562341,38,3,8,0.2336215522004689,0.0126969198213026,3,0.5971844715808909,0.7838379477411926,0.1612708390779606
toy,5,41,1.0,38,3,8,-0.0408892417626042,1.0,2,0.0029438237019291,0.0030239800688787,0.2368467264215246
toy,5,41,1.778279,38,3,8,-0.0408892417626042,1.0,2,0.0029438237019291,0.0030239800688787,0.2368467264215246
toy,5,41,3.162278,38,3,9,-0.0408892417626042,1.0,2,0.0029438237019291,0.0030239800688787,0.2368467264215246
toy,5,41,5.623413,38,3,10,-0.0408892417626042,-0.021505376344086,2,0.0029438237019291,0.0030239800688787,0.2368467264215246
toy,5,41,10.0,38,3,5,0.2661354521831864,1.0,3,0.5614035910316245,0.7557873493187598,0.0615006032292674
toy,5,41,17.782794,38,3,4,0.2661354521831864,1.0,3,0.5614035910316245,0.7557873493187598,0.0615006032292674
toy,5,41,31.622777,38,3,4,0.2661354521831864,1.0,3,0.5614035910316245,0.7557873493187598,0.0615006032292674
toy,5,41,56.234133,38,3,4,0.2661354521831864,1.0,3,0.5614035910316245,0.7557873493187598,0.0615006032292674
toy,5,41,100.0,38,3,4,0.2661354521831864,1.0,3,0.5614035910316245,0.7557873493187598,0.0615006032292674
toy,5,41,177.827941,38,3,4,0.2661354521831864,1.0,3,0.5614035910316245,0.7557873493187598,0.0615006032292674
toy,5,41,316.227766,38,3,3,0.2661354521831864,1.0,3,0.5614035910316245,0.7557873493187598,0.0615006032292674
toy,5,41,562.341325,38,3,3,0.2661354521831864,1.0,3,0.5614035910316245,0.7557873493187598,0.0615006032292674
toy,5,41,1000.0,38,3,1,0.2661354521831864,,3,0.5614035910316245,0.7557873493187598,0.0615006032292674
toy,5,42,0.001,38,3,1,0.0561432031476441,0.0,3,0.1274342165160976,0.1827390531478297,0.2086215328422637
toy,5,42,0.001778,38,3,1,0.0,0.0,1,0.0,0.0,0.2351104906317139
toy,5,42,0.003162,38,3,1,-0.0355076917073932,-0.0360082304526749,3,0.0127762379318271,0.0,0.2362179057905989
toy,5,42,0.005623,38,3,1,-0.0187727326058899,-0.027027027027027,2,0.0081283011342313,0.0,0.2357159570531304
toy,5,42,0.01,38,3,1,-0.0187727326058899,-0.027027027027027,2,0.0047610431848075,0.0,0.2355225595849672
toy,5,42,0.017783,38,3,4,-0.0187727326058899,1.0,2,0.0061109171133326,0.0,0.2356689947678761
toy,5,42,0.031623,38,3,2,-0.0187727326058899,-0.027027027027027,2,0.0061109171133326,0.0,0.2356689947678761
toy,5,42,0.056234,38,3,2,0.0168954593453009,1.0,2,0.0002903370875034,0.0003991924854273,0.2351140592567734
toy,5,42,0.1,38,3,9,0.0168954593453009,1.0,2,0.0002903370875034,0.0003991924854273,0.2351140592567734
toy,5,42,0.177828,38,3,10,0.0168954593453009,0.0906801007556675,2,0.0002903370875034,0.0003991924854273,0.2351140592567734
toy,5,42,0.316228,38,3,10,0.7113798380173926,0.7113798380173926,3,0.120924183238471,0.0003991924854273,0.2460259888146964
toy,5,42,0.5,38,3,10,1.0,0.4555657161858841,3,0.5611117296337972,0.7362284940549646,0.1820725789419434
toy,5,42,0.562341,38,3,10,0.4555657161858841,-0.0233644859813084,3,0.1185918763398001,0.0,0.2461058567234648
toy,5,42,1.0,38,3,9,0.0168954593453009,1.0,2,0.0044308681236587,0.0061445630600539,0.2368317297078019
toy,5,42,1.778279,38,3,10,0.0168954593453009,1.0,2,0.0044308681236587,0.0061445630600539,0.2368317297078019
toy,5,42,3.162278,38,3,5,0.0168954593453009,1.0,2,0.0044308681236587,0.0061445630600539,0.2368317297078019
toy,5,42,5.623413,38,3,5,0.0168954593453009,0.1337386018237082,2,0.0044308681236587,0.0061445630600539,0.2368317297078019
toy,5,42,10.0,38,3,5,0.5318097374601283,0.5056258790436006,3,0.567147856334575,0.7749936881845891,0.1015156531326277
toy,5,42,17.782794,38,3,4,0.915831903260566,1.0,3,0.5722878523621008,0.7749936881845891,0.0609664812259196
toy,5,42,31.622777,38,3,4,0.915831903260566,1.0,3,0.5722878523621008,0.7749936881845891,0.0609664812259196
toy,5,42,56.234133,38,3,4,0.915831903260566,1.0,3,0.5722878523621008,0.7749936881845891,0.0609664812259196
toy,5,42,100.0,38,3,4,0.915831903260566,1.0,3,0.5722878523621008,0.7749936881845891,0.0609664812259196
toy,5,42,177.827941,38,3,4,0.915831903260566,1.0,3,0.5722878523621008,0.7749936881845891,0.0609664812259196
toy,5,42,316.227766,38,3,3,0.915831903260566,1.0,3,0.5722878523621008,0.7749936881845891,0.0609664812259196
toy,5,42,562.341325,38,3,3,0.915831903260566,1.0,3,0.5722878523621008,0.7749936881845891,0.0609664812259196
toy,5,42,1000.0,38,3,1,0.915831903260566,,3,0.5722878523621008,0.7749936881845891,0.0609664812259196
toy,5,43,0.001,38,3,1,-0.027027027027027,-0.0396510705789056,2,0.0326902977649745,0.0516624616814207,0.231999767379315
toy,5,43,0.001778,38,3,1,-0.0396510705789056,0.0,3,0.017752467028458,0.0,0.2380077755877566
toy,5,43,0.003162,38,3,1,0.0,0.0,1,0.0,0.0,0.236330452064515
toy,5,43,0.005623,38,3,1,-0.0396510705789056,-0.0396510705789056,3,0.0228944066376973,0.0,0.2383715697025656
toy,5,43,0.01,38,3,2,-0.027027027027027,1.0,2,0.0046821991767189,0.0,0.2367588002363905
toy,5,43,0.017783,38,3,1,-0.027027027027027,-0.027027027027027,2,0.0046821991767189,0.0,0.2367588002363905
toy,5,43,0.031623,38,3,2,-0.027027027027027,-0.027027027027027,2,0.0079937698637468,0.0,0.2369385394995782
toy,5,43,0.056234,38,3,1,-0.027027027027027,1.0,2,0.0053464769846566,0.0,0.2368010513059377
toy,5,43,0.1,38,3,1,-0.027027027027027,-0.027027027027027,2,0.0053464769846566,0.0,0.2368010513059377
toy,5,43,0.177828,38,3,10,1.0,1.0,2,0.0002894560920931,0.0003989621482887,0.2363484275065391
toy,5,43,0.316228,38,3,10,1.0,1.0,2,0.0002894560920931,0.0003989621482887,0.2363484275065391
toy,5,43,0.5,38,3,9,1.0,0.0906801007556675,2,0.0002894560920931,0.0003989621482887,0.2363484275065391
toy,5,43,0.562341,38,3,9,0.0906801007556675,0.204839194469492,3,0.1117118468186169,0.0003989621482887,0.2461018372136568
toy,5,43,1.0,38,3,10,0.1860465116279069,-0.0387596899224806,3,0.0546664276766401,0.0003989621482887,0.2408264782353542
toy,5,43,1.778279,38,3,9,-0.027027027027027,1.0,2,0.0145700987062563,0.0183711208671845,0.2421034896640661
toy,5,43,3.162278,38,3,9,-0.027027027027027,1.0,2,0.0145700987062563,0.0183711208671845,0.2421034896640661
toy,5,43,5.623413,38,3,9,-0.027027027027027,0.1337386018237082,2,0.0145700987062563,0.0183711208671845,0.2421034896640661
toy,5,43,10.0,38,3,5,0.0759878419452887,0.5056258790436006,3,0.5410082693692052,0.7376774495939241,0.1136115498621642
toy,5,43,17.782794,38,3,5,0.0193548387096774,1.0,3,0.5399917384289785,0.7376774495939241,0.0767228672257653
toy,5,43,31.622777,38,3,5,0.0193548387096774,1.0,3,0.5399917384289785,0.7376774495939241,0.0767228672257653
toy,5,43,56.234133,38,3,4,0.0193548387096774,1.0,3,0.5399917384289785,0.7376774495939241,0.0767228672257653
toy,5,43,100.0,38,3,4,0.0193548387096774,1.0,3,0.5399917384289785,0.7376774495939241,0.0767228672257653
toy,5,43,177.827941,38,3,4,0.0193548387096774,1.0,3,0.5399917384289785,0.7376774495939241,0.0767228672257653
toy,5,43,316.227766,38,3,3,0.0193548387096774,1.0,3,0.5399917384289785,0.7376774495939241,0.0767228672257653
toy,5,43,562.341325,38,3,3,0.0193548387096774,1.0,3,0.5399917384289785,0.7376774495939241,0.0767228672257653
toy,5,43,1000.0,38,3,1,0.0193548387096774,,3,0.5399917384289785,0.7376774495939241,0.0767228672257653
toy,5,44,0.001,38,3,1,-0.02394868780212,0.0,2,0.1389521982726923,0.2062870626027497,0.2172869389626786
toy,5,44,0.001778,38,3,1,0.0,0.0,1,0.0,0.0,0.2341999858808329
toy,5,44,0.003162,38,3,1,0.0200782964588647,-0.0352880124545926,2,0.0123874257903015,0.0,0.2353525400597757
toy,5,44,0.005623,38,3,1,0.0070585041400841,-0.027027027027027,2,0.0072139460572562,0.0,0.2348574671667948
toy,5,44,0.01,38,3,1,0.0070585041400841,-0.027027027027027,2,0.005259383561314,0.0,0.2347332183584222
toy,5,44,0.017783,38,3,1,-0.0135740464232387,1.0,2,0.0275093906970909,0.0426019153650507,0.2311848440595458
toy,5,44,0.031623,38,3,1,-0.0135740464232387,-0.027027027027027,2,0.0275093906970909,0.0426019153650507,0.2311848440595458
toy,5,44,0.056234,38,3,1,-0.0135740464232387,1.0,2,0.000288601469049,0.0003987319951093,0.2341891159697351
toy,5,44,0.1,38,3,1,-0.0135740464232387,1.0,2,0.000288601469049,0.0003987319951093,0.2341891159697351
toy,5,44,0.177828,38,3,10,-0.0135740464232387,0.4726407613005551,2,0.000288601469049,0.0003987319951093,0.2341891159697351
toy,5,44,0.316228,38,3,10,0.14926435601647,0.14926435601647,3,0.0087819720106062,0.0003987319951093,0.2350212692312625
toy,5,44,0.5,38,3,10,1.0,0.6136989978900741,3,0.1078515164542426,0.0,0.2444965242936353
toy,5,44,0.562341,38,3,10,0.6136989978900741,0.0126969198213026,3,0.6431054250010263,0.8763498478079415,0.126892252971874
toy,5,44,1.0,38,3,9,-0.0135740464232387,1.0,2,0.0030305685246813,0.0009115343579894,0.2343322494030174
toy,5,44,1.778279,38,3,10,-0.0135740464232387,1.0,2,0.0030305685246813,0.0009115343579894,0.2343322494030174
toy,5,44,3.162278,38,3,7,-0.0135740464232387,1.0,2,0.0030305685246813,0.0009115343579894,0.2343322494030174
toy,5,44,5.623413,38,3,7,-0.0135740464232387,-0.021505376344086,2,0.0030305685246813,0.0009115343579894,0.2343322494030174
toy,5,44,10.0,38,3,7,0.5324018490242423,1.0,3,0.6255847083816155,0.856992815973563,0.054736591117237
toy,5,44,17.782794,38,3,4,0.5324018490242423,1.0,3,0.6255847083816155,0.856992815973563,0.054736591117237
toy,5,44,31.622777,38,3,4,0.5324018490242423,1.0,3,0.6255847083816155,0.856992815973563,0.054736591117237
toy,5,44,56.234133,38,3,4,0.5324018490242423,1.0,3,0.6255847083816155,0.856992815973563,0.054736591117237
toy,5,44,100.0,38,3,4,0.5324018490242423,1.0,3,0.6255847083816155,0.856992815973563,0.054736591117237
toy,5,44,177.827941,38,3,4,0.5324018490242423,1.0,3,0.6255847083816155,0.856992815973563,0.054736591117237
toy,5,44,316.227766,38,3,3,0.5324018490242423,1.0,3,0.6255847083816155,0.856992815973563,0.054736591117237
toy,5,44,562.341325,38,3,3,0.5324018490242423,1.0,3,0.6255847083816155,0.856992815973563,0.054736591117237
toy,5,44,1000.0,38,3,1,0.5324018490242423,,3,0.6255847083816155,0.856992815973563,0.054736591117237
toy,5,45,0.001,39,3,1,0.0133460615216363,0.0,3,0.0918996277304988,0.1287539658657207,0.2228805420027754
toy,5,45,0.001778,39,3,1,0.0,0.0,1,0.0,0.0,0.2324679860628856
toy,5,45,0.003162,39,3,1,0.0504039401885054,-0.0630924244308993,3,0.1737635194045587,0.2269560277915258,0.2090196531206238
toy,5,45,0.005623,39,3,1,-0.0497177325572614,-0.0782452096239735,3,0.0171807458917266,0.0,0.234045636840757
toy,5,45,0.01,39,3,1,-0.0139064666278026,-0.0386346586646661,3,0.0414779779800323,0.0387739827895895,0.2319930851534801
toy,5,45,0.017783,39,3,2,-0.0195100564476352,1.0,2,0.0096502375304838,0.0,0.233252306279222
toy,5,45,0.031623,39,3,2,-0.0195100564476352,-0.0263157894736842,2,0.0096502375304838,0.0,0.233252306279222
toy,5,45,0.056234,39,3,2,0.0146873458650737,1.0,2,0.0002881781556619,0.0003991924854273,0.232451831762563
toy,5,45,0.1,39,3,3,0.0146873458650737,1.0,2,0.0002881781556619,0.0003991924854273,0.232451831762563
toy,5,45,0.177828,39,3,10,0.0146873458650737,-0.0221949587329913,2,0.0002881781556619,0.0003991924854273,0.232451831762563
toy,5,45,0.316228,39,3,10,0.9150461160154814,0.9150461160154814,3,0.6279037502238336,0.8564261771527595,0.1370641373201898
toy,5,45,0.5,39,3,9,1.0,1.0,3,0.6292046829392103,0.8575093707891236,0.1371297353795346
toy,5,45,0.562341,39,3,7,1.0,0.0146873458650737,3,0.6292046829392103,0.8575093707891236,0.1371297353795346
toy,5,45,1.0,39,3,7,0.0146873458650737,1.0,2,0.0071693704321982,0.0111358527259619,0.2354184668370232
toy,5,45,1.778279,39,3,10,0.0146873458650737,1.0,2,0.0071693704321982,0.0111358527259619,0.2354184668370232
toy,5,45,3.162278,39,3,9,0.0146873458650737,1.0,2,0.0071693704321982,0.0111358527259619,0.2354184668370232
toy,5,45,5.623413,39,3,5,0.0146873458650737,0.0187069248441089,2,0.0071693704321982,0.0111358527259619,0.2354184668370232
toy,5,45,10.0,39,3,5,0.943858935556805,0.9179109792284866,3,0.5621474950680955,0.7550137950708302,0.1760673488324796
toy,5,45,17.782794,39,3,4,0.9150461160154814,1.0,3,0.5842317815554845,0.8050101679703004,0.0647618394055183
toy,5,45,31.622777,39,3,4,0.9150461160154814,1.0,3,0.5842317815554845,0.8050101679703004,0.0647618394055183
toy,5,45,56.234133,39,3,4,0.9150461160154814,1.0,3,0.5842317815554845,0.8050101679703004,0.0647618394055183
toy,5,45,100.0,39,3,4,0.9150461160154814,1.0,3,0.5842317815554845,0.8050101679703004,0.0647618394055183
toy,5,45,177.827941,39,3,4,0.9150461160154814,1.0,3,0.5842317815554845,0.8050101679703004,0.0647618394055183
toy,5,45,316.227766,39,3,3,0.9150461160154814,1.0,3,0.5842317815554845,0.8050101679703004,0.0647618394055183
toy,5,45,562.341325,39,3,3,0.9150461160154814,1.0,3,0.5842317815554845,0.8050101679703004,0.0647618394055183
toy,5,45,1000.0,39,3,1,0.9150461160154814,,3,0.5842317815554845,0.8050101679703004,0.0647618394055183
toy,5,46,0.001,38,3,1,0.0,0.0,1,0.0,0.0,0.2327158564626291
toy,5,46,0.001778,38,3,1,-0.0324932738923042,-0.0631355893832236,2,0.0119968748939884,0.0,0.2338704799231519
toy,5,46,0.003162,38,3,1,-0.0469081592878488,-0.080317380668632,3,0.0218095508812297,0.0,0.2347058206505733
toy,5,46,0.005623,38,3,1,-0.0469081592878488,-0.0396510705789056,3,0.0199674428501298,0.0,0.2345707061020882
toy,5,46,0.01,38,3,1,0.0168954593453009,1.0,2,0.0803772696907726,0.1112590403817508,0.2185653296403285
toy,5,46,0.017783,38,3,1,0.0168954593453009,0.4726407613005551,2,0.0803772696907726,0.1112590403817508,0.2185653296403285
toy,5,46,0.031623,38,3,1,-0.0188032422599871,-0.0396510705789056,3,0.0872022440948561,0.1112590403817508,0.2195193221072313
toy,5,46,0.056234,38,3,2,0.0168954593453009,1.0,2,0.0002873702264999,0.0003989621482887,0.2327162433550606
toy,5,46,0.1,38,3,5,0.0168954593453009,1.0,2,0.0002873702264999,0.0003989621482887,0.2327162433550606
toy,5,46,0.177828,38,3,10,0.0168954593453009,0.0906801007556675,2,0.0002873702264999,0.0003989621482887,0.2327162433550606
toy,5,46,0.316228,38,3,10,0.7113798380173926,0.7113798380173926,3,0.1103441424312624,0.0003989621482887,0.2430398111234036
toy,5,46,0.5,38,3,9,1.0,1.0,3,0.602247009569508,0.8227411044617916,0.1488097992214439
toy,5,46,0.562341,38,3,10,1.0,0.0168954593453009,3,0.602247009569508,0.8227411044617916,0.1488097992214439
toy,5,46,1.0,38,3,10,0.0168954593453009,1.0,2,0.0006083285651368,0.0009321636050541,0.233222757541193
toy,5,46,1.778279,38,3,6,0.0168954593453009,1.0,2,0.0006083285651368,0.0009321636050541,0.233222757541193
toy,5,46,3.162278,38,3,6,0.0168954593453009,0.1337386018237082,2,0.0006083285651368,0.0009321636050541,0.233222757541193
toy,5,46,5.623413,38,3,5,0.5318097374601283,1.0,3,0.573724321660771,0.8037777155285752,0.1009227531738132
toy,5,46,10.0,38,3,5,0.5318097374601283,0.5056258790436006,3,0.573724321660771,0.8037777155285752,0.1009227531738132
toy,5,46,17.782794,38,3,4,0.915831903260566,1.0,3,0.5795565627884988,0.8037777155285754,0.0638792958842888
toy,5,46,31.622777,38,3,4,0.915831903260566,1.0,3,0.5795565627884988,0.8037777155285752,0.0638792958842888
toy,5,46,56.234133,38,3,4,0.915831903260566,1.0,3,0.5795565627884988,0.8037777155285752,0.0638792958842888
toy,5,46,100.0,38,3,4,0.915831903260566,1.0,3,0.5795565627884988,0.8037777155285752,0.0638792958842888
toy,5,46,177.827941,38,3,4,0.915831903260566,1.0,3,0.5795565627884988,0.8037777155285752,0.0638792958842888
toy,5,46,316.227766,38,3,3,0.915831903260566,1.0,3,0.5795565627884988,0.8037777155285752,0.0638792958842888
toy,5,46,562.341325,38,3,3,0.915831903260566,1.0,3,0.5795565627884988,0.8037777155285752,0.0638792958842888
toy,5,46,1000.0,38,3,1,0.915831903260566,,3,0.5795565627884988,0.8037777155285752,0.0638792958842888
toy,5,47,0.001,40,3,1,0.0,0.0,1,0.0,0.0,0.2341046713504252
toy,5,47,0.001778,40,3,1,-0.0703284682039324,0.0,3,0.0736809784118053,0.1127079622366966,0.2206079047019351
toy,5,47,0.003162,40,3,1,0.0,0.0,1,0.0,0.0,0.2341046713504252
toy,5,47,0.005623,40,3,1,-0.0703284682039324,-0.0341643582640812,3,0.0214571594737826,0.0,0.235775540520984
toy,5,47,0.01,40,3,1,-0.0384462940943321,-0.0256410256410256,2,0.0018889426345649,0.0,0.2342806116796611
toy,5,47,0.017783,40,3,1,-0.0384462940943321,-0.0256410256410256,2,0.0025161082996329,0.0,0.234333072155864
toy,5,47,0.031623,40,3,2,0.1755846214823622,-0.0256410256410256,2,0.0050142350276555,0.0,0.2345495584098963
toy,5,47,0.056234,40,3,1,-0.0384462940943321,-0.0256410256410256,2,0.00063102043037,0.0,0.2341640408303926
toy,5,47,0.1,40,3,4,0.2152199762187871,1.0,2,0.0002867192750853,0.0003989621482887,0.2340916050719474
toy,5,47,0.177828,40,3,10,0.2152199762187871,0.6491228070175439,2,0.0002867192750853,0.0003989621482887,0.2340916050719474
toy,5,47,0.316228,40,3,10,0.161700780147969,0.161700780147969,3,0.0009162002054438,0.0003989621482887,0.2341503330925751
toy,5,47,0.5,40,3,10,1.0,0.3703367345121712,3,0.0289664947833762,0.0003989621482887,0.2367371818789654
toy,5,47,0.562341,40,3,10,0.3703367345121712,-0.0158338474192885,3,0.0962965908232861,0.0003989621482887,0.2430460616267604
toy,5,47,1.0,40,3,10,-0.0384462940943321,1.0,2,0.021689007375273,0.0331123805431461,0.2430051065401962
toy,5,47,1.778279,40,3,8,-0.0384462940943321,1.0,2,0.021689007375273,0.0331123805431461,0.2430051065401962
toy,5,47,3.162278,40,3,10,-0.0384462940943321,1.0,2,0.021689007375273,0.0331123805431461,0.2430051065401962
toy,5,47,5.623413,40,3,8,-0.0384462940943321,0.0165949600491702,2,0.021689007375273,0.0331123805431461,0.2430051065401962
toy,5,47,10.0,40,3,6,-0.0398336266197408,1.0,3,0.6272770373245655,0.8717613531073123,0.1327570510813613
toy,5,47,17.782794,40,3,6,-0.0398336266197408,1.0,3,0.6272770373245655,0.8717613531073123,0.1327570510813613
toy,5,47,31.622777,40,3,4,-0.0398336266197408,0.9172027259410228,3,0.6272770373245655,0.8717613531073123,0.1327570510813613
toy,5,47,56.234133,40,3,4,-0.0493461766130334,1.0,3,0.5630299835906639,0.786903912929294,0.0806376570351812
toy,5,47,100.0,40,3,4,-0.0493461766130334,1.0,3,0.5630299835906639,0.786903912929294,0.0806376570351812
toy,5,47,177.827941,40,3,4,-0.0493461766130334,1.0,3,0.5630299835906639,0.786903912929294,0.0806376570351812
toy,5,47,316.227766,40,3,3,-0.0493461766130334,1.0,3,0.5630299835906639,0.786903912929294,0.0806376570351812
toy,5,47,562.341325,40,3,3,-0.0493461766130334,1.0,3,0.5630299835906639,0.786903912929294,0.0806376570351812
toy,5,47,1000.0,40,3,1,-0.0493461766130334,,3,0.5630299835906639,0.786903912929294,0.0806376570351812
toy,5,48,0.001,38,3,1,-0.0034041520663988,0.0,3,0.0632237288203917,0.0992575665292117,0.2247914388825984
toy,5,48,0.001778,38,3,1,0.0,0.0,1,0.0,0.0,0.2332568193348622
toy,5,48,0.003162,38,3,1,0.1346125995655322,-0.0647865991092518,3,0.1950985010334643,0.2632464665333647,0.2027181171121837
toy,5,48,0.005623,38,3,1,0.0568000970575851,-0.0534657580696323,3,0.0285903745881451,0.0358850160207612,0.2309307698416765
toy,5,48,0.01,38,3,4,-0.0105005974354858,-0.0352880124545926,2,0.0061617460088363,0.0,0.2338635578871915
toy,5,48,0.017783,38,3,2,-0.0080624187256176,-0.027027027027027,2,0.0104202685426026,0.0,0.2340712597203466
toy,5,48,0.031623,38,3,1,-0.0031209362808842,-0.027027027027027,2,0.0002860889696409,0.0003989621482887,0.2332433639064959
toy,5,48,0.056234,38,3,2,-0.0080624187256176,1.0,2,0.0049374729315173,0.0,0.2336602369950936
toy,5,48,0.1,38,3,1,-0.0080624187256176,1.0,2,0.0049374729315173,0.0,0.2336602369950936
toy,5,48,0.177828,38,3,3,-0.0080624187256176,1.0,2,0.0049374729315173,0.0,0.2336602369950936
toy,5,48,0.316228,38,3,9,-0.0080624187256176,-0.0080624187256176,2,0.0049374729315173,0.0,0.2336602369950936
toy,5,48,0.5,38,3,9,1.0,0.7119737785516747,3,0.1471907881062612,0.0997337681629597,0.2362392880125791
toy,5,48,0.562341,38,3,9,0.7119737785516747,0.0126969198213026,3,0.6004062586304121,0.8331370495278844,0.1514329125648709
toy,5,48,1.0,38,3,9,-0.0031209362808842,1.0,2,0.0007039357955833,0.0005230169495728,0.233564077887674
toy,5,48,1.778279,38,3,9,-0.0031209362808842,1.0,2,0.0007039357955833,0.0005230169495728,0.233564077887674
toy,5,48,3.162278,38,3,6,-0.0031209362808842,1.0,2,0.0007039357955833,0.0005230169495728,0.233564077887674
toy,5,48,5.623413,38,3,6,-0.0031209362808842,-0.021505376344086,2,0.0007039357955833,0.0005230169495728,0.233564077887674
toy,5,48,10.0,38,3,5,0.6474003672470077,1.0,3,0.59674108122955,0.8378180005361068,0.0662753170520314
toy,5,48,17.782794,38,3,4,0.6474003672470077,1.0,3,0.59674108122955,0.8378180005361068,0.0662753170520314
toy,5,48,31.622777,38,3,4,0.6474003672470077,1.0,3,0.59674108122955,0.8378180005361068,0.0662753170520314
toy,5,48,56.234133,38,3,4,0.6474003672470077,1.0,3,0.59674108122955,0.8378180005361068,0.0662753170520314
toy,5,48,100.0,38,3,4,0.6474003672470077,1.0,3,0.59674108122955,0.8378180005361068,0.0662753170520314
toy,5,48,177.827941,38,3,4,0.6474003672470077,1.0,3,0.59674108122955,0.8378180005361068,0.0662753170520314
toy,5,48,316.227766,38,3,3,0.6474003672470077,1.0,3,0.59674108122955,0.8378180005361068,0.0662753170520314
toy,5,48,562.341325,38,3,3,0.6474003672470077,1.0,3,0.59674108122955,0.8378180005361068,0.0662753170520314
toy,5,48,1000.0,38,3,1,0.6474003672470077,,3,0.59674108122955,0.8378180005361068,0.0662753170520314
toy,5,49,0.001,38,3,1,0.0126969198213026,-0.0385852090032154,2,0.0773161344133314,0.1180572119589429,0.2181077064468366
toy,5,49,0.001778,38,3,1,0.0864106203890677,-0.0611466366605373,2,0.1366026482394781,0.2078009400999611,0.2147524400260352
toy,5,49,0.003162,38,3,1,-0.0320836466501951,-0.0522098961084698,2,0.0144215086530592,0.0,0.231423398180311
toy,5,49,0.005623,38,3,1,-0.0320836466501951,-0.0352880124545926,2,0.0096663724591425,0.0,0.2310290357445317
toy,5,49,0.01,38,3,1,0.0126969198213026,-0.027027027027027,2,0.040068540544819,0.0639455034178279,0.2277423791750717
toy,5,49,0.017783,38,3,1,-0.018575123442276,-0.027027027027027,2,0.0030473558346879,0.0,0.230314999261732
toy,5,49,0.031623,38,3,3,-0.018575123442276,-0.027027027027027,2,0.0006119626548237,0.0,0.2300528380182568
toy,5,49,0.056234,38,3,1,0.0126969198213026,1.0,2,0.000285346327528,0.0003987319951093,0.2299900171658183
toy,5,49,0.1,38,3,1,0.0126969198213026,1.0,2,0.000285346327528,0.0003987319951093,0.2299900171658183
toy,5,49,0.177828,38,3,10,0.0126969198213026,0.4726407613005551,2,0.000285346327528,0.0003987319951093,0.2299900171658183
toy,5,49,0.316228,38,3,10,-0.0228116073573774,-0.0228116073573774,3,0.0134936461016312,0.0003987319951093,0.2311462113842348
toy,5,49,0.5,38,3,10,1.0,1.0,3,0.5788613782042016,0.8057913306660219,0.1608804991188717
toy,5,49,0.562341,38,3,10,1.0,0.6136989978900741,3,0.5788613782042016,0.8057913306660219,0.1608804991188717
toy,5,49,1.0,38,3,9,0.6136989978900741,-0.0135740464232387,3,0.0977518642694745,0.0,0.239831729417174
toy,5,49,1.778279,38,3,9,0.0126969198213026,1.0,2,0.0013796291372598,0.0017211673116721,0.2303949467048711
toy,5,49,3.162278,38,3,10,0.0126969198213026,1.0,2,0.0013796291372598,0.0017211673116721,0.2303949467048711
toy,5,49,5.623413,38,3,8,0.0126969198213026,0.1337386018237082,2,0.0013796291372598,0.0017211673116721,0.2303949467048711
toy,5,49,10.0,38,3,7,0.5289084902131904,0.5056258790436006,3,0.5519241440200225,0.7825404598086019,0.1067182024663594
toy,5,49,17.782794,38,3,4,0.9127915219394628,1.0,3,0.554330220792803,0.7825404598086021,0.0721991875923841
toy,5,49,31.622777,38,3,4,0.9127915219394628,1.0,3,0.554330220792803,0.7825404598086021,0.0721991875923841
toy,5,49,56.234133,38,3,4,0.9127915219394628,1.0,3,0.554330220792803,0.7825404598086019,0.0721991875923841
toy,5,49,100.0,38,3,4,0.9127915219394628,1.0,3,0.554330220792803,0.7825404598086019,0.0721991875923841
toy,5,49,177.827941,38,3,4,0.9127915219394628,1.0,3,0.554330220792803,0.7825404598086019,0.0721991875923841
toy,5,49,316.227766,38,3,3,0.9127915219394628,1.0,3,0.554330220792803,0.7825404598086019,0.0721991875923841
toy,5,49,562.341325,38,3,3,0.9127915219394628,1.0,3,0.554330220792803,0.7825404598086019,0.0721991875923841
toy,5,49,1000.0,38,3,1,0.9127915219394628,,3,0.554330220792803,0.7825404598086019,0.0721991875923841
toy,5,50,0.001,38,3,1,-0.0135740464232387,-0.0352880124545926,2,0.0636523735075066,0.0991336700628056,0.2152554914018288
toy,5,50,0.001778,38,3,1,-0.0216204994365027,-0.0631355893832236,2,0.0502125427545097,0.078189892320006,0.2217537137769143
toy,5,50,0.003162,38,3,1,0.0333746707679396,-0.080317380668632,3,0.0261962403886663,0.0,0.2287130788065713
toy,5,50,0.005623,38,3,1,0.0333746707679396,-0.0647865991092518,3,0.020511402953928,0.0,0.2283686850689274
toy,5,50,0.01,38,3,1,0.0171769949900431,-0.0547292889758643,3,0.008334714661785,0.0,0.2272284891028224
toy,5,50,0.017783,38,3,1,-0.0088925807396639,-0.0534657580696323,3,0.2070353581619689,0.2626893356646431,0.2033842754280432
toy,5,50,0.031623,38,3,3,0.1660240820926508,-0.0352880124545926,2,0.0077542497152016,0.0,0.2271380061408026
toy,5,50,0.056234,38,3,5,-0.0135740464232387,1.0,2,0.0002847556046627,0.0003987319951093,0.2263072313373988
toy,5,50,0.1,38,3,1,-0.0135740464232387,1.0,2,0.0002847556046627,0.0003987319951093,0.2263072313373988
toy,5,50,0.177828,38,3,1,-0.0135740464232387,0.4726407613005551,2,0.0002847556046627,0.0003987319951093,0.2263072313373988
toy,5,50,0.316228,38,3,10,0.14926435601647,0.14926435601647,3,0.0080218747447965,0.0003987319951093,0.2271228716912524
toy,5,50,0.5,38,3,10,1.0,1.0,3,0.1013400824887526,0.0,0.2367155902652096
toy,5,50,0.562341,38,3,10,1.0,-0.0135740464232387,3,0.1013400824887526,0.0,0.2367155902652096
toy,5,50,1.0,38,3,8,-0.0135740464232387,1.0,2,0.0218793630458806,0.0334546483735271,0.235654974043268
toy,5,50,1.778279,38,3,8,-0.0135740464232387,1.0,2,0.0218793630458806,0.0334546483735271,0.235654974043268
toy,5,50,3.162278,38,3,8,-0.0135740464232387,0.1066907775768535,2,0.0218793630458806,0.0334546483735271,0.235654974043268
toy,5,50,5.623413,38,3,7,0.4570594443343698,0.0831004285448108,3,0.0738016751680601,0.0334546483735271,0.2422925737868742
toy,5,50,10.0,38,3,7,0.1503735406387485,0.5289084902131904,3,0.5527533973165676,0.7846180607513111,0.1172832638372874
toy,5,50,17.782794,38,3,7,0.6136989978900741,1.0,3,0.6183433027516617,0.8699429326208296,0.1343538643363271
toy,5,50,31.622777,38,3,4,0.6136989978900741,0.9127915219394628,3,0.6183433027516617,0.8699429326208296,0.1343538643363271
toy,5,50,56.234133,38,3,4,0.5324018490242423,1.0,3,0.553770893830465,0.7846180607513111,0.0812765903348565
toy,5,50,100.0,38,3,4,0.5324018490242423,1.0,3,0.553770893830465,0.7846180607513111,0.0812765903348565
toy,5,50,177.827941,38,3,4,0.5324018490242423,1.0,3,0.553770893830465,0.7846180607513111,0.0812765903348565
toy,5,50,316.227766,38,3,3,0.5324018490242423,1.0,3,0.553770893830465,0.7846180607513111,0.0812765903348565
toy,5,50,562.341325,38,3,3,0.5324018490242423,1.0,3,0.553770893830465,0.7846180607513111,0.0812765903348565
toy,5,50,1000.0,38,3,1,0.5324018490242423,,3,0.553770893830465,0.7846180607513111,0.0812765903348565
toy,5,51,0.001,38,3,1,0.0,1.0,1,0.0,0.0,0.2279782380097098
toy,5,51,0.001778,38,3,1,0.0,0.0,1,0.0,0.0,0.2279782380097098
toy,5,51,0.003162,38,3,1,0.0002798768541841,-0.027027027027027,2,0.0053061885827569,0.0,0.2284972583808632
toy,5,51,0.005623,38,3,1,0.0002798768541841,-0.0396510705789056,2,0.0023686145893784,0.0,0.228215639611657
toy,5,51,0.01,38,3,1,0.0124888697841505,-0.0647865991092518,3,0.0156842021549184,0.0,0.229611116734961
toy,5,51,0.017783,38,3,1,0.0034524544436061,-0.0360082304526749,3,0.0151037198551959,0.0,0.2293657771766152
toy,5,51,0.031623,38,3,3,0.0002798768541841,-0.027027027027027,2,0.0070582592823237,0.0,0.228525931889242
toy,5,51,0.056234,38,3,3,0.0906801007556675,1.0,2,0.0002841831301944,0.0003987319951093,0.2279788907199488
toy,5,51,0.1,38,3,3,0.0906801007556675,1.0,2,0.0002841831301944,0.0003987319951093,0.2279788907199488
toy,5,51,0.177828,38,3,1,0.0906801007556675,0.1226993865030674,2,0.0002841831301944,0.0003987319951093,0.2279788907199488
toy,5,51,0.316228,38,3,10,0.1518948655256723,0.1518948655256723,3,0.4023356087734913,0.5967845168870645,0.2519511514878748
toy,5,51,0.5,38,3,10,1.0,0.783129110675107,3,0.0869231297616588,0.0003987319951093,0.2364760519501518
toy,5,51,0.562341,38,3,10,0.783129110675107,0.7722629439738766,3,0.1805193287775093,0.1888912049602417,0.2314962102149217
toy,5,51,1.0,38,3,8,0.7085309628843411,0.0126969198213026,3,0.5524926084180873,0.7810019897907076,0.1755565760360731
toy,5,51,1.778279,38,3,8,-0.0050377833753148,1.0,2,0.0250572955657723,0.02960067780408,0.2374195270594542
toy,5,51,3.162278,38,3,10,-0.0050377833753148,0.1337386018237082,2,0.0250572955657723,0.02960067780408,0.2374195270594542
toy,5,51,5.623413,38,3,10,0.2450310957235365,0.0046203144794694,3,0.061870497976161,0.02960067780408,0.2425108365412943
toy,5,51,10.0,38,3,6,0.1918959695380415,0.4636937374297801,3,0.5050862460025118,0.7047447280138449,0.1262829602097065
toy,5,51,17.782794,38,3,4,0.6334177592371871,1.0,3,0.4944483733363323,0.7047447280138449,0.0978095720889967
toy,5,51,31.622777,38,3,4,0.6334177592371871,1.0,3,0.4944483733363323,0.7047447280138449,0.0978095720889967
toy,5,51,56.234133,38,3,4,0.6334177592371871,1.0,3,0.4944483733363323,0.7047447280138449,0.0978095720889967
toy,5,51,100.0,38,3,4,0.6334177592371871,1.0,3,0.4944483733363323,0.7047447280138449,0.0978095720889967
toy,5,51,177.827941,38,3,4,0.6334177592371871,1.0,3,0.4944483733363323,0.7047447280138449,0.0978095720889967
toy,5,51,316.227766,38,3,3,0.6334177592371871,1.0,3,0.4944483733363323,0.7047447280138449,0.0978095720889967
toy,5,51,562.341325,38,3,3,0.6334177592371871,1.0,3,0.4944483733363323,0.7047447280138449,0.0978095720889967
toy,5,51,1000.0,38,3,1,0.6334177592371871,,3,0.4944483733363323,0.7047447280138449,0.0978095720889967
toy,5,52,0.001,39,3,1,-0.0520798719149321,0.0,3,0.1848899379296202,0.2513086940323819,0.2033162915527036
toy,5,52,0.001778,39,3,1,0.0,0.0,1,0.0,0.0,0.2266841277338968
toy,5,52,0.003162,39,3,1,-0.0520798719149321,-0.0520798719149321,3,0.0290512254919352,0.0403993912151918,0.223654185721193
toy,5,52,0.005623,39,3,1,-0.0508934721828275,-0.0520798719149321,2,0.0081035898623231,0.0,0.2275060584547716
toy,5,52,0.01,39,3,1,-0.0520798719149321,-0.0350620891161431,3,0.0154477852907296,0.0,0.2281970675989643
toy,5,52,0.017783,39,3,1,-0.0343811394891945,-0.0263157894736842,2,0.0254428241326026,0.0394388816655087,0.2247272566060522
toy,5,52,0.031623,39,3,1,-0.0343811394891945,-0.0263157894736842,2,0.0288633818260623,0.0445208012448474,0.2260026847500591
toy,5,52,0.056234,39,3,1,-0.0343811394891945,1.0,2,0.0002837581030816,0.0003989621482887,0.226677186471783
toy,5,52,0.1,39,3,1,-0.0343811394891945,0.2995245641838351,2,0.0002837581030816,0.0003989621482887,0.226677186471783
toy,5,52,0.177828,39,3,1,-0.0691828675577156,0.2281688540423839,3,0.036230804071682,0.0003989621482887,0.2298808705574967
toy,5,52,0.316228,39,3,10,-0.0520798719149321,-0.0520798719149321,3,0.0290801784707659,0.0447706847332015,0.2259954425886628
toy,5,52,0.5,39,3,10,1.0,1.0,2,0.0046181057594496,0.0030112797530844,0.2281971976576934
toy,5,52,0.562341,39,3,10,1.0,0.9925384406247167,2,0.0046181057594496,0.0030112797530844,0.2281971976576934
toy,5,52,1.0,39,3,10,0.9925384406247167,0.9925384406247167,3,0.0070049202059061,0.006961933934289,0.2293615299925122
toy,5,52,1.778279,39,3,9,1.0,0.1611395237334185,2,0.0046181057594496,0.0030112797530844,0.2281971976576934
toy,5,52,3.162278,39,3,10,0.1611395237334185,0.1611395237334185,3,0.0742237846505817,0.0030112797530844,0.2367476240103862
toy,5,52,5.623413,39,3,10,1.0,0.2475095908959025,2,0.0046181057594496,0.0030112797530844,0.2281971976576934
toy,5,52,10.0,39,3,10,0.2475095908959025,1.0,3,0.5036963261290086,0.720994362677583,0.1106027628244036
toy,5,52,17.782794,39,3,6,0.2475095908959025,0.4730854014079499,3,0.5036963261290086,0.720994362677583,0.1106027628244036
toy,5,52,31.622777,39,3,5,-0.0489176729969434,1.0,3,0.5139226456675328,0.7209943626775829,0.0769761099447978
toy,5,52,56.234133,39,3,5,-0.0489176729969434,1.0,3,0.5139226456675328,0.7209943626775829,0.0769761099447978
toy,5,52,100.0,39,3,5,-0.0489176729969434,1.0,3,0.5139226456675328,0.7209943626775829,0.0769761099447978
toy,5,52,177.827941,39,3,4,-0.0489176729969434,1.0,3,0.513922645667533,0.720994362677583,0.0769761099447978
toy,5,52,316.227766,39,3,3,-0.0489176729969434,1.0,3,0.5139226456675328,0.7209943626775829,0.0769761099447978
toy,5,52,562.341325,39,3,3,-0.0489176729969434,1.0,3,0.5139226456675328,0.7209943626775829,0.0769761099447978
toy,5,52,1000.0,39,3,1,-0.0489176729969434,,3,0.5139226456675328,0.7209943626775829,0.0769761099447978
toy,5,53,0.001,46,3,1,0.0,0.0,1,0.0,0.0,0.226630789690869
toy,5,53,0.001778,46,3,1,0.0710275031671432,0.0,2,0.0628999539636522,0.102494881544422,0.2182408638363517
toy,5,53,0.003162,46,3,1,0.0,0.0,1,0.0,0.0,0.226630789690869
toy,5,53,0.005623,46,3,1,-0.0439802247999511,-0.0533217210908984,3,0.0113392428822581,0.0,0.2277975902423544
toy,5,53,0.01,46,3,1,-0.0618461678760796,-0.0533217210908984,3,0.0102213866587555,0.0,0.2277002894832576
toy,5,53,0.017783,46,3,1,-0.0439802247999511,-0.0449081882319405,3,0.0107805710127448,0.0,0.2276686043714574
toy,5,53,0.031623,46,3,2,0.0025666642038683,-0.0296143250688705,3,0.023783748077638,0.0358641952885106,0.2250677223363392
toy,5,53,0.056234,46,3,4,0.0265070542967079,1.0,2,0.000283090119206,0.0003987319951093,0.2266212378056928
toy,5,53,0.1,46,3,1,0.0265070542967079,0.6515151515151515,2,0.000283090119206,0.0003987319951093,0.2266212378056928
toy,5,53,0.177828,46,3,1,0.0025666642038683,1.0,3,0.0008587444760152,0.0003987319951093,0.2266687150763241
toy,5,53,0.316228,46,3,10,0.0025666642038683,0.0025666642038683,3,0.0008587444760152,0.0003987319951093,0.2266687150763241
toy,5,53,0.5,46,3,10,1.0,0.0265070542967079,3,0.4488878910967192,0.6218970099361854,0.2474741551972376
toy,5,53,0.562341,46,3,10,0.0265070542967079,1.0,2,0.039160335510628,0.0574434498872061,0.2435861555985798
toy,5,53,1.0,46,3,10,0.0265070542967079,1.0,2,0.039160335510628,0.0574434498872061,0.2435861555985798
toy,5,53,1.778279,46,3,10,0.0265070542967079,1.0,2,0.039160335510628,0.0574434498872061,0.2435861555985798
toy,5,53,3.162278,46,3,9,0.0265070542967079,0.0295980078263963,2,0.039160335510628,0.0574434498872061,0.2435861555985798
toy,5,53,5.623413,46,3,7,0.961801070308175,1.0,3,0.6072469654034405,0.871762661742656,0.1325449231113775
toy,5,53,10.0,46,3,7,0.961801070308175,1.0,3,0.6072469654034405,0.871762661742656,0.1325449231113775
toy,5,53,17.782794,46,3,4,0.961801070308175,1.0,3,0.6072469654034405,0.871762661742656,0.1325449231113775
toy,5,53,31.622777,46,3,4,0.961801070308175,1.0,3,0.6072469654034405,0.871762661742656,0.1325449231113775
toy,5,53,56.234133,46,3,4,0.961801070308175,1.0,3,0.6072469654034405,0.871762661742656,0.1325449231113775
toy,5,53,100.0,46,3,4,0.961801070308175,1.0,3,0.6072469654034405,0.871762661742656,0.1325449231113775
toy,5,53,177.827941,46,3,4,0.961801070308175,1.0,3,0.6072469654034405,0.871762661742656,0.1325449231113775
toy,5,53,316.227766,46,3,3,0.961801070308175,1.0,3,0.6072469654034405,0.871762661742656,0.1325449231113775
toy,5,53,562.341325,46,3,3,0.961801070308175,1.0,3,0.6072469654034404,0.871762661742656,0.1325449231113775
toy,5,53,1000.0,46,3,1,0.961801070308175,,3,0.6072469654034404,0.871762661742656,0.1325449231113775
toy,5,54,0.001,42,3,1,-0.134367899858533,-0.0695369489375198,3,0.105035922136803,0.1592788186691879,0.2167104265962589
toy,5,54,0.001778,42,3,1,-0.0603290185799779,-0.0585004119747322,3,0.0880045696995528,0.1372592371325487,0.2128602143563721
toy,5,54,0.003162,42,3,1,0.1090451327981509,-0.0585004119747322,3,0.0444492046580429,0.0625055424034694,0.2231409185236132
toy,5,54,0.005623,42,3,1,-0.0603290185799779,-0.0585004119747322,3,0.1499642462331554,0.2055567887918775,0.2063143907672192
toy,5,54,0.01,42,3,1,0.2207317828177559,-0.0585004119747322,3,0.0220618001426562,0.0,0.2284417781763495
toy,5,54,0.017783,42,3,3,0.0372315206598262,-0.0325,3,0.0139401752653315,0.0,0.2274586776103705
toy,5,54,0.031623,42,3,1,-0.031679247617869,-0.024390243902439,2,0.0255448044984715,0.0375067656907538,0.2256710832027864
toy,5,54,0.056234,42,3,1,-0.031679247617869,1.0,2,0.0002826967618997,0.0003989621482887,0.2262255668847466
toy,5,54,0.1,42,3,2,-0.031679247617869,0.0839073262366938,2,0.0002826967618997,0.0003989621482887,0.2262255668847466
toy,5,54,0.177828,42,3,5,0.1310224635178656,0.0689878892733564,3,0.4262172019800768,0.6396487533983334,0.2615498203362718
toy,5,54,0.316228,42,3,10,0.1902717873578636,0.1902717873578636,3,0.0025461494784339,0.0003989621482887,0.2264354489837934
toy,5,54,0.5,42,3,10,1.0,0.2686661749552001,3,0.069192158903876,0.0,0.2331491292010801
toy,5,54,0.562341,42,3,10,0.2686661749552001,0.0063559688527871,3,0.0964897951918579,0.0,0.2360955639113295
toy,5,54,1.0,42,3,10,-0.0580802958897572,0.9931482321483992,2,0.0002035050502407,0.0003093636427032,0.2265074224663013
toy,5,54,1.778279,42,3,10,-0.0603290185799779,0.9931482321483992,3,0.0052913928896647,0.0078517215457709,0.2293233202974886
toy,5,54,3.162278,42,3,10,-0.0580802958897572,0.9931482321483992,2,0.0002035050502407,0.0003093636427032,0.2265074224663013
toy,5,54,5.623413,42,3,10,-0.0603290185799779,0.2735608410892796,3,0.0052913928896647,0.0078517215457709,0.2293233202974886
toy,5,54,10.0,42,3,5,-0.1349150965340776,0.431585292344786,3,0.4612106655122911,0.6610890367850436,0.1207113400501163
toy,5,54,17.782794,42,3,5,-0.0700413644710726,1.0,3,0.4659780828520291,0.6610890367850436,0.08560126082585
toy,5,54,31.622777,42,3,5,-0.0700413644710726,1.0,3,0.4659780828520291,0.6610890367850436,0.08560126082585
toy,5,54,56.234133,42,3,5,-0.0700413644710726,1.0,3,0.4659780828520291,0.6610890367850436,0.08560126082585
toy,5,54,100.0,42,3,5,-0.0700413644710726,1.0,3,0.4659780828520291,0.6610890367850436,0.08560126082585
toy,5,54,177.827941,42,3,5,-0.0700413644710726,1.0,3,0.4659780828520291,0.6610890367850436,0.08560126082585
toy,5,54,316.227766,42,3,3,-0.0700413644710726,1.0,3,0.4659780828520291,0.6610890367850436,0.08560126082585
toy,5,54,562.341325,42,3,3,-0.0700413644710726,1.0,3,0.4659780828520291,0.6610890367850436,0.08560126082585
toy,5,54,1000.0,42,3,1,-0.0700413644710726,,3,0.4659780828520291,0.6610890367850436,0.08560126082585
toy,5,55,0.001,36,3,1,-0.0372526193247962,-0.0550554741469541,2,0.1082253724510398,0.1666110201476338,0.206455422920331
toy,5,55,0.001778,36,3,1,-0.0372526193247962,-0.0665990898699506,2,0.1195572463829719,0.1880222329650429,0.2162821595101513
toy,5,55,0.003162,36,3,1,-0.0418521816562778,-0.068461389837058,3,0.0548878497732278,0.0795600023184293,0.2168498402783523
toy,5,55,0.005623,36,3,1,-0.0380622837370242,-0.0380622837370242,3,0.0093957358262697,0.0,0.2254936114368974
toy,5,55,0.01,36,3,1,-0.0285714285714285,-0.0285714285714285,2,0.0126815907170138,0.0,0.2255680961912848
toy,5,55,0.017783,36,3,1,-0.0285714285714285,0.4710596616206589,2,0.0011208081794913,0.0,0.2246350416302938
toy,5,55,0.031623,36,3,1,-0.0418521816562778,-0.0418521816562778,3,0.0039020569882385,0.0,0.2249211991162756
toy,5,55,0.056234,36,3,3,-0.0285714285714285,0.6470588235294118,2,0.0002821898384855,0.0003989621482887,0.2245040755974874
toy,5,55,0.1,36,3,3,-0.0380622837370242,-0.0564698541455424,3,0.0014003488101347,0.0003989621482887,0.2246103176413289
toy,5,55,0.177828,36,3,1,-0.0372526193247962,-0.0372526193247962,2,0.0058417418891923,0.0022194352682566,0.2256051801554469
toy,5,55,0.316228,36,3,1,1.0,1.0,2,0.0014859703486564,0.0012602842977419,0.2252788854531893
toy,5,55,0.5,36,3,10,1.0,1.0,2,0.0014859703486564,0.0012602842977419,0.2252788854531893
toy,5,55,0.562341,36,3,10,1.0,0.4710596616206589,2,0.0014859703486564,0.0012602842977419,0.2252788854531893
toy,5,55,1.0,36,3,10,0.4710596616206589,1.0,3,0.0063806349928594,0.0022380410341558,0.2260613367639072
toy,5,55,1.778279,36,3,10,0.4710596616206589,0.3696505671622312,3,0.0063806349928594,0.0022380410341558,0.2260613367639072
toy,5,55,3.162278,36,3,10,0.1221225126804526,1.0,3,0.3454795046841619,0.4889944381499069,0.1582576479940291
toy,5,55,5.623413,36,3,8,0.1221225126804526,1.0,3,0.3454795046841619,0.4889944381499069,0.1582576479940291
toy,5,55,10.0,36,3,8,0.1221225126804526,0.3832629611684087,3,0.3454795046841619,0.4889944381499069,0.1582576479940291
toy,5,55,17.782794,36,3,8,-0.0307645446238196,1.0,3,0.3414473360412697,0.4889944381499069,0.1238479111977833
toy,5,55,31.622777,36,3,6,-0.0307645446238196,1.0,3,0.3414473360412697,0.4889944381499069,0.1238479111977833
toy,5,55,56.234133,36,3,6,-0.0307645446238196,1.0,3,0.3414473360412697,0.4889944381499069,0.1238479111977833
toy,5,55,100.0,36,3,5,-0.0307645446238196,1.0,3,0.3414473360412697,0.4889944381499069,0.1238479111977833
toy,5,55,177.827941,36,3,4,-0.0307645446238196,1.0,3,0.3414473360412697,0.4889944381499069,0.1238479111977833
toy,5,55,316.227766,36,3,4,-0.0307645446238196,1.0,3,0.3414473360412697,0.4889944381499069,0.1238479111977833
toy,5,55,562.341325,36,3,3,-0.0307645446238196,1.0,3,0.3414473360412697,0.4889944381499069,0.1238479111977833
toy,5,55,1000.0,36,3,1,-0.0307645446238196,,3,0.3414473360412697,0.4889944381499069,0.1238479111977833
toy,5,56,0.001,42,3,1,-0.0473111395646606,-0.0473111395646606,2,0.0923131756518691,0.1469945640451883,0.2095801458352377
toy,5,56,0.001778,42,3,1,-0.0473111395646606,-0.0483204812949125,2,0.2007166791768283,0.2854738383343057,0.2027265344363247
toy,5,56,0.003162,42,3,1,-0.0483204812949125,-0.049335232668566,3,0.1267245567502009,0.1835069025380757,0.205875779972544
toy,5,56,0.005623,42,3,1,-0.0483204812949125,0.0,3,0.0103537232835239,0.0,0.2242447909798306
toy,5,56,0.01,42,3,1,0.0,0.0,1,0.0,0.0,0.2231739201222651
toy,5,56,0.017783,42,3,1,-0.0319193616127677,-0.024390243902439,2,0.0082017153684862,0.0,0.2239803586526689
toy,5,56,0.031623,42,3,1,-0.0319193616127677,-0.024390243902439,2,0.0027556260088701,0.0,0.223480730493984
toy,5,56,0.056234,42,3,2,-0.0319193616127677,-0.0325,2,0.000281570834005,0.0003987319951093,0.2231673227488358
toy,5,56,0.1,42,3,7,0.9931482321483992,0.9931482321483992,3,0.0010581118923212,0.0002067701452308,0.2234241708767051
toy,5,56,0.177828,42,3,2,1.0,0.9931482321483992,2,0.0009211284839782,1.98882428648572e-07,0.2232541896414049
toy,5,56,0.316228,42,3,1,0.9931482321483992,0.9931482321483992,3,0.0010581118923212,0.0002067701452308,0.2234241708767051
toy,5,56,0.5,42,3,10,1.0,0.9931482321483992,2,0.0009211284839782,1.98882428648572e-07,0.2232541896414049
toy,5,56,0.562341,42,3,10,0.9931482321483992,-0.0325,3,0.0010581118923212,0.0002067701452308,0.2234241708767051
toy,5,56,1.0,42,3,10,-0.0319193616127677,1.0,2,0.0202965925549898,0.0329161617251384,0.2329574877749139
toy,5,56,1.778279,42,3,10,-0.0319193616127677,0.4753363228699551,2,0.0202965925549898,0.0329161617251384,0.2329574877749139
toy,5,56,3.162278,42,3,10,0.7795192351886749,1.0,3,0.0169673057646427,0.0246887658467078,0.2332844549392581
toy,5,56,5.623413,42,3,8,0.7795192351886749,0.2200735680504466,3,0.0169673057646427,0.0246887658467078,0.2332844549392581
toy,5,56,10.0,42,3,9,0.1438189541657057,0.7003784418635,3,0.087056407489664,0.0135527581917835,0.240252522863398
toy,5,56,17.782794,42,3,9,-0.0563716550054713,1.0,3,0.4420185100227428,0.6201212658716588,0.0939550101640021
toy,5,56,31.622777,42,3,5,-0.0563716550054713,1.0,3,0.4420185100227428,0.6201212658716588,0.0939550101640021
toy,5,56,56.234133,42,3,5,-0.0563716550054713,1.0,3,0.4420185100227428,0.6201212658716588,0.0939550101640021
toy,5,56,100.0,42,3,5,-0.0563716550054713,1.0,3,0.4420185100227428,0.6201212658716588,0.0939550101640021
toy,5,56,177.827941,42,3,5,-0.0563716550054713,1.0,3,0.4420185100227428,0.6201212658716588,0.0939550101640021
toy,5,56,316.227766,42,3,3,-0.0563716550054713,1.0,3,0.4420185100227428,0.6201212658716588,0.0939550101640021
toy,5,56,562.341325,42,3,1,-0.0563716550054713,1.0,3,0.4420185100227428,0.6201212658716588,0.0939550101640021
toy,5,56,1000.0,42,3,1,-0.0563716550054713,,3,0.4420185100227428,0.6201212658716588,0.0939550101640021
toy,5,57,0.001,42,3,1,-0.0571770005055844,0.0,2,0.119825736022501,0.1843880244511943,0.205777831060216
toy,5,57,0.001778,42,3,1,0.0,0.0,1,0.0,0.0,0.2242559492242359
toy,5,57,0.003162,42,3,1,-0.0571770005055844,-0.0620947982088039,2,0.0128677019250041,0.0,0.2257045529453699
toy,5,57,0.005623,42,3,1,-0.0815278559369724,-0.0815278559369724,3,0.0293760964273395,0.0,0.2274136018612832
toy,5,57,0.01,42,3,1,0.6294593309021722,-0.0571770005055844,3,0.0096716216417502,0.0,0.2253436639077575
toy,5,57,0.017783,42,3,1,-0.0571770005055844,0.9931482321483992,2,0.0128677019250041,0.0,0.2254987027981617
toy,5,57,0.031623,42,3,1,-0.0585004119747322,-0.0325,3,0.0128497481843903,0.0,0.2255158038494555
toy,5,57,0.056234,42,3,1,0.4753363228699551,1.0,2,0.0002810941227732,0.0003987319951093,0.2242494761961182
toy,5,57,0.1,42,3,2,0.4753363228699551,1.0,2,0.0002810941227732,0.0003987319951093,0.2242494761961182
toy,5,57,0.177828,42,3,4,0.4753363228699551,0.1002040353661301,2,0.0002810941227732,0.0003987319951093,0.2242494761961182
toy,5,57,0.316228,42,3,10,0.0525342782313973,0.0525342782313973,3,0.2997218228433487,0.458468020320183,0.2361386833808061
toy,5,57,0.5,42,3,10,1.0,1.0,3,0.0067538235474815,0.0003987319951093,0.2249984086759222
toy,5,57,0.562341,42,3,10,1.0,-0.0358744394618834,3,0.0067538235474815,0.0003987319951093,0.2249984086759222
toy,5,57,1.0,42,3,9,-0.0358744394618834,1.0,2,0.0265675384792874,0.0393298786695535,0.2344134145445358
toy,5,57,1.778279,42,3,10,-0.0358744394618834,1.0,2,0.0265675384792874,0.0393298786695535,0.2344134145445358
toy,5,57,3.162278,42,3,8,-0.0358744394618834,0.1238938053097345,2,0.0265675384792874,0.0393298786695535,0.2344134145445358
toy,5,57,5.623413,42,3,8,0.10697498740977,0.5286152273888605,3,0.0602883016479687,0.0393298786695535,0.2394220299233508
toy,5,57,10.0,42,3,9,0.0216266291847687,0.3997338065661047,3,0.5704382099648365,0.8514611045840469,0.1535852671246098
toy,5,57,17.782794,42,3,5,-0.021594684385382,1.0,3,0.5878188444517606,0.8514611045840469,0.1485508258974453
toy,5,57,31.622777,42,3,5,-0.021594684385382,1.0,3,0.5878188444517606,0.8514611045840469,0.1485508258974453
toy,5,57,56.234133,42,3,4,-0.021594684385382,0.9212169735788632,3,0.5878188444517606,0.8514611045840469,0.1485508258974453
toy,5,57,100.0,42,3,4,-0.0193370165745856,1.0,3,0.5202715928482222,0.7601489798808907,0.0951101218584851
toy,5,57,177.827941,42,3,4,-0.0193370165745856,1.0,3,0.5202715928482222,0.7601489798808907,0.0951101218584851
toy,5,57,316.227766,42,3,3,-0.0193370165745856,1.0,3,0.5202715928482222,0.7601489798808907,0.0951101218584851
toy,5,57,562.341325,42,3,3,-0.0193370165745856,1.0,3,0.5202715928482222,0.7601489798808907,0.0951101218584851
toy,5,57,1000.0,42,3,1,-0.0193370165745856,,3,0.5202715928482222,0.7601489798808907,0.0951101218584851
toy,5,58,0.001,50,3,1,0.0,1.0,1,0.0,0.0,0.2195083803210283
toy,5,58,0.001778,50,3,1,0.0,0.0,1,0.0,0.0,0.2195083803210283
toy,5,58,0.003162,50,3,1,-0.0767569185021717,-0.0609076690407559,3,0.0100669144005094,0.0,0.2206110367990136
toy,5,58,0.005623,50,3,1,-0.0767569185021717,-0.048982565782061,3,0.1024141460145599,0.1630740746793508,0.2117963127682623
toy,5,58,0.01,50,3,2,0.424859401661938,-0.027199074074074,3,0.0111077554126984,0.0,0.2206590538853297
toy,5,58,0.017783,50,3,2,-0.0321100917431192,0.4793974302171023,2,0.0237309524472816,0.0368593595623308,0.2181607939125165
toy,5,58,0.031623,50,3,3,0.3585277932327487,1.0,3,0.0411843786544574,0.0368593595623308,0.2200541867223415
toy,5,58,0.056234,50,3,5,0.3585277932327487,-0.0301284891448825,3,0.0411843786544574,0.0368593595623308,0.2200541867223415
toy,5,58,0.1,50,3,6,0.2579600647598489,1.0,2,0.0002807571953238,0.0003989621482887,0.219494124446945
toy,5,58,0.177828,50,3,2,0.2579600647598489,1.0,2,0.0002807571953238,0.0003989621482887,0.219494124446945
toy,5,58,0.316228,50,3,10,0.2579600647598489,0.2579600647598489,2,0.0002807571953238,0.0003989621482887,0.219494124446945
toy,5,58,0.5,50,3,10,1.0,0.1546731402809086,3,0.0064952180410733,0.0081609773286996,0.2218138409178144
toy,5,58,0.562341,50,3,10,0.1546731402809086,0.1293172109188328,3,0.0308477970557868,0.0003989621482887,0.2225433391188507
toy,5,58,1.0,50,3,10,-0.0355471207258692,-0.0289164544483693,3,0.479987449985127,0.7293236985621712,0.204812437161704
toy,5,58,1.778279,50,3,9,0.2309767943874797,1.0,2,0.0052129700938678,0.0078886865113903,0.2217202989974575
toy,5,58,3.162278,50,3,9,0.2309767943874797,1.0,2,0.0052129700938678,0.0078886865113903,0.2217202989974575
toy,5,58,5.623413,50,3,6,0.2309767943874797,0.1388447270800211,2,0.0052129700938678,0.0078886865113903,0.2217202989974575
toy,5,58,10.0,50,3,6,0.0916120281785656,0.5248180732051699,3,0.5269682840493973,0.7740996605920307,0.1166299564421907
toy,5,58,17.782794,50,3,6,-0.0587966301422867,1.0,3,0.5294370473506939,0.7740996605920307,0.0772921690868017
toy,5,58,31.622777,50,3,7,-0.0587966301422867,1.0,3,0.5294370473506939,0.7740996605920307,0.0772921690868017
toy,5,58,56.234133,50,3,4,-0.0587966301422867,1.0,3,0.5294370473506939,0.7740996605920307,0.0772921690868017
toy,5,58,100.0,50,3,4,-0.0587966301422867,1.0,3,0.5294370473506939,0.7740996605920307,0.0772921690868017
toy,5,58,177.827941,50,3,4,-0.0587966301422867,1.0,3,0.5294370473506939,0.7740996605920307,0.0772921690868017
toy,5,58,316.227766,50,3,3,-0.0587966301422867,1.0,3,0.5294370473506939,0.7740996605920307,0.0772921690868017
toy,5,58,562.341325,50,3,3,-0.0587966301422867,1.0,3,0.5294370473506939,0.7740996605920307,0.0772921690868017
toy,5,58,1000.0,50,3,1,-0.0587966301422867,,3,0.5294370473506939,0.7740996605920307,0.0772921690868017
toy,5,59,0.001,39,3,1,-0.0343811394891945,-0.067433999400967,2,0.0483057240285568,0.0798425879326201,0.2163688071810573
toy,5,59,0.001778,39,3,1,-0.0404783808647654,0.0,3,0.1573671690065975,0.2321492180317162,0.1845926958619839
toy,5,59,0.003162,39,3,1,0.0,0.0,1,0.0,0.0,0.2210412352055906
toy,5,59,0.005623,39,3,1,-0.0386346586646661,-0.0615338486140724,3,0.1957530364464381,0.2796841860188631,0.2032146986373031
toy,5,59,0.01,39,3,1,-0.0343811394891945,-0.0343811394891945,2,0.0031732240702113,0.0,0.2213651577939783
toy,5,59,0.017783,39,3,2,-0.0263157894736842,-0.0263157894736842,2,0.0015909600098175,0.0,0.2211947490024505
toy,5,59,0.031623,39,3,1,-0.0263157894736842,-0.0350620891161431,2,0.0010617064362552,0.0,0.2211298217254175
toy,5,59,0.056234,39,3,3,-0.0350620891161431,1.0,3,0.0263197409214271,0.0371305107862359,0.2217584020860829
toy,5,59,0.1,39,3,4,-0.0350620891161431,1.0,3,0.0263197409214271,0.0371305107862359,0.2217584020860829
toy,5,59,0.177828,39,3,1,-0.0350620891161431,1.0,3,0.0263197409214271,0.0371305107862359,0.2217584020860829
toy,5,59,0.316228,39,3,2,-0.0350620891161431,-0.0350620891161431,3,0.0263197409214271,0.0371305107862359,0.2217584020860829
toy,5,59,0.5,39,3,10,1.0,1.0,2,0.060479523776903,0.0847957871555529,0.2476290297646747
toy,5,59,0.562341,39,3,10,1.0,-0.0263157894736842,2,0.060479523776903,0.0847957871555529,0.2476290297646747
toy,5,59,1.0,39,3,10,-0.0263157894736842,1.0,2,0.0005961227316047,0.0009771473234136,0.221151779089841
toy,5,59,1.778279,39,3,10,-0.0263157894736842,1.0,2,0.0005961227316047,0.0009771473234136,0.221151779089841
toy,5,59,3.162278,39,3,9,-0.0263157894736842,0.147986942328618,2,0.0005961227316047,0.0009771473234136,0.221151779089841
toy,5,59,5.623413,39,3,9,0.0957562568008705,0.5750798722044729,3,0.4397553542205585,0.652152672580136,0.1894123708396526
toy,5,59,10.0,39,3,8,0.0428249436513899,0.3751897197207325,3,0.4279103135149129,0.6487941948878132,0.2508534171310437
toy,5,59,17.782794,39,3,5,0.0287228586083091,1.0,3,0.4424137459876744,0.652152672580136,0.1598758409055387
toy,5,59,31.622777,39,3,5,0.0287228586083091,1.0,3,0.4424137459876744,0.652152672580136,0.1598758409055387
toy,5,59,56.234133,39,3,5,0.0287228586083091,1.0,3,0.4424137459876744,0.652152672580136,0.1598758409055387
toy,5,59,100.0,39,3,5,0.0287228586083091,1.0,3,0.4424137459876744,0.652152672580136,0.1598758409055387
toy,5,59,177.827941,39,3,5,0.0287228586083091,1.0,3,0.4424137459876744,0.652152672580136,0.1598758409055387
toy,5,59,316.227766,39,3,3,0.0287228586083091,1.0,3,0.4424137459876744,0.652152672580136,0.1598758409055387
toy,5,59,562.341325,39,3,3,0.0287228586083091,1.0,3,0.4424137459876744,0.652152672580136,0.1598758409055387
toy,5,59,1000.0,39,3,1,0.0287228586083091,,3,0.4424137459876744,0.652152672580136,0.1598758409055387
toy,5,60,0.001,50,3,1,0.0,0.0,1,0.0,0.0,0.2212284714293163
toy,5,60,0.001778,50,3,1,-0.048982565782061,-0.0609076690407559,3,0.0031298761755306,0.0,0.2215623622699829
toy,5,60,0.003162,50,3,1,-0.048982565782061,-0.048982565782061,3,0.0939236307361374,0.1494652418177273,0.2085665024453421
toy,5,60,0.005623,50,3,1,-0.0412096951085764,-0.0405140472265967,3,0.0600119263700716,0.0943462620705853,0.2158696845040516
toy,5,60,0.01,50,3,1,-0.0405140472265967,-0.0480779740614128,2,0.0219164527432644,0.0,0.223254989524102
toy,5,60,0.017783,50,3,1,-0.048982565782061,-0.048982565782061,3,0.0041659879843508,0.0,0.2216086588711266
toy,5,60,0.031623,50,3,1,0.4737972508591065,-0.027199074074074,3,0.0015697590833156,0.0,0.221357145838723
toy,5,60,0.056234,50,3,1,0.6527777777777778,1.0,2,0.0002799949984504,0.0003991924854273,0.2212192973374792
toy,5,60,0.1,50,3,5,0.6527777777777778,1.0,2,0.0002799949984504,0.0003991924854273,0.2212192973374792
toy,5,60,0.177828,50,3,3,0.6527777777777778,0.2579600647598489,2,0.0002799949984504,0.0003991924854273,0.2212192973374792
toy,5,60,0.316228,50,3,1,0.2022243313375268,0.2022243313375268,3,0.0054713443277644,0.0003991924854273,0.2218130774377197
toy,5,60,0.5,50,3,10,1.0,0.3650894996582262,3,0.0008032298574784,0.0003991924854273,0.2212693055194805
toy,5,60,0.562341,50,3,10,0.3650894996582262,-0.0301284891448825,3,0.0438842838888444,0.0709248507360457,0.2200288713638024
toy,5,60,1.0,50,3,10,-0.027199074074074,1.0,2,0.023958174650604,0.0350355552563448,0.2324224089818014
toy,5,60,1.778279,50,3,10,-0.027199074074074,1.0,2,0.023958174650604,0.0350355552563448,0.2324224089818014
toy,5,60,3.162278,50,3,8,-0.027199074074074,0.1388447270800211,2,0.023958174650604,0.0350355552563448,0.2324224089818014
toy,5,60,5.623413,50,3,8,0.0653338793281463,0.5604412503460083,3,0.499160465311358,0.7321992331023317,0.1361905357133755
toy,5,60,10.0,50,3,7,0.0077356121663764,1.0,3,0.5634062809133368,0.8172674193459145,0.1616720228978545
toy,5,60,17.782794,50,3,7,0.0077356121663764,1.0,3,0.5634062809133368,0.8172674193459145,0.1616720228978545
toy,5,60,31.622777,50,3,4,0.0077356121663764,1.0,3,0.5634062809133368,0.8172674193459145,0.1616720228978545
toy,5,60,56.234133,50,3,4,0.0077356121663764,1.0,3,0.5634062809133368,0.8172674193459145,0.1616720228978545
toy,5,60,100.0,50,3,4,0.0077356121663764,0.933676949897673,3,0.5634062809133368,0.8172674193459145,0.1616720228978545
toy,5,60,177.827941,50,3,4,0.0126686156844642,1.0,3,0.497593187284248,0.7321992331023317,0.0974257301887661
toy,5,60,316.227766,50,3,3,0.0126686156844642,1.0,3,0.497593187284248,0.7321992331023317,0.0974257301887661
toy,5,60,562.341325,50,3,3,0.0126686156844642,1.0,3,0.497593187284248,0.7321992331023317,0.0974257301887661
toy,5,60,1000.0,50,3,1,0.0126686156844642,,3,0.497593187284248,0.7321992331023317,0.0974257301887661
toy,5,61,0.001,48,3,1,-0.0422199949887246,0.6373202385128025,2,0.0530272637534084,0.0887879178856146,0.2148995905203715
toy,5,61,0.001778,48,3,1,-0.0562259531304651,0.0,3,0.1077526910920619,0.1707875424684938,0.2015177909736962
toy,5,61,0.003162,48,3,1,0.0,0.0,1,0.0,0.0,0.2203591824285105
toy,5,61,0.005623,48,3,1,-0.0562259531304651,-0.0550683970536653,3,0.0101817387829208,0.0,0.221558594448862
toy,5,61,0.01,48,3,2,-0.0422199949887246,-0.0422199949887246,2,0.0056451888725142,0.0,0.2209489961879566
toy,5,61,0.017783,48,3,1,-0.0429795854760791,-0.0283553875236294,3,0.0101836529355711,0.0,0.2214050551364964
toy,5,61,0.031623,48,3,3,-0.0283553875236294,-0.0212765957446808,2,0.0020647234511442,0.0,0.2205588686950402
toy,5,61,0.056234,48,3,2,0.6521739130434783,1.0,2,0.0002794459879224,0.0003989621482887,0.2203573649439328
toy,5,61,0.1,48,3,1,0.6521739130434783,0.6521739130434783,2,0.0002794459879224,0.0003989621482887,0.2203573649439328
toy,5,61,0.177828,48,3,2,1.0,0.0927787671626357,3,0.0265442380595035,0.0399993666086149,0.2206483477689673
toy,5,61,0.316228,48,3,1,0.0927787671626357,0.0927787671626357,3,0.0311236531437492,0.0003989621482887,0.2239043055607683
toy,5,61,0.5,48,3,9,1.0,0.778216602980022,3,0.0265442380595035,0.0399993666086149,0.2206483477689673
toy,5,61,0.562341,48,3,9,0.778216602980022,0.0454704751050644,3,0.0269047703842694,0.0399993666086149,0.2210887435412623
toy,5,61,1.0,48,3,10,0.0736956172060852,0.0355876559422193,3,0.4544082507760937,0.6645564314363986,0.2329566355642301
toy,5,61,1.778279,48,3,10,-0.0283553875236294,1.0,2,0.0335015338818676,0.0352506884033442,0.2352581792322376
toy,5,61,3.162278,48,3,10,-0.0283553875236294,1.0,2,0.0335015338818676,0.0352506884033442,0.2352581792322376
toy,5,61,5.623413,48,3,8,-0.0283553875236294,0.1259885966525657,2,0.0335015338818676,0.0352506884033442,0.2352581792322376
toy,5,61,10.0,48,3,8,-0.0541046705348423,-0.0967867000212312,3,0.0516010146945279,0.0352506884033442,0.2385546627869077
toy,5,61,17.782794,48,3,7,0.0843704612066341,1.0,3,0.406957068631734,0.6011676469192385,0.1289309266593911
toy,5,61,31.622777,48,3,5,0.0843704612066341,1.0,3,0.406957068631734,0.6011676469192385,0.1289309266593911
toy,5,61,56.234133,48,3,4,0.0843704612066341,1.0,3,0.406957068631734,0.6011676469192385,0.1289309266593911
toy,5,61,100.0,48,3,4,0.0843704612066341,1.0,3,0.406957068631734,0.6011676469192385,0.1289309266593911
toy,5,61,177.827941,48,3,4,0.0843704612066341,1.0,3,0.406957068631734,0.6011676469192385,0.1289309266593911
toy,5,61,316.227766,48,3,3,0.0843704612066341,1.0,3,0.406957068631734,0.6011676469192385,0.1289309266593911
toy,5,61,562.341325,48,3,3,0.0843704612066341,1.0,3,0.406957068631734,0.6011676469192385,0.1289309266593911
toy,5,61,1000.0,48,3,1,0.0843704612066341,,3,0.406957068631734,0.6011676469192385,0.1289309266593911
toy,5,62,0.001,46,3,1,-0.0867325712700834,-0.0327522451135763,3,0.0070739731837729,0.0,0.2236238630844594
toy,5,62,0.001778,46,3,1,-0.0336457582311944,-0.0222222222222222,2,0.0394951646561504,0.0683368182368294,0.2158005962254699
toy,5,62,0.003162,46,3,1,-0.0336457582311944,-0.0222222222222222,2,0.0015302857675749,0.0,0.2229123419563763
toy,5,62,0.005623,46,3,1,-0.0336457582311944,-0.0327522451135763,2,0.0035579917408062,0.0,0.2231440796893466
toy,5,62,0.01,46,3,1,0.2105810567189016,-0.0327522451135763,3,0.0758952921757297,0.1152977932127448,0.219544253982839
toy,5,62,0.017783,46,3,1,-0.0336457582311944,-0.0296143250688705,2,0.0005111542094596,0.0,0.2228106350415326
toy,5,62,0.031623,46,3,1,0.3091036062172973,-0.0449081882319405,3,0.0210579281586962,0.0257175594034026,0.2353677386243298
toy,5,62,0.056234,46,3,1,0.0912055127935218,1.0,3,0.0073416549664725,0.0003991924854273,0.2235198128195553
toy,5,62,0.1,46,3,1,0.0912055127935218,0.3619301112622442,3,0.0073416549664725,0.0003991924854273,0.2235198128195553
toy,5,62,0.177828,46,3,1,0.2618420270618301,1.0,3,0.0272987922684928,0.027715349220757,0.2361348700272216
toy,5,62,0.316228,46,3,10,0.2618420270618301,0.2618420270618301,3,0.0272987922684928,0.027715349220757,0.2361348700272216
toy,5,62,0.5,46,3,10,1.0,0.3583845743267663,3,0.4593009014099157,0.6771050575118996,0.1373729350442956
toy,5,62,0.562341,46,3,10,0.3583845743267663,0.3583845743267663,3,0.026719004434358,0.0279394668432042,0.2361484158016465
toy,5,62,1.0,46,3,10,1.0,1.0,3,0.4593009014099157,0.6771050575118996,0.1373729350442956
toy,5,62,1.778279,46,3,10,1.0,1.0,3,0.4593009014099157,0.6771050575118996,0.1373729350442956
toy,5,62,3.162278,46,3,10,1.0,1.0,3,0.4593009014099157,0.6771050575118996,0.1373729350442956
toy,5,62,5.623413,46,3,7,1.0,1.0,3,0.4593009014099157,0.6771050575118996,0.1373729350442956
toy,5,62,10.0,46,3,5,1.0,0.0761981364943029,3,0.4593009014099157,0.6771050575118996,0.1373729350442956
toy,5,62,17.782794,46,3,5,0.0761981364943029,1.0,3,0.4582372316315208,0.6771050575118996,0.1313023214423477
toy,5,62,31.622777,46,3,5,0.0761981364943029,0.0761981364943029,3,0.4582372316315208,0.6771050575118996,0.1313023214423477
toy,5,62,56.234133,46,3,5,1.0,0.4408594538809178,3,0.4593009014099157,0.6771050575118996,0.1373729350442956
toy,5,62,100.0,46,3,5,0.4408594538809178,1.0,3,0.4739874616998545,0.6771050575118996,0.0989926157076531
toy,5,62,177.827941,46,3,4,0.4408594538809178,1.0,3,0.4739874616998545,0.6771050575118996,0.0989926157076531
toy,5,62,316.227766,46,3,3,0.4408594538809178,1.0,3,0.4739874616998545,0.6771050575118996,0.0989926157076531
toy,5,62,562.341325,46,3,1,0.4408594538809178,1.0,3,0.4739874616998544,0.6771050575118996,0.0989926157076531
toy,5,62,1000.0,46,3,1,0.4408594538809178,,3,0.4739874616998544,0.6771050575118996,0.0989926157076531
toy,5,63,0.001,46,3,1,-0.0449081882319405,-0.0449081882319405,3,0.0506114949400009,0.085932698134751,0.2116320032127554
toy,5,63,0.001778,46,3,1,-0.0449081882319405,-0.0296143250688705,3,0.0118720586480131,0.0,0.2196666565130513
toy,5,63,0.003162,46,3,1,-0.0296143250688705,-0.0296143250688705,2,0.001008363397949,0.0,0.2182883886664655
toy,5,63,0.005623,46,3,1,-0.0449081882319405,-0.0586842797439869,3,0.0589693085578892,0.0964748738654053,0.2094061331352023
toy,5,63,0.01,46,3,1,-0.0586842797439869,-0.0574137035858442,3,0.0676169937420171,0.0912720395700069,0.2195514176724604
toy,5,63,0.017783,46,3,1,-0.0440754248467447,0.9938220389062324,2,0.0045097980523867,0.0,0.2186618776234761
toy,5,63,0.031623,46,3,2,-0.0449081882319405,-0.0296143250688705,3,0.0045055612463141,0.0,0.2186618776234761
toy,5,63,0.056234,46,3,1,-0.0296143250688705,1.0,2,0.0002786331796813,0.0003989621482887,0.2181755259301203
toy,5,63,0.1,46,3,1,-0.0296143250688705,1.0,2,0.0002786331796813,0.0003989621482887,0.2181755259301203
toy,5,63,0.177828,46,3,1,-0.0296143250688705,-0.0296143250688705,2,0.0002786331796813,0.0003989621482887,0.2181755259301203
toy,5,63,0.316228,46,3,10,1.0,1.0,3,0.0165120327792468,0.0154706704045135,0.2252595192432578
toy,5,63,0.5,46,3,10,1.0,1.0,3,0.0165120327792468,0.0154706704045135,0.2252595192432578
toy,5,63,0.562341,46,3,10,1.0,1.0,3,0.0165120327792468,0.0154706704045135,0.2252595192432578
toy,5,63,1.0,46,3,10,1.0,0.9938220389062324,3,0.0165120327792468,0.0154706704045135,0.2252595192432578
toy,5,63,1.778279,46,3,10,0.9938220389062324,0.2543858646059411,2,0.0150633442847828,0.0160229826078542,0.2245668848443595
toy,5,63,3.162278,46,3,7,0.2524103628458968,0.4504100536904832,3,0.4014267574858079,0.5897116815337337,0.1487978027518567
toy,5,63,5.623413,46,3,7,0.1511765146355639,0.4504100536904832,3,0.0748954397583784,0.0160229826078542,0.2346969965034215
toy,5,63,10.0,46,3,7,0.2524103628458968,0.488645720873209,3,0.4014267574858079,0.5897116815337337,0.1487978027518567
toy,5,63,17.782794,46,3,7,-0.0523840921710161,1.0,3,0.3985663146527315,0.5897116815337337,0.1130367442129519
toy,5,63,31.622777,46,3,6,-0.0523840921710161,1.0,3,0.3985663146527315,0.5897116815337337,0.1130367442129519
toy,5,63,56.234133,46,3,6,-0.0523840921710161,1.0,3,0.3985663146527315,0.5897116815337337,0.1130367442129519
toy,5,63,100.0,46,3,5,-0.0523840921710161,1.0,3,0.3985663146527315,0.5897116815337337,0.1130367442129519
toy,5,63,177.827941,46,3,4,-0.0523840921710161,1.0,3,0.3985663146527315,0.5897116815337337,0.1130367442129519
toy,5,63,316.227766,46,3,3,-0.0523840921710161,1.0,3,0.3985663146527315,0.5897116815337337,0.1130367442129519
toy,5,63,562.341325,46,3,1,-0.0523840921710161,1.0,3,0.3985663146527315,0.5897116815337337,0.1130367442129519
toy,5,63,1000.0,46,3,1,-0.0523840921710161,,3,0.3985663146527315,0.5897116815337337,0.1130367442129519
toy,5,64,0.001,56,3,1,-0.0268948655256723,-0.0618465453338496,3,0.0641090862134223,0.098106836233725,0.2081016572602748
toy,5,64,0.001778,56,3,1,-0.0283607487237663,0.0,3,0.1146985497432353,0.1848996444707695,0.2088298069788091
toy,5,64,0.003162,56,3,1,0.0,0.0,1,0.0,0.0,0.2184038447975199
toy,5,64,0.005623,56,3,1,-0.0268948655256723,-0.0268948655256723,3,0.0301580869600583,0.0378298304354018,0.2192923793457117
toy,5,64,0.01,56,3,2,-0.0181818181818181,-0.0181818181818181,2,0.0034696576588284,0.0,0.2187695953325503
toy,5,64,0.017783,56,3,2,-0.0181818181818181,-0.0242341106538637,2,0.0004984477275336,0.0,0.2184648968191605
toy,5,64,0.031623,56,3,2,-0.0242341106538637,1.0,3,0.0107649396674425,0.0,0.2194882013791035
toy,5,64,0.056234,56,3,3,-0.0242341106538637,-0.0242341106538637,3,0.0107649396674425,0.0,0.2194882013791035
toy,5,64,0.1,56,3,1,1.0,1.0,2,0.0002782439327478,0.0003989621482887,0.2183906662115248
toy,5,64,0.177828,56,3,2,1.0,1.0,2,0.0002782439327478,0.0003989621482887,0.2183906662115248
toy,5,64,0.316228,56,3,10,1.0,1.0,2,0.0002782439327478,0.0003989621482887,0.2183906662115248
toy,5,64,0.5,56,3,9,1.0,1.0,2,0.0002782439327478,0.0003989621482887,0.2183906662115248
toy,5,64,0.562341,56,3,9,1.0,0.1411042944785276,2,0.0002782439327478,0.0003989621482887,0.2183906662115248
toy,5,64,1.0,56,3,9,0.1411042944785276,0.547631675574232,3,0.6400629516881686,0.9987286066145942,0.1094045402458789
toy,5,64,1.778279,56,3,9,0.0353041259038706,1.0,3,0.6596685370632762,1.0,0.0827429069292749
toy,5,64,3.162278,56,3,10,0.0353041259038706,1.0,3,0.6596685370632762,1.0,0.0827429069292749
toy,5,64,5.623413,56,3,10,0.0353041259038706,1.0,3,0.6596685370632762,1.0,0.0827429069292749
toy,5,64,10.0,56,3,10,0.0353041259038706,1.0,3,0.6596685370632762,1.0,0.0827429069292749
toy,5,64,17.782794,56,3,10,0.0353041259038706,1.0,3,0.6596685370632762,1.0,0.0827429069292749
toy,5,64,31.622777,56,3,6,0.0353041259038706,1.0,3,0.6596685370632762,1.0,0.0827429069292749
toy,5,64,56.234133,56,3,4,0.0353041259038706,1.0,3,0.6596685370632762,1.0,0.0827429069292749
toy,5,64,100.0,56,3,4,0.0353041259038706,1.0,3,0.6596685370632762,1.0,0.0827429069292749
toy,5,64,177.827941,56,3,3,0.0353041259038706,1.0,3,0.6596685370632762,1.0,0.0827429069292749
toy,5,64,316.227766,56,3,3,0.0353041259038706,1.0,3,0.6596685370632762,1.0,0.0827429069292749
toy,5,64,562.341325,56,3,3,0.0353041259038706,1.0,3,0.6596685370632762,1.0,0.0827429069292749
toy,5,64,1000.0,56,3,1,0.0353041259038706,,3,0.6596685370632762,1.0,0.0827429069292749
toy,5,65,0.001,55,3,1,-0.0367957332752085,-0.0437212727029318,2,0.0703488484575363,0.1197025007716983,0.2071644253790707
toy,5,65,0.001778,55,3,1,-0.0444576648605972,-0.06297432720362,3,0.0315394456878054,0.0534964925997045,0.2132426611598669
toy,5,65,0.003162,55,3,1,-0.0490286181404942,-0.0288702312564442,3,0.0120553042510498,0.0,0.2199155625222595
toy,5,65,0.005623,55,3,1,-0.0246825679363949,-0.0246825679363949,2,0.0226542250458151,0.0391178986955469,0.2157317240898744
toy,5,65,0.01,55,3,1,-0.0373628311381794,-0.0367957332752085,3,0.1071514721215984,0.163583911048286,0.1949058571300513
toy,5,65,0.017783,55,3,1,-0.0367957332752085,-0.0243553008595988,2,0.0788880102544983,0.1340035626944111,0.2137443753568549
toy,5,65,0.031623,55,3,3,-0.0246825679363949,0.6540880503144654,2,0.0002778656144821,0.0003989621482887,0.2183351112365449
toy,5,65,0.056234,55,3,2,-0.0373628311381794,0.0,3,0.0032111927512848,0.0003989621482887,0.2186065722427985
toy,5,65,0.1,55,3,2,0.0,0.0,1,0.0,0.0,0.2183492871604612
toy,5,65,0.177828,55,3,1,1.0,1.0,3,0.0169134008487991,0.0094036436786521,0.2226278378727229
toy,5,65,0.316228,55,3,10,1.0,1.0,3,0.0169134008487991,0.0094036436786521,0.2226278378727229
toy,5,65,0.5,55,3,10,1.0,1.0,3,0.0169134008487991,0.0094036436786521,0.2226278378727229
toy,5,65,0.562341,55,3,10,1.0,0.1504172293655556,3,0.0169134008487991,0.0094036436786521,0.2226278378727229
toy,5,65,1.0,55,3,10,0.1504172293655556,0.1504172293655556,3,0.0781381962722591,0.0103358136262532,0.2336847496941618
toy,5,65,1.778279,55,3,10,1.0,0.1504172293655556,3,0.0169134008487991,0.0094036436786521,0.2226278378727229
toy,5,65,3.162278,55,3,10,0.1504172293655556,0.4600317336722176,3,0.0781381962722591,0.0103358136262532,0.2336847496941618
toy,5,65,5.623413,55,3,7,0.2863437706757759,0.0627011105427303,3,0.4088656368376396,0.6060552362972875,0.1424210732244173
toy,5,65,10.0,55,3,8,0.2602363800400784,0.0627011105427303,3,0.4072046074620195,0.6060552362972875,0.1472491366022383
toy,5,65,17.782794,55,3,6,0.2863437706757759,1.0,3,0.4088656368376396,0.6060552362972875,0.1424210732244173
toy,5,65,31.622777,55,3,6,0.2863437706757759,1.0,3,0.4088656368376396,0.6060552362972875,0.1424210732244173
toy,5,65,56.234133,55,3,4,0.2863437706757759,0.4600317336722176,3,0.4088656368376396,0.6060552362972875,0.1424210732244173
toy,5,65,100.0,55,3,4,-0.0491584948944117,1.0,3,0.4102450640159291,0.6060552362972875,0.1068495247385688
toy,5,65,177.827941,55,3,4,-0.0491584948944117,1.0,3,0.4102450640159291,0.6060552362972875,0.1068495247385688
toy,5,65,316.227766,55,3,3,-0.0491584948944117,1.0,3,0.4102450640159291,0.6060552362972875,0.1068495247385688
toy,5,65,562.341325,55,3,1,-0.0491584948944117,1.0,3,0.4102450640159291,0.6060552362972875,0.1068495247385688
toy,5,65,1000.0,55,3,1,-0.0491584948944117,,3,0.4102450640159291,0.6060552362972875,0.1068495247385688
toy,5,66,0.001,52,3,1,-0.0305140961857379,-0.0854285655374337,3,0.1532220537544466,0.2288381970852532,0.1970766338593777
toy,5,66,0.001778,52,3,1,-0.0312236286919831,0.0,3,0.0860360716490534,0.1316009977702599,0.2116021434877741
toy,5,66,0.003162,52,3,1,0.0,0.0,1,0.0,0.0,0.21626536295324
toy,5,66,0.005623,52,3,1,-0.0257648953301127,-0.0462356928362641,2,0.0029042422923849,0.0,0.2165996152200712
toy,5,66,0.01,52,3,1,-0.0289677682578539,-0.0470667082501111,3,0.0067270890941601,0.0049950676226184,0.2184329358188855
toy,5,66,0.017783,52,3,2,-0.0261333333333333,-0.0261333333333333,3,0.0128456536032963,0.0,0.2177819584503165
toy,5,66,0.031623,52,3,1,-0.0196078431372549,-0.0261333333333333,2,0.0043457629474964,0.0,0.2167845207248077
toy,5,66,0.056234,52,3,1,-0.0261333333333333,1.0,3,0.0235698772043707,0.0364830461293908,0.216570643898622
toy,5,66,0.1,52,3,2,-0.0261333333333333,0.780028002468464,3,0.0235698772043707,0.0364830461293908,0.216570643898622
toy,5,66,0.177828,52,3,6,-0.0289677682578539,-0.0289677682578539,3,0.0242106175113883,0.0364830461293908,0.2167052875798457
toy,5,66,0.316228,52,3,10,1.0,1.0,2,0.0128135981176897,0.0212884025929755,0.2225788134472468
toy,5,66,0.5,52,3,10,1.0,1.0,2,0.0128135981176897,0.0212884025929755,0.2225788134472468
toy,5,66,0.562341,52,3,10,1.0,1.0,2,0.0128135981176897,0.0212884025929755,0.2225788134472468
toy,5,66,1.0,52,3,10,1.0,0.4802121583027335,2,0.0128135981176897,0.0212884025929755,0.2225788134472468
toy,5,66,1.778279,52,3,10,0.4802121583027335,0.1473271598322619,3,0.0143660845175755,0.0211550742617829,0.225457215424589
toy,5,66,3.162278,52,3,10,0.0471204188481675,0.0035183603757472,3,0.3042562034342957,0.4740367724584813,0.2617393695213624
toy,5,66,5.623413,52,3,10,0.1398824517212426,0.1500705069715182,3,0.3870164265590551,0.5793949848503814,0.149836348767383
toy,5,66,10.0,52,3,10,0.1255696998271255,1.0,3,0.3915120739514328,0.5793949848503813,0.1474752673599872
toy,5,66,17.782794,52,3,7,0.1255696998271255,0.1500705069715182,3,0.3915120739514328,0.5793949848503813,0.1474752673599872
toy,5,66,31.622777,52,3,7,0.1398824517212426,0.1500705069715182,3,0.3870164265590551,0.5793949848503814,0.149836348767383
toy,5,66,56.234133,52,3,6,0.1255696998271255,1.0,3,0.3915120739514328,0.5793949848503813,0.1474752673599872
toy,5,66,100.0,52,3,6,0.1255696998271255,0.4755149572003266,3,0.3915120739514328,0.5793949848503813,0.1474752673599872
toy,5,66,177.827941,52,3,4,-0.0276422764227642,1.0,3,0.3942367916439558,0.5793949848503813,0.1087762350632921
toy,5,66,316.227766,52,3,4,-0.0276422764227642,1.0,3,0.3942367916439558,0.5793949848503813,0.1087762350632921
toy,5,66,562.341325,52,3,1,-0.0276422764227642,1.0,3,0.3942367916439558,0.5793949848503813,0.1087762350632921
toy,5,66,1000.0,52,3,1,-0.0276422764227642,,3,0.3942367916439558,0.5793949848503813,0.1087762350632921
toy,5,67,0.001,56,3,1,-0.0361323220747112,-0.049964445069586,2,0.0789395451766752,0.1332293577703023,0.2050558549822188
toy,5,67,0.001778,56,3,1,-0.0508830146889659,0.0,3,0.0108414565688893,0.0,0.2185183470021719
toy,5,67,0.003162,56,3,1,0.0,0.0,1,0.0,0.0,0.2170383417232725
toy,5,67,0.005623,56,3,1,-0.0481473877765975,0.0,3,0.0145344456705868,0.0,0.2188287033655832
toy,5,67,0.01,56,3,1,0.0,0.0,1,0.0,0.0,0.2170383417232725
toy,5,67,0.017783,56,3,1,-0.0242341106538637,0.654320987654321,2,0.0057118441171906,0.0,0.21769773173515
toy,5,67,0.031623,56,3,2,-0.0366780143480853,1.0,3,0.0181920360924052,0.0,0.21895158308893
toy,5,67,0.056234,56,3,5,-0.0366780143480853,-0.0242341106538637,3,0.0181920360924052,0.0,0.21895158308893
toy,5,67,0.1,56,3,1,-0.0242341106538637,1.0,2,0.0002771403340566,0.0003989621482887,0.2170206382797503
toy,5,67,0.177828,56,3,1,-0.0242341106538637,-0.0242341106538637,2,0.0002771403340566,0.0003989621482887,0.2170206382797503
toy,5,67,0.316228,56,3,3,1.0,1.0,3,0.0049388503734438,0.00779123905726,0.2202248400893329
toy,5,67,0.5,56,3,10,1.0,1.0,3,0.0049388503734438,0.00779123905726,0.2202248400893329
toy,5,67,0.562341,56,3,9,1.0,-0.0242341106538637,3,0.0049388503734438,0.00779123905726,0.2202248400893329
toy,5,67,1.0,56,3,9,-0.0242341106538637,1.0,2,0.0045277734733037,0.006503919310676,0.2196762120856677
toy,5,67,1.778279,56,3,9,-0.0242341106538637,0.4816625916870415,2,0.0045277734733037,0.006503919310676,0.2196762120856677
toy,5,67,3.162278,56,3,10,0.7815614312506896,0.3665590251817444,3,0.0062284192056233,0.0088706441314356,0.2215925858763261
toy,5,67,5.623413,56,3,10,0.2498167400096958,1.0,3,0.3807520493887348,0.5712410402381327,0.1492587820938561
toy,5,67,10.0,56,3,10,0.2498167400096958,1.0,3,0.3807520493887348,0.5712410402381327,0.1492587820938561
toy,5,67,17.782794,56,3,9,0.2498167400096958,1.0,3,0.3807520493887348,0.5712410402381327,0.1492587820938561
toy,5,67,31.622777,56,3,9,0.2498167400096958,1.0,3,0.3807520493887348,0.5712410402381327,0.1492587820938561
toy,5,67,56.234133,56,3,7,0.2498167400096958,0.4849054046203598,3,0.3807520493887348,0.5712410402381327,0.1492587820938561
toy,5,67,100.0,56,3,5,-0.0510729703238722,1.0,3,0.3848709218485512,0.5712410402381327,0.1111211415705945
toy,5,67,177.827941,56,3,5,-0.0510729703238722,1.0,3,0.3848709218485512,0.5712410402381327,0.1111211415705945
toy,5,67,316.227766,56,3,1,-0.0510729703238722,1.0,3,0.3848709218485512,0.5712410402381327,0.1111211415705945
toy,5,67,562.341325,56,3,1,-0.0510729703238722,1.0,3,0.3848709218485512,0.5712410402381327,0.1111211415705945
toy,5,67,1000.0,56,3,1,-0.0510729703238722,,3,0.3848709218485512,0.5712410402381327,0.1111211415705945
toy,5,68,0.001,59,3,1,0.0,0.0,1,0.0,0.0,0.2175996184778425
toy,5,68,0.001778,59,3,1,-0.0407635677290658,-0.0337914291050104,2,0.010277486814139,0.0,0.2188223343019291
toy,5,68,0.003162,59,3,1,-0.0407635677290658,0.0,2,0.0018934959514994,0.0,0.2178189708325201
toy,5,68,0.005623,59,3,1,0.0,0.0,1,0.0,0.0,0.2175996184778425
toy,5,68,0.01,59,3,1,-0.0255245850297525,-0.0172413793103448,2,0.0861850927633146,0.1339240255897325,0.2073652505639309
toy,5,68,0.017783,59,3,2,-0.0255245850297525,-0.0229814301836462,2,0.0004747785394476,0.0,0.2176614291560449
toy,5,68,0.031623,59,3,2,-0.0413969924309139,-0.0229814301836462,3,0.012103531130489,0.0,0.2187841353209141
toy,5,68,0.056234,59,3,1,0.4826182273723771,1.0,2,0.00027667277207,0.0003987319951093,0.2175899008585468
toy,5,68,0.1,59,3,2,0.4826182273723771,1.0,2,0.00027667277207,0.0003987319951093,0.2175899008585468
toy,5,68,0.177828,59,3,1,0.4826182273723771,0.6549707602339181,2,0.00027667277207,0.0003987319951093,0.2175899008585468
toy,5,68,0.316228,59,3,10,0.3705842353439531,0.3705842353439531,3,0.0114509391655115,0.0003987319951093,0.2186671056772701
toy,5,68,0.5,59,3,10,1.0,1.0,3,0.0040425249073018,0.0003987319951093,0.217951772346564
toy,5,68,0.562341,59,3,10,1.0,-0.0072928395171694,3,0.0040425249073018,0.0003987319951093,0.217951772346564
toy,5,68,1.0,59,3,10,-0.0072928395171694,1.0,3,0.157915791195613,0.1117238797388321,0.2290651310691751
toy,5,68,1.778279,59,3,10,-0.0072928395171694,0.873934376125659,3,0.157915791195613,0.1117238797388321,0.2290651310691751
toy,5,68,3.162278,59,3,10,-0.0049383423474577,1.0,3,0.6571002007671878,1.0,0.0818098055294589
toy,5,68,5.623413,59,3,9,-0.0049383423474577,1.0,3,0.6571002007671878,1.0,0.0818098055294589
toy,5,68,10.0,59,3,10,-0.0049383423474577,1.0,3,0.6571002007671878,1.0,0.0818098055294589
toy,5,68,17.782794,59,3,4,-0.0049383423474577,1.0,3,0.6571002007671878,1.0,0.0818098055294589
toy,5,68,31.622777,59,3,4,-0.0049383423474577,1.0,3,0.6571002007671878,1.0,0.0818098055294589
toy,5,68,56.234133,59,3,4,-0.0049383423474577,1.0,3,0.6571002007671878,1.0,0.0818098055294589
toy,5,68,100.0,59,3,3,-0.0049383423474577,1.0,3,0.6571002007671878,1.0,0.0818098055294589
toy,5,68,177.827941,59,3,3,-0.0049383423474577,1.0,3,0.6571002007671879,1.0,0.0818098055294589
toy,5,68,316.227766,59,3,3,-0.0049383423474577,1.0,3,0.6571002007671879,1.0,0.0818098055294589
toy,5,68,562.341325,59,3,3,-0.0049383423474577,1.0,3,0.6571002007671879,1.0,0.0818098055294589
toy,5,68,1000.0,59,3,1,-0.0049383423474577,,3,0.6571002007671879,1.0,0.0818098055294589
toy,5,69,0.001,55,3,1,-0.0367957332752085,0.0,2,0.0666228632089113,0.1156206834620307,0.2035017594621884
toy,5,69,0.001778,55,3,1,0.0,0.0,1,0.0,0.0,0.2137916498065369
toy,5,69,0.003162,55,3,1,-0.0444576648605972,-0.0444576648605972,3,0.0083271681434364,0.0,0.2148133533125212
toy,5,69,0.005623,55,3,2,-0.0373628311381794,-0.0444576648605972,3,0.0041892883485315,0.0,0.2142253180478253
toy,5,69,0.01,55,3,1,-0.0444576648605972,-0.0273848385926731,3,0.0187101979855155,0.0,0.215803013125017
toy,5,69,0.017783,55,3,1,-0.0246825679363949,-0.0185185185185185,2,0.0060382895155869,0.0,0.2144930413513135
toy,5,69,0.031623,55,3,1,-0.0246825679363949,-0.0185185185185185,2,0.0014047307256611,0.0,0.213896199277264
toy,5,69,0.056234,55,3,3,0.6540880503144654,-0.0185185185185185,2,0.0002766936437144,0.0003994230067602,0.2137782473426994
toy,5,69,0.1,55,3,1,0.6540880503144654,1.0,2,0.0303116937165563,0.0482135040319628,0.2152219807629482
toy,5,69,0.177828,55,3,1,0.6540880503144654,1.0,2,0.0303116937165563,0.0482135040319628,0.2152219807629482
toy,5,69,0.316228,55,3,3,0.6540880503144654,0.6540880503144654,2,0.0303116937165563,0.0482135040319628,0.2152219807629482
toy,5,69,0.5,55,3,10,1.0,1.0,3,0.0305056389203312,0.0484259117912813,0.2152034637595216
toy,5,69,0.562341,55,3,10,1.0,-0.0373628311381794,3,0.0305056389203312,0.0484259117912813,0.2152034637595216
toy,5,69,1.0,55,3,10,-0.0373628311381794,0.994942459837682,3,0.0058737129521901,0.0079493542284952,0.2178789139651714
toy,5,69,1.778279,55,3,10,-0.0367957332752085,0.994942459837682,2,0.0024319594830279,0.0026422581963995,0.2151872653011245
toy,5,69,3.162278,55,3,9,-0.0373628311381794,0.994942459837682,3,0.0058737129521901,0.0079493542284952,0.2178789139651714
toy,5,69,5.623413,55,3,10,-0.0367957332752085,0.2616541277860923,2,0.0024319594830279,0.0026422581963995,0.2151872653011245
toy,5,69,10.0,55,3,7,0.0738979367252367,0.5099135702420546,3,0.422608285569205,0.6397890397185206,0.1411631333570193
toy,5,69,17.782794,55,3,6,0.1116108385372286,1.0,3,0.4234455913270564,0.6397890397185206,0.1051497317508985
toy,5,69,31.622777,55,3,6,0.1116108385372286,1.0,3,0.4234455913270564,0.6397890397185206,0.1051497317508985
toy,5,69,56.234133,55,3,6,0.1116108385372286,1.0,3,0.4234455913270564,0.6397890397185206,0.1051497317508985
toy,5,69,100.0,55,3,6,0.1116108385372286,1.0,3,0.4234455913270564,0.6397890397185206,0.1051497317508985
toy,5,69,177.827941,55,3,6,0.1116108385372286,1.0,3,0.4234455913270564,0.6397890397185206,0.1051497317508985
toy,5,69,316.227766,55,3,3,0.1116108385372286,1.0,3,0.4234455913270564,0.6397890397185206,0.1051497317508985
toy,5,69,562.341325,55,3,1,0.1116108385372286,1.0,3,0.4234455913270564,0.6397890397185206,0.1051497317508985
toy,5,69,1000.0,55,3,1,0.1116108385372286,,3,0.4234455913270564,0.6397890397185206,0.1051497317508985
toy,5,70,0.001,46,3,1,-0.0440754248467447,-0.0432466161082845,2,0.0913580650853942,0.1441893013356317,0.1982903870582038
toy,5,70,0.001778,46,3,1,-0.0440754248467447,-0.0574137035858442,2,0.0046010712021142,0.0,0.2153040262299712
toy,5,70,0.003162,46,3,1,-0.0586842797439869,-0.0945791296958494,3,0.1471469804291432,0.2345997357552301,0.2192519683630947
toy,5,70,0.005623,46,3,1,-0.0608418009939976,-0.0608418009939976,3,0.0458805351817782,0.0630236590004681,0.2149588057522769
toy,5,70,0.01,46,3,1,-0.0449081882319405,-0.0296143250688705,3,0.0050520258056986,0.0,0.2152898072859399
toy,5,70,0.017783,46,3,1,-0.0296143250688705,-0.0222222222222222,2,0.0004637366813024,0.0,0.2147133302048042
toy,5,70,0.031623,46,3,2,-0.0296143250688705,0.6515151515151515,2,0.0050573819490643,0.0,0.2153396784607171
toy,5,70,0.056234,46,3,3,0.4713993871297242,-0.0296143250688705,3,0.0055102984792077,0.0,0.215390457556911
toy,5,70,0.1,46,3,2,0.6515151515151515,1.0,2,0.0002758881944017,0.0003985020256606,0.2146680367111753
toy,5,70,0.177828,46,3,1,0.6515151515151515,1.0,2,0.0002758881944017,0.0003985020256606,0.2146680367111753
toy,5,70,0.316228,46,3,1,0.6515151515151515,0.6515151515151515,2,0.0002758881944017,0.0003985020256606,0.2146680367111753
toy,5,70,0.5,46,3,10,1.0,-0.0637691975332888,3,0.000738507668449,0.0003985020256606,0.2147197337507687
toy,5,70,0.562341,46,3,10,-0.0637691975332888,-0.0354406130268199,3,0.0245355585098353,0.0,0.2177036364416573
toy,5,70,1.0,46,3,10,-0.0296143250688705,1.0,2,0.0093221216334624,0.0159876347699719,0.2196105060015865
toy,5,70,1.778279,46,3,10,-0.0296143250688705,1.0,2,0.0093221216334624,0.0159876347699719,0.2196105060015865
toy,5,70,3.162278,46,3,10,-0.0296143250688705,0.1371918542336548,2,0.0093221216334624,0.0159876347699719,0.2196105060015865
toy,5,70,5.623413,46,3,7,0.0578454822004969,0.5164941785252264,3,0.4974487799620912,0.7703409368180762,0.1319831027425231
toy,5,70,10.0,46,3,7,0.007301859461377,1.0,3,0.5020775907792452,0.7703409368180762,0.1010965285833897
toy,5,70,17.782794,46,3,7,0.007301859461377,1.0,3,0.5020775907792452,0.7703409368180762,0.1010965285833897
toy,5,70,31.622777,46,3,7,0.007301859461377,1.0,3,0.5020775907792452,0.7703409368180762,0.1010965285833897
toy,5,70,56.234133,46,3,7,0.007301859461377,1.0,3,0.5020775907792452,0.7703409368180762,0.1010965285833897
toy,5,70,100.0,46,3,4,0.007301859461377,1.0,3,0.5020775907792452,0.7703409368180762,0.1010965285833897
toy,5,70,177.827941,46,3,4,0.007301859461377,1.0,3,0.5020775907792452,0.7703409368180762,0.1010965285833897
toy,5,70,316.227766,46,3,3,0.007301859461377,1.0,3,0.5020775907792452,0.7703409368180762,0.1010965285833897
toy,5,70,562.341325,46,3,3,0.007301859461377,1.0,3,0.5020775907792452,0.7703409368180762,0.1010965285833897
toy,5,70,1000.0,46,3,1,0.007301859461377,,3,0.5020775907792452,0.7703409368180762,0.1010965285833897
toy,5,71,0.001,50,3,1,0.0,1.0,1,0.0,0.0,0.2125867129434514
toy,5,71,0.001778,50,3,1,0.0,0.0,1,0.0,0.0,0.2125867129434514
toy,5,71,0.003162,50,3,1,-0.027199074074074,-0.0204081632653061,2,0.025922804168407,0.0470530569265575,0.2098682587017489
toy,5,71,0.005623,50,3,1,-0.027199074074074,-0.027199074074074,2,0.1036844418012823,0.1637342900293579,0.2016894338348472
toy,5,71,0.01,50,3,1,-0.0412096951085764,-0.0405140472265967,3,0.0045448657388798,0.0,0.2130949501895626
toy,5,71,0.017783,50,3,1,-0.0405140472265967,-0.0405140472265967,2,0.014788871666708,0.0,0.2142295722358868
toy,5,71,0.031623,50,3,2,-0.0412096951085764,-0.027199074074074,3,0.0424443842595157,0.069208522444442,0.2114885907737299
toy,5,71,0.056234,50,3,3,0.6527777777777778,1.0,2,0.0267869824807214,0.0365138121411679,0.2150371927853625
toy,5,71,0.1,50,3,5,0.6527777777777778,0.6527777777777778,2,0.0267869824807214,0.0365138121411679,0.2150371927853625
toy,5,71,0.177828,50,3,2,1.0,1.0,3,0.0269897597333169,0.0367649815148422,0.2150301980030588
toy,5,71,0.316228,50,3,10,1.0,1.0,3,0.0269897597333169,0.0367649815148422,0.2150301980030588
toy,5,71,0.5,50,3,10,1.0,-0.0127155342099047,3,0.0269897597333169,0.0367649815148422,0.2150301980030588
toy,5,71,0.562341,50,3,10,-0.0127155342099047,-0.0070618659240103,3,0.0863507810148453,0.0,0.2236030779765541
toy,5,71,1.0,50,3,10,-0.027199074074074,1.0,2,0.0046810443540301,0.0070781031347269,0.2146592441883611
toy,5,71,1.778279,50,3,9,-0.027199074074074,1.0,2,0.0046810443540301,0.0070781031347269,0.2146592441883611
toy,5,71,3.162278,50,3,10,-0.027199074074074,0.1534988713318284,2,0.0046810443540301,0.0070781031347269,0.2146592441883611
toy,5,71,5.623413,50,3,10,0.079840297204091,0.4799827111135124,3,0.522822959207655,0.8160139253346914,0.1324995700456394
toy,5,71,10.0,50,3,8,0.0784907079721666,1.0,3,0.5279007497681405,0.8160139253346914,0.0970169835774458
toy,5,71,17.782794,50,3,8,0.0784907079721666,1.0,3,0.5279007497681405,0.8160139253346914,0.0970169835774458
toy,5,71,31.622777,50,3,7,0.0784907079721666,1.0,3,0.5279007497681405,0.8160139253346914,0.0970169835774458
toy,5,71,56.234133,50,3,5,0.0784907079721666,1.0,3,0.5279007497681405,0.8160139253346914,0.0970169835774458
toy,5,71,100.0,50,3,5,0.0784907079721666,1.0,3,0.5279007497681405,0.8160139253346914,0.0970169835774458
toy,5,71,177.827941,50,3,5,0.0784907079721666,1.0,3,0.5279007497681405,0.8160139253346914,0.0970169835774458
toy,5,71,316.227766,50,3,3,0.0784907079721666,1.0,3,0.5279007497681405,0.8160139253346914,0.0970169835774458
toy,5,71,562.341325,50,3,3,0.0784907079721666,1.0,3,0.5279007497681405,0.8160139253346914,0.0970169835774458
toy,5,71,1000.0,50,3,1,0.0784907079721666,,3,0.5279007497681405,0.8160139253346914,0.0970169835774458
toy,5,72,0.001,53,3,1,-0.0653567657263539,-0.0499579066273084,3,0.0044920665791947,0.0,0.2134520922740644
toy,5,72,0.001778,53,3,1,-0.0453662023046732,0.0,2,0.0592304077375529,0.1013558186585894,0.2137659499384168
toy,5,72,0.003162,53,3,2,0.0,1.0,1,0.0,0.0,0.2129528574601388
toy,5,72,0.005623,53,3,2,0.0,0.0,1,0.0,0.0,0.2129528574601388
toy,5,72,0.01,53,3,2,-0.0284202273618188,-0.0192307692307692,2,0.0990315180097714,0.1401765543161628,0.1968764043111688
toy,5,72,0.017783,53,3,1,-0.0284202273618188,-0.0256311674996796,2,0.0111285760028527,0.0,0.2141616530646228
toy,5,72,0.031623,53,3,1,0.3671355107192622,1.0,3,0.0034233865097103,0.0003989621482887,0.2132140522012112
toy,5,72,0.056234,53,3,6,0.3671355107192622,1.0,3,0.0034233865097103,0.0003989621482887,0.2132140522012112
toy,5,72,0.1,53,3,2,0.3671355107192622,1.0,3,0.0034233865097103,0.0003989621482887,0.2132140522012112
toy,5,72,0.177828,53,3,1,0.3671355107192622,1.0,3,0.0034233865097103,0.0003989621482887,0.2132140522012112
toy,5,72,0.316228,53,3,1,0.3671355107192622,0.3671355107192622,3,0.0034233865097103,0.0003989621482887,0.2132140522012112
toy,5,72,0.5,53,3,9,1.0,0.4530591563568805,3,0.0047621293390581,0.0003989621482887,0.2134979968079381
toy,5,72,0.562341,53,3,9,0.4530591563568805,0.1411622214932754,3,0.029913334848064,0.0,0.2165332160398294
toy,5,72,1.0,53,3,9,0.2015213131334415,-0.1525467763622689,3,0.6226416336604808,1.0,0.1163962714127158
toy,5,72,1.778279,53,3,10,0.0429247217740832,0.1936108657619975,3,0.5536294964773761,0.8582875940569658,0.1226005515768571
toy,5,72,3.162278,53,3,9,-0.0781697663858243,0.0087275238478894,3,0.0880816782292155,0.1285708998040651,0.2176995896509301
toy,5,72,5.623413,53,3,8,-0.0111843434439696,1.0,3,0.6412242287820488,1.0,0.0919426640530755
toy,5,72,10.0,53,3,6,-0.0111843434439696,1.0,3,0.6412242287820488,1.0,0.0919426640530755
toy,5,72,17.782794,53,3,6,-0.0111843434439696,1.0,3,0.6412242287820488,1.0,0.0919426640530755
toy,5,72,31.622777,53,3,6,-0.0111843434439696,1.0,3,0.6412242287820488,1.0,0.0919426640530755
toy,5,72,56.234133,53,3,4,-0.0111843434439696,1.0,3,0.6412242287820488,1.0,0.0919426640530755
toy,5,72,100.0,53,3,4,-0.0111843434439696,1.0,3,0.6412242287820488,1.0,0.0919426640530755
toy,5,72,177.827941,53,3,3,-0.0111843434439696,1.0,3,0.6412242287820488,1.0,0.0919426640530755
toy,5,72,316.227766,53,3,3,-0.0111843434439696,1.0,3,0.6412242287820488,1.0,0.0919426640530755
toy,5,72,562.341325,53,3,3,-0.0111843434439696,1.0,3,0.6412242287820488,1.0,0.0919426640530755
toy,5,72,1000.0,53,3,1,-0.0111843434439696,,3,0.6412242287820488,1.0,0.0919426640530755
toy,5,73,0.001,54,3,1,-0.0452946894053194,0.0,3,0.127135594158766,0.1939482597098794,0.1972297255457548
toy,5,73,0.001778,54,3,1,0.0,0.0,1,0.0,0.0,0.2116017801317799
toy,5,73,0.003162,54,3,1,-0.0445286342050125,-0.0490464857048172,2,0.000895199797871,0.0,0.21170962611534
toy,5,73,0.005623,54,3,1,-0.0641436305880942,0.0,3,0.01226829827228,0.0,0.2131122695237072
toy,5,73,0.01,54,3,2,0.0,0.0,1,0.0,0.0,0.2116017801317799
toy,5,73,0.017783,54,3,1,-0.0563555465668925,-0.0278929513758009,3,0.0208148171589864,0.0,0.2138094319092576
toy,5,73,0.031623,54,3,2,-0.0278929513758009,-0.0188679245283018,2,0.0013415049804367,0.0,0.2117186454129472
toy,5,73,0.056234,54,3,4,0.4809649453448926,1.0,2,0.0002753095973118,0.0003991924854273,0.2115955724602185
toy,5,73,0.1,54,3,1,0.4809649453448926,1.0,2,0.0002753095973118,0.0003991924854273,0.2115955724602185
toy,5,73,0.177828,54,3,5,0.4809649453448926,0.4809649453448926,2,0.0002753095973118,0.0003991924854273,0.2115955724602185
toy,5,73,0.316228,54,3,4,1.0,1.0,3,0.058902737035937,0.0989320015077636,0.2137996915823328
toy,5,73,0.5,54,3,9,1.0,1.0,3,0.058902737035937,0.0989320015077636,0.2137996915823328
toy,5,73,0.562341,54,3,9,1.0,-0.0278929513758009,3,0.058902737035937,0.0989320015077636,0.2137996915823328
toy,5,73,1.0,54,3,9,-0.0278929513758009,1.0,2,0.0010184232557598,0.0001046985526108,0.2116777803154632
toy,5,73,1.778279,54,3,9,-0.0278929513758009,1.0,2,0.0010184232557598,0.0001046985526108,0.2116777803154632
toy,5,73,3.162278,54,3,8,-0.0278929513758009,0.1551833122629582,2,0.0010184232557598,0.0001046985526108,0.2116777803154632
toy,5,73,5.623413,54,3,8,0.1948412293451968,0.4878202833863191,3,0.4990594949627573,0.7836000995834006,0.1325149190441692
toy,5,73,10.0,54,3,10,0.1345622378669862,1.0,3,0.5082263621391618,0.7836000995834006,0.0906367785065867
toy,5,73,17.782794,54,3,8,0.1345622378669862,1.0,3,0.5082263621391618,0.7836000995834006,0.0906367785065867
toy,5,73,31.622777,54,3,8,0.1345622378669862,1.0,3,0.5082263621391618,0.7836000995834006,0.0906367785065867
toy,5,73,56.234133,54,3,5,0.1345622378669862,1.0,3,0.5082263621391618,0.7836000995834006,0.0906367785065867
toy,5,73,100.0,54,3,4,0.1345622378669862,1.0,3,0.5082263621391618,0.7836000995834006,0.0906367785065867
toy,5,73,177.827941,54,3,4,0.1345622378669862,1.0,3,0.5082263621391618,0.7836000995834006,0.0906367785065867
toy,5,73,316.227766,54,3,3,0.1345622378669862,1.0,3,0.5082263621391618,0.7836000995834006,0.0906367785065867
toy,5,73,562.341325,54,3,1,0.1345622378669862,1.0,3,0.5082263621391618,0.7836000995834006,0.0906367785065867
toy,5,73,1000.0,54,3,1,0.1345622378669862,,3,0.5082263621391618,0.7836000995834006,0.0906367785065867
toy,5,74,0.001,71,3,1,-0.0523610552922381,-0.0343075555866644,3,0.1088935651558688,0.1722425069413252,0.1974806426562421
toy,5,74,0.001778,71,3,1,-0.0398613278056594,-0.0284377543343574,3,0.0008850328839828,0.0,0.2147050773482938
toy,5,74,0.003162,71,3,1,-0.0393102478311076,-0.0281086555145946,2,0.0057027457778462,0.0,0.2153156533138943
toy,5,74,0.005623,71,3,1,0.5309307731027744,-0.0281086555145946,2,0.040118381534341,0.0692489684324303,0.2139651494933553
toy,5,74,0.01,71,3,1,-0.0393102478311076,-0.0284377543343574,2,0.0008852118640127,0.0,0.2146881869400406
toy,5,74,0.017783,71,3,1,-0.0398613278056594,-0.0287677786159818,3,0.0937420683620646,0.1501399685070081,0.2069800735863847
toy,5,74,0.031623,71,3,2,-0.0398613278056594,-0.0190436182874746,3,0.010017085329642,0.0,0.2156760432520064
toy,5,74,0.056234,71,3,5,0.314611671785871,1.0,2,0.0002748976697155,0.0003989621482887,0.2146144295574615
toy,5,74,0.1,71,3,4,0.314611671785871,1.0,2,0.0002748976697155,0.0003989621482887,0.2146144295574615
toy,5,74,0.177828,71,3,1,0.314611671785871,0.6570048309178744,2,0.0002748976697155,0.0003989621482887,0.2146144295574615
toy,5,74,0.316228,71,3,2,0.2539626235389861,0.2539626235389861,3,0.0007168960315834,0.0003989621482887,0.214655992128066
toy,5,74,0.5,71,3,9,1.0,1.0,3,0.1440218671534716,0.2442837321707991,0.2202699634565126
toy,5,74,0.562341,71,3,9,1.0,-0.0228901565013894,3,0.1440218671534716,0.2442837321707991,0.2202699634565126
toy,5,74,1.0,71,3,8,-0.0228901565013894,1.0,2,0.0011188603395053,0.001734621260157,0.2152047530597479
toy,5,74,1.778279,71,3,10,-0.0228901565013894,1.0,2,0.0011188603395053,0.001734621260157,0.2152047530597479
toy,5,74,3.162278,71,3,8,-0.0228901565013894,0.1456077015643802,2,0.0011188603395053,0.001734621260157,0.2152047530597479
toy,5,74,5.623413,71,3,10,0.5217839384970059,0.5628712154135883,3,0.5099376392082471,0.8049534666931696,0.1425532933049181
toy,5,74,10.0,71,3,10,0.2853449401086378,1.0,3,0.5257263323634976,0.8049534666931695,0.0919801159444397
toy,5,74,17.782794,71,3,10,0.2853449401086378,1.0,3,0.5257263323634976,0.8049534666931695,0.0919801159444397
toy,5,74,31.622777,71,3,6,0.2853449401086378,1.0,3,0.5257263323634976,0.8049534666931695,0.0919801159444397
toy,5,74,56.234133,71,3,6,0.2853449401086378,1.0,3,0.5257263323634976,0.8049534666931695,0.0919801159444397
toy,5,74,100.0,71,3,5,0.2853449401086378,1.0,3,0.5257263323634976,0.8049534666931695,0.0919801159444397
toy,5,74,177.827941,71,3,5,0.2853449401086378,1.0,3,0.5257263323634976,0.8049534666931695,0.0919801159444397
toy,5,74,316.227766,71,3,3,0.2853449401086378,1.0,3,0.5257263323634976,0.8049534666931695,0.0919801159444397
toy,5,74,562.341325,71,3,1,0.2853449401086378,1.0,3,0.5257263323634976,0.8049534666931695,0.0919801159444397
toy,5,74,1000.0,71,3,1,0.2853449401086378,,3,0.5257263323634976,0.8049534666931695,0.0919801159444397
toy,5,75,0.001,57,3,1,-0.0428729018216511,-0.0472971262185086,3,0.0814961666613628,0.1377649299049202,0.1988473786273874
toy,5,75,0.001778,57,3,1,-0.0607581324491441,-0.070266018595083,3,0.0958578929638485,0.1592788186691879,0.2003705047325548
toy,5,75,0.003162,57,3,1,-0.0602884924882664,-0.070266018595083,3,0.0064950604335585,0.0,0.2104733858323823
toy,5,75,0.005623,57,3,1,-0.0607581324491441,-0.0464998223260064,3,0.0281046966460899,0.0,0.2130371383355951
toy,5,75,0.01,57,3,1,-0.0421908958586724,-0.0349687997063501,2,0.0120312169951058,0.0,0.2112030358440814
toy,5,75,0.017783,57,3,3,-0.0421908958586724,-0.0234981157171358,2,0.01118511200973,0.0,0.2108912050366504
toy,5,75,0.031623,57,3,1,-0.0264220801077078,-0.0178571428571428,2,0.0008754345485711,0.0,0.2096987443110206
toy,5,75,0.056234,57,3,1,-0.0264220801077078,1.0,2,0.000274611068853,0.0003989621482887,0.2096067557285748
toy,5,75,0.1,57,3,1,-0.0264220801077078,0.4819925950858297,2,0.000274611068853,0.0003989621482887,0.2096067557285748
toy,5,75,0.177828,57,3,3,-0.0533621746831993,0.3695179034614352,3,0.011436473452543,0.0003989621482887,0.2108695886614305
toy,5,75,0.316228,57,3,4,-0.0428729018216511,-0.0428729018216511,3,0.0037505298331105,0.0003989621482887,0.2099752580028508
toy,5,75,0.5,57,3,1,1.0,1.0,3,0.0142266408762642,0.0228703614593014,0.2190206548992845
toy,5,75,0.562341,57,3,8,1.0,1.0,3,0.0142266408762642,0.0228703614593014,0.2190206548992845
toy,5,75,1.0,57,3,10,1.0,0.9931672232211662,3,0.0142266408762642,0.0228703614593014,0.2190206548992845
toy,5,75,1.778279,57,3,10,0.9931672232211662,1.0,2,0.0074000034351526,0.0122178263902297,0.2149011598489015
toy,5,75,3.162278,57,3,10,0.9931672232211662,1.0,2,0.0074000034351526,0.0122178263902297,0.2149011598489015
toy,5,75,5.623413,57,3,10,0.9931672232211662,0.3703008002470216,2,0.0074000034351526,0.0122178263902297,0.2149011598489015
toy,5,75,10.0,57,3,9,0.3676053562708292,0.4871025794841032,3,0.3641910593132391,0.563429853574419,0.1533793724915932
toy,5,75,17.782794,57,3,9,-0.0719057752264066,1.0,3,0.3766813362255682,0.563429853574419,0.1060350090768436
toy,5,75,31.622777,57,3,9,-0.0719057752264066,1.0,3,0.3766813362255682,0.563429853574419,0.1060350090768436
toy,5,75,56.234133,57,3,7,-0.0719057752264066,1.0,3,0.3766813362255682,0.563429853574419,0.1060350090768436
toy,5,75,100.0,57,3,7,-0.0719057752264066,1.0,3,0.3766813362255682,0.563429853574419,0.1060350090768436
toy,5,75,177.827941,57,3,7,-0.0719057752264066,1.0,3,0.3766813362255682,0.563429853574419,0.1060350090768436
toy,5,75,316.227766,57,3,3,-0.0719057752264066,1.0,3,0.3766813362255682,0.563429853574419,0.1060350090768436
toy,5,75,562.341325,57,3,1,-0.0719057752264066,1.0,3,0.3766813362255682,0.563429853574419,0.1060350090768436
toy,5,75,1000.0,57,3,1,-0.0719057752264066,,3,0.3766813362255682,0.5634298535744189,0.1060350090768436
toy,5,76,0.001,62,3,1,-0.0387942172346008,0.0,2,0.0030172586048788,0.0,0.2111559197725429
toy,5,76,0.001778,62,3,1,0.0,0.0,1,0.0,0.0,0.2107823645934713
toy,5,76,0.003162,62,3,1,-0.0490197358116222,-0.0558407601563381,3,0.039931456807986,0.0639828316940104,0.2071453330448272
toy,5,76,0.005623,62,3,1,0.538238439931627,-0.0434580686920991,3,0.085574981769869,0.1483570503905397,0.2045982589171467
toy,5,76,0.01,62,3,1,-0.0393639476165211,0.0,3,0.0929805958842831,0.1580747254708941,0.2032967868006516
toy,5,76,0.017783,62,3,1,0.0,0.0,1,0.0,0.0,0.2107823645934713
toy,5,76,0.031623,62,3,3,-0.0242869245975713,-0.0163934426229508,2,0.0002743321526443,0.0003989621482887,0.2107742318958546
toy,5,76,0.056234,62,3,1,0.4834792431516521,0.6555555555555556,2,0.0021587474246432,0.0,0.2109746209350516
toy,5,76,0.1,62,3,1,0.3720509483150184,1.0,3,0.0024282071404732,0.0003989621482887,0.2109702529435775
toy,5,76,0.177828,62,3,1,0.3720509483150184,1.0,3,0.0024282071404732,0.0003989621482887,0.2109702529435775
toy,5,76,0.316228,62,3,10,0.3720509483150184,0.3720509483150184,3,0.0024282071404732,0.0003989621482887,0.2109702529435775
toy,5,76,0.5,62,3,10,1.0,1.0,3,0.0030154412923111,0.0,0.2110653274634549
toy,5,76,0.562341,62,3,10,1.0,-0.0242869245975713,3,0.0030154412923111,0.0,0.2110653274634549
toy,5,76,1.0,62,3,10,-0.0242869245975713,1.0,2,0.0031937713769029,0.0032873654825752,0.211911388598614
toy,5,76,1.778279,62,3,9,-0.0242869245975713,1.0,2,0.0031937713769029,0.0032873654825752,0.211911388598614
toy,5,76,3.162278,62,3,10,-0.0242869245975713,1.0,2,0.0031937713769029,0.0032873654825752,0.211911388598614
toy,5,76,5.623413,62,3,8,-0.0242869245975713,-0.022557991061928,2,0.0031937713769029,0.0032873654825752,0.211911388598614
toy,5,76,10.0,62,3,6,-0.0631214862457487,1.0,3,0.4752724586424194,0.7443834654688951,0.0990667301551054
toy,5,76,17.782794,62,3,10,-0.0631214862457487,1.0,3,0.4752724586424194,0.7443834654688951,0.0990667301551054
toy,5,76,31.622777,62,3,6,-0.0631214862457487,1.0,3,0.4752724586424194,0.7443834654688951,0.0990667301551054
toy,5,76,56.234133,62,3,5,-0.0631214862457487,1.0,3,0.4752724586424194,0.7443834654688951,0.0990667301551054
toy,5,76,100.0,62,3,5,-0.0631214862457487,1.0,3,0.4752724586424194,0.7443834654688951,0.0990667301551054
toy,5,76,177.827941,62,3,4,-0.0631214862457487,1.0,3,0.4752724586424194,0.7443834654688951,0.0990667301551054
toy,5,76,316.227766,62,3,3,-0.0631214862457487,1.0,3,0.4752724586424194,0.7443834654688951,0.0990667301551054
toy,5,76,562.341325,62,3,1,-0.0631214862457487,1.0,3,0.4752724586424194,0.7443834654688951,0.0990667301551054
toy,5,76,1000.0,62,3,1,-0.0631214862457487,,3,0.4752724586424194,0.7443834654688951,0.0990667301551054
toy,5,77,0.001,57,3,1,-0.0497685296119156,-0.0354923605526719,2,0.0038313851517906,0.0,0.2116731600919566
toy,5,77,0.001778,57,3,1,-0.0508774072131995,0.0,3,0.0466184102487242,0.0830824444412986,0.207007341578247
toy,5,77,0.003162,57,3,1,0.0,0.0,1,0.0,0.0,0.2111913230035303
toy,5,77,0.005623,57,3,1,0.1668816746685108,-0.0472971262185086,3,0.0105156161784068,0.0,0.2125171169394119
toy,5,77,0.01,57,3,1,0.2395468944166301,-0.0238016528925619,3,0.0050946984665812,0.0,0.2118919998992533
toy,5,77,0.017783,57,3,1,-0.0271528045068056,-0.0178571428571428,2,0.0109438235877134,0.0,0.2123868457457159
toy,5,77,0.031623,57,3,3,-0.0271528045068056,-0.0178571428571428,2,0.0002739453048417,0.0003987319951093,0.2111845292422422
toy,5,77,0.056234,57,3,4,0.1563385702788761,1.0,2,0.0012835026110775,0.0,0.2112936198740344
toy,5,77,0.1,57,3,1,0.1563385702788761,0.2248413417951042,2,0.0012835026110775,0.0,0.2112936198740344
toy,5,77,0.177828,57,3,1,0.7440894220723429,0.1784061233678523,3,0.0138147079558271,0.0,0.2130138522649259
toy,5,77,0.316228,57,3,3,0.1210843503307785,0.1210843503307785,3,0.0015544871122295,0.0003987319951093,0.2112845225089369
toy,5,77,0.5,57,3,10,1.0,0.8130317219547583,3,0.0195276509869613,0.0,0.2138065369374938
toy,5,77,0.562341,57,3,10,0.8130317219547583,-0.0268240343347639,3,0.0305982460101265,0.0,0.215390335101126
toy,5,77,1.0,57,3,10,-0.0271528045068056,1.0,2,0.0114521414455162,0.0200313781175746,0.2173809463424564
toy,5,77,1.778279,57,3,10,-0.0271528045068056,1.0,2,0.0114521414455162,0.0200313781175746,0.2173809463424564
toy,5,77,3.162278,57,3,10,-0.0271528045068056,0.1563385702788761,2,0.0114521414455162,0.0200313781175746,0.2173809463424564
toy,5,77,5.623413,57,3,9,-0.1305334337613986,0.5348491699502617,3,0.5087003547797893,0.8087249770404321,0.1413162418337643
toy,5,77,10.0,57,3,8,-0.1278987145533234,1.0,3,0.556174643867828,0.8763522814604482,0.1518202460892999
toy,5,77,17.782794,57,3,8,-0.1278987145533234,1.0,3,0.556174643867828,0.8763522814604484,0.1518202460892999
toy,5,77,31.622777,57,3,8,-0.1278987145533234,1.0,3,0.556174643867828,0.8763522814604484,0.1518202460892999
toy,5,77,56.234133,57,3,5,-0.1278987145533234,1.0,3,0.556174643867828,0.8763522814604484,0.1518202460892999
toy,5,77,100.0,57,3,5,-0.1278987145533234,1.0,3,0.556174643867828,0.8763522814604482,0.1518202460892999
toy,5,77,177.827941,57,3,5,-0.1278987145533234,0.942302614206496,3,0.556174643867828,0.8763522814604482,0.1518202460892999
toy,5,77,316.227766,57,3,3,-0.1336535312738783,1.0,3,0.510316646049189,0.8087249770404321,0.1089740794652689
toy,5,77,562.341325,57,3,1,-0.1336535312738783,1.0,3,0.510316646049189,0.8087249770404321,0.1089740794652689
toy,5,77,1000.0,57,3,1,-0.1336535312738783,,3,0.510316646049189,0.8087249770404321,0.1089740794652689
toy,5,78,0.001,54,3,1,-0.0506036545573199,-0.0368964118022143,2,0.0931465200081466,0.1623155242378338,0.2020959506886897
toy,5,78,0.001778,54,3,1,-0.0506036545573199,0.0,2,0.0426689609113311,0.0770078332432549,0.2055618410087604
toy,5,78,0.003162,54,3,1,0.0,0.0,1,0.0,0.0,0.2099782022330963
toy,5,78,0.005623,54,3,1,0.1828638242331955,-0.0248077400148846,2,0.0050426387286119,0.0,0.2107426178119289
toy,5,78,0.01,54,3,1,-0.0270220923863428,-0.0188679245283018,2,0.0717883653075048,0.1238879143759411,0.204044687694939
toy,5,78,0.017783,54,3,1,-0.0270220923863428,1.0,2,0.1587414920929619,0.2297434858198755,0.1975979709606072
toy,5,78,0.031623,54,3,2,-0.0270220923863428,-0.0188679245283018,2,0.1587414920929619,0.2297434858198755,0.1975979709606072
toy,5,78,0.056234,54,3,2,0.071572028482746,1.0,2,0.0002737964667977,0.0003989621482887,0.2099734659966949
toy,5,78,0.1,54,3,6,0.071572028482746,1.0,2,0.0002737964667977,0.0003989621482887,0.2099734659966949
toy,5,78,0.177828,54,3,1,0.071572028482746,0.3087774294670846,2,0.0002737964667977,0.0003989621482887,0.2099734659966949
toy,5,78,0.316228,54,3,8,0.4236130895658752,0.4236130895658752,3,0.0147440957120364,0.0003989621482887,0.2119267675749427
toy,5,78,0.5,54,3,8,1.0,0.9291755173281052,3,0.0303803259230142,0.0003989621482887,0.2142827709579144
toy,5,78,0.562341,54,3,8,0.9291755173281052,0.4224376035755536,3,0.0314327177498696,0.0,0.2142535343035971
toy,5,78,1.0,54,3,9,0.3883012454658448,0.1931274467159634,3,0.0763184425249076,0.0,0.2201418862104996
toy,5,78,1.778279,54,3,9,-0.1170125649726604,1.0,3,0.6240096791351739,1.0,0.1016448581592171
toy,5,78,3.162278,54,3,8,-0.1170125649726604,1.0,3,0.6240096791351739,1.0,0.1016448581592171
toy,5,78,5.623413,54,3,10,-0.1170125649726604,1.0,3,0.6240096791351739,1.0,0.1016448581592171
toy,5,78,10.0,54,3,10,-0.1170125649726604,1.0,3,0.6240096791351739,1.0,0.1016448581592171
toy,5,78,17.782794,54,3,4,-0.1170125649726604,1.0,3,0.6240096791351739,1.0,0.1016448581592171
toy,5,78,31.622777,54,3,4,-0.1170125649726604,1.0,3,0.6240096791351739,1.0,0.1016448581592171
toy,5,78,56.234133,54,3,4,-0.1170125649726604,1.0,3,0.6240096791351739,1.0,0.1016448581592171
toy,5,78,100.0,54,3,4,-0.1170125649726604,1.0,3,0.6240096791351739,1.0,0.1016448581592171
toy,5,78,177.827941,54,3,4,-0.1170125649726604,1.0,3,0.6240096791351739,1.0,0.1016448581592171
toy,5,78,316.227766,54,3,3,-0.1170125649726604,1.0,3,0.6240096791351739,1.0,0.1016448581592171
toy,5,78,562.341325,54,3,1,-0.1170125649726604,1.0,3,0.6240096791351739,1.0,0.1016448581592171
toy,5,78,1000.0,54,3,1,-0.1170125649726604,,3,0.6240096791351739,1.0,0.1016448581592171
toy,5,79,0.001,76,3,1,-0.0316517175437066,-0.0349718388993189,2,0.0016735074318065,0.0,0.2084112740701632
toy,5,79,0.001778,76,3,1,-0.0455098553173101,0.0,3,0.0139028872955504,0.0,0.2102641044711961
toy,5,79,0.003162,76,3,1,0.0,0.0,1,0.0,0.0,0.2082239039488684
toy,5,79,0.005623,76,3,1,-0.0455098553173101,0.0,3,0.0074432191825702,0.0,0.209213935296513
toy,5,79,0.01,76,3,1,0.0,0.0,1,0.0,0.0,0.2082239039488684
toy,5,79,0.017783,76,3,3,-0.0320217024969604,1.0,3,0.0194587112964191,0.0,0.2105045140711899
toy,5,79,0.031623,76,3,3,-0.0320217024969604,-0.0177745312880448,3,0.0194587112964191,0.0,0.2105045140711899
toy,5,79,0.056234,76,3,2,0.4865815287803072,1.0,2,0.0002734248036023,0.0003987319951093,0.2082131723698088
toy,5,79,0.1,76,3,4,0.4865815287803072,1.0,2,0.0002734248036023,0.0003987319951093,0.2082131723698088
toy,5,79,0.177828,76,3,1,0.4865815287803072,0.4865815287803072,2,0.0002734248036023,0.0003987319951093,0.2082131723698088
toy,5,79,0.316228,76,3,10,1.0,1.0,3,0.0582243684230907,0.1036295003349629,0.2072649161035133
toy,5,79,0.5,76,3,10,1.0,1.0,3,0.0582243684230907,0.1036295003349629,0.2072649161035133
toy,5,79,0.562341,76,3,10,1.0,-0.01980381269665,3,0.0582243684230907,0.1036295003349629,0.2072649161035133
toy,5,79,1.0,76,3,10,-0.01980381269665,1.0,2,0.0087498086574186,0.006066424178625,0.2103766301569169
toy,5,79,1.778279,76,3,10,-0.01980381269665,1.0,2,0.0087498086574186,0.006066424178625,0.2103766301569169
toy,5,79,3.162278,76,3,8,-0.01980381269665,1.0,2,0.0087498086574186,0.006066424178625,0.2103766301569169
toy,5,79,5.623413,76,3,10,-0.01980381269665,0.0535370394145589,2,0.0087498086574186,0.006066424178625,0.2103766301569169
toy,5,79,10.0,76,3,10,0.1638341950890861,0.9524691049181968,3,0.4953401295973783,0.7324443195282277,0.1968438164819907
toy,5,79,17.782794,76,3,6,0.1766234352718853,1.0,3,0.4486971280165405,0.6989196582125814,0.089900148519034
toy,5,79,31.622777,76,3,5,0.1766234352718853,1.0,3,0.4486971280165405,0.6989196582125814,0.089900148519034
toy,5,79,56.234133,76,3,5,0.1766234352718853,1.0,3,0.4486971280165405,0.6989196582125814,0.089900148519034
toy,5,79,100.0,76,3,5,0.1766234352718853,1.0,3,0.4486971280165405,0.6989196582125814,0.089900148519034
toy,5,79,177.827941,76,3,5,0.1766234352718853,1.0,3,0.4486971280165405,0.6989196582125814,0.089900148519034
toy,5,79,316.227766,76,3,1,0.1766234352718853,1.0,3,0.4486971280165405,0.6989196582125814,0.089900148519034
toy,5,79,562.341325,76,3,1,0.1766234352718853,1.0,3,0.4486971280165405,0.6989196582125814,0.089900148519034
toy,5,79,1000.0,76,3,1,0.1766234352718853,,3,0.4486971280165405,0.6989196582125814,0.089900148519034
toy,5,80,0.001,58,3,1,-0.0524334910260233,0.0,3,0.0438167539154123,0.0776218108464149,0.2018429514280206
toy,5,80,0.001778,58,3,1,0.0,0.0,1,0.0,0.0,0.20720882362427
toy,5,80,0.003162,58,3,1,-0.0597070806790868,0.0,3,0.0304535787180733,0.0,0.2110149459008873
toy,5,80,0.005623,58,3,1,0.0,0.0,1,0.0,0.0,0.20720882362427
toy,5,80,0.01,58,3,1,-0.0414650088843477,-0.0453896608423829,2,0.0149911255989636,0.0,0.2091098492301696
toy,5,80,0.017783,58,3,1,-0.0592552468349052,-0.0592552468349052,3,0.0169052968495347,0.0,0.209555245771039
toy,5,80,0.031623,58,3,3,0.6403075410417388,-0.0259655955858487,3,0.0526808525793732,0.0936882804921561,0.2085313421125665
toy,5,80,0.056234,58,3,1,0.4823109380071405,1.0,2,0.0008294830506814,0.0,0.2072632149634232
toy,5,80,0.1,58,3,4,0.4823109380071405,1.0,2,0.0008294830506814,0.0,0.2072632149634232
toy,5,80,0.177828,58,3,1,0.4823109380071405,0.6547619047619048,2,0.0008294830506814,0.0,0.2072632149634232
toy,5,80,0.316228,58,3,4,0.3700605507435932,0.3700605507435932,3,0.0011007112040944,0.0003987319951093,0.207261523342022
toy,5,80,0.5,58,3,9,1.0,1.0,3,0.0520863933895943,0.0936882804921561,0.2084217538318518
toy,5,80,0.562341,58,3,9,1.0,-0.0259655955858487,3,0.0520863933895943,0.0936882804921561,0.2084217538318518
toy,5,80,1.0,58,3,9,-0.0259655955858487,1.0,2,0.0044835690060782,0.0069121240316809,0.2084769124364414
toy,5,80,1.778279,58,3,9,-0.0259655955858487,1.0,2,0.0044835690060782,0.0069121240316809,0.2084769124364414
toy,5,80,3.162278,58,3,9,-0.0259655955858487,0.1417957436091172,2,0.0044835690060782,0.0069121240316809,0.2084769124364414
toy,5,80,5.623413,58,3,7,0.1761926924803637,0.541135218058295,3,0.5125435058251393,0.8237629743435322,0.135705836036466
toy,5,80,10.0,58,3,10,0.0699811972539245,1.0,3,0.520533652802007,0.8237629743435321,0.0935211250323588
toy,5,80,17.782794,58,3,10,0.0699811972539245,1.0,3,0.520533652802007,0.8237629743435321,0.0935211250323588
toy,5,80,31.622777,58,3,5,0.0699811972539245,1.0,3,0.520533652802007,0.8237629743435321,0.0935211250323588
toy,5,80,56.234133,58,3,5,0.0699811972539245,1.0,3,0.5205336528020069,0.8237629743435322,0.0935211250323588
toy,5,80,100.0,58,3,5,0.0699811972539245,1.0,3,0.5205336528020069,0.8237629743435322,0.0935211250323588
toy,5,80,177.827941,58,3,5,0.0699811972539245,0.888642854004657,3,0.5205336528020069,0.8237629743435322,0.0935211250323588
toy,5,80,316.227766,58,3,3,0.058044099463072,1.0,3,0.5203343756926798,0.8237629743435322,0.0935504310594386
toy,5,80,562.341325,58,3,1,0.058044099463072,0.942964473101734,3,0.5203343756926798,0.8237629743435322,0.0935504310594386
toy,5,80,1000.0,58,3,1,0.0635596795498553,,3,0.5204338048219954,0.8237629743435322,0.09353130232588
toy,5,81,0.001,66,3,1,-0.0369442587134018,-0.0364455370900545,3,0.0088805763302136,0.0,0.2101990456923299
toy,5,81,0.001778,66,3,1,-0.0306112407161918,0.0,2,0.0072983457310916,0.0,0.2101225479407414
toy,5,81,0.003162,66,3,1,0.0,0.0,1,0.0,0.0,0.209058137354577
toy,5,81,0.005623,66,3,1,-0.0205078125,-0.0153846153846153,2,0.0032666145935222,0.0,0.2094785779242875
toy,5,81,0.01,66,3,1,-0.0205078125,-0.0205078125,2,0.006495976897594,0.0,0.2099762320370795
toy,5,81,0.017783,66,3,5,-0.0309962163159837,-0.0205078125,3,0.0230236562958705,0.0372048717360771,0.2095764625849823
toy,5,81,0.031623,66,3,2,-0.0205078125,-0.0153846153846153,2,0.0080988657104716,0.0,0.2100280098745426
toy,5,81,0.056234,66,3,4,-0.0205078125,1.0,2,0.000273158760733,0.0003991924854273,0.2090541634377394
toy,5,81,0.1,66,3,1,-0.0205078125,-0.0205078125,2,0.000273158760733,0.0003991924854273,0.2090541634377394
toy,5,81,0.177828,66,3,2,1.0,1.0,3,0.1108258290246028,0.1561800081645055,0.2709751259739513
toy,5,81,0.316228,66,3,1,1.0,1.0,3,0.1108258290246028,0.1561800081645055,0.2709751259739513
toy,5,81,0.5,66,3,10,1.0,1.0,3,0.1108258290246028,0.1561800081645055,0.2709751259739513
toy,5,81,0.562341,66,3,10,1.0,1.0,3,0.1108258290246028,0.1561800081645055,0.2709751259739513
toy,5,81,1.0,66,3,10,1.0,0.2937129707241843,3,0.1108258290246028,0.1561800081645055,0.2709751259739513
toy,5,81,1.778279,66,3,10,0.2937129707241843,0.0756698859159327,3,0.392380206784602,0.6078189614815814,0.2195332617134845
toy,5,81,3.162278,66,3,9,0.2674271124680336,0.0756698859159327,3,0.4142480813358532,0.6078189614815814,0.2044873490814138
toy,5,81,5.623413,66,3,10,0.2937129707241843,0.5742275298997712,3,0.392380206784602,0.6078189614815814,0.2195332617134845
toy,5,81,10.0,66,3,8,0.1064286136498616,1.0,3,0.4921718821219377,0.7268303134149195,0.2082581869321718
toy,5,81,17.782794,66,3,7,0.1064286136498616,1.0,3,0.4921718821219377,0.7268303134149195,0.2082581869321718
toy,5,81,31.622777,66,3,6,0.1064286136498616,1.0,3,0.4921718821219377,0.7268303134149195,0.2082581869321718
toy,5,81,56.234133,66,3,7,0.1064286136498616,1.0,3,0.4921718821219377,0.7268303134149195,0.2082581869321718
toy,5,81,100.0,66,3,5,0.1064286136498616,1.0,3,0.4921718821219377,0.7268303134149195,0.2082581869321718
toy,5,81,177.827941,66,3,5,0.1064286136498616,1.0,3,0.4921718821219377,0.7268303134149195,0.2082581869321718
toy,5,81,316.227766,66,3,1,0.1064286136498616,1.0,3,0.4921718821219377,0.7268303134149195,0.2082581869321718
toy,5,81,562.341325,66,3,1,0.1064286136498616,1.0,3,0.4921718821219377,0.7268303134149195,0.2082581869321718
toy,5,81,1000.0,66,3,1,0.1064286136498616,,3,0.4921718821219377,0.7268303134149195,0.2082581869321718
toy,5,82,0.001,74,3,1,0.0,1.0,1,0.0,0.0,0.2056813344842656
toy,5,82,0.001778,74,3,1,0.0,1.0,1,0.0,0.0,0.2056813344842656
toy,5,82,0.003162,74,3,1,0.0,0.0,1,0.0,0.0,0.2056813344842656
toy,5,82,0.005623,74,3,1,-0.0525430766773729,-0.0410035734999719,3,0.0076127904700229,0.0,0.2068155281635834
toy,5,82,0.01,74,3,1,-0.0525430766773729,-0.0203403090162331,3,0.0242464996594799,0.0,0.2085463262984251
toy,5,82,0.017783,74,3,4,-0.0191521411663438,0.4862116174457265,2,0.0099885830976287,0.0,0.2069486119419154
toy,5,82,0.031623,74,3,1,-0.0525430766773729,-0.0203403090162331,3,0.0316556362321478,0.0,0.2096454223823767
toy,5,82,0.056234,74,3,5,0.0624596513879922,-0.0136986301369863,2,0.0002729209938793,0.0003991924854273,0.2056745759915927
toy,5,82,0.1,74,3,2,0.0923176242737249,1.0,2,0.0233828090873542,0.0384970479329266,0.2069917943247432
toy,5,82,0.177828,74,3,3,0.0923176242737249,1.0,2,0.0233828090873542,0.0384970479329266,0.2069917943247432
toy,5,82,0.316228,74,3,10,0.0923176242737249,0.0923176242737249,2,0.0233828090873542,0.0384970479329266,0.2069917943247432
toy,5,82,0.5,74,3,10,1.0,-0.0339072584040851,3,0.1563042133093704,0.1954903866764487,0.250808761660068
toy,5,82,0.562341,74,3,10,-0.0339072584040851,-0.0219546742209631,3,0.0394882602442219,0.0384970479329266,0.2096083253666071
toy,5,82,1.0,74,3,9,0.0624596513879922,1.0,2,0.0022545292557196,0.0039963553485345,0.2075170064819237
toy,5,82,1.778279,74,3,10,0.0624596513879922,1.0,2,0.0022545292557196,0.0039963553485345,0.2075170064819237
toy,5,82,3.162278,74,3,8,0.0624596513879922,1.0,2,0.0022545292557196,0.0039963553485345,0.2075170064819237
toy,5,82,5.623413,74,3,9,0.0624596513879922,-0.020364870598218,2,0.0022545292557196,0.0039963553485345,0.2075170064819237
toy,5,82,10.0,74,3,8,0.7585470048736881,1.0,3,0.5291135284159135,0.8278747653760813,0.0804892961382902
toy,5,82,17.782794,74,3,9,0.7585470048736881,1.0,3,0.5291135284159135,0.8278747653760813,0.0804892961382902
toy,5,82,31.622777,74,3,5,0.7585470048736881,1.0,3,0.5291135284159135,0.8278747653760813,0.0804892961382902
toy,5,82,56.234133,74,3,5,0.7585470048736881,1.0,3,0.5291135284159135,0.8278747653760813,0.0804892961382902
toy,5,82,100.0,74,3,5,0.7585470048736881,1.0,3,0.5291135284159135,0.8278747653760813,0.0804892961382902
toy,5,82,177.827941,74,3,5,0.7585470048736881,1.0,3,0.5291135284159135,0.8278747653760813,0.0804892961382902
toy,5,82,316.227766,74,3,3,0.7585470048736881,1.0,3,0.5291135284159135,0.8278747653760813,0.0804892961382902
toy,5,82,562.341325,74,3,1,0.7585470048736881,1.0,3,0.5291135284159135,0.8278747653760813,0.0804892961382902
toy,5,82,1000.0,74,3,1,0.7585470048736881,,3,0.5291135284159135,0.8278747653760813,0.0804892961382902
toy,5,83,0.001,71,3,1,-0.0338803785539559,-0.0281086555145946,2,0.003199894077095,0.0,0.2071379708264402
toy,5,83,0.001778,71,3,1,-0.0338803785539559,0.0,2,0.1196089600230895,0.197827642115823,0.1932580692774148
toy,5,83,0.003162,71,3,1,0.0,0.0,1,0.0,0.0,0.2068138490223409
toy,5,83,0.005623,71,3,1,-0.0338803785539559,-0.0284377543343574,2,0.0043900390218901,0.0,0.2074800682884459
toy,5,83,0.01,71,3,1,-0.0343075555866644,0.0,3,0.0063566327153116,0.0,0.2076882562277944
toy,5,83,0.017783,71,3,1,0.0,0.0,1,0.0,0.0,0.2068138490223409
toy,5,83,0.031623,71,3,1,0.6453584224046486,-0.0212017898998508,3,0.0295808700419209,0.0,0.2102960252880157
toy,5,83,0.056234,71,3,6,0.4856168761985936,1.0,2,0.0002723514197831,0.0003985020256606,0.2068111852744681
toy,5,83,0.1,71,3,6,0.4856168761985936,1.0,2,0.0002723514197831,0.0003985020256606,0.2068111852744681
toy,5,83,0.177828,71,3,3,0.4856168761985936,0.4856168761985936,2,0.0002723514197831,0.0003985020256606,0.2068111852744681
toy,5,83,0.316228,71,3,2,1.0,1.0,3,0.026909762315486,0.0003985020256606,0.2099771057751232
toy,5,83,0.5,71,3,10,1.0,1.0,3,0.026909762315486,0.0003985020256606,0.2099771057751232
toy,5,83,0.562341,71,3,10,1.0,-0.0089699317112442,3,0.026909762315486,0.0003985020256606,0.2099771057751232
toy,5,83,1.0,71,3,10,-0.0089699317112442,0.5521946196421675,3,0.1085755930965369,0.0,0.2196503169709086
toy,5,83,1.778279,71,3,10,0.0253370691361602,0.4476641284214859,3,0.5972321128861177,1.0,0.1269128757771612
toy,5,83,3.162278,71,3,8,0.0065418862438669,1.0,3,0.6192607475267343,1.0,0.0987820115886606
toy,5,83,5.623413,71,3,9,0.0065418862438669,1.0,3,0.6192607475267343,1.0,0.0987820115886606
toy,5,83,10.0,71,3,9,0.0065418862438669,1.0,3,0.6192607475267343,1.0,0.0987820115886606
toy,5,83,17.782794,71,3,5,0.0065418862438669,1.0,3,0.6192607475267343,1.0,0.0987820115886606
toy,5,83,31.622777,71,3,5,0.0065418862438669,1.0,3,0.6192607475267343,1.0,0.0987820115886606
toy,5,83,56.234133,71,3,5,0.0065418862438669,0.9515951523730064,3,0.6192607475267343,1.0,0.0987820115886606
toy,5,83,100.0,71,3,4,0.0028023305347864,1.0,3,0.6191247811263443,1.0,0.0988281020704872
toy,5,83,177.827941,71,3,4,0.0028023305347864,0.9516984271375146,3,0.6191247811263443,1.0,0.0988281020704872
toy,5,83,316.227766,71,3,3,-0.0004781771418296,1.0,3,0.6187188192787201,1.0,0.0989730660219998
toy,5,83,562.341325,71,3,1,-0.0004781771418296,1.0,3,0.6187188192787201,1.0,0.0989730660219998
toy,5,83,1000.0,71,3,1,-0.0004781771418296,,3,0.6187188192787201,1.0,0.0989730660219998
toy,5,84,0.001,59,3,1,0.0,0.0,1,0.0,0.0,0.2041194495922996
toy,5,84,0.001778,59,3,1,-0.0483220235136353,-0.0475013319831491,3,0.0105309631371344,0.0,0.205782252930408
toy,5,84,0.003162,59,3,1,-0.0342779931017316,0.0,2,0.1687246874177439,0.2672480143125186,0.1912989598038407
toy,5,84,0.005623,59,3,1,0.0,0.0,1,0.0,0.0,0.2041194495922996
toy,5,84,0.01,59,3,1,-0.0347662634847989,-0.0229814301836462,3,0.0043410371927686,0.0,0.2046701256822572
toy,5,84,0.017783,59,3,5,-0.0229814301836462,-0.0255245850297525,2,0.004345608780554,0.0,0.2047200826354356
toy,5,84,0.031623,59,3,5,-0.0413969924309139,-0.0255245850297525,3,0.005516387896647,0.0,0.2048871872462863
toy,5,84,0.056234,59,3,2,-0.0229814301836462,-0.0172413793103448,2,0.0275897680817073,0.0435754327922733,0.206769595385282
toy,5,84,0.1,59,3,1,0.6549707602339181,0.6549707602339181,2,0.0003983540354648,0.0,0.2041561677694764
toy,5,84,0.177828,59,3,6,1.0,1.0,3,0.0006697426110731,0.0003989621482887,0.20413684938955
toy,5,84,0.316228,59,3,2,1.0,1.0,3,0.0006697426110731,0.0003989621482887,0.20413684938955
toy,5,84,0.5,59,3,10,1.0,0.1096641011008079,3,0.0006697426110731,0.0003989621482887,0.20413684938955
toy,5,84,0.562341,59,3,10,0.1096641011008079,-0.0258693808312128,3,0.0181692544972257,0.0,0.206767501341974
toy,5,84,1.0,59,3,10,-0.0229814301836462,1.0,2,0.0032720222380687,0.0058113093958966,0.2066873353616884
toy,5,84,1.778279,59,3,9,-0.0229814301836462,1.0,2,0.0032720222380687,0.0058113093958966,0.2066873353616884
toy,5,84,3.162278,59,3,9,-0.0229814301836462,0.1421301344965467,2,0.0032720222380687,0.0058113093958966,0.2066873353616884
toy,5,84,5.623413,59,3,10,-0.0487709137903442,-0.1365516466840333,3,0.0174102944936902,0.0058113093958966,0.2092014280235014
toy,5,84,10.0,59,3,10,0.0232025638647581,1.0,3,0.4912947806566046,0.7943281907869758,0.0964546916139059
toy,5,84,17.782794,59,3,10,0.0232025638647581,1.0,3,0.4912947806566046,0.7943281907869758,0.0964546916139059
toy,5,84,31.622777,59,3,4,0.0232025638647581,1.0,3,0.4912947806566046,0.7943281907869758,0.0964546916139059
toy,5,84,56.234133,59,3,4,0.0232025638647581,1.0,3,0.4912947806566046,0.7943281907869758,0.0964546916139059
toy,5,84,100.0,59,3,4,0.0232025638647581,1.0,3,0.4912947806566046,0.7943281907869758,0.0964546916139059
toy,5,84,177.827941,59,3,4,0.0232025638647581,1.0,3,0.4912947806566046,0.7943281907869758,0.0964546916139059
toy,5,84,316.227766,59,3,3,0.0232025638647581,1.0,3,0.4912947806566046,0.7943281907869758,0.0964546916139059
toy,5,84,562.341325,59,3,1,0.0232025638647581,1.0,3,0.4912947806566046,0.7943281907869758,0.0964546916139059
toy,5,84,1000.0,59,3,1,0.0232025638647581,,3,0.4912947806566046,0.7943281907869758,0.0964546916139059
toy,5,85,0.001,73,3,1,0.0,1.0,1,0.0,0.0,0.2040555134443199
toy,5,85,0.001778,73,3,1,0.0,1.0,1,0.0,0.0,0.2040555134443199
toy,5,85,0.003162,73,3,1,0.0,0.0,1,0.0,0.0,0.2040555134443199
toy,5,85,0.005623,73,3,1,-0.0206195936431301,-0.0217080834047415,2,0.0043020240835282,0.0,0.2047069242734565
toy,5,85,0.01,73,3,1,-0.047117363393433,-0.0217080834047415,3,0.0845926680344729,0.1495975715782662,0.1957011135632914
toy,5,85,0.017783,73,3,2,-0.0206195936431301,-0.0138888888888888,2,0.025107098976411,0.0479591640789756,0.2011986406305221
toy,5,85,0.031623,73,3,2,-0.0206195936431301,-0.0138888888888888,2,0.0073907742820161,0.0,0.205031762779588
toy,5,85,0.056234,73,3,6,0.4860189096761215,1.0,2,0.0002721326249766,0.0003989621482887,0.204052456723154
toy,5,85,0.1,73,3,3,0.4860189096761215,0.6572769953051644,2,0.0002721326249766,0.0003989621482887,0.204052456723154
toy,5,85,0.177828,73,3,1,0.3763716485461557,0.3763716485461557,3,0.0076473126577756,0.0003989621482887,0.2050158949060656
toy,5,85,0.316228,73,3,1,1.0,1.0,3,0.0022322112470614,0.0003989621482887,0.2042155274249331
toy,5,85,0.5,73,3,10,1.0,1.0,3,0.0022322112470614,0.0003989621482887,0.2042155274249331
toy,5,85,0.562341,73,3,10,1.0,-0.0206195936431301,3,0.0022322112470614,0.0003989621482887,0.2042155274249331
toy,5,85,1.0,73,3,8,-0.0206195936431301,1.0,2,0.0040224402929911,0.0071848941441703,0.2063625010062373
toy,5,85,1.778279,73,3,9,-0.0206195936431301,1.0,2,0.0040224402929911,0.0071848941441703,0.2063625010062373
toy,5,85,3.162278,73,3,10,-0.0206195936431301,0.1612256064198431,2,0.0040224402929911,0.0071848941441703,0.2063625010062373
toy,5,85,5.623413,73,3,9,-0.057622213674744,0.5190910426342136,3,0.4804981188131655,0.7827282782825876,0.1463261195322268
toy,5,85,10.0,73,3,7,0.0156324582338902,1.0,3,0.4929749626156306,0.7827282782825876,0.0918462151298283
toy,5,85,17.782794,73,3,7,0.0156324582338902,1.0,3,0.4929749626156306,0.7827282782825876,0.0918462151298283
toy,5,85,31.622777,73,3,7,0.0156324582338902,1.0,3,0.4929749626156306,0.7827282782825876,0.0918462151298283
toy,5,85,56.234133,73,3,5,0.0156324582338902,1.0,3,0.4929749626156306,0.7827282782825876,0.0918462151298283
toy,5,85,100.0,73,3,5,0.0156324582338902,1.0,3,0.4929749626156306,0.7827282782825876,0.0918462151298283
toy,5,85,177.827941,73,3,5,0.0156324582338902,1.0,3,0.4929749626156306,0.7827282782825876,0.0918462151298283
toy,5,85,316.227766,73,3,1,0.0156324582338902,1.0,3,0.4929749626156306,0.7827282782825877,0.0918462151298283
toy,5,85,562.341325,73,3,1,0.0156324582338902,1.0,3,0.4929749626156306,0.7827282782825876,0.0918462151298283
toy,5,85,1000.0,73,3,1,0.0156324582338902,,3,0.4929749626156306,0.7827282782825876,0.0918462151298283
toy,5,86,0.001,65,3,1,-0.0370057317942893,0.0,2,0.0569880797552949,0.1035112094966377,0.1944132248759966
toy,5,86,0.001778,65,3,1,0.0,1.0,1,0.0,0.0,0.2055711361314382
toy,5,86,0.003162,65,3,1,0.0,0.0,1,0.0,0.0,0.2055711361314382
toy,5,86,0.005623,65,3,1,-0.0467365390670685,0.0,3,0.0516751722680592,0.0962023803771719,0.2004882480992665
toy,5,86,0.01,65,3,1,0.0,0.0,1,0.0,0.0,0.2055711361314382
toy,5,86,0.017783,65,3,1,-0.0231635525979012,-0.0208280843201478,2,0.0011690017620116,0.0,0.2056510618017194
toy,5,86,0.031623,65,3,5,-0.0375209071393765,-0.0208280843201478,3,0.0006613979783352,0.0003989621482887,0.2056130367345083
toy,5,86,0.056234,65,3,5,0.4842590222677246,1.0,2,0.0007800615237055,0.0,0.2056173573159099
toy,5,86,0.1,65,3,3,0.4842590222677246,0.656084656084656,2,0.0007800615237055,0.0,0.2056173573159099
toy,5,86,0.177828,65,3,2,0.3733784620247329,0.3019958556003926,3,0.0011686916021274,0.0,0.2056649368490846
toy,5,86,0.316228,65,3,2,0.8386063788907391,0.8386063788907391,3,0.0537894912676083,0.0962023803771719,0.2092300430047382
toy,5,86,0.5,65,3,9,1.0,1.0,3,0.0536704136522118,0.0959297421905013,0.209248840723048
toy,5,86,0.562341,65,3,9,1.0,0.0422251665266943,3,0.0536704136522118,0.0959297421905013,0.209248840723048
toy,5,86,1.0,65,3,9,0.0422251665266943,0.3615650334079835,3,0.6102149918429636,1.0,0.1093243519880206
toy,5,86,1.778279,65,3,10,0.0648107549735807,1.0,3,0.626010035435014,1.0,0.1019537640337995
toy,5,86,3.162278,65,3,10,0.0648107549735807,1.0,3,0.626010035435014,1.0,0.1019537640337995
toy,5,86,5.623413,65,3,8,0.0648107549735807,1.0,3,0.626010035435014,1.0,0.1019537640337995
toy,5,86,10.0,65,3,5,0.0648107549735807,1.0,3,0.626010035435014,1.0,0.1019537640337995
toy,5,86,17.782794,65,3,8,0.0648107549735807,1.0,3,0.626010035435014,1.0,0.1019537640337995
toy,5,86,31.622777,65,3,5,0.0648107549735807,1.0,3,0.626010035435014,1.0,0.1019537640337995
toy,5,86,56.234133,65,3,5,0.0648107549735807,1.0,3,0.626010035435014,1.0,0.1019537640337995
toy,5,86,100.0,65,3,4,0.0648107549735807,0.9480844109022736,3,0.626010035435014,1.0,0.1019537640337995
toy,5,86,177.827941,65,3,4,0.1180627532271742,1.0,3,0.6257211293911618,1.0,0.1020204467944548
toy,5,86,316.227766,65,3,3,0.1180627532271742,1.0,3,0.6257211293911618,1.0,0.1020204467944548
toy,5,86,562.341325,65,3,1,0.1180627532271742,1.0,3,0.6257211293911618,1.0,0.1020204467944548
toy,5,86,1000.0,65,3,1,0.1180627532271742,,3,0.6257211293911618,1.0,0.1020204467944548
toy,5,87,0.001,62,3,1,-0.0256439610761305,-0.0434580686920991,3,0.0083563298457473,0.0,0.2054404707136128
toy,5,87,0.001778,62,3,1,-0.0218518518518518,-0.0434580686920991,3,0.1009844189383955,0.1493761234294903,0.1875629192678778
toy,5,87,0.003162,62,3,1,-0.0256439610761305,-0.0547144624834573,3,0.0298493661653394,0.0,0.207719069796889
toy,5,87,0.005623,62,3,1,-0.0239179954441913,-0.0239179954441913,2,0.0053562431424827,0.0,0.2048318853541312
toy,5,87,0.01,62,3,1,-0.0163934426229508,0.0,2,0.0815605329622549,0.1399200389815499,0.1979589516970648
toy,5,87,0.017783,62,3,1,0.0,0.0,1,0.0,0.0,0.2041157174102794
toy,5,87,0.031623,62,3,3,-0.0163934426229508,1.0,2,0.0243802709524966,0.0371832763394993,0.2059470189142031
toy,5,87,0.056234,62,3,1,-0.0163934426229508,0.6555555555555556,2,0.0243802709524966,0.0371832763394993,0.2059470189142031
toy,5,87,0.1,62,3,4,-0.0218518518518518,-0.0218518518518518,3,0.0474800576445697,0.080883121191303,0.2076798235258465
toy,5,87,0.177828,62,3,3,1.0,1.0,2,0.032761568507547,0.0541053243436726,0.2087394797624367
toy,5,87,0.316228,62,3,6,1.0,1.0,2,0.032761568507547,0.0541053243436726,0.2087394797624367
toy,5,87,0.5,62,3,10,1.0,1.0,2,0.032761568507547,0.0541053243436726,0.2087394797624367
toy,5,87,0.562341,62,3,10,1.0,-0.0163934426229508,2,0.032761568507547,0.0541053243436726,0.2087394797624367
toy,5,87,1.0,62,3,9,-0.0163934426229508,1.0,2,0.0001647326271761,0.0001090389192269,0.2041731309260811
toy,5,87,1.778279,62,3,10,-0.0163934426229508,1.0,2,0.0001647326271761,0.0001090389192269,0.2041731309260811
toy,5,87,3.162278,62,3,9,-0.0163934426229508,0.1580779944289693,2,0.0001647326271761,0.0001090389192269,0.2041731309260811
toy,5,87,5.623413,62,3,9,-0.0254178272980501,0.5024449418237114,3,0.4714039542347895,0.7740757338059205,0.1497460756757723
toy,5,87,10.0,62,3,9,0.0500106405618216,1.0,3,0.4863104341191687,0.7740757338059205,0.0992971421413887
toy,5,87,17.782794,62,3,7,0.0500106405618216,1.0,3,0.4863104341191687,0.7740757338059205,0.0992971421413887
toy,5,87,31.622777,62,3,7,0.0500106405618216,1.0,3,0.4863104341191687,0.7740757338059205,0.0992971421413887
toy,5,87,56.234133,62,3,5,0.0500106405618216,1.0,3,0.4863104341191687,0.7740757338059205,0.0992971421413887
toy,5,87,100.0,62,3,5,0.0500106405618216,1.0,3,0.4863104341191687,0.7740757338059205,0.0992971421413887
toy,5,87,177.827941,62,3,5,0.0500106405618216,1.0,3,0.4863104341191687,0.7740757338059205,0.0992971421413887
toy,5,87,316.227766,62,3,2,0.0500106405618216,1.0,3,0.4863104341191687,0.7740757338059205,0.0992971421413887
toy,5,87,562.341325,62,3,1,0.0500106405618216,1.0,3,0.4863104341191687,0.7740757338059205,0.0992971421413887
toy,5,87,1000.0,62,3,1,0.0500106405618216,,3,0.4863104341191687,0.7740757338059205,0.0992971421413887
toy,5,88,0.001,69,3,1,-0.0194000895388747,-0.029269079869691,2,0.0019069537390954,0.0,0.2043555361832114
toy,5,88,0.001778,69,3,1,-0.0196034751615059,0.0,3,0.002663917868803,0.0,0.2044280834981925
toy,5,88,0.003162,69,3,1,0.0,0.0,1,0.0,0.0,0.2041323334970765
toy,5,88,0.005623,69,3,1,-0.0196034751615059,0.0,3,0.0041719835171759,0.0,0.2047169633754293
toy,5,88,0.01,69,3,4,0.0,0.0,1,0.0,0.0,0.2041323334970765
toy,5,88,0.017783,69,3,1,-0.021817770743839,-0.021817770743839,3,0.0660483363760801,0.0918762506903113,0.2129033245374703
toy,5,88,0.031623,69,3,1,-0.0147058823529411,-0.0196034751615059,2,0.0003827865018184,0.0,0.2041589054075788
toy,5,88,0.056234,69,3,2,-0.0196034751615059,1.0,3,0.0048142939132945,0.0003991924854273,0.2047425346918731
toy,5,88,0.1,69,3,1,-0.0196034751615059,-0.0390205996017456,3,0.0048142939132945,0.0003991924854273,0.2047425346918731
toy,5,88,0.177828,69,3,1,-0.0230642504118616,0.5417521242308819,3,0.0469161478743118,0.0690481445029736,0.2140107011858447
toy,5,88,0.316228,69,3,1,-0.021817770743839,-0.021817770743839,3,0.0052927787639667,0.0020797778856404,0.206042722006396
toy,5,88,0.5,69,3,10,1.0,1.0,2,0.020264907194193,0.0308198441724228,0.2129529717212521
toy,5,88,0.562341,69,3,10,1.0,1.0,2,0.020264907194193,0.0308198441724228,0.2129529717212521
toy,5,88,1.0,69,3,10,1.0,1.0,2,0.020264907194193,0.0308198441724228,0.2129529717212521
toy,5,88,1.778279,69,3,10,1.0,0.4851910468008139,2,0.020264907194193,0.0308198441724228,0.2129529717212521
toy,5,88,3.162278,69,3,10,0.4851910468008139,0.1332228016984491,3,0.0649270875095254,0.0984200017807029,0.2236711841095071
toy,5,88,5.623413,69,3,7,-0.0228592043553835,1.0,3,0.3840216083442455,0.596360641418611,0.1129393903938385
toy,5,88,10.0,69,3,8,-0.0228592043553835,0.4531695744123916,3,0.3840216083442455,0.596360641418611,0.1129393903938385
toy,5,88,17.782794,69,3,8,0.1500664309680906,1.0,3,0.3806047581419552,0.596360641418611,0.1680506478411914
toy,5,88,31.622777,69,3,8,0.1500664309680906,1.0,3,0.3806047581419552,0.596360641418611,0.1680506478411914
toy,5,88,56.234133,69,3,8,0.1500664309680906,0.1758002547883025,3,0.3806047581419552,0.596360641418611,0.1680506478411914
toy,5,88,100.0,69,3,6,0.1353673358199572,0.5092662166995338,3,0.3695491481857903,0.596360641418611,0.1693513703617642
toy,5,88,177.827941,69,3,4,-0.0228592043553835,1.0,3,0.3840216083442455,0.596360641418611,0.1129393903938385
toy,5,88,316.227766,69,3,1,-0.0228592043553835,1.0,3,0.3840216083442455,0.596360641418611,0.1129393903938385
toy,5,88,562.341325,69,3,1,-0.0228592043553835,1.0,3,0.3840216083442455,0.596360641418611,0.1129393903938385
toy,5,88,1000.0,69,3,1,-0.0228592043553835,,3,0.3840216083442455,0.596360641418611,0.1129393903938385
toy,5,89,0.001,77,3,1,-0.0349404610473275,-0.044211858602963,3,0.104675550433465,0.180724120500679,0.1972700423327845
toy,5,89,0.001778,77,3,1,-0.0311728172096755,-0.0388108233654627,2,0.0033886507534954,0.0,0.2028291253137996
toy,5,89,0.003162,77,3,1,-0.0316005602164719,0.0,3,0.0030121109253497,0.0,0.2027711166281539
toy,5,89,0.005623,77,3,1,0.0,1.0,1,0.0,0.0,0.2024091121237246
toy,5,89,0.01,77,3,1,0.0,0.0,1,0.0,0.0,0.2024091121237246
toy,5,89,0.017783,77,3,2,-0.0175407407407407,-0.0131578947368421,2,0.0213756713293262,0.0368593595623308,0.2020581196107835
toy,5,89,0.031623,77,3,7,0.6577777777777778,-0.0131578947368421,2,0.0247567006497399,0.0429433100184424,0.2043252550935332
toy,5,89,0.056234,77,3,1,0.6577777777777778,1.0,2,0.0002713121125003,0.0003989621482887,0.2023970551134823
toy,5,89,0.1,77,3,1,0.6577777777777778,1.0,2,0.0002713121125003,0.0003989621482887,0.2023970551134823
toy,5,89,0.177828,77,3,1,0.6577777777777778,0.6577777777777778,2,0.0002713121125003,0.0003989621482887,0.2023970551134823
toy,5,89,0.316228,77,3,10,1.0,1.0,3,0.0249718263580678,0.0431974723325311,0.2043171429791493
toy,5,89,0.5,77,3,9,1.0,1.0,3,0.0249718263580678,0.0431974723325311,0.2043171429791493
toy,5,89,0.562341,77,3,9,1.0,-0.0175407407407407,3,0.0249718263580678,0.0431974723325311,0.2043171429791493
toy,5,89,1.0,77,3,7,-0.0175407407407407,1.0,2,0.0132668231596132,0.0240990943643206,0.2088163634924932
toy,5,89,1.778279,77,3,8,-0.0175407407407407,1.0,2,0.0132668231596132,0.0240990943643206,0.2088163634924932
toy,5,89,3.162278,77,3,9,-0.0175407407407407,0.1470292044310171,2,0.0132668231596132,0.0240990943643206,0.2088163634924932
toy,5,89,5.623413,77,3,9,0.2367782090017656,0.6130766752919438,3,0.4721078163999107,0.7726499821951739,0.150578605263358
toy,5,89,10.0,77,3,9,0.1078500130789323,1.0,3,0.5399179514340601,0.8463672165102988,0.1588356823337036
toy,5,89,17.782794,77,3,10,0.1078500130789323,1.0,3,0.5399179514340601,0.8463672165102988,0.1588356823337036
toy,5,89,31.622777,77,3,8,0.1078500130789323,1.0,3,0.5399179514340601,0.8463672165102988,0.1588356823337036
toy,5,89,56.234133,77,3,5,0.1078500130789323,0.9528669280869756,3,0.5399179514340601,0.8463672165102988,0.1588356823337036
toy,5,89,100.0,77,3,5,0.1188312303166094,1.0,3,0.4834092108692395,0.7726499821951739,0.0915971341680295
toy,5,89,177.827941,77,3,5,0.1188312303166094,1.0,3,0.4834092108692395,0.7726499821951739,0.0915971341680295
toy,5,89,316.227766,77,3,3,0.1188312303166094,1.0,3,0.4834092108692395,0.7726499821951739,0.0915971341680295
toy,5,89,562.341325,77,3,1,0.1188312303166094,1.0,3,0.4834092108692395,0.7726499821951739,0.0915971341680295
toy,5,89,1000.0,77,3,1,0.1188312303166094,,3,0.4834092108692395,0.7726499821951739,0.0915971341680295
toy,5,90,0.001,66,3,1,0.0,1.0,1,0.0,0.0,0.2021356551666522
toy,5,90,0.001778,66,3,1,0.0,0.0,1,0.0,0.0,0.2021356551666522
toy,5,90,0.003162,66,3,1,-0.0408067224209648,-0.0241036456764085,3,0.0869340488870526,0.1436763980714527,0.1898082710747209
toy,5,90,0.005623,66,3,1,-0.0205078125,-0.0205078125,2,0.0003754267632682,0.0,0.2021857912717842
toy,5,90,0.01,66,3,1,-0.0309962163159837,-0.0205078125,3,0.0552548315603803,0.0991336700628056,0.1961819527792306
toy,5,90,0.017783,66,3,1,-0.0205078125,-0.0228118026283163,2,0.00112412003077,0.0,0.2022169257818094
toy,5,90,0.031623,66,3,3,-0.0369442587134018,-0.0228118026283163,3,0.0066624035324187,0.0,0.2028369715533239
toy,5,90,0.056234,66,3,5,-0.0205078125,0.65625,2,0.0002712300888372,0.0003991924854273,0.2021209942216599
toy,5,90,0.1,66,3,5,-0.0309962163159837,1.0,3,0.0260958246273275,0.0438533606278374,0.203601030863099
toy,5,90,0.177828,66,3,1,-0.0309962163159837,0.0,3,0.0260958246273275,0.0438533606278374,0.203601030863099
toy,5,90,0.316228,66,3,1,0.0,0.0,1,0.0,0.0,0.2021356551666522
toy,5,90,0.5,66,3,2,1.0,1.0,3,0.011129465980048,0.0152484509680557,0.2069036000804769
toy,5,90,0.562341,66,3,1,1.0,0.9958609990332684,3,0.011129465980048,0.0152484509680557,0.2069036000804769
toy,5,90,1.0,66,3,10,0.9958609990332684,0.9958609990332684,2,0.0087963946624104,0.0108552500734865,0.2053543570798195
toy,5,90,1.778279,66,3,9,1.0,1.0,3,0.011129465980048,0.0152484509680557,0.2069036000804769
toy,5,90,3.162278,66,3,9,1.0,1.0,3,0.011129465980048,0.0152484509680557,0.2069036000804769
toy,5,90,5.623413,66,3,9,1.0,0.2674271124680336,3,0.011129465980048,0.0152484509680557,0.2069036000804769
toy,5,90,10.0,66,3,10,0.2674271124680336,1.0,3,0.4428901919758432,0.7165946355537376,0.1505424294961499
toy,5,90,17.782794,66,3,10,0.2674271124680336,0.0756698859159327,3,0.4428901919758432,0.7165946355537376,0.1505424294961499
toy,5,90,31.622777,66,3,6,0.2937129707241843,1.0,3,0.4352402948951749,0.7165946355537376,0.1462273717482563
toy,5,90,56.234133,66,3,6,0.2937129707241843,0.4385656226928039,3,0.4352402948951749,0.7165946355537376,0.1462273717482563
toy,5,90,100.0,66,3,6,-0.0433851800069905,1.0,3,0.4587870832930049,0.7165946355537376,0.0949752062447099
toy,5,90,177.827941,66,3,6,-0.0433851800069905,1.0,3,0.4587870832930049,0.7165946355537376,0.0949752062447099
toy,5,90,316.227766,66,3,2,-0.0433851800069905,1.0,3,0.4587870832930049,0.7165946355537376,0.0949752062447099
toy,5,90,562.341325,66,3,1,-0.0433851800069905,1.0,3,0.4587870832930049,0.7165946355537376,0.0949752062447099
toy,5,90,1000.0,66,3,1,-0.0433851800069905,,3,0.4587870832930049,0.7165946355537376,0.0949752062447099
toy,5,91,0.001,63,3,1,0.0075891187002298,-0.0006947784725562,3,0.1381996449197673,0.225228402983405,0.3035898556718464
toy,5,91,0.001778,63,3,1,-0.0482343743213308,0.0,3,0.0281543409015719,0.0448351823717113,0.196822774240049
toy,5,91,0.003162,63,3,1,0.0,1.0,1,0.0,0.0,0.1997288284529203
toy,5,91,0.005623,63,3,1,0.0,0.0,1,0.0,0.0,0.1997288284529203
toy,5,91,0.01,63,3,1,-0.0482343743213308,-0.0239005736137667,3,0.004420611806596,0.0,0.2001887237945809
toy,5,91,0.017783,63,3,1,-0.0239005736137667,-0.0212536023054755,2,0.0073324645776018,0.0,0.2007543023088871
toy,5,91,0.031623,63,3,1,0.7866755020899174,-0.0212536023054755,2,0.0011134040885364,0.0,0.1998203419759286
toy,5,91,0.056234,63,3,8,0.4837476099426386,1.0,2,0.0002709332959978,0.0003989621482887,0.1997075369184651
toy,5,91,0.1,63,3,6,0.4837476099426386,1.0,2,0.0002709332959978,0.0003989621482887,0.1997075369184651
toy,5,91,0.177828,63,3,1,0.4837476099426386,0.4837476099426386,2,0.0002709332959978,0.0003989621482887,0.1997075369184651
toy,5,91,0.316228,63,3,2,1.0,1.0,3,0.0013817607992854,0.0003989621482887,0.1997980419216362
toy,5,91,0.5,63,3,10,1.0,1.0,3,0.0013817607992854,0.0003989621482887,0.1997980419216362
toy,5,91,0.562341,63,3,10,1.0,-0.0239005736137667,3,0.0013817607992854,0.0003989621482887,0.1997980419216362
toy,5,91,1.0,63,3,10,-0.0239005736137667,1.0,2,0.0141279630670586,0.0255701521636648,0.2074032318906307
toy,5,91,1.778279,63,3,10,-0.0239005736137667,1.0,2,0.0141279630670586,0.0255701521636648,0.2074032318906307
toy,5,91,3.162278,63,3,9,-0.0239005736137667,0.1584003136639874,2,0.0141279630670586,0.0255701521636648,0.2074032318906307
toy,5,91,5.623413,63,3,9,-0.0651991844325972,0.5457640163400628,3,0.4552291610851999,0.7472056761484419,0.1469355240896636
toy,5,91,10.0,63,3,9,0.0013111285762708,1.0,3,0.5174419398661544,0.8219536887735818,0.1725253785446533
toy,5,91,17.782794,63,3,7,0.0013111285762708,1.0,3,0.5174419398661544,0.8219536887735818,0.1725253785446533
toy,5,91,31.622777,63,3,7,0.0013111285762708,0.9456741773240116,3,0.5174419398661544,0.8219536887735818,0.1725253785446533
toy,5,91,56.234133,63,3,5,0.0057858839757835,1.0,3,0.4626775724003842,0.7472056761484419,0.0962432027409042
toy,5,91,100.0,63,3,5,0.0057858839757835,1.0,3,0.4626775724003842,0.7472056761484419,0.0962432027409042
toy,5,91,177.827941,63,3,5,0.0057858839757835,0.9467020181186688,3,0.4626775724003842,0.7472056761484419,0.0962432027409042
toy,5,91,316.227766,63,3,3,0.067570283366456,1.0,3,0.4625907690965468,0.7472056761484419,0.0963037544570876
toy,5,91,562.341325,63,3,1,0.067570283366456,1.0,3,0.4625907690965468,0.7472056761484419,0.0963037544570876
toy,5,91,1000.0,63,3,1,0.067570283366456,,3,0.4625907690965468,0.7472056761484419,0.0963037544570876
toy,5,92,0.001,70,3,1,-0.0608726249120337,-0.021505376344086,3,0.002927889810061,0.0,0.2018772084785315
toy,5,92,0.001778,70,3,1,-0.023090149840334,-0.0193194925028835,2,0.0003683294926678,0.0,0.2015222391713666
toy,5,92,0.003162,70,3,1,-0.0434919057457436,-0.0348043967298864,3,0.0400453330674951,0.0769390113443026,0.1945202635502453
toy,5,92,0.005623,70,3,1,0.065798733286418,-0.0536138445877163,3,0.0115078041451138,0.0,0.2029775253650061
toy,5,92,0.01,70,3,1,0.2639499018599869,-0.0402130331006877,3,0.0860719354371397,0.1458930599328694,0.1977518831265714
toy,5,92,0.017783,70,3,2,0.2704803276329046,-0.019122120817036,2,0.0571621830704576,0.1033030586461254,0.2050197311556527
toy,5,92,0.031623,70,3,3,-0.023090149840334,0.4854070660522273,2,0.000270860375859,0.0003991924854273,0.2014599837718386
toy,5,92,0.056234,70,3,1,0.2346938775510204,1.0,3,0.0573305424572514,0.1034220828499083,0.2050243783348867
toy,5,92,0.1,70,3,7,0.2346938775510204,1.0,3,0.0573305424572514,0.1034220828499083,0.2050243783348867
toy,5,92,0.177828,70,3,6,0.2346938775510204,1.0,3,0.0573305424572514,0.1034220828499083,0.2050243783348867
toy,5,92,0.316228,70,3,1,0.2346938775510204,0.2346938775510204,3,0.0573305424572514,0.1034220828499083,0.2050243783348867
toy,5,92,0.5,70,3,10,1.0,0.2221261884183232,3,0.1055221142017362,0.1033030586461254,0.213490900806476
toy,5,92,0.562341,70,3,10,0.2221261884183232,0.0830542946553177,3,0.5180460812444232,0.8762350199586224,0.1491180284508521
toy,5,92,1.0,70,3,10,-0.0317392856535708,0.4032426752901747,3,0.5818740366906515,1.0,0.1386150807270885
toy,5,92,1.778279,70,3,10,-0.0434740385860416,1.0,3,0.6144374823409178,1.0,0.0969174317534591
toy,5,92,3.162278,70,3,9,-0.0434740385860416,1.0,3,0.6144374823409178,1.0,0.0969174317534591
toy,5,92,5.623413,70,3,10,-0.0434740385860416,1.0,3,0.6144374823409178,1.0,0.0969174317534591
toy,5,92,10.0,70,3,5,-0.0434740385860416,1.0,3,0.6144374823409178,1.0,0.0969174317534591
toy,5,92,17.782794,70,3,9,-0.0434740385860416,1.0,3,0.6144374823409178,1.0,0.0969174317534591
toy,5,92,31.622777,70,3,5,-0.0434740385860416,1.0,3,0.6144374823409178,1.0,0.0969174317534591
toy,5,92,56.234133,70,3,5,-0.0434740385860416,1.0,3,0.6144374823409178,1.0,0.0969174317534591
toy,5,92,100.0,70,3,5,-0.0434740385860416,0.9510663002949724,3,0.6144374823409178,1.0,0.0969174317534591
toy,5,92,177.827941,70,3,4,-0.0482654600301659,1.0,3,0.6142953781727236,1.0,0.0969519868024204
toy,5,92,316.227766,70,3,3,-0.0482654600301659,1.0,3,0.6142953781727236,1.0,0.0969519868024204
toy,5,92,562.341325,70,3,1,-0.0482654600301659,1.0,3,0.6142953781727236,1.0,0.0969519868024204
toy,5,92,1000.0,70,3,1,-0.0482654600301659,,3,0.6142953781727236,1.0,0.0969519868024204
toy,5,93,0.001,80,3,1,-0.0336216241418297,-0.0332344629469603,3,0.0061226679392763,0.0,0.2014659463599673
toy,5,93,0.001778,80,3,1,-0.0252144461842194,0.0,2,0.0064840156135335,0.0,0.2017515588826028
toy,5,93,0.003162,80,3,1,0.0,1.0,1,0.0,0.0,0.2006555308460063
toy,5,93,0.005623,80,3,1,0.0,0.0,1,0.0,0.0,0.2006555308460063
toy,5,93,0.01,80,3,1,-0.0254713439426815,-0.0168748630287091,3,0.0054075705609551,0.0,0.2014520311196908
toy,5,93,0.017783,80,3,2,-0.0168748630287091,-0.0168748630287091,2,0.0014554541527691,0.0,0.200795438163006
toy,5,93,0.031623,80,3,3,-0.0254713439426815,-0.0168748630287091,3,0.0006344537581939,0.0003987319951093,0.2006816088475356
toy,5,93,0.056234,80,3,2,0.6581196581196581,0.6581196581196581,2,0.0237304427417363,0.0394159840517959,0.2016459368757203
toy,5,93,0.1,80,3,1,1.0,1.0,3,0.025873584018443,0.0394159840517959,0.2018257482635549
toy,5,93,0.177828,80,3,1,1.0,1.0,3,0.025873584018443,0.0394159840517959,0.2018257482635549
toy,5,93,0.316228,80,3,10,1.0,1.0,3,0.025873584018443,0.0394159840517959,0.2018257482635549
toy,5,93,0.5,80,3,10,1.0,1.0,3,0.025873584018443,0.0394159840517959,0.2018257482635549
toy,5,93,0.562341,80,3,10,1.0,-0.0168748630287091,3,0.025873584018443,0.0394159840517959,0.2018257482635549
toy,5,93,1.0,80,3,10,-0.0168748630287091,1.0,2,0.0015186150563594,0.0005761255674232,0.2011939267077468
toy,5,93,1.778279,80,3,10,-0.0168748630287091,1.0,2,0.0015186150563594,0.0005761255674232,0.2011939267077468
toy,5,93,3.162278,80,3,10,-0.0168748630287091,0.147674634055957,2,0.0015186150563594,0.0005761255674232,0.2011939267077468
toy,5,93,5.623413,80,3,9,0.0983851418448434,0.5744984535173223,3,0.4949826494941096,0.8232273154713032,0.1385931798929493
toy,5,93,10.0,80,3,10,0.0404796712924492,1.0,3,0.5111198027177051,0.8232273154713031,0.0809998695364826
toy,5,93,17.782794,80,3,8,0.0404796712924492,1.0,3,0.5111198027177051,0.8232273154713031,0.0809998695364826
toy,5,93,31.622777,80,3,6,0.0404796712924492,1.0,3,0.5111198027177051,0.8232273154713031,0.0809998695364826
toy,5,93,56.234133,80,3,6,0.0404796712924492,1.0,3,0.5111198027177051,0.8232273154713031,0.0809998695364826
toy,5,93,100.0,80,3,5,0.0404796712924492,1.0,3,0.5111198027177051,0.8232273154713031,0.0809998695364826
toy,5,93,177.827941,80,3,5,0.0404796712924492,0.9539816484139688,3,0.5111198027177051,0.8232273154713031,0.0809998695364826
toy,5,93,316.227766,80,3,1,0.1107240177492693,0.9558130840814004,3,0.5102094040905545,0.8232273154713031,0.081329208856428
toy,5,93,562.341325,80,3,1,0.1034683512887238,1.0,3,0.5100986583693503,0.8232273154713031,0.081340399748169
toy,5,93,1000.0,80,3,1,0.1034683512887238,,3,0.5100986583693503,0.8232273154713031,0.081340399748169
toy,5,94,0.001,78,3,1,-0.0308400576544084,0.0,2,0.0018009061117083,0.0,0.1996207856189027
toy,5,94,0.001778,78,3,2,0.0,1.0,1,0.0,0.0,0.1994632892954971
toy,5,94,0.003162,78,3,1,0.0,0.0,1,0.0,0.0,0.1994632892954971
toy,5,94,0.005623,78,3,1,-0.0443368655976537,-0.0344895270933397,3,0.0120092419699218,0.0,0.2011504623035825
toy,5,94,0.01,78,3,1,-0.0311903388891066,-0.0173130193905817,3,0.0078277230182581,0.0,0.2005813960643641
toy,5,94,0.017783,78,3,1,-0.0192948605507805,-0.0129870129870129,2,0.0035880946689131,0.0,0.199948384359287
toy,5,94,0.031623,78,3,2,-0.0192948605507805,-0.0129870129870129,2,0.0273739672008576,0.0438909287302783,0.2028955996669238
toy,5,94,0.056234,78,3,2,0.4869321171724259,1.0,2,0.0002704013029044,0.0003989621482887,0.1994521583697286
toy,5,94,0.1,78,3,1,0.4869321171724259,0.6578947368421053,2,0.0002704013029044,0.0003989621482887,0.1994521583697286
toy,5,94,0.177828,78,3,1,0.3779232194745063,1.0,3,0.0275705987570152,0.0441170558174658,0.202883037821126
toy,5,94,0.316228,78,3,9,0.3779232194745063,0.3779232194745063,3,0.0275705987570152,0.0441170558174658,0.202883037821126
toy,5,94,0.5,78,3,9,1.0,1.0,3,0.0467919313149325,0.0858865774751751,0.2019561785814419
toy,5,94,0.562341,78,3,9,1.0,0.1529513428605032,3,0.0467919313149325,0.0858865774751751,0.2019561785814419
toy,5,94,1.0,78,3,9,0.1529513428605032,0.4488996993350654,3,0.6078449870335014,1.0,0.09896335541146
toy,5,94,1.778279,78,3,8,0.071950423980664,0.4488996993350654,3,0.5923811692721245,1.0,0.1081325827923761
toy,5,94,3.162278,78,3,10,0.1529513428605032,1.0,3,0.6078449870335015,1.0,0.09896335541146
toy,5,94,5.623413,78,3,9,0.1529513428605032,1.0,3,0.6078449870335015,1.0,0.09896335541146
toy,5,94,10.0,78,3,10,0.1529513428605032,1.0,3,0.6078449870335015,1.0,0.09896335541146
toy,5,94,17.782794,78,3,10,0.1529513428605032,1.0,3,0.6078449870335015,1.0,0.09896335541146
toy,5,94,31.622777,78,3,5,0.1529513428605032,1.0,3,0.6078449870335015,1.0,0.09896335541146
toy,5,94,56.234133,78,3,5,0.1529513428605032,1.0,3,0.6078449870335015,1.0,0.09896335541146
toy,5,94,100.0,78,3,4,0.1529513428605032,1.0,3,0.6078449870335014,1.0,0.09896335541146
toy,5,94,177.827941,78,3,4,0.1529513428605032,1.0,3,0.6078449870335014,1.0,0.09896335541146
toy,5,94,316.227766,78,3,1,0.1529513428605032,1.0,3,0.6078449870335014,1.0,0.09896335541146
toy,5,94,562.341325,78,3,1,0.1529513428605032,1.0,3,0.6078449870335015,1.0,0.09896335541146
toy,5,94,1000.0,78,3,1,0.1529513428605032,,3,0.6078449870335015,1.0,0.09896335541146
toy,5,95,0.001,71,3,1,-0.0343075555866644,0.0,3,0.113552188041433,0.1918620665841146,0.1828138025637818
toy,5,95,0.001778,71,3,1,0.0,0.0,1,0.0,0.0,0.1991331627789511
toy,5,95,0.003162,71,3,1,-0.0287677786159818,-0.0287677786159818,3,0.0769193344698528,0.1244095394544823,0.1858994169458329
toy,5,95,0.005623,71,3,1,-0.0287677786159818,-0.0287677786159818,3,0.0035517547454564,0.0,0.1995925694862235
toy,5,95,0.01,71,3,1,-0.0287677786159818,-0.0190436182874746,3,0.004957260841428,0.0,0.1997948306457652
toy,5,95,0.017783,71,3,1,-0.0190436182874746,-0.0190436182874746,2,0.0003581457326289,0.0,0.1991838064125923
toy,5,95,0.031623,71,3,5,0.481805859660098,-0.0190436182874746,3,0.0101717229084968,0.0,0.2004230047614796
toy,5,95,0.056234,71,3,1,0.6570048309178744,1.0,2,0.0002702331328362,0.0003989621482887,0.1991261379446064
toy,5,95,0.1,71,3,5,0.6570048309178744,1.0,2,0.0002702331328362,0.0003989621482887,0.1991261379446064
toy,5,95,0.177828,71,3,2,0.6570048309178744,0.6570048309178744,2,0.0002702331328362,0.0003989621482887,0.1991261379446064
toy,5,95,0.316228,71,3,4,1.0,1.0,3,0.0090543390045748,0.0003989621482887,0.2002672640268379
toy,5,95,0.5,71,3,10,1.0,0.2539626235389861,3,0.0090543390045748,0.0003989621482887,0.2002672640268379
toy,5,95,0.562341,71,3,10,0.2539626235389861,-0.0228901565013894,3,0.0007975078815591,0.0012185649286833,0.1997062741258298
toy,5,95,1.0,71,3,10,-0.0190436182874746,1.0,2,0.0133954897635642,0.0235823790583269,0.2059317570570636
toy,5,95,1.778279,71,3,9,-0.0190436182874746,1.0,2,0.0133954897635642,0.0235823790583269,0.2059317570570636
toy,5,95,3.162278,71,3,7,-0.0190436182874746,1.0,2,0.0133954897635642,0.0235823790583269,0.2059317570570636
toy,5,95,5.623413,71,3,10,-0.0190436182874746,-0.0209078190579822,2,0.0133954897635642,0.0235823790583269,0.2059317570570636
toy,5,95,10.0,71,3,6,0.034114119669187,1.0,3,0.4800380060038218,0.7636186259964398,0.0897520879099885
toy,5,95,17.782794,71,3,6,0.034114119669187,1.0,3,0.4800380060038218,0.7636186259964398,0.0897520879099885
toy,5,95,31.622777,71,3,6,0.034114119669187,1.0,3,0.4800380060038218,0.7636186259964398,0.0897520879099885
toy,5,95,56.234133,71,3,6,0.034114119669187,1.0,3,0.4800380060038218,0.7636186259964398,0.0897520879099885
toy,5,95,100.0,71,3,6,0.034114119669187,0.7360237950381937,3,0.4800380060038218,0.7636186259964398,0.0897520879099885
toy,5,95,177.827941,71,3,6,0.0189919785721951,0.9046198683940893,3,0.4764931994619039,0.7636186259964398,0.0900234748796489
toy,5,95,316.227766,71,3,3,0.0164145565577598,0.9046198683940893,3,0.4751870126147171,0.7636186259964396,0.0903723987783977
toy,5,95,562.341325,71,3,1,0.0189919785721951,0.7360237950381937,3,0.4764931994619039,0.7636186259964398,0.0900234748796489
toy,5,95,1000.0,71,3,1,0.034114119669187,,3,0.4800380060038217,0.7636186259964398,0.0897520879099885
toy,5,96,0.001,68,3,1,-0.0297032140960113,-0.0297032140960113,2,0.0042211379199608,0.0,0.1993529571521597
toy,5,96,0.001778,68,3,1,-0.0300646721699353,-0.0297032140960113,3,0.0035210424656237,0.0,0.1993038858835039
toy,5,96,0.003162,68,3,1,-0.0297032140960113,-0.0353743759445067,2,0.0031726080457532,0.0,0.1991018413229943
toy,5,96,0.005623,68,3,1,-0.0358424681627482,-0.0446559029361616,3,0.0073341871350352,0.0,0.1999805906257562
toy,5,96,0.01,68,3,1,-0.0358424681627482,-0.0221393614542064,3,0.0031712798547651,0.0,0.1992896424656551
toy,5,96,0.017783,68,3,3,-0.019895928986838,1.0,2,0.0083781450580653,0.0,0.1999641751138405
toy,5,96,0.031623,68,3,2,-0.019895928986838,-0.0149253731343283,2,0.0083781450580653,0.0,0.1999641751138405
toy,5,96,0.056234,68,3,1,0.6565656565656566,-0.0149253731343283,2,0.0165431309398491,0.0,0.2006841807239859
toy,5,96,0.1,68,3,4,0.6565656565656566,1.0,2,0.0002699617938041,0.0003987319951093,0.1988411453276803
toy,5,96,0.177828,68,3,2,0.6565656565656566,0.6565656565656566,2,0.0002699617938041,0.0003987319951093,0.1988411453276803
toy,5,96,0.316228,68,3,10,1.0,1.0,3,0.0167802382685165,0.0003987319951093,0.2006786416616617
toy,5,96,0.5,68,3,10,1.0,1.0,3,0.0167802382685165,0.0003987319951093,0.2006786416616617
toy,5,96,0.562341,68,3,10,1.0,-0.019895928986838,3,0.0167802382685165,0.0003987319951093,0.2006786416616617
toy,5,96,1.0,68,3,10,-0.019895928986838,1.0,2,0.0027403376259145,0.0051980192150121,0.2011460364873114
toy,5,96,1.778279,68,3,8,-0.019895928986838,1.0,2,0.0027403376259145,0.0051980192150121,0.2011460364873114
toy,5,96,3.162278,68,3,8,-0.019895928986838,0.1448239343394228,2,0.0027403376259145,0.0051980192150121,0.2011460364873114
toy,5,96,5.623413,68,3,10,0.0885803392363333,0.5584148099686209,3,0.4787890562871664,0.805143067657107,0.1544597729114487
toy,5,96,10.0,68,3,10,0.0316770644817255,1.0,3,0.4950028902134107,0.805143067657107,0.0905620548355227
toy,5,96,17.782794,68,3,8,0.0316770644817255,1.0,3,0.4950028902134107,0.805143067657107,0.0905620548355227
toy,5,96,31.622777,68,3,5,0.0316770644817255,1.0,3,0.4950028902134107,0.805143067657107,0.0905620548355227
toy,5,96,56.234133,68,3,5,0.0316770644817255,1.0,3,0.4950028902134107,0.805143067657107,0.0905620548355227
toy,5,96,100.0,68,3,5,0.0316770644817255,1.0,3,0.4950028902134107,0.805143067657107,0.0905620548355227
toy,5,96,177.827941,68,3,5,0.0316770644817255,1.0,3,0.4950028902134107,0.805143067657107,0.0905620548355227
toy,5,96,316.227766,68,3,2,0.0316770644817255,1.0,3,0.4950028902134107,0.805143067657107,0.0905620548355227
toy,5,96,562.341325,68,3,1,0.0316770644817255,1.0,3,0.4950028902134107,0.805143067657107,0.0905620548355227
toy,5,96,1000.0,68,3,1,0.0316770644817255,,3,0.4950028902134107,0.805143067657107,0.0905620548355227
toy,5,97,0.001,67,3,1,-0.0359019948222319,-0.0199809705042816,2,0.0480946439452304,0.0920431314528912,0.1884029605702227
toy,5,97,0.001778,67,3,1,-0.0224705599615477,-0.0199809705042816,2,0.0302560104937668,0.0589671097105655,0.1923749118551316
toy,5,97,0.003162,67,3,1,-0.0359019948222319,-0.0359019948222319,2,0.0031438498112546,0.0,0.198926683586394
toy,5,97,0.005623,67,3,1,-0.045328624219904,0.0,3,0.0658195967296115,0.1222486388815771,0.19721884256309
toy,5,97,0.01,67,3,1,0.0,0.0,1,0.0,0.0,0.1985189013508266
toy,5,97,0.017783,67,3,4,-0.0224705599615477,-0.0151515151515151,2,0.0034906425967624,0.0,0.1988990756941072
toy,5,97,0.031623,67,3,1,-0.0224705599615477,-0.0151515151515151,2,0.0010529486685158,0.0,0.1985838450482895
toy,5,97,0.056234,67,3,4,0.4847392453737082,1.0,2,0.0002700170954894,0.0003991924854273,0.1985159372434311
toy,5,97,0.1,67,3,1,0.4847392453737082,0.313501900512312,2,0.0002700170954894,0.0003991924854273,0.1985159372434311
toy,5,97,0.177828,67,3,2,0.2051178601815937,0.2051178601815937,3,0.0105911080482259,0.0003991924854273,0.1999195955220214
toy,5,97,0.316228,67,3,1,1.0,1.0,3,0.0238933416287754,0.0003991924854273,0.2017701287106588
toy,5,97,0.5,67,3,10,1.0,0.2557206327494035,3,0.0238933416287754,0.0003991924854273,0.2017701287106588
toy,5,97,0.562341,67,3,10,0.2557206327494035,-0.0242864054184808,3,0.0595920597522165,0.0,0.2061526236010394
toy,5,97,1.0,67,3,9,-0.0224705599615477,1.0,2,0.0235745855651224,0.038543173999098,0.2141981416564388
toy,5,97,1.778279,67,3,9,-0.0224705599615477,1.0,2,0.0235745855651224,0.038543173999098,0.2141981416564388
toy,5,97,3.162278,67,3,8,-0.0224705599615477,0.1596127044671018,2,0.0235745855651224,0.038543173999098,0.2141981416564388
toy,5,97,5.623413,67,3,10,0.0750580517645917,0.5374089881998494,3,0.4027308263044515,0.6553943625176217,0.1763440240135339
toy,5,97,10.0,67,3,9,0.0151889485979062,1.0,3,0.4072814815731576,0.6553943625176217,0.1090479422883869
toy,5,97,17.782794,67,3,10,0.0151889485979062,1.0,3,0.4072814815731576,0.6553943625176217,0.1090479422883869
toy,5,97,31.622777,67,3,7,0.0151889485979062,1.0,3,0.4072814815731576,0.6553943625176217,0.1090479422883869
toy,5,97,56.234133,67,3,5,0.0151889485979062,1.0,3,0.4072814815731576,0.6553943625176217,0.1090479422883869
toy,5,97,100.0,67,3,5,0.0151889485979062,1.0,3,0.4072814815731576,0.6553943625176217,0.1090479422883869
toy,5,97,177.827941,67,3,5,0.0151889485979062,0.8969971466771218,3,0.4072814815731576,0.6553943625176217,0.1090479422883869
toy,5,97,316.227766,67,3,1,0.007127329286054,1.0,3,0.406834682114591,0.6553943625176217,0.109201640801462
toy,5,97,562.341325,67,3,1,0.007127329286054,1.0,3,0.406834682114591,0.6553943625176217,0.109201640801462
toy,5,97,1000.0,67,3,1,0.007127329286054,,3,0.406834682114591,0.6553943625176217,0.109201640801462
toy,5,98,0.001,84,3,1,-0.018971178402043,-0.0320103346364288,3,0.0727388698973391,0.1272726426459362,0.1868084040852839
toy,5,98,0.001778,84,3,1,-0.0160618679357525,0.0,3,0.0037986830608577,0.0,0.1986833113602769
toy,5,98,0.003162,84,3,1,0.0,0.0,1,0.0,0.0,0.1982733334996263
toy,5,98,0.005623,84,3,1,-0.0160618679357525,-0.0242369494402014,3,0.0051652565880937,0.0,0.1990698670260014
toy,5,98,0.01,84,3,1,-0.0160618679357525,-0.0160618679357525,3,0.0921980018809824,0.158773756014507,0.189095526245371
toy,5,98,0.017783,84,3,1,-0.0120481927710843,-0.0160618679357525,2,0.00069627708363,0.0,0.1983447325255511
toy,5,98,0.031623,84,3,1,-0.0160618679357525,1.0,3,0.0088175998744954,0.0003989621482887,0.1994466968756787
toy,5,98,0.056234,84,3,1,-0.0160618679357525,1.0,3,0.0088175998744954,0.0003989621482887,0.1994466968756787
toy,5,98,0.1,84,3,1,-0.0160618679357525,-0.0160618679357525,3,0.0088175998744954,0.0003989621482887,0.1994466968756787
toy,5,98,0.177828,84,3,2,1.0,1.0,2,0.0241980133980386,0.0416744748836528,0.2011303621711359
toy,5,98,0.316228,84,3,1,1.0,1.0,2,0.0241980133980386,0.0416744748836528,0.2011303621711359
toy,5,98,0.5,84,3,10,1.0,1.0,2,0.0241980133980386,0.0416744748836528,0.2011303621711359
toy,5,98,0.562341,84,3,10,1.0,0.4878819810326659,2,0.0241980133980386,0.0416744748836528,0.2011303621711359
toy,5,98,1.0,84,3,10,0.4878819810326659,0.0243937832856873,3,0.0534383582109508,0.0416744748836528,0.2049897037761623
toy,5,98,1.778279,84,3,8,0.063130687249938,0.3527728849783167,3,0.5744775593577969,1.0,0.1469100839138357
toy,5,98,3.162278,84,3,9,0.0550932473769036,1.0,3,0.6180028194293913,1.0,0.0943880172901632
toy,5,98,5.623413,84,3,9,0.0550932473769036,1.0,3,0.6180028194293913,1.0,0.0943880172901632
toy,5,98,10.0,84,3,10,0.0550932473769036,1.0,3,0.6180028194293913,1.0,0.0943880172901632
toy,5,98,17.782794,84,3,10,0.0550932473769036,1.0,3,0.6180028194293913,1.0,0.0943880172901632
toy,5,98,31.622777,84,3,9,0.0550932473769036,1.0,3,0.6180028194293913,1.0,0.0943880172901632
toy,5,98,56.234133,84,3,4,0.0550932473769036,1.0,3,0.6180028194293913,1.0,0.0943880172901632
toy,5,98,100.0,84,3,4,0.0550932473769036,0.6983667036045399,3,0.6180028194293913,1.0,0.0943880172901632
toy,5,98,177.827941,84,3,4,0.0353337072349971,1.0,3,0.6135688914208413,1.0,0.0954161255492665
toy,5,98,316.227766,84,3,1,0.0353337072349971,1.0,3,0.6135688914208413,1.0,0.0954161255492665
toy,5,98,562.341325,84,3,1,0.0353337072349971,0.6983667036045399,3,0.6135688914208413,1.0,0.0954161255492665
toy,5,98,1000.0,84,3,1,0.0550932473769036,,3,0.6180028194293913,1.0,0.0943880172901632
toy,5,99,0.001,76,3,1,-0.0455098553173101,-0.0349718388993189,3,0.1717607044848013,0.2692575389290116,0.1815615085010669
toy,5,99,0.001778,76,3,1,-0.0316517175437066,0.0,2,0.008154553979031,0.0,0.1988804272444717
toy,5,99,0.003162,76,3,1,0.0,1.0,1,0.0,0.0,0.1975004517263724
toy,5,99,0.005623,76,3,1,0.0,0.0,1,0.0,0.0,0.1975004517263724
toy,5,99,0.01,76,3,1,-0.0320217024969604,-0.0268381832232158,3,0.0144405525680308,0.0,0.1994224353826295
toy,5,99,0.017783,76,3,2,-0.0320217024969604,0.7866770782548183,3,0.1036958927997561,0.1349547330245066,0.1855450291725363
toy,5,99,0.031623,76,3,3,-0.0399150443452683,-0.01980381269665,3,0.1114790499675104,0.1587014522866309,0.1936527696739715
toy,5,99,0.056234,76,3,2,0.4865815287803072,1.0,2,0.0002697097394872,0.0003991924854273,0.1975021941395656
toy,5,99,0.1,76,3,1,0.4865815287803072,0.6576576576576577,2,0.0002697097394872,0.0003991924854273,0.1975021941395656
toy,5,99,0.177828,76,3,4,0.7866770782548183,0.7866770782548183,3,0.0239759471046718,0.0425903052029237,0.2005589351543047
toy,5,99,0.316228,76,3,2,1.0,1.0,3,0.0582783449826867,0.110898608383045,0.2026224144759176
toy,5,99,0.5,76,3,10,1.0,1.0,3,0.0582783449826867,0.110898608383045,0.2026224144759176
toy,5,99,0.562341,76,3,10,1.0,1.0,3,0.0582783449826867,0.110898608383045,0.2026224144759176
toy,5,99,1.0,76,3,10,1.0,0.4676941015436871,3,0.0582783449826867,0.110898608383045,0.2026224144759176
toy,5,99,1.778279,76,3,9,0.4676941015436871,0.0410049532758004,3,0.0901172671036352,0.110793167926101,0.2080118916681747
toy,5,99,3.162278,76,3,10,0.1502651000960291,1.0,3,0.6121790170956363,1.0,0.1013398192161744
toy,5,99,5.623413,76,3,10,0.1502651000960291,1.0,3,0.6121790170956363,1.0,0.1013398192161744
toy,5,99,10.0,76,3,9,0.1502651000960291,1.0,3,0.6121790170956363,1.0,0.1013398192161744
toy,5,99,17.782794,76,3,5,0.1502651000960291,0.9546734325183333,3,0.6121790170956363,1.0,0.1013398192161744
toy,5,99,31.622777,76,3,6,0.1409130066669804,1.0,3,0.6120434815723829,1.0,0.1013897879889829
toy,5,99,56.234133,76,3,4,0.1409130066669804,1.0,3,0.6120434815723829,1.0,0.1013897879889829
toy,5,99,100.0,76,3,4,0.1409130066669804,0.9548970569835132,3,0.6120434815723829,1.0,0.1013897879889829
toy,5,99,177.827941,76,3,4,0.1324620955957907,1.0,3,0.6111007949359136,1.0,0.1017493100268961
toy,5,99,316.227766,76,3,1,0.1324620955957907,1.0,3,0.6111007949359136,1.0,0.1017493100268961
toy,5,99,562.341325,76,3,1,0.1324620955957907,1.0,3,0.6111007949359136,1.0,0.1017493100268961
toy,5,99,1000.0,76,3,1,0.1324620955957907,,3,0.6111007949359136,1.0,0.1017493100268961
toy,5,100,0.001,73,3,1,0.0,0.0,1,0.0,0.0,0.1965378756813355
toy,5,100,0.001778,73,3,1,-0.0276522937230366,-0.0273418467360882,2,0.0006839395695805,0.0,0.1966208818213604
toy,5,100,0.003162,73,3,1,-0.0276522937230366,-0.018333997608609,2,0.0120431842888833,0.0,0.198473105250062
toy,5,100,0.005623,73,3,1,-0.0185148449381736,-0.0206195936431301,2,0.0003423026969123,0.0,0.1965863175732687
toy,5,100,0.01,73,3,1,-0.03335519105637,-0.0329523827036768,3,0.0175126388328576,0.0,0.1993411298532932
toy,5,100,0.017783,73,3,2,-0.0276522937230366,-0.018333997608609,2,0.0040719701013329,0.0,0.1968066337661858
toy,5,100,0.031623,73,3,5,-0.0185148449381736,-0.018333997608609,2,0.0002695620516139,0.0003991924854273,0.1965317189741451
toy,5,100,0.056234,73,3,1,0.9962900639215776,0.9962900639215776,2,0.0080694903459118,0.014511256793487,0.2029059994516658
toy,5,100,0.1,73,3,2,1.0,0.9962900639215776,3,0.0106919686905487,0.0130357404751253,0.2029210505406926
toy,5,100,0.177828,73,3,2,0.9962900639215776,0.9962900639215776,2,0.0080694903459118,0.014511256793487,0.2029059994516658
toy,5,100,0.316228,73,3,1,1.0,1.0,3,0.0106919686905487,0.0130357404751253,0.2029210505406926
toy,5,100,0.5,73,3,10,1.0,1.0,3,0.0106919686905487,0.0130357404751253,0.2029210505406926
toy,5,100,0.562341,73,3,10,1.0,0.2973395964285109,3,0.0106919686905487,0.0130357404751253,0.2029210505406926
toy,5,100,1.0,73,3,10,0.2973395964285109,0.0968874670798799,3,0.3750570031015156,0.6226588729602462,0.170253355821147
toy,5,100,1.778279,73,3,8,0.2973395964285109,0.0968874670798799,3,0.3776234002978274,0.6226588729602462,0.1679914122567603
toy,5,100,3.162278,73,3,7,0.2973395964285109,1.0,3,0.3750570031015156,0.6226588729602462,0.170253355821147
toy,5,100,5.623413,73,3,9,0.2973395964285109,1.0,3,0.3750570031015156,0.6226588729602462,0.170253355821147
toy,5,100,10.0,73,3,9,0.2973395964285109,1.0,3,0.3750570031015156,0.6226588729602462,0.170253355821147
toy,5,100,17.782794,73,3,8,0.2973395964285109,1.0,3,0.3750570031015156,0.6226588729602462,0.170253355821147
toy,5,100,31.622777,73,3,5,0.2973395964285109,1.0,3,0.3750570031015156,0.6226588729602462,0.170253355821147
toy,5,100,56.234133,73,3,5,0.2973395964285109,1.0,3,0.3750570031015156,0.6226588729602462,0.170253355821147
toy,5,100,100.0,73,3,5,0.2973395964285109,0.343458016193465,3,0.3750570031015156,0.6226588729602462,0.170253355821147
toy,5,100,177.827941,73,3,5,0.1183981716706092,0.1039208472085845,3,0.3705214670944894,0.6226588729602462,0.1589348447241484
toy,5,100,316.227766,73,3,1,-0.0411533908288788,1.0,3,0.3870068399766688,0.6226588729602462,0.1077017671062676
toy,5,100,562.341325,73,3,1,-0.0411533908288788,0.9492123616106908,3,0.3870068399766688,0.6226588729602462,0.1077017671062676
toy,5,100,1000.0,73,3,1,-0.0405323998245506,,3,0.3863307359606621,0.6226588729602462,0.1077573773046595
toy,20,1,0.001,38,3,1,-0.0308510638297872,-0.0595829267937497,3,0.0526983374606442,0.0532951744142621,0.4154445379521479
toy,20,1,0.001778,38,3,1,-0.0360082304526749,-0.0534657580696323,3,0.0952561763550973,0.0971859948613518,0.3978017612978622
toy,20,1,0.003162,38,3,1,-0.0352880124545926,-0.0352880124545926,2,0.2428439613858891,0.2469331440225972,0.3336593583909107
toy,20,1,0.005623,38,3,1,-0.027027027027027,-0.027027027027027,2,0.0393889122691048,0.0403993912151918,0.4102552538734487
toy,20,1,0.01,38,3,1,-0.027027027027027,-0.027027027027027,2,0.0581284057469703,0.0595309558137046,0.4007422860003144
toy,20,1,0.017783,38,3,1,-0.027027027027027,-0.027027027027027,2,0.03497375565623,0.0358850160207612,0.4082737473766064
toy,20,1,0.031623,38,3,3,-0.027027027027027,-0.0415180019461563,2,0.0656618762298335,0.0672104483230466,0.4064671586167767
toy,20,1,0.056234,38,3,1,-0.0415180019461563,-0.0910906800481622,3,0.0076547474515173,0.0009626925065069,0.417120581868692
toy,20,1,0.1,38,3,3,-0.0396510705789056,-0.080317380668632,3,0.0043430001545344,0.0003438695082984,0.4171007474760337
toy,20,1,0.177828,38,3,1,-0.0396510705789056,-0.0647865991092518,3,0.007345095228676,0.0060443755634295,0.4175201670231344
toy,20,1,0.316228,38,3,2,-0.0360082304526749,-0.0360082304526749,3,0.0059143174914704,0.003453685063095,0.4169426832320009
toy,20,1,0.5,38,3,1,1.0,1.0,2,0.0003872258119729,0.0003989621482887,0.4171451494557782
toy,20,1,0.562341,38,3,2,1.0,1.0,2,0.0003872258119729,0.0003989621482887,0.4171451494557782
toy,20,1,1.0,38,3,1,1.0,1.0,2,0.0003872258119729,0.0003989621482887,0.4171451494557782
toy,20,1,1.778279,38,3,1,1.0,0.0906801007556675,2,0.0003872258119729,0.0003989621482887,0.4171451494557782
toy,20,1,3.162278,38,3,9,0.0906801007556675,0.7214600564607994,3,0.0203452420749258,0.0026657249378797,0.4172875594259397
toy,20,1,5.623413,38,3,10,-0.0191036002939015,0.4858157880988454,3,0.0256828881880819,0.0070774900940615,0.4173342487222832
toy,20,1,10.0,38,3,10,0.0193548387096774,1.0,3,0.7742808444190825,0.7792963120477487,0.041299188032492
toy,20,1,17.782794,38,3,10,0.0193548387096774,1.0,3,0.7742808444190825,0.7792963120477487,0.041299188032492
toy,20,1,31.622777,38,3,9,0.0193548387096774,1.0,3,0.7742808444190825,0.7792963120477487,0.041299188032492
toy,20,1,56.234133,38,3,9,0.0193548387096774,1.0,3,0.7742808444190825,0.7792963120477487,0.041299188032492
toy,20,1,100.0,38,3,3,0.0193548387096774,0.915831903260566,3,0.7742808444190825,0.7792963120477487,0.041299188032492
toy,20,1,177.827941,38,3,3,0.0168954593453009,1.0,3,0.7746332841272122,0.7808168777150974,0.0417564691126195
toy,20,1,316.227766,38,3,3,0.0168954593453009,1.0,3,0.7746332841272122,0.7808168777150974,0.0417564691126195
toy,20,1,562.341325,38,3,3,0.0168954593453009,1.0,3,0.7746332841272122,0.7808168777150974,0.0417564691126195
toy,20,1,1000.0,38,3,2,0.0168954593453009,,3,0.7746332841272122,0.7808168777150974,0.0417564691126195
toy,20,2,0.001,38,3,1,-0.015737097894006,0.02179406190777,3,0.0139261223199584,0.0107006918589518,0.3178172983034111
toy,20,2,0.001778,38,3,1,0.0577276305431645,-0.0280679869016061,3,0.1382905818266617,0.1423636348864398,0.3166016701111853
toy,20,2,0.003162,38,3,1,0.022485640962972,-0.0032726156296073,3,0.0156910844672341,0.0148404132511568,0.3206923471900574
toy,20,2,0.005623,38,3,1,-0.0360082304526749,-0.0360082304526749,3,0.15305956873881,0.1576403557762647,0.2781508499005337
toy,20,2,0.01,38,3,1,-0.027027027027027,-0.027027027027027,2,0.0954413837949986,0.0990171218584921,0.2922856655661813
toy,20,2,0.017783,38,3,1,-0.027027027027027,-0.0360082304526749,2,0.0408913176607191,0.0427010796280922,0.309075757673562
toy,20,2,0.031623,38,3,1,-0.0360082304526749,-0.0534657580696323,3,0.0054436078070876,0.000179781347605,0.3140585226804258
toy,20,2,0.056234,38,3,1,-0.0352880124545926,-0.0534657580696323,2,0.0062751763028653,3.2268212222431865e-05,0.3139471552699753
toy,20,2,0.1,38,3,1,-0.0360082304526749,-0.0647865991092518,3,0.0061977249398059,0.0017166971036726,0.3139815123831202
toy,20,2,0.177828,38,3,1,-0.0396510705789056,-0.0396510705789056,3,0.0154518361150864,0.0109879624208423,0.3160208181273875
toy,20,2,0.316228,38,3,1,1.0,1.0,2,0.0003795908041799,0.0003996537125093,0.3139405472782288
toy,20,2,0.5,38,3,1,1.0,1.0,2,0.0003795908041799,0.0003996537125093,0.3139405472782288
toy,20,2,0.562341,38,3,1,1.0,0.4726407613005551,2,0.0003795908041799,0.0003996537125093,0.3139405472782288
toy,20,2,1.0,38,3,1,0.4726407613005551,0.2233809924306139,3,0.0080983633930328,0.0015221100197764,0.3141102747178619
toy,20,2,1.778279,38,3,10,-0.0369659982563208,0.4848658729020226,3,0.0241458161974482,0.0126246690618197,0.3164983066826261
toy,20,2,3.162278,38,3,10,-0.0211132437619961,0.4848658729020226,3,0.0511652810682333,0.0113146026685031,0.3163556599917585
toy,20,2,5.623413,38,3,10,-0.0369659982563208,0.0005733123118818,3,0.0241458161974482,0.0126246690618197,0.3164983066826261
toy,20,2,10.0,38,3,9,0.0193548387096774,1.0,3,0.7794497713945356,0.7871752421078843,0.034669140087529
toy,20,2,17.782794,38,3,7,0.0193548387096774,1.0,3,0.7794497713945356,0.7871752421078843,0.034669140087529
toy,20,2,31.622777,38,3,6,0.0193548387096774,1.0,3,0.7794497713945356,0.7871752421078843,0.034669140087529
toy,20,2,56.234133,38,3,6,0.0193548387096774,1.0,3,0.7794497713945356,0.7871752421078843,0.034669140087529
toy,20,2,100.0,38,3,4,0.0193548387096774,1.0,3,0.7794497713945356,0.7871752421078843,0.034669140087529
toy,20,2,177.827941,38,3,4,0.0193548387096774,1.0,3,0.7794497713945355,0.7871752421078843,0.034669140087529
toy,20,2,316.227766,38,3,3,0.0193548387096774,1.0,3,0.7794497713945355,0.7871752421078843,0.034669140087529
toy,20,2,562.341325,38,3,3,0.0193548387096774,1.0,3,0.7794497713945355,0.7871752421078843,0.034669140087529
toy,20,2,1000.0,38,3,3,0.0193548387096774,,3,0.7794497713945355,0.7871752421078843,0.034669140087529
toy,20,3,0.001,38,3,1,0.0255269320843091,-0.0384473349472734,3,0.2130267175215901,0.2168090713881658,0.3473339144891292
toy,20,3,0.001778,38,3,1,-0.0181503889369057,-0.0032294765980239,3,0.0883387130470508,0.0907797532644234,0.2972375315878663
toy,20,3,0.003162,38,3,1,-0.0352880124545926,-0.0534657580696323,2,0.1113617436504805,0.1168115208229911,0.2418781507141141
toy,20,3,0.005623,38,3,1,-0.0360082304526749,-0.0702645601280079,3,0.062703394159833,0.0659908005959213,0.2503130371211865
toy,20,3,0.01,38,3,1,-0.0410958904109589,-0.0410958904109589,3,0.3684287798143828,0.3790058746934395,0.223280430031428
toy,20,3,0.017783,38,3,1,-0.027027027027027,-0.0360082304526749,2,0.0350257468559573,0.0371832763394993,0.2548803799890577
toy,20,3,0.031623,38,3,1,-0.0360082304526749,0.7718314430480174,3,0.0088858001191507,0.0001365545669473,0.2603564326140064
toy,20,3,0.056234,38,3,1,-0.0396510705789056,-0.080317380668632,3,0.013017365681527,0.0001693607428151,0.2604047844383462
toy,20,3,0.1,38,3,1,-0.0396510705789056,-0.0396510705789056,3,0.016748175190495,0.0009789388447039,0.2606268466728975
toy,20,3,0.177828,38,3,1,-0.027027027027027,-0.0360082304526749,2,0.0053395497092606,2.549757715556027e-15,0.2601046018403539
toy,20,3,0.316228,38,3,1,-0.0360082304526749,-0.0360082304526749,3,0.039586964256259,0.0390067836463059,0.2707410576782596
toy,20,3,0.5,38,3,1,1.0,1.0,2,0.0033169045809716,2.574329521201975e-05,0.2599123329886833
toy,20,3,0.562341,38,3,1,1.0,1.0,2,0.0033169045809716,2.574329521201975e-05,0.2599123329886833
toy,20,3,1.0,38,3,2,1.0,0.1474358974358974,2,0.0033169045809716,2.574329521201975e-05,0.2599123329886833
toy,20,3,1.778279,38,3,1,0.1474358974358974,0.0220961960301749,3,0.6154707385680334,0.6396421197236615,0.1692890413094828
toy,20,3,3.162278,38,3,10,0.2986577181208054,-0.0665721080226658,3,0.0180496553637613,0.0010346851262833,0.2605729054607326
toy,20,3,5.623413,38,3,10,-0.021505376344086,1.0,3,0.7361716214724748,0.7482231200801875,0.0432243259501528
toy,20,3,10.0,38,3,10,-0.021505376344086,1.0,3,0.7361716214724748,0.7482231200801875,0.0432243259501528
toy,20,3,17.782794,38,3,10,-0.021505376344086,1.0,3,0.7361716214724748,0.7482231200801875,0.0432243259501528
toy,20,3,31.622777,38,3,8,-0.021505376344086,1.0,3,0.7361716214724748,0.7482231200801875,0.0432243259501528
toy,20,3,56.234133,38,3,7,-0.021505376344086,1.0,3,0.7361716214724748,0.7482231200801875,0.0432243259501528
toy,20,3,100.0,38,3,3,-0.021505376344086,1.0,3,0.7361716214724748,0.7482231200801874,0.0432243259501528
toy,20,3,177.827941,38,3,3,-0.021505376344086,1.0,3,0.7361716214724748,0.7482231200801874,0.0432243259501528
toy,20,3,316.227766,38,3,3,-0.021505376344086,1.0,3,0.7361716214724748,0.7482231200801874,0.0432243259501528
toy,20,3,562.341325,38,3,3,-0.021505376344086,1.0,3,0.7361716214724748,0.7482231200801874,0.0432243259501528
toy,20,3,1000.0,38,3,3,-0.021505376344086,,3,0.7361716214724748,0.7482231200801874,0.0432243259501528
toy,20,4,0.001,39,3,1,-0.0145882485642042,1.0,3,0.0732844554630952,0.0704881389296343,0.3054299753404734
toy,20,4,0.001778,39,3,1,-0.0145882485642042,-0.0164290725058876,3,0.0732844554630952,0.0704881389296343,0.3054299753404734
toy,20,4,0.003162,39,3,1,-0.0520798719149321,-0.067433999400967,2,0.1455566386559412,0.1536996580342617,0.2550413826907032
toy,20,4,0.005623,39,3,1,-0.0692640692640692,-0.0692640692640692,3,0.2135718269915678,0.2210569310010052,0.2234129534939314
toy,20,4,0.01,39,3,1,-0.0532732732732732,-0.0350620891161431,3,0.0805102585660193,0.0854588008221455,0.2639345505451888
toy,20,4,0.017783,39,3,1,-0.0350620891161431,-0.0404783808647654,2,0.1189235011248859,0.1259724375503521,0.2590598905506269
toy,20,4,0.031623,39,3,1,-0.0692640692640692,-0.0692640692640692,3,0.0227343513342168,0.0009184290429944,0.2788364345793731
toy,20,4,0.056234,39,3,1,-0.0532732732732732,-0.0350620891161431,3,0.012635661519633,0.0005476284618692,0.2786934640261253
toy,20,4,0.1,39,3,3,-0.0350620891161431,-0.0386346586646661,2,0.0063084482885147,9.73930378104827e-05,0.2786314003319768
toy,20,4,0.177828,39,3,1,-0.0630924244308993,-0.0630924244308993,3,0.0188460874186118,0.0016588758795899,0.2786723164688875
toy,20,4,0.316228,39,3,1,1.0,1.0,3,0.0077702608852768,0.0011911832062893,0.2783571049863699
toy,20,4,0.5,39,3,1,1.0,1.0,3,0.0077702608852768,0.0011911832062893,0.2783571049863699
toy,20,4,0.562341,39,3,4,1.0,1.0,3,0.0077702608852768,0.0011911832062893,0.2783571049863699
toy,20,4,1.0,39,3,2,1.0,1.0,3,0.0077702608852768,0.0011911832062893,0.2783571049863699
toy,20,4,1.778279,39,3,3,1.0,-0.0025467568643056,3,0.0077702608852768,0.0011911832062893,0.2783571049863699
toy,20,4,3.162278,39,3,10,-0.0025467568643056,0.3777608530083777,3,0.7361753521933428,0.7462705936154241,0.0349709533457296
toy,20,4,5.623413,39,3,10,-0.0048076923076923,0.3777608530083777,3,0.0575287133943783,0.0016771753191399,0.2792036769057853
toy,20,4,10.0,39,3,10,-0.0025467568643056,1.0,3,0.7361753521933428,0.7462705936154241,0.0349709533457296
toy,20,4,17.782794,39,3,9,-0.0025467568643056,1.0,3,0.7361753521933428,0.7462705936154241,0.0349709533457296
toy,20,4,31.622777,39,3,10,-0.0025467568643056,1.0,3,0.7361753521933428,0.7462705936154241,0.0349709533457296
toy,20,4,56.234133,39,3,9,-0.0025467568643056,1.0,3,0.7361753521933428,0.7462705936154241,0.0349709533457296
toy,20,4,100.0,39,3,3,-0.0025467568643056,1.0,3,0.7361753521933428,0.7462705936154241,0.0349709533457296
toy,20,4,177.827941,39,3,3,-0.0025467568643056,1.0,3,0.7361753521933428,0.7462705936154241,0.0349709533457296
toy,20,4,316.227766,39,3,3,-0.0025467568643056,1.0,3,0.7361753521933428,0.7462705936154241,0.0349709533457296
toy,20,4,562.341325,39,3,3,-0.0025467568643056,1.0,3,0.7361753521933428,0.7462705936154241,0.0349709533457296
toy,20,4,1000.0,39,3,3,-0.0025467568643056,,3,0.7361753521933428,0.7462705936154241,0.0349709533457296
toy,20,5,0.001,38,3,1,0.0268292682926829,-0.0350013145210761,3,0.0429212824537901,0.0453230956472057,0.2803878043964799
toy,20,5,0.001778,38,3,1,-0.0092067988668555,0.0,3,0.1898004234331847,0.2010237736882554,0.2562702818263673
toy,20,5,0.003162,38,3,1,0.0,0.0,1,0.0,0.0,0.2578190432354455
toy,20,5,0.005623,38,3,1,-0.0352880124545926,-0.0534657580696323,2,0.1109965397190528,0.1188448904296472,0.2390692285082974
toy,20,5,0.01,38,3,1,-0.0360082304526749,-0.0360082304526749,3,0.0862349232854141,0.0923365164406664,0.2480318352859634
toy,20,5,0.017783,38,3,1,-0.027027027027027,-0.027027027027027,2,0.0476220598500257,0.0516925487859791,0.2531275636158095
toy,20,5,0.031623,38,3,1,-0.027027027027027,-0.0396510705789056,2,0.0090596121450731,0.0003987319951093,0.2581626668725654
toy,20,5,0.056234,38,3,1,-0.0396510705789056,-0.080317380668632,3,0.0249446955201531,0.0039143944698555,0.2586181373133003
toy,20,5,0.1,38,3,1,-0.0396510705789056,-0.0396510705789056,3,0.0221921359666982,0.0005907614079004,0.2580951400399989
toy,20,5,0.177828,38,3,2,-0.027027027027027,-0.027027027027027,2,0.0083446178210672,0.0015869567104382,0.2582289990544409
toy,20,5,0.316228,38,3,1,-0.027027027027027,-0.027027027027027,2,0.0003609565025805,0.0003991924854273,0.2578326436555555
toy,20,5,0.5,38,3,1,1.0,1.0,2,0.0086568265158795,0.0007957174296507,0.2580001929134013
toy,20,5,0.562341,38,3,1,1.0,1.0,2,0.0086568265158795,0.0007957174296507,0.2580001929134013
toy,20,5,1.0,38,3,1,1.0,0.0916760404949381,2,0.0086568265158795,0.0007957174296507,0.2580001929134013
toy,20,5,1.778279,38,3,1,0.0916760404949381,0.0732182891786921,3,0.7108873739470812,0.7638389481307223,0.1160031770915398
toy,20,5,3.162278,38,3,10,-0.04177545691906,-0.0720489756226932,3,0.048960646359982,0.0011827798243006,0.2583954382029726
toy,20,5,5.623413,38,3,10,-0.021505376344086,1.0,3,0.7577288013580965,0.768836417344216,0.0312272478698851
toy,20,5,10.0,38,3,9,-0.021505376344086,1.0,3,0.7577288013580965,0.768836417344216,0.0312272478698851
toy,20,5,17.782794,38,3,9,-0.021505376344086,1.0,3,0.7577288013580965,0.768836417344216,0.0312272478698851
toy,20,5,31.622777,38,3,10,-0.021505376344086,1.0,3,0.7577288013580965,0.768836417344216,0.0312272478698851
toy,20,5,56.234133,38,3,10,-0.021505376344086,1.0,3,0.7577288013580965,0.768836417344216,0.0312272478698851
toy,20,5,100.0,38,3,3,-0.021505376344086,1.0,3,0.7577288013580965,0.768836417344216,0.0312272478698851
toy,20,5,177.827941,38,3,3,-0.021505376344086,1.0,3,0.7577288013580965,0.768836417344216,0.0312272478698851
toy,20,5,316.227766,38,3,3,-0.021505376344086,1.0,3,0.7577288013580965,0.768836417344216,0.0312272478698851
toy,20,5,562.341325,38,3,3,-0.021505376344086,1.0,3,0.7577288013580965,0.768836417344216,0.0312272478698851
toy,20,5,1000.0,38,3,3,-0.021505376344086,,3,0.7577288013580965,0.768836417344216,0.0312272478698851
toy,20,6,0.001,38,3,1,0.0150428141633881,0.0096490855857767,3,0.0800047204435756,0.0858943304221065,0.3029825525772529
toy,20,6,0.001778,38,3,1,-0.0308510638297872,-0.001592356687898,3,0.1578915003089219,0.1642846966527178,0.301182004331361
toy,20,6,0.003162,38,3,1,0.0467289719626168,-0.0480200431484445,3,0.008757959147625,0.0076398372387945,0.2718499271408051
toy,20,6,0.005623,38,3,1,-0.0419205459419936,-0.1010975546320966,3,0.2304408875252696,0.2426328322233444,0.2150685925143428
toy,20,6,0.01,38,3,1,-0.0396510705789056,-0.0396510705789056,3,0.1744761183339959,0.1856651184633489,0.2284562770167875
toy,20,6,0.017783,38,3,1,-0.027027027027027,-0.0352880124545926,2,0.0352333086414703,0.0388190437509751,0.2621398219045521
toy,20,6,0.031623,38,3,1,-0.0352880124545926,-0.0522098961084698,2,0.0176211844009856,0.0008288617823478,0.2685790856986039
toy,20,6,0.056234,38,3,1,-0.0352880124545926,-0.0534657580696323,2,0.0177572402124286,0.0015851257629407,0.2687867592679445
toy,20,6,0.1,38,3,1,-0.0360082304526749,-0.0360082304526749,3,0.0162808753770046,0.001213954785685,0.2686217598417337
toy,20,6,0.177828,38,3,2,-0.027027027027027,-0.027027027027027,2,0.0079981230735619,1.8309565629126587e-10,0.2684390614876352
toy,20,6,0.316228,38,3,1,-0.027027027027027,-0.027027027027027,2,0.0211586030150761,0.019302849437166,0.2740988151570392
toy,20,6,0.5,38,3,1,1.0,0.6481481481481481,2,0.0018936947050435,0.0,0.2683958607466858
toy,20,6,0.562341,38,3,1,0.6481481481481481,1.0,3,0.0022444470776835,0.0003991924854273,0.2683453189084371
toy,20,6,1.0,38,3,4,0.6481481481481481,1.0,3,0.0022444470776835,0.0003991924854273,0.2683453189084371
toy,20,6,1.778279,38,3,1,0.6481481481481481,0.0838191919884765,3,0.0022444470776835,0.0003991924854273,0.2683453189084371
toy,20,6,3.162278,38,3,9,0.0906801007556675,0.6857866507747318,3,0.0533128796522038,0.0173778462609435,0.2737957673472596
toy,20,6,5.623413,38,3,9,-0.021505376344086,1.0,3,0.5984883706623129,0.6176817425317552,0.0733283967510012
toy,20,6,10.0,38,3,9,-0.021505376344086,0.4433006018371872,3,0.5984883706623129,0.6176817425317552,0.0733283967510012
toy,20,6,17.782794,38,3,9,0.02389486260454,0.4433006018371872,3,0.0766656210041061,0.0197860595460605,0.2749937879407806
toy,20,6,31.622777,38,3,10,-0.021505376344086,1.0,3,0.5984883706623129,0.6176817425317552,0.0733283967510012
toy,20,6,56.234133,38,3,8,-0.021505376344086,1.0,3,0.5984883706623129,0.6176817425317552,0.0733283967510012
toy,20,6,100.0,38,3,3,-0.021505376344086,0.915831903260566,3,0.5984883706623129,0.6176817425317552,0.0733283967510012
toy,20,6,177.827941,38,3,3,0.0168954593453009,1.0,3,0.5976950339906967,0.6176817425317552,0.0733432109069064
toy,20,6,316.227766,38,3,3,0.0168954593453009,1.0,3,0.5976950339906967,0.6176817425317552,0.0733432109069064
toy,20,6,562.341325,38,3,3,0.0168954593453009,1.0,3,0.5976950339906967,0.6176817425317552,0.0733432109069064
toy,20,6,1000.0,38,3,3,0.0168954593453009,,3,0.5976950339906967,0.6176817425317552,0.0733432109069064
toy,20,7,0.001,38,3,1,0.0216317893251822,-0.0429567666336982,3,0.0198583784256218,0.0208051872230582,0.2578414027609442
toy,20,7,0.001778,38,3,1,-0.0236734693877551,0.0236844080774716,3,0.026101683438591,0.0284582251362511,0.2397757660011189
toy,20,7,0.003162,38,3,1,-0.0396510705789056,-0.0647865991092518,3,0.1681683890055695,0.1818701513358274,0.2207745985997891
toy,20,7,0.005623,38,3,1,-0.0360082304526749,-0.0547292889758643,3,0.1247024778343244,0.13360274599507,0.2210999710338154
toy,20,7,0.01,38,3,1,-0.0360082304526749,-0.0534657580696323,3,0.088644738159903,0.0974380771940294,0.2305639781096975
toy,20,7,0.017783,38,3,1,-0.0352880124545926,0.0,2,0.0171806519314666,0.0002993767065471,0.243813279785077
toy,20,7,0.031623,38,3,1,0.0,0.0,1,0.0,0.0,0.2436932231974376
toy,20,7,0.056234,38,3,1,-0.027027027027027,-0.0421052631578947,2,0.009622741171927,0.0003989621482887,0.2439494409875671
toy,20,7,0.1,38,3,2,-0.0421052631578947,-0.0421052631578947,3,0.0698766535261527,0.0524932641469348,0.2614658993240764
toy,20,7,0.177828,38,3,2,-0.027027027027027,-0.027027027027027,2,0.0073490324019961,0.0011918347734602,0.2438895966084016
toy,20,7,0.316228,38,3,1,1.0,1.0,2,0.0072300916138215,0.0019788696735896,0.2438386162936702
toy,20,7,0.5,38,3,1,1.0,-0.027027027027027,2,0.0072300916138215,0.0019788696735896,0.2438386162936702
toy,20,7,0.562341,38,3,1,-0.027027027027027,1.0,2,0.0003516282120829,0.0003989621482887,0.2436583300873517
toy,20,7,1.0,38,3,1,-0.027027027027027,1.0,2,0.0003516282120829,0.0003989621482887,0.2436583300873517
toy,20,7,1.778279,38,3,9,-0.027027027027027,1.0,2,0.0003516282120829,0.0003989621482887,0.2436583300873517
toy,20,7,3.162278,38,3,10,-0.027027027027027,0.0193548387096774,2,0.0003516282120829,0.0003989621482887,0.2436583300873517
toy,20,7,5.623413,38,3,10,-0.021505376344086,1.0,3,0.6986657824203244,0.7239301824197295,0.0551696272826197
toy,20,7,10.0,38,3,10,-0.021505376344086,0.9127915219394628,3,0.6986657824203244,0.7239301824197295,0.0551696272826197
toy,20,7,17.782794,38,3,10,0.0126969198213026,1.0,3,0.6974964277534944,0.7262015987910692,0.0558151139425215
toy,20,7,31.622777,38,3,10,0.0126969198213026,1.0,3,0.6974964277534944,0.7262015987910692,0.0558151139425215
toy,20,7,56.234133,38,3,7,0.0126969198213026,1.0,3,0.6974964277534944,0.7262015987910692,0.0558151139425215
toy,20,7,100.0,38,3,5,0.0126969198213026,1.0,3,0.6974964277534944,0.7262015987910692,0.0558151139425215
toy,20,7,177.827941,38,3,3,0.0126969198213026,1.0,3,0.6974964277534942,0.7262015987910692,0.0558151139425215
toy,20,7,316.227766,38,3,3,0.0126969198213026,1.0,3,0.6974964277534942,0.7262015987910692,0.0558151139425215
toy,20,7,562.341325,38,3,3,0.0126969198213026,1.0,3,0.6974964277534942,0.7262015987910692,0.0558151139425215
toy,20,7,1000.0,38,3,2,0.0126969198213026,,3,0.6974964277534942,0.7262015987910692,0.0558151139425215
toy,20,8,0.001,40,3,1,-0.0556604939361307,0.0066353721808491,3,0.0864999872639034,0.0931993944815979,0.2309124648892039
toy,20,8,0.001778,40,3,1,-0.0507636850124493,-0.0507636850124493,2,0.1361422905312081,0.1509935003647767,0.2171068306208368
toy,20,8,0.003162,40,3,1,-0.0518926308399992,-0.0518926308399992,3,0.1507400270849377,0.164420944854958,0.2147457886626651
toy,20,8,0.005623,40,3,1,-0.0518926308399992,0.0,3,0.1980129725383404,0.2117833829704698,0.2091379177737987
toy,20,8,0.01,40,3,1,0.0,0.0,1,0.0,0.0,0.2400216114888344
toy,20,8,0.017783,40,3,1,-0.0341643582640812,-0.0335195530726257,2,0.0345332809457001,0.0388190437509751,0.2349152682786004
toy,20,8,0.031623,40,3,1,-0.0507636850124493,-0.0600104419397438,2,0.0214248242572749,5.772931464088311e-05,0.2401250730117845
toy,20,8,0.056234,40,3,1,-0.061484120552302,-0.061484120552302,3,0.0317070588183568,0.0021441736971376,0.2403792648083633
toy,20,8,0.1,40,3,1,-0.0518926308399992,-0.0518926308399992,3,0.0210131738953932,0.0002983301748779,0.2402267290070058
toy,20,8,0.177828,40,3,1,-0.0518926308399992,-0.0341643582640812,3,0.0168190831774433,0.0,0.2404934422317519
toy,20,8,0.316228,40,3,2,-0.0341643582640812,-0.0341643582640812,2,0.0033868225515904,0.0,0.2401490551056123
toy,20,8,0.5,40,3,4,1.0,1.0,3,0.043717694622258,0.0409616182629848,0.2545593301941208
toy,20,8,0.562341,40,3,2,1.0,1.0,3,0.043717694622258,0.0409616182629848,0.2545593301941208
toy,20,8,1.0,40,3,3,1.0,1.0,3,0.043717694622258,0.0409616182629848,0.2545593301941208
toy,20,8,1.778279,40,3,9,1.0,1.0,3,0.043717694622258,0.0409616182629848,0.2545593301941208
toy,20,8,3.162278,40,3,10,1.0,-0.0339746602798037,3,0.043717694622258,0.0409616182629848,0.2545593301941208
toy,20,8,5.623413,40,3,10,-0.0339746602798037,1.0,3,0.7428737648696784,0.7679003269228111,0.0411692134773352
toy,20,8,10.0,40,3,10,-0.0339746602798037,1.0,3,0.7428737648696784,0.7679003269228111,0.0411692134773352
toy,20,8,17.782794,40,3,9,-0.0339746602798037,1.0,3,0.7428737648696784,0.7679003269228111,0.0411692134773352
toy,20,8,31.622777,40,3,10,-0.0339746602798037,1.0,3,0.7428737648696784,0.7679003269228111,0.0411692134773352
toy,20,8,56.234133,40,3,10,-0.0339746602798037,1.0,3,0.7428737648696784,0.7679003269228111,0.0411692134773352
toy,20,8,100.0,40,3,6,-0.0339746602798037,1.0,3,0.7428737648696784,0.7679003269228111,0.0411692134773352
toy,20,8,177.827941,40,3,3,-0.0339746602798037,1.0,3,0.7428737648696784,0.7679003269228111,0.0411692134773352
toy,20,8,316.227766,40,3,3,-0.0339746602798037,1.0,3,0.7428737648696784,0.7679003269228111,0.0411692134773352
toy,20,8,562.341325,40,3,3,-0.0339746602798037,1.0,3,0.7428737648696784,0.7679003269228111,0.0411692134773352
toy,20,8,1000.0,40,3,3,-0.0339746602798037,,3,0.7428737648696784,0.7679003269228111,0.0411692134773352
toy,20,9,0.001,38,3,1,-0.0175775885745674,-0.0250374937510414,3,0.1193842530528682,0.133233707144077,0.2669575857691106
toy,20,9,0.001778,38,3,1,0.0193548387096774,-0.0008852919316211,3,0.0428925629488461,0.0471107149784343,0.2688700251645163
toy,20,9,0.003162,38,3,1,-0.0352880124545926,0.0,2,0.1394951648767663,0.1546229245680339,0.2185587530033126
toy,20,9,0.005623,38,3,1,0.0,0.0,1,0.0,0.0,0.2432367158253687
toy,20,9,0.01,38,3,1,-0.027027027027027,-0.0352880124545926,2,0.0626363208215469,0.0715228503702271,0.2321465068580602
toy,20,9,0.017783,38,3,1,-0.0352880124545926,-0.0522098961084698,2,0.0225542113536842,0.0003987319951093,0.2436396649540807
toy,20,9,0.031623,38,3,1,-0.0352880124545926,-0.0534657580696323,2,0.0241121192316005,0.0003987319951093,0.2435166231545918
toy,20,9,0.056234,38,3,1,-0.0360082304526749,-0.0360082304526749,3,0.0262104830052863,9.190488014426336e-11,0.2439368598564788
toy,20,9,0.1,38,3,2,-0.027027027027027,0.6481481481481481,2,0.0048338496805992,0.0,0.2432541281796289
toy,20,9,0.177828,38,3,1,-0.0360082304526749,-0.0360082304526749,3,0.0100896658020316,0.0007957174296507,0.2434270605458309
toy,20,9,0.316228,38,3,1,-0.027027027027027,-0.027027027027027,2,0.000344160530502,0.0003991924854273,0.243261283375366
toy,20,9,0.5,38,3,2,1.0,1.0,2,0.0021726284108727,0.000855099332007,0.2436272158807214
toy,20,9,0.562341,38,3,2,1.0,1.0,2,0.0021726284108727,0.000855099332007,0.2436272158807214
toy,20,9,1.0,38,3,1,1.0,0.0906801007556675,2,0.0021726284108727,0.000855099332007,0.2436272158807214
toy,20,9,1.778279,38,3,10,0.0906801007556675,0.896951040750513,3,0.1470417858881748,0.0010191628663492,0.2445867530578118
toy,20,9,3.162278,38,3,9,0.0906801007556675,0.6857866507747318,3,0.1478492641181706,0.0011348137144071,0.2446872450436841
toy,20,9,5.623413,38,3,9,-0.021505376344086,0.4646692750045952,3,0.693818731360379,0.7271881454307423,0.0355130056942887
toy,20,9,10.0,38,3,10,0.0118529269472665,0.4646692750045952,3,0.0958312073553214,0.0012049158502095,0.2449748620699387
toy,20,9,17.782794,38,3,9,-0.021505376344086,1.0,3,0.693818731360379,0.7271881454307423,0.0355130056942887
toy,20,9,31.622777,38,3,6,-0.021505376344086,1.0,3,0.693818731360379,0.7271881454307423,0.0355130056942887
toy,20,9,56.234133,38,3,6,-0.021505376344086,1.0,3,0.693818731360379,0.7271881454307423,0.0355130056942887
toy,20,9,100.0,38,3,3,-0.021505376344086,1.0,3,0.693818731360379,0.7271881454307423,0.0355130056942887
toy,20,9,177.827941,38,3,3,-0.021505376344086,1.0,3,0.693818731360379,0.7271881454307423,0.0355130056942887
toy,20,9,316.227766,38,3,3,-0.021505376344086,1.0,3,0.693818731360379,0.7271881454307423,0.0355130056942887
toy,20,9,562.341325,38,3,3,-0.021505376344086,1.0,3,0.693818731360379,0.7271881454307423,0.0355130056942887
toy,20,9,1000.0,38,3,3,-0.021505376344086,,3,0.693818731360379,0.7271881454307423,0.0355130056942887
toy,20,10,0.001,36,3,1,-0.0121654501216545,-0.007168458781362,3,0.2090285266144783,0.2331714546364555,0.3215064589849098
toy,20,10,0.001778,36,3,1,-0.0163265306122449,0.0335570469798657,3,0.1615868672592046,0.1804347154854863,0.3001717339986418
toy,20,10,0.003162,36,3,1,-0.0372526193247962,0.0,2,0.1787723598705535,0.1996035802812329,0.2240267573064563
toy,20,10,0.005623,36,3,1,0.0,0.0,1,0.0,0.0,0.250493831626507
toy,20,10,0.01,36,3,1,-0.0380622837370242,-0.068461389837058,3,0.0898623918352142,0.1019457201694895,0.2336405724260752
toy,20,10,0.017783,36,3,1,-0.0418521816562778,-0.0418521816562778,3,0.0625061558448055,0.0497447353495475,0.2465975194431739
toy,20,10,0.031623,36,3,1,-0.0285714285714285,0.0,2,0.0293449595001349,0.0352332634421351,0.2462567603550202
toy,20,10,0.056234,36,3,1,0.0,0.0,1,0.0,0.0,0.250493831626507
toy,20,10,0.1,36,3,1,-0.0380622837370242,-0.0578935131364798,3,0.0152907718189985,0.0,0.2508375615982638
toy,20,10,0.177828,36,3,1,-0.0380622837370242,-0.0380622837370242,3,0.017756127454866,0.0007958600225085,0.2509750921314617
toy,20,10,0.316228,36,3,1,-0.0285714285714285,-0.0285714285714285,2,0.0003405662983244,0.0003989621482887,0.2504756350962948
toy,20,10,0.5,36,3,1,1.0,1.0,2,0.0172502126784696,0.0197817339602529,0.2568396608829185
toy,20,10,0.562341,36,3,1,1.0,0.6470588235294118,2,0.0172502126784696,0.0197817339602529,0.2568396608829185
toy,20,10,1.0,36,3,1,0.6470588235294118,0.4191389694401071,3,0.0174798894322924,0.0200304234354729,0.2568296152780183
toy,20,10,1.778279,36,3,3,0.2479108635097493,0.0789922518395789,3,0.050884971974566,0.0195849037080461,0.2569605513512035
toy,20,10,3.162278,36,3,9,0.0949720670391061,0.7081682021720109,3,0.0932041629202442,0.0166761446390601,0.2567543497335226
toy,20,10,5.623413,36,3,9,-0.0256115107913669,1.0,3,0.6364805700174897,0.6710789384352257,0.0514472679346268
toy,20,10,10.0,36,3,10,-0.0256115107913669,1.0,3,0.6364805700174897,0.6710789384352257,0.0514472679346268
toy,20,10,17.782794,36,3,7,-0.0256115107913669,1.0,3,0.6364805700174897,0.6710789384352257,0.0514472679346268
toy,20,10,31.622777,36,3,7,-0.0256115107913669,1.0,3,0.6364805700174897,0.6710789384352257,0.0514472679346268
toy,20,10,56.234133,36,3,7,-0.0256115107913669,1.0,3,0.6364805700174897,0.6710789384352257,0.0514472679346268
toy,20,10,100.0,36,3,3,-0.0256115107913669,1.0,3,0.6364805700174897,0.6710789384352257,0.0514472679346268
toy,20,10,177.827941,36,3,3,-0.0256115107913669,1.0,3,0.6364805700174897,0.6710789384352257,0.0514472679346268
toy,20,10,316.227766,36,3,3,-0.0256115107913669,1.0,3,0.6364805700174897,0.6710789384352257,0.0514472679346268
toy,20,10,562.341325,36,3,3,-0.0256115107913669,1.0,3,0.6364805700174897,0.6710789384352257,0.0514472679346268
toy,20,10,1000.0,36,3,3,-0.0256115107913669,,3,0.6364805700174897,0.6710789384352257,0.0514472679346268
toy,20,11,0.001,40,3,1,-0.0023174971031286,-0.0081760250090176,3,0.0996569715995564,0.1110430804010694,0.2902242684808861
toy,20,11,0.001778,40,3,1,-0.008617312965139,-0.008617312965139,3,0.1927477722225823,0.216400718571818,0.2875984841189345
toy,20,11,0.003162,40,3,1,-0.0256410256410256,-0.0376687988628287,2,0.0518718463588384,0.0613547412603142,0.2230401455476654
toy,20,11,0.005623,40,3,1,-0.0376687988628287,-0.0376687988628287,3,0.1342644444902217,0.1514083880259452,0.2074024555471003
toy,20,11,0.01,40,3,1,-0.0256410256410256,-0.0341643582640812,2,0.0551380705110062,0.0660017162587111,0.2235451284891659
toy,20,11,0.017783,40,3,1,-0.0341643582640812,-0.06752756895513,3,0.0801130713305585,0.0915433642528329,0.219412634532218
toy,20,11,0.031623,40,3,1,-0.0394889663182346,-0.086568076552324,3,0.0531379752039662,0.0008288617823478,0.2320542483359763
toy,20,11,0.056234,40,3,1,-0.0376687988628287,-0.061484120552302,3,0.0358933243548191,0.0019772303534061,0.2317800271003539
toy,20,11,0.1,40,3,1,-0.0341643582640812,-0.0341643582640812,3,0.0190008327445882,0.0,0.2316778869720177
toy,20,11,0.177828,40,3,1,-0.0256410256410256,-0.0256410256410256,2,0.0142285133319176,0.0007966364444936,0.2312869542686865
toy,20,11,0.316228,40,3,1,-0.0256410256410256,-0.0256410256410256,2,0.0035140993177738,0.0011925229445401,0.2311531012893569
toy,20,11,0.5,40,3,2,1.0,1.0,2,0.0006268566573822,0.0006519224386157,0.2312241767386146
toy,20,11,0.562341,40,3,4,1.0,0.6491228070175439,2,0.0006268566573822,0.0006519224386157,0.2312241767386146
toy,20,11,1.0,40,3,1,0.6491228070175439,1.0,3,0.0033610101710544,0.0015463020797312,0.2313457173182075
toy,20,11,1.778279,40,3,1,0.6491228070175439,0.0905940535905177,3,0.0033610101710544,0.0015463020797312,0.2313457173182075
toy,20,11,3.162278,40,3,10,0.0434192672998643,0.1233140655105973,3,0.0881090411138313,0.0010097670864393,0.2329010570934743
toy,20,11,5.623413,40,3,10,-0.0227509914422876,1.0,3,0.7635712804129282,0.8125984603093198,0.0199148472307762
toy,20,11,10.0,40,3,10,-0.0227509914422876,1.0,3,0.7635712804129282,0.8125984603093198,0.0199148472307762
toy,20,11,17.782794,40,3,9,-0.0227509914422876,1.0,3,0.7635712804129282,0.8125984603093198,0.0199148472307762
toy,20,11,31.622777,40,3,10,-0.0227509914422876,1.0,3,0.7635712804129282,0.8125984603093198,0.0199148472307762
toy,20,11,56.234133,40,3,10,-0.0227509914422876,0.9199065222009772,3,0.7635712804129282,0.8125984603093198,0.0199148472307762
toy,20,11,100.0,40,3,3,-0.0204498977505112,1.0,3,0.7627277133252971,0.8136568318723681,0.0203666153901334
toy,20,11,177.827941,40,3,3,-0.0204498977505112,1.0,3,0.7627277133252971,0.8136568318723681,0.0203666153901334
toy,20,11,316.227766,40,3,3,-0.0204498977505112,1.0,3,0.7627277133252971,0.8136568318723681,0.0203666153901334
toy,20,11,562.341325,40,3,3,-0.0204498977505112,0.9199065222009772,3,0.7627277133252971,0.8136568318723681,0.0203666153901334
toy,20,11,1000.0,40,3,1,-0.0227509914422876,,3,0.7635712804129282,0.8125984603093198,0.0199148472307762
toy,20,12,0.001,36,3,1,-0.0388384754990925,-0.0046279993963479,3,0.1155694141578355,0.1232231866827238,0.2195070523822206
toy,20,12,0.001778,36,3,1,-0.02692696061932,0.0331807196973559,3,0.0037909376776823,0.0037043625554389,0.2355278756167975
toy,20,12,0.003162,36,3,1,0.041136430896715,0.1029821492920361,3,0.0476323622309841,0.0500841455112294,0.2649707334875955
toy,20,12,0.005623,36,3,1,-0.0418521816562778,-0.0418521816562778,3,0.2142884246893949,0.234635772189107,0.1960744642913785
toy,20,12,0.01,36,3,1,-0.0285714285714285,0.6470588235294118,2,0.0362145524160569,0.0432595606646691,0.2281962591812385
toy,20,12,0.017783,36,3,1,-0.0380622837370242,-0.0750456583098123,3,0.0600582055569844,0.0716018792020382,0.2247916065252551
toy,20,12,0.031623,36,3,1,-0.0437636761487965,-0.0728565082185695,3,0.0202409760455207,0.0055677685383959,0.2365143208873887
toy,20,12,0.056234,36,3,1,-0.0372526193247962,-0.0665990898699506,2,0.0176068197957291,0.0007961767537071,0.2339583433300264
toy,20,12,0.1,36,3,3,-0.0418521816562778,-0.068461389837058,3,0.0369014089277917,0.0010862313140711,0.2338722725265402
toy,20,12,0.177828,36,3,1,-0.0380622837370242,-0.0380622837370242,3,0.0191739343411788,0.0015847848307517,0.2336395432933126
toy,20,12,0.316228,36,3,2,-0.0285714285714285,-0.0285714285714285,2,0.011551639469068,0.0003989621482887,0.2335746892151637
toy,20,12,0.5,36,3,2,1.0,1.0,2,0.0003344367797756,0.0003989621482887,0.2331590159173727
toy,20,12,0.562341,36,3,1,1.0,1.0,2,0.0003344367797756,0.0003989621482887,0.2331590159173727
toy,20,12,1.0,36,3,2,1.0,1.0,2,0.0003344367797756,0.0003989621482887,0.2331590159173727
toy,20,12,1.778279,36,3,1,1.0,0.0961347869177403,2,0.0003344367797756,0.0003989621482887,0.2331590159173727
toy,20,12,3.162278,36,3,10,0.0961347869177403,0.8396407953816549,3,0.0812190045879295,0.0050258061800839,0.2355359854735856
toy,20,12,5.623413,36,3,10,-0.0047303689687795,0.651697699890471,3,0.1481862761290039,0.0057452137204055,0.2358987965926138
toy,20,12,10.0,36,3,10,0.0261870503597122,1.0,3,0.6715488252534493,0.7158995744380798,0.03687881510702
toy,20,12,17.782794,36,3,7,0.0261870503597122,1.0,3,0.6715488252534493,0.7158995744380798,0.03687881510702
toy,20,12,31.622777,36,3,7,0.0261870503597122,1.0,3,0.6715488252534493,0.7158995744380798,0.03687881510702
toy,20,12,56.234133,36,3,8,0.0261870503597122,1.0,3,0.6715488252534493,0.7158995744380798,0.03687881510702
toy,20,12,100.0,36,3,6,0.0261870503597122,1.0,3,0.6715488252534493,0.7158995744380798,0.03687881510702
toy,20,12,177.827941,36,3,3,0.0261870503597122,1.0,3,0.6715488252534493,0.7158995744380798,0.03687881510702
toy,20,12,316.227766,36,3,3,0.0261870503597122,1.0,3,0.6715488252534493,0.7158995744380798,0.03687881510702
toy,20,12,562.341325,36,3,3,0.0261870503597122,1.0,3,0.6715488252534493,0.7158995744380798,0.03687881510702
toy,20,12,1000.0,36,3,1,0.0261870503597122,,3,0.6715488252534493,0.7158995744380798,0.03687881510702
toy,20,13,0.001,38,3,1,-0.0067947812042598,-0.0118440675614747,3,0.1334553658710972,0.1486752347657493,0.3095444255832165
toy,20,13,0.001778,38,3,1,-0.0461161967361101,0.0430274314012998,3,0.1128589817064889,0.12856455811193,0.2308372365604832
toy,20,13,0.003162,38,3,1,-0.0696049438110583,0.0,3,0.1067544520249427,0.1239248664966592,0.2202848155710823
toy,20,13,0.005623,38,3,1,0.0,0.0,1,0.0,0.0,0.2309397208037691
toy,20,13,0.01,38,3,1,-0.0647865991092518,-0.0631355893832236,3,0.0944073065956621,0.1116083874893419,0.2178589585920193
toy,20,13,0.017783,38,3,1,-0.0534657580696323,-0.0522098961084698,2,0.029193478242635,0.0019811560548661,0.2312768722850038
toy,20,13,0.031623,38,3,1,-0.0534657580696323,-0.0352880124545926,2,0.0242918094887124,0.0,0.2317165843859941
toy,20,13,0.056234,38,3,1,-0.0360082304526749,-0.0396510705789056,2,0.0122184901285278,0.0,0.2312849711287989
toy,20,13,0.1,38,3,2,-0.0647865991092518,-0.0396510705789056,3,0.0290725124265213,0.0007970965024647,0.2316396128190512
toy,20,13,0.177828,38,3,1,-0.0360082304526749,-0.027027027027027,2,0.0040942158673813,0.0,0.2311332769431664
toy,20,13,0.316228,38,3,1,0.6481481481481481,0.6481481481481481,2,0.0016959392066611,0.0019438599684324,0.2317001811827143
toy,20,13,0.5,38,3,1,1.0,0.6481481481481481,3,0.0019455204082465,0.0022276909186226,0.2317315468580109
toy,20,13,0.562341,38,3,1,0.6481481481481481,0.6481481481481481,2,0.0016959392066611,0.0019438599684324,0.2317001811827143
toy,20,13,1.0,38,3,1,1.0,1.0,3,0.0019455204082465,0.0022276909186226,0.2317315468580109
toy,20,13,1.778279,38,3,10,1.0,-0.046370506068239,3,0.0019455204082465,0.0022276909186226,0.2317315468580109
toy,20,13,3.162278,38,3,10,-0.046370506068239,1.0,3,0.7412293862482587,0.8078782614376021,0.0204105507806297
toy,20,13,5.623413,38,3,10,-0.046370506068239,0.496870486278286,3,0.7412293862482587,0.8078782614376021,0.0204105507806297
toy,20,13,10.0,38,3,10,0.0418783298228224,0.496870486278286,3,0.1029905040502725,0.002818631119645,0.2333788099248298
toy,20,13,17.782794,38,3,10,-0.046370506068239,1.0,3,0.7412293862482587,0.8078782614376021,0.0204105507806297
toy,20,13,31.622777,38,3,9,-0.046370506068239,0.9141538810435512,3,0.7412293862482587,0.8078782614376021,0.0204105507806297
toy,20,13,56.234133,38,3,9,-0.0038674361873029,1.0,3,0.7416142279593392,0.8082904043016316,0.0204393533941609
toy,20,13,100.0,38,3,3,-0.0038674361873029,1.0,3,0.7416142279593392,0.8082904043016316,0.0204393533941609
toy,20,13,177.827941,38,3,3,-0.0038674361873029,1.0,3,0.7416142279593392,0.8082904043016316,0.0204393533941609
toy,20,13,316.227766,38,3,3,-0.0038674361873029,1.0,3,0.7416142279593392,0.8082904043016316,0.0204393533941609
toy,20,13,562.341325,38,3,3,-0.0038674361873029,1.0,3,0.7416142279593392,0.8082904043016316,0.0204393533941609
toy,20,13,1000.0,38,3,1,-0.0038674361873029,,3,0.7416142279593392,0.8082904043016316,0.0204393533941609
toy,20,14,0.001,38,3,1,-0.0327713880573499,0.0011351008096523,3,0.1365131223067829,0.1527092738512803,0.2182938756800443
toy,20,14,0.001778,38,3,1,-0.0045480386583285,-0.0122134512156615,3,0.057169382140212,0.0579324036217879,0.2577358465430229
toy,20,14,0.003162,38,3,1,-0.0352880124545926,-0.0534657580696323,2,0.169916696267199,0.1987161255528387,0.2101368090941893
toy,20,14,0.005623,38,3,1,-0.0360082304526749,-0.0547292889758643,3,0.0929426261245532,0.1090834145907288,0.2137383018735919
toy,20,14,0.01,38,3,1,-0.0360082304526749,-0.0360082304526749,3,0.1016194136314343,0.12233844623934,0.2083000914979243
toy,20,14,0.017783,38,3,1,-0.027027027027027,-0.0360082304526749,2,0.0352207891892688,0.044231758372829,0.2227848509352543
toy,20,14,0.031623,38,3,1,-0.0360082304526749,-0.0547292889758643,3,0.0271941296285547,0.0,0.2277031078693973
toy,20,14,0.056234,38,3,1,-0.0360082304526749,-0.0360082304526749,3,0.0271941296285547,0.0,0.2278382790831185
toy,20,14,0.1,38,3,2,-0.027027027027027,-0.027027027027027,2,0.0182640245353588,0.0,0.2272558650680953
toy,20,14,0.177828,38,3,1,-0.027027027027027,-0.027027027027027,2,0.0003288795303774,0.0003987319951093,0.2270153174852514
toy,20,14,0.316228,38,3,2,-0.027027027027027,-0.027027027027027,2,0.0026354316571892,0.0,0.2271608553696062
toy,20,14,0.5,38,3,2,1.0,1.0,2,0.0001963607349362,9.441857540719976e-07,0.2271953430894263
toy,20,14,0.562341,38,3,1,1.0,1.0,2,0.0001963607349362,9.441857540719976e-07,0.2271953430894263
toy,20,14,1.0,38,3,3,1.0,1.0,2,0.0001963607349362,9.441857540719976e-07,0.2271953430894263
toy,20,14,1.778279,38,3,10,1.0,0.0906801007556675,2,0.0001963607349362,9.441857540719976e-07,0.2271953430894263
toy,20,14,3.162278,38,3,10,0.0906801007556675,0.6857866507747318,3,0.1922224993826718,9.343385498756168e-07,0.2297114648719575
toy,20,14,5.623413,38,3,10,-0.021505376344086,0.4646692750045952,3,0.7952439614203781,0.8631326190107113,0.0121486504841593
toy,20,14,10.0,38,3,10,0.034833091436865,0.4646692750045952,3,0.1603082837621298,0.000953440655296,0.2304215880016495
toy,20,14,17.782794,38,3,8,-0.021505376344086,1.0,3,0.7952439614203781,0.8631326190107113,0.0121486504841593
toy,20,14,31.622777,38,3,8,-0.021505376344086,1.0,3,0.7952439614203781,0.8631326190107113,0.0121486504841593
toy,20,14,56.234133,38,3,7,-0.021505376344086,1.0,3,0.7952439614203781,0.8631326190107113,0.0121486504841593
toy,20,14,100.0,38,3,3,-0.021505376344086,1.0,3,0.7952439614203781,0.8631326190107113,0.0121486504841593
toy,20,14,177.827941,38,3,3,-0.021505376344086,1.0,3,0.7952439614203781,0.8631326190107113,0.0121486504841593
toy,20,14,316.227766,38,3,3,-0.021505376344086,1.0,3,0.7952439614203781,0.8631326190107113,0.0121486504841593
toy,20,14,562.341325,38,3,3,-0.021505376344086,1.0,3,0.7952439614203781,0.8631326190107113,0.0121486504841593
toy,20,14,1000.0,38,3,1,-0.021505376344086,,3,0.7952439614203781,0.8631326190107113,0.0121486504841593
toy,20,15,0.001,36,3,1,-0.015459007985933,0.0123498562003045,3,0.0799811997188084,0.0903471945289785,0.2315119046223478
toy,20,15,0.001778,36,3,1,0.0172229480935978,0.0102868004696148,3,0.1387947901127151,0.159889840637771,0.2386157967602636
toy,20,15,0.003162,36,3,1,-0.0012879894979317,-0.0307260444234004,3,0.0254819593624904,0.0293288259032036,0.2285339031764102
toy,20,15,0.005623,36,3,1,-0.068461389837058,-0.0418521816562778,3,0.2741191931665573,0.3137964882603902,0.2045895385960464
toy,20,15,0.01,36,3,1,-0.0380622837370242,-0.0285714285714285,2,0.0333915334635826,0.0426266785024009,0.2072079699377329
toy,20,15,0.017783,36,3,1,-0.0380622837370242,0.4710596616206589,2,0.038472759906515,0.0491989587209998,0.2070832569521024
toy,20,15,0.031623,36,3,1,-0.068461389837058,-0.094755133753279,3,0.234419154979713,0.2707342022210229,0.191154667761203
toy,20,15,0.056234,36,3,1,-0.0741090787791182,-0.0741090787791182,3,0.0386290678051631,0.0,0.2125595750821224
toy,20,15,0.1,36,3,1,-0.0578935131364798,-0.0578935131364798,3,0.0245438022142182,0.0007961767537071,0.2116990548373093
toy,20,15,0.177828,36,3,1,-0.0578935131364798,-0.0578935131364798,3,0.0237989100653649,0.0,0.2116262300268389
toy,20,15,0.316228,36,3,1,1.0,1.0,3,0.0055776845058218,0.0051668235528935,0.2135186542088087
toy,20,15,0.5,36,3,1,1.0,0.991810311208174,3,0.0055776845058218,0.0051668235528935,0.2135186542088087
toy,20,15,0.562341,36,3,1,0.991810311208174,-0.0372526193247962,2,0.0032389997968435,0.0029254229016919,0.212188397297657
toy,20,15,1.0,36,3,1,-0.0380622837370242,0.4710596616206589,2,0.0003266009941592,0.0003989621482887,0.2109390684232963
toy,20,15,1.778279,36,3,1,0.7700779287692406,0.4710596616206589,3,0.0034558741324469,0.0031679949248487,0.2121324836001683
toy,20,15,3.162278,36,3,10,-0.0380622837370242,0.0961347869177403,2,0.0003266009941592,0.0003989621482887,0.2109390684232963
toy,20,15,5.623413,36,3,10,-0.0187483948292098,0.7669184522891938,3,0.0413869343046803,0.0034174046068094,0.2125833563750686
toy,20,15,10.0,36,3,10,-0.0490727892014633,1.0,3,0.5872749606133172,0.6567464322522499,0.0471312404466991
toy,20,15,17.782794,36,3,10,-0.0490727892014633,1.0,3,0.5872749606133172,0.6567464322522499,0.0471312404466991
toy,20,15,31.622777,36,3,8,-0.0490727892014633,1.0,3,0.5872749606133172,0.6567464322522499,0.0471312404466991
toy,20,15,56.234133,36,3,8,-0.0490727892014633,1.0,3,0.5872749606133172,0.6567464322522499,0.0471312404466991
toy,20,15,100.0,36,3,8,-0.0490727892014633,1.0,3,0.5872749606133172,0.6567464322522499,0.0471312404466991
toy,20,15,177.827941,36,3,3,-0.0490727892014633,1.0,3,0.5872749606133172,0.6567464322522499,0.0471312404466991
toy,20,15,316.227766,36,3,3,-0.0490727892014633,1.0,3,0.5872749606133172,0.6567464322522499,0.0471312404466991
toy,20,15,562.341325,36,3,3,-0.0490727892014633,1.0,3,0.5872749606133172,0.6567464322522499,0.0471312404466991
toy,20,15,1000.0,36,3,1,-0.0490727892014633,,3,0.5872749606133172,0.6567464322522499,0.0471312404466991
toy,20,16,0.001,38,3,1,0.0668756530825496,0.0144310537756112,3,0.060277157751151,0.0674290710460632,0.270259479093642
toy,20,16,0.001778,38,3,1,0.0050418242236736,0.0133663035487535,3,0.1291325861462325,0.1505147395545021,0.2694255456702428
toy,20,16,0.003162,38,3,1,-0.0360082304526749,-0.0534657580696323,3,0.2314071792121882,0.2621009539576418,0.2042173199107061
toy,20,16,0.005623,38,3,1,-0.0352880124545926,-0.0534657580696323,2,0.0647860877780756,0.0823772382107071,0.2223724637239227
toy,20,16,0.01,38,3,1,-0.0360082304526749,-0.0360082304526749,3,0.0652945327285324,0.0810559799836178,0.2217733696456994
toy,20,16,0.017783,38,3,1,-0.027027027027027,-0.0352880124545926,2,0.0476545061361836,0.0607240550038966,0.2246153650425865
toy,20,16,0.031623,38,3,1,-0.0352880124545926,-0.0522098961084698,2,0.0146493166077096,0.0,0.2322259097450378
toy,20,16,0.056234,38,3,1,-0.0352880124545926,-0.0631355893832236,2,0.0254842898977275,0.0,0.2324885372727134
toy,20,16,0.1,38,3,1,-0.0396510705789056,-0.0647865991092518,3,0.0349533102830835,0.0,0.2321923032298195
toy,20,16,0.177828,38,3,2,-0.0360082304526749,-0.0360082304526749,3,0.0122083089280273,0.0,0.2318887219915581
toy,20,16,0.316228,38,3,1,-0.027027027027027,-0.027027027027027,2,0.0003242834230508,0.0003989621482887,0.2315471350512749
toy,20,16,0.5,38,3,1,1.0,1.0,2,0.001821777554201,0.0022855749029801,0.2324895604085213
toy,20,16,0.562341,38,3,2,1.0,1.0,2,0.001821777554201,0.0022855749029801,0.2324895604085213
toy,20,16,1.0,38,3,1,1.0,0.4726407613005551,2,0.001821777554201,0.0022855749029801,0.2324895604085213
toy,20,16,1.778279,38,3,10,0.4726407613005551,0.0934324050477447,3,0.0250118486096862,0.0022855749029801,0.2329366749481145
toy,20,16,3.162278,38,3,10,0.0906801007556675,0.6857866507747318,3,0.1468241558353174,0.0022706173420634,0.2351192918433131
toy,20,16,5.623413,38,3,10,-0.021505376344086,1.0,3,0.7074248632733694,0.7953846232870346,0.0236891918875754
toy,20,16,10.0,38,3,10,-0.021505376344086,1.0,3,0.7074248632733694,0.7953846232870346,0.0236891918875754
toy,20,16,17.782794,38,3,9,-0.021505376344086,1.0,3,0.7074248632733694,0.7953846232870346,0.0236891918875754
toy,20,16,31.622777,38,3,9,-0.021505376344086,1.0,3,0.7074248632733694,0.7953846232870346,0.0236891918875754
toy,20,16,56.234133,38,3,4,-0.021505376344086,1.0,3,0.7074248632733694,0.7953846232870346,0.0236891918875754
toy,20,16,100.0,38,3,4,-0.021505376344086,1.0,3,0.7074248632733694,0.7953846232870346,0.0236891918875754
toy,20,16,177.827941,38,3,3,-0.021505376344086,1.0,3,0.7074248632733694,0.7953846232870346,0.0236891918875754
toy,20,16,316.227766,38,3,3,-0.021505376344086,1.0,3,0.7074248632733694,0.7953846232870346,0.0236891918875754
toy,20,16,562.341325,38,3,3,-0.021505376344086,1.0,3,0.7074248632733694,0.7953846232870346,0.0236891918875754
toy,20,16,1000.0,38,3,1,-0.021505376344086,,3,0.7074248632733694,0.7953846232870346,0.0236891918875754
toy,20,17,0.001,38,3,1,-0.0330969267139479,0.0036801265337123,3,0.0479428773854379,0.0547824716930662,0.2421881548560198
toy,20,17,0.001778,38,3,1,-0.0203193033381712,0.04425946400954,3,0.0163434138373856,0.0158636098993948,0.2292511808699369
toy,20,17,0.003162,38,3,1,-0.0352880124545926,0.0,2,0.1158197138091636,0.1436763980714527,0.2004258827079591
toy,20,17,0.005623,38,3,1,0.0,0.0,1,0.0,0.0,0.2191827700313799
toy,20,17,0.01,38,3,1,-0.0396510705789056,-0.0631355893832236,3,0.11792742247868,0.1461588040200193,0.2094468862836314
toy,20,17,0.017783,38,3,1,-0.0352880124545926,-0.072254710851202,2,0.0200332455393868,0.0,0.2200624875563342
toy,20,17,0.031623,38,3,1,-0.0421052631578947,-0.0744101633393829,3,0.0721145356507073,0.0,0.2209245428371246
toy,20,17,0.056234,38,3,1,-0.0360082304526749,-0.0547292889758643,3,0.0141708643524151,0.0,0.2197453475057156
toy,20,17,0.1,38,3,1,-0.0360082304526749,1.0,3,0.0176621357407266,0.0,0.219800468888683
toy,20,17,0.177828,38,3,2,-0.0360082304526749,-0.0360082304526749,3,0.0176621357407266,0.0,0.219800468888683
toy,20,17,0.316228,38,3,2,-0.027027027027027,-0.027027027027027,2,0.0003222619966208,0.0003991924854273,0.2191835410109073
toy,20,17,0.5,38,3,1,1.0,1.0,2,0.0167874390593381,0.0197691545869375,0.2260596339042757
toy,20,17,0.562341,38,3,2,1.0,1.0,2,0.0167874390593381,0.0197691545869375,0.2260596339042757
toy,20,17,1.0,38,3,1,1.0,1.0,2,0.0167874390593381,0.0197691545869375,0.2260596339042757
toy,20,17,1.778279,38,3,10,1.0,0.0906801007556675,2,0.0167874390593381,0.0197691545869375,0.2260596339042757
toy,20,17,3.162278,38,3,10,0.0906801007556675,0.6857866507747318,3,0.1452290840135478,0.0197691545869375,0.2303563022483154
toy,20,17,5.623413,38,3,10,-0.021505376344086,1.0,3,0.6636037728298924,0.7610981101097679,0.0350798695682218
toy,20,17,10.0,38,3,9,-0.021505376344086,0.6344192444474267,3,0.6636037728298924,0.7610981101097679,0.0350798695682218
toy,20,17,17.782794,38,3,8,0.0010784578053383,0.6344192444474267,3,0.0669968307966451,0.0197691545869375,0.2275040754220154
toy,20,17,31.622777,38,3,8,-0.021505376344086,1.0,3,0.6636037728298924,0.7610981101097679,0.0350798695682218
toy,20,17,56.234133,38,3,4,-0.021505376344086,1.0,3,0.6636037728298924,0.7610981101097679,0.0350798695682218
toy,20,17,100.0,38,3,4,-0.021505376344086,1.0,3,0.6636037728298924,0.7610981101097679,0.0350798695682218
toy,20,17,177.827941,38,3,3,-0.021505376344086,1.0,3,0.6636037728298924,0.7610981101097679,0.0350798695682218
toy,20,17,316.227766,38,3,3,-0.021505376344086,1.0,3,0.6636037728298924,0.7610981101097679,0.0350798695682218
toy,20,17,562.341325,38,3,3,-0.021505376344086,1.0,3,0.6636037728298924,0.7610981101097679,0.0350798695682218
toy,20,17,1000.0,38,3,1,-0.021505376344086,,3,0.6636037728298924,0.7610981101097679,0.0350798695682218
toy,20,18,0.001,38,3,1,-0.010356917286449,0.0174045574513958,3,0.0102562126381308,0.0033290715757603,0.2418426344349946
toy,20,18,0.001778,38,3,1,-0.0762021990752712,-0.0408892417626042,3,0.0210387880699164,0.0018347549108612,0.2406966688960746
toy,20,18,0.003162,38,3,1,-0.0360082304526749,-0.0396510705789056,2,0.0590905943864958,0.0738659790561254,0.2285037980152079
toy,20,18,0.005623,38,3,1,-0.0647865991092518,-0.0631355893832236,3,0.2175516676945772,0.2559309638065435,0.1917766941040767
toy,20,18,0.01,38,3,1,-0.0534657580696323,-0.0352880124545926,2,0.1070080646695941,0.1327128825872267,0.225405621455602
toy,20,18,0.017783,38,3,1,-0.0360082304526749,-0.0421052631578947,2,0.0514860319775889,0.0672104483230466,0.2306649126041392
toy,20,18,0.031623,38,3,1,-0.0744101633393829,-0.0421052631578947,3,0.0623327458235196,0.0,0.2404902695255006
toy,20,18,0.056234,38,3,1,-0.0360082304526749,-0.027027027027027,2,0.0160338444258236,0.0,0.2393225467913841
toy,20,18,0.1,38,3,1,-0.0360082304526749,-0.027027027027027,2,0.0092967661658615,0.0003989621482887,0.2395456545126817
toy,20,18,0.177828,38,3,1,-0.0360082304526749,1.0,2,0.0125995102057752,0.0003989621482887,0.2393705923358941
toy,20,18,0.316228,38,3,1,-0.0360082304526749,-0.0360082304526749,2,0.0125995102057752,0.0003989621482887,0.2393705923358941
toy,20,18,0.5,38,3,2,1.0,1.0,3,0.0026287703961245,0.0003989621482887,0.2392536399102528
toy,20,18,0.562341,38,3,3,1.0,-0.0360082304526749,3,0.0026287703961245,0.0003989621482887,0.2392536399102528
toy,20,18,1.0,38,3,10,-0.0360082304526749,1.0,2,0.0084151633440206,0.009975962552969,0.243030420457321
toy,20,18,1.778279,38,3,10,-0.0360082304526749,0.1226993865030674,2,0.0084151633440206,0.009975962552969,0.243030420457321
toy,20,18,3.162278,38,3,8,0.124404272801972,0.2367053789731051,3,0.6345643377241024,0.7473491685437706,0.0626729756494411
toy,20,18,5.623413,38,3,10,-0.0072631105623766,0.7562775494031995,3,0.1306136296016067,0.0106854913737428,0.2458128168073517
toy,20,18,10.0,38,3,10,0.0209774136194319,0.4858157880988454,3,0.0659056357762674,0.010300811799459,0.2443895198779683
toy,20,18,17.782794,38,3,10,-0.0038674361873029,1.0,3,0.6493851359207216,0.7500827259911085,0.0354646846467384
toy,20,18,31.622777,38,3,9,-0.0038674361873029,1.0,3,0.6493851359207216,0.7500827259911085,0.0354646846467384
toy,20,18,56.234133,38,3,6,-0.0038674361873029,1.0,3,0.6493851359207216,0.7500827259911085,0.0354646846467384
toy,20,18,100.0,38,3,4,-0.0038674361873029,0.915831903260566,3,0.6493851359207216,0.7500827259911085,0.0354646846467384
toy,20,18,177.827941,38,3,3,0.0330689766175997,1.0,3,0.6497143793774806,0.7504599553120374,0.0355080541115884
toy,20,18,316.227766,38,3,3,0.0330689766175997,1.0,3,0.6497143793774806,0.7504599553120374,0.0355080541115884
toy,20,18,562.341325,38,3,3,0.0330689766175997,0.915831903260566,3,0.6497143793774806,0.7504599553120374,0.0355080541115884
toy,20,18,1000.0,38,3,1,-0.0038674361873029,,3,0.6503577817083016,0.7504599553120374,0.0355274711093004
toy,20,19,0.001,38,3,1,0.0387858347386172,-0.0052692244360283,3,0.0262433793005238,0.0313001940175007,0.2426708179822418
toy,20,19,0.001778,38,3,1,0.0186915887850467,-0.0065755544094894,3,0.0145125318036977,0.0078629334977838,0.2274122612514148
toy,20,19,0.003162,38,3,1,-0.0360082304526749,-0.0534657580696323,3,0.1185201922889317,0.1464295358843644,0.2072186248189628
toy,20,19,0.005623,38,3,1,-0.0352880124545926,-0.0352880124545926,2,0.1250898239677748,0.1524292398450475,0.2042891422821126
toy,20,19,0.01,38,3,1,-0.027027027027027,-0.0352880124545926,2,0.0592974719182778,0.0778603569451989,0.2147227214546555
toy,20,19,0.017783,38,3,1,-0.0352880124545926,-0.0534657580696323,2,0.0254238704740205,0.0,0.2235720149722634
toy,20,19,0.031623,38,3,1,-0.0360082304526749,-0.0547292889758643,3,0.0144429410043201,0.0,0.2231242353343272
toy,20,19,0.056234,38,3,1,-0.0360082304526749,-0.0360082304526749,3,0.0275108398205283,0.0,0.2232462266042922
toy,20,19,0.1,38,3,1,-0.027027027027027,-0.027027027027027,2,0.0067155181688252,0.0,0.2228277873457167
toy,20,19,0.177828,38,3,1,-0.027027027027027,1.0,2,0.0111541135049357,0.0,0.2226677619418427
toy,20,19,0.316228,38,3,3,-0.027027027027027,-0.027027027027027,2,0.0111541135049357,0.0,0.2226677619418427
toy,20,19,0.5,38,3,1,1.0,1.0,2,0.0021464910806228,0.002586650069642,0.2236902474420441
toy,20,19,0.562341,38,3,1,1.0,0.6481481481481481,2,0.0021464910806228,0.002586650069642,0.2236902474420441
toy,20,19,1.0,38,3,3,0.6481481481481481,1.0,3,0.002392776620522,0.0028781028067828,0.223665959855679
toy,20,19,1.778279,38,3,10,0.6481481481481481,1.0,3,0.002392776620522,0.0028781028067828,0.223665959855679
toy,20,19,3.162278,38,3,10,0.6481481481481481,-0.0124457246034134,3,0.002392776620522,0.0028781028067828,0.223665959855679
toy,20,19,5.623413,38,3,9,0.0023510971786833,1.0,3,0.1014900793510344,0.002586650069642,0.2249751659531271
toy,20,19,10.0,38,3,10,0.0023510971786833,0.5883341395727779,3,0.1014900793510344,0.002586650069642,0.2249751659531271
toy,20,19,17.782794,38,3,10,-0.021505376344086,1.0,3,0.7272745839957591,0.8333559515698381,0.0177816228799601
toy,20,19,31.622777,38,3,5,-0.021505376344086,1.0,3,0.7272745839957591,0.8333559515698381,0.0177816228799601
toy,20,19,56.234133,38,3,5,-0.021505376344086,1.0,3,0.7272745839957591,0.8333559515698381,0.0177816228799601
toy,20,19,100.0,38,3,5,-0.021505376344086,1.0,3,0.7272745839957591,0.8333559515698381,0.0177816228799601
toy,20,19,177.827941,38,3,3,-0.021505376344086,1.0,3,0.7272745839957591,0.8333559515698381,0.0177816228799601
toy,20,19,316.227766,38,3,3,-0.021505376344086,1.0,3,0.7272745839957591,0.8333559515698381,0.0177816228799601
toy,20,19,562.341325,38,3,3,-0.021505376344086,1.0,3,0.7272745839957591,0.8333559515698381,0.0177816228799601
toy,20,19,1000.0,38,3,1,-0.021505376344086,,3,0.7272745839957591,0.8333559515698381,0.0177816228799601
toy,20,20,0.001,37,3,1,-0.0179731784874879,0.0108523912278009,3,0.0149454118448461,0.0076442898832471,0.2050471349082611
toy,20,20,0.001778,37,3,1,-0.0245418583999354,-0.0383526684219512,3,0.0625494286259205,0.0762868445183273,0.2192190212513643
toy,20,20,0.003162,37,3,1,-0.0426116838487972,-0.0426116838487972,3,0.2102196758649117,0.2530297292548115,0.1828158278737009
toy,20,20,0.005623,37,3,1,-0.0277777777777777,-0.0370068027210884,2,0.1197183289739308,0.1480139080124013,0.1898353063321776
toy,20,20,0.01,37,3,1,-0.0370068027210884,-0.0549269942595812,3,0.0645901519931278,0.0834573500724982,0.1885523583135354
toy,20,20,0.017783,37,3,1,-0.0362438220757825,-0.0362438220757825,2,0.0236491606330899,0.0,0.1996118542069227
toy,20,20,0.031623,37,3,1,-0.0277777777777777,-0.0362438220757825,2,0.0360914201870984,0.0485514911208269,0.1968928404512727
toy,20,20,0.056234,37,3,2,-0.0362438220757825,-0.0549269942595812,2,0.0183344296109757,0.0,0.1989150380152432
toy,20,20,0.1,37,3,2,-0.0370068027210884,0.3522037295396042,3,0.0277813334251445,0.0,0.1995721874394603
toy,20,20,0.177828,37,3,3,-0.0407220822837951,-0.0665736574246919,3,0.031967354691179,0.0,0.1992305234714338
toy,20,20,0.316228,37,3,1,-0.0370068027210884,-0.0370068027210884,3,0.0035814206479022,0.0003991924854273,0.1986365432106699
toy,20,20,0.5,37,3,2,1.0,1.0,2,0.0074505110589141,0.0088027885672487,0.2026910966320787
toy,20,20,0.562341,37,3,1,1.0,-0.0277777777777777,2,0.0074505110589141,0.0088027885672487,0.2026910966320787
toy,20,20,1.0,37,3,1,-0.0277777777777777,1.0,2,0.0054445968795588,0.0,0.1989438350587184
toy,20,20,1.778279,37,3,10,-0.0277777777777777,1.0,2,0.0054445968795588,0.0,0.1989438350587184
toy,20,20,3.162278,37,3,10,-0.0277777777777777,0.0948012232415902,2,0.0054445968795588,0.0,0.1989438350587184
toy,20,20,5.623413,37,3,9,0.0099388379204892,0.661741619724813,3,0.0580109025868469,0.0088027885672487,0.2043278083435677
toy,20,20,10.0,37,3,10,-0.0143302180685358,1.0,3,0.6525503557562763,0.766783606574521,0.0309160433701801
toy,20,20,17.782794,37,3,10,-0.0143302180685358,1.0,3,0.6525503557562763,0.766783606574521,0.0309160433701801
toy,20,20,31.622777,37,3,8,-0.0143302180685358,1.0,3,0.6525503557562763,0.766783606574521,0.0309160433701801
toy,20,20,56.234133,37,3,7,-0.0143302180685358,1.0,3,0.6525503557562763,0.766783606574521,0.0309160433701801
toy,20,20,100.0,37,3,5,-0.0143302180685358,1.0,3,0.6525503557562763,0.766783606574521,0.0309160433701801
toy,20,20,177.827941,37,3,4,-0.0143302180685358,1.0,3,0.6525503557562763,0.766783606574521,0.0309160433701801
toy,20,20,316.227766,37,3,4,-0.0143302180685358,1.0,3,0.6525503557562763,0.766783606574521,0.0309160433701801
toy,20,20,562.341325,37,3,3,-0.0143302180685358,1.0,3,0.6525503557562763,0.766783606574521,0.0309160433701801
toy,20,20,1000.0,37,3,1,-0.0143302180685358,,3,0.6525503557562763,0.766783606574521,0.0309160433701801
toy,20,21,0.001,39,3,1,-0.0039784694593962,1.0,3,0.0375209923379348,0.0369440714964966,0.2263881835065437
toy,20,21,0.001778,39,3,1,-0.0039784694593962,0.0,3,0.0375209923379348,0.0369440714964966,0.2263881835065437
toy,20,21,0.003162,39,3,1,0.0,0.0,1,0.0,0.0,0.2206471177467977
toy,20,21,0.005623,39,3,1,-0.0386346586646661,-0.0782452096239735,3,0.1812314449914333,0.2158693173157181,0.1872527105133522
toy,20,21,0.01,39,3,1,-0.0386346586646661,-0.0615338486140724,3,0.0844159283804714,0.1097892235705529,0.2064328168208674
toy,20,21,0.017783,39,3,1,-0.0343811394891945,-0.0615338486140724,2,0.0271222526221967,0.0,0.221277463864912
toy,20,21,0.031623,39,3,1,-0.0386346586646661,-0.0630924244308993,3,0.0229753178648675,0.0,0.2217607638600972
toy,20,21,0.056234,39,3,1,-0.0350620891161431,-0.0350620891161431,3,0.0136638003021966,0.0,0.221112638494358
toy,20,21,0.1,39,3,2,-0.0263157894736842,-0.0263157894736842,2,0.0084519504202882,0.0,0.2209816266707858
toy,20,21,0.177828,39,3,1,-0.0263157894736842,-0.0263157894736842,2,0.0063503293940551,0.0,0.2208921452207987
toy,20,21,0.316228,39,3,1,1.0,1.0,2,0.0003143875101069,0.0003989621482887,0.2206519898464656
toy,20,21,0.5,39,3,2,1.0,0.6486486486486487,2,0.0003143875101069,0.0003989621482887,0.2206519898464656
toy,20,21,0.562341,39,3,1,0.6486486486486487,-0.0350620891161431,3,0.0066489735576894,0.0003989621482887,0.2208994087040304
toy,20,21,1.0,39,3,10,-0.0263157894736842,1.0,2,0.0093249355578542,0.0005569408317334,0.2208895865906411
toy,20,21,1.778279,39,3,10,-0.0263157894736842,1.0,2,0.0093249355578542,0.0005569408317334,0.2208895865906411
toy,20,21,3.162278,39,3,10,-0.0263157894736842,0.0961913078524887,2,0.0093249355578542,0.0005569408317334,0.2208895865906411
toy,20,21,5.623413,39,3,10,-0.0190770470880634,0.332685175315104,3,0.0848450982088513,0.0005569408317334,0.2248725511653805
toy,20,21,10.0,39,3,10,0.0213026990854338,1.0,3,0.4872604742833518,0.5790792360516834,0.0653637495679555
toy,20,21,17.782794,39,3,10,0.0213026990854338,1.0,3,0.4872604742833518,0.5790792360516834,0.0653637495679555
toy,20,21,31.622777,39,3,7,0.0213026990854338,1.0,3,0.4872604742833518,0.5790792360516834,0.0653637495679555
toy,20,21,56.234133,39,3,7,0.0213026990854338,1.0,3,0.4872604742833518,0.5790792360516834,0.0653637495679555
toy,20,21,100.0,39,3,4,0.0213026990854338,0.9150461160154814,3,0.4872604742833518,0.5790792360516834,0.0653637495679555
toy,20,21,177.827941,39,3,4,0.0146873458650737,1.0,3,0.4863381253194528,0.5790792360516834,0.0655196845004959
toy,20,21,316.227766,39,3,3,0.0146873458650737,1.0,3,0.4863381253194528,0.5790792360516834,0.0655196845004959
toy,20,21,562.341325,39,3,3,0.0146873458650737,1.0,3,0.4863381253194528,0.5790792360516834,0.0655196845004959
toy,20,21,1000.0,39,3,1,0.0146873458650737,,3,0.4863381253194528,0.5790792360516834,0.0655196845004959
toy,20,22,0.001,39,3,1,-0.0053013996070948,-0.0145882485642042,3,0.0234478180551757,0.0004063435934184,0.218480975161938
toy,20,22,0.001778,39,3,1,-0.0532732732732732,0.9925384406247167,3,0.2297417901050959,0.2705641726655581,0.1958303111698986
toy,20,22,0.003162,39,3,1,-0.0520798719149321,-0.0343811394891945,2,0.2508062800027263,0.3019961094734483,0.1953232089655334
toy,20,22,0.005623,39,3,1,-0.0350620891161431,-0.0400801603206412,2,0.0412085927854891,0.0558919067828461,0.2109586158620034
toy,20,22,0.01,39,3,1,-0.0684855233853006,-0.0400801603206412,3,0.1108099581389856,0.1422391697735073,0.199189341662806
toy,20,22,0.017783,39,3,1,-0.0350620891161431,0.0,2,0.0441082482613122,0.0568631427233838,0.210810234909761
toy,20,22,0.031623,39,3,1,0.0,0.0,1,0.0,0.0,0.2166376583705344
toy,20,22,0.056234,39,3,1,-0.0350620891161431,-0.0343811394891945,2,0.0041302961735938,0.0,0.2167667640918373
toy,20,22,0.1,39,3,1,-0.0520798719149321,-0.0520798719149321,2,0.0163567871139198,0.0,0.2174704432576482
toy,20,22,0.177828,39,3,1,-0.0532732732732732,-0.0532732732732732,3,0.016344673641266,0.0,0.2170475318355187
toy,20,22,0.316228,39,3,2,1.0,1.0,3,0.0079869484877087,0.0097466734916781,0.2204477249544955
toy,20,22,0.5,39,3,1,1.0,1.0,3,0.0079869484877087,0.0097466734916781,0.2204477249544955
toy,20,22,0.562341,39,3,1,1.0,1.0,3,0.0079869484877087,0.0097466734916781,0.2204477249544955
toy,20,22,1.0,39,3,1,1.0,1.0,3,0.0079869484877087,0.0097466734916781,0.2204477249544955
toy,20,22,1.778279,39,3,10,1.0,-0.0025379111731089,3,0.0079869484877087,0.0097466734916781,0.2204477249544955
toy,20,22,3.162278,39,3,10,-0.0025379111731089,1.0,3,0.6541272877772076,0.779511116428091,0.0312851675086822
toy,20,22,5.623413,39,3,10,-0.0025379111731089,1.0,3,0.6541272877772076,0.779511116428091,0.0312851675086822
toy,20,22,10.0,39,3,10,-0.0025379111731089,1.0,3,0.6541272877772076,0.779511116428091,0.0312851675086822
toy,20,22,17.782794,39,3,10,-0.0025379111731089,1.0,3,0.6541272877772076,0.779511116428091,0.0312851675086822
toy,20,22,31.622777,39,3,9,-0.0025379111731089,1.0,3,0.6541272877772076,0.779511116428091,0.0312851675086822
toy,20,22,56.234133,39,3,10,-0.0025379111731089,1.0,3,0.6541272877772076,0.779511116428091,0.0312851675086822
toy,20,22,100.0,39,3,4,-0.0025379111731089,1.0,3,0.6541272877772076,0.779511116428091,0.0312851675086822
toy,20,22,177.827941,39,3,3,-0.0025379111731089,1.0,3,0.6541272877772076,0.779511116428091,0.0312851675086822
toy,20,22,316.227766,39,3,3,-0.0025379111731089,1.0,3,0.6541272877772076,0.779511116428091,0.0312851675086822
toy,20,22,562.341325,39,3,3,-0.0025379111731089,1.0,3,0.6541272877772076,0.779511116428091,0.0312851675086822
toy,20,22,1000.0,39,3,1,-0.0025379111731089,,3,0.6541272877772076,0.779511116428091,0.0312851675086822
toy,20,23,0.001,34,3,1,-0.0019980019980019,-0.0406613047363717,3,0.0229577208155506,0.025259352427464,0.2318302687434378
toy,20,23,0.001778,34,3,1,0.0304640453418349,0.0735372394873684,3,0.0520059249539105,0.0640205596681599,0.2512370283822859
toy,20,23,0.003162,34,3,1,0.0058479532163742,-0.0258746891035544,3,0.0618402353372843,0.0742506973476472,0.2606423847310656
toy,20,23,0.005623,34,3,1,-0.039447731755424,0.0,2,0.1530140482748235,0.1983438469348669,0.1982776070419023
toy,20,23,0.01,34,3,1,0.0,0.0,1,0.0,0.0,0.2158716930893565
toy,20,23,0.017783,34,3,1,-0.0303030303030303,-0.039447731755424,2,0.0080198118606775,0.0,0.2162994373777005
toy,20,23,0.031623,34,3,1,-0.039447731755424,-0.0582243460764587,2,0.0228047283085496,0.0,0.2164554166855506
toy,20,23,0.056234,34,3,1,-0.039447731755424,-0.0598291932738996,2,0.0045652422689022,0.004784028106887,0.2178629666623966
toy,20,23,0.1,34,3,1,-0.0403645833333333,-0.0403645833333333,3,0.0207975649320866,0.0,0.2168280899044582
toy,20,23,0.177828,34,3,1,-0.0303030303030303,-0.0303030303030303,2,0.0030218716741469,0.0,0.2159493594755194
toy,20,23,0.316228,34,3,1,-0.0303030303030303,-0.0303030303030303,2,0.0080198118606775,0.0,0.2161693610058526
toy,20,23,0.5,34,3,4,1.0,1.0,2,0.0068245897213465,0.0089929496356134,0.2190108599971419
toy,20,23,0.562341,34,3,1,1.0,1.0,2,0.0068245897213465,0.0089929496356134,0.2190108599971419
toy,20,23,1.0,34,3,1,1.0,1.0,2,0.0068245897213465,0.0089929496356134,0.2190108599971419
toy,20,23,1.778279,34,3,10,1.0,0.4692849949647533,2,0.0068245897213465,0.0089929496356134,0.2190108599971419
toy,20,23,3.162278,34,3,10,0.4692849949647533,0.2648833063783069,3,0.0077501912685225,0.0086806567954194,0.2202777938365832
toy,20,23,5.623413,34,3,10,0.0814307458143074,0.4538480509871623,3,0.0706337516613988,2.423679936472656e-06,0.2194456128238354
toy,20,23,10.0,34,3,10,0.0709373868982989,1.0,3,0.0890185744597619,0.0002164019608362,0.2202026697620098
toy,20,23,17.782794,34,3,9,0.0709373868982989,0.6320394590127376,3,0.0890185744597619,0.0002164019608362,0.2202026697620098
toy,20,23,31.622777,34,3,10,-0.0331149927219796,1.0,3,0.464149658519276,0.5535199197784788,0.0716638716076596
toy,20,23,56.234133,34,3,8,-0.0331149927219796,1.0,3,0.464149658519276,0.5535199197784788,0.0716638716076596
toy,20,23,100.0,34,3,5,-0.0331149927219796,1.0,3,0.464149658519276,0.5535199197784788,0.0716638716076596
toy,20,23,177.827941,34,3,4,-0.0331149927219796,1.0,3,0.464149658519276,0.5535199197784788,0.0716638716076596
toy,20,23,316.227766,34,3,3,-0.0331149927219796,1.0,3,0.464149658519276,0.5535199197784788,0.0716638716076596
toy,20,23,562.341325,34,3,3,-0.0331149927219796,1.0,3,0.464149658519276,0.5535199197784788,0.0716638716076596
toy,20,23,1000.0,34,3,1,-0.0331149927219796,,3,0.464149658519276,0.5535199197784788,0.0716638716076596
toy,20,24,0.001,36,3,1,-0.0126514131897711,-0.0230699832452635,3,0.1684340622632937,0.1971429458321878,0.2469951280699371
toy,20,24,0.001778,36,3,1,-0.0434782608695652,-0.0095312196070803,3,0.0129218859274387,0.0016251911547855,0.2159708755744557
toy,20,24,0.003162,36,3,1,-0.0088333840999086,-0.0253666519796059,3,0.1322708202773726,0.1566685730292174,0.278601161110151
toy,20,24,0.005623,36,3,1,-0.0418521816562778,-0.0960990959492532,3,0.1096755659362586,0.1429994278847689,0.2008747328055898
toy,20,24,0.01,36,3,1,-0.0437636761487965,-0.0728565082185695,3,0.0371774905429421,0.0,0.2164581672092687
toy,20,24,0.017783,36,3,1,-0.0372526193247962,-0.0564698541455424,2,0.0063373620438233,0.0072369949192212,0.2186194422573524
toy,20,24,0.031623,36,3,1,-0.0380622837370242,-0.0564698541455424,3,0.0193242737755912,0.0,0.2154117370865789
toy,20,24,0.056234,36,3,1,-0.0372526193247962,-0.0372526193247962,2,0.0298296610218038,0.0,0.2150764438017457
toy,20,24,0.1,36,3,1,-0.0285714285714285,-0.0285714285714285,2,0.0136207774777162,0.0,0.2150978475162833
toy,20,24,0.177828,36,3,2,-0.0285714285714285,-0.0285714285714285,2,0.011692872758558,0.0,0.214951381461764
toy,20,24,0.316228,36,3,3,-0.0285714285714285,-0.0285714285714285,2,0.0078210245415264,0.0,0.2148915827147337
toy,20,24,0.5,36,3,2,1.0,1.0,2,0.0003096785402491,0.0003991924854273,0.2145981044290632
toy,20,24,0.562341,36,3,1,1.0,1.0,2,0.0003096785402491,0.0003991924854273,0.2145981044290632
toy,20,24,1.0,36,3,10,1.0,1.0,2,0.0003096785402491,0.0003991924854273,0.2145981044290632
toy,20,24,1.778279,36,3,10,1.0,0.4710596616206589,2,0.0003096785402491,0.0003991924854273,0.2145981044290632
toy,20,24,3.162278,36,3,10,0.4710596616206589,0.1784420205482642,3,0.0065415059980865,0.0074766602273224,0.2186534313057253
toy,20,24,5.623413,36,3,10,0.007964319847085,0.370671718269619,3,0.1120520530366565,0.0074766602273224,0.2222037091509044
toy,20,24,10.0,36,3,10,-0.0283436669619132,1.0,3,0.6261521504504917,0.7428809050356756,0.0340722621361658
toy,20,24,17.782794,36,3,9,-0.0283436669619132,1.0,3,0.6261521504504917,0.7428809050356756,0.0340722621361658
toy,20,24,31.622777,36,3,7,-0.0283436669619132,0.9092364334880744,3,0.6261521504504917,0.7428809050356756,0.0340722621361658
toy,20,24,56.234133,36,3,5,0.0261870503597122,1.0,3,0.6264587846273316,0.7432381224577604,0.0341401039530701
toy,20,24,100.0,36,3,5,0.0261870503597122,1.0,3,0.6264587846273316,0.7432381224577604,0.0341401039530701
toy,20,24,177.827941,36,3,3,0.0261870503597122,1.0,3,0.6264587846273316,0.7432381224577604,0.0341401039530701
toy,20,24,316.227766,36,3,3,0.0261870503597122,1.0,3,0.6264587846273316,0.7432381224577604,0.0341401039530701
toy,20,24,562.341325,36,3,3,0.0261870503597122,1.0,3,0.6264587846273316,0.7432381224577604,0.0341401039530701
toy,20,24,1000.0,36,3,1,0.0261870503597122,,3,0.6264587846273316,0.7432381224577604,0.0341401039530701
toy,20,25,0.001,40,3,1,0.0247900020487605,-0.012835655230316,3,0.0448513872858349,0.0531634621016443,0.2505150479265934
toy,20,25,0.001778,40,3,1,-0.0197775030902348,-0.0006687115672563,3,0.0385013588388219,0.0414682705777529,0.2170445926926007
toy,20,25,0.003162,40,3,1,-0.0091564387297876,-0.0055301527500802,3,0.0227902869439889,0.02713111653493,0.2356254432383959
toy,20,25,0.005623,40,3,1,-0.0376687988628287,-0.061484120552302,3,0.1121514738245399,0.1490019918119271,0.2081538043167069
toy,20,25,0.01,40,3,1,-0.0341643582640812,-0.0341643582640812,3,0.0995863743330935,0.1294256722442811,0.2055630624219696
toy,20,25,0.017783,40,3,1,-0.0256410256410256,-0.0401188707280832,2,0.0123521915101348,0.0,0.2186781118657235
toy,20,25,0.031623,40,3,1,-0.0401188707280832,-0.0707981957246518,3,0.0389960710421274,0.0,0.2201104498113395
toy,20,25,0.056234,40,3,1,-0.0341643582640812,-0.0341643582640812,3,0.0289924949984426,0.0,0.219023489993022
toy,20,25,0.1,40,3,1,-0.0256410256410256,-0.0256410256410256,2,0.0085791324594097,0.0,0.2185691451142547
toy,20,25,0.177828,40,3,2,-0.0256410256410256,-0.0256410256410256,2,0.0085791324594097,0.0,0.2184771902629883
toy,20,25,0.316228,40,3,1,1.0,1.0,2,0.0003078827648393,0.0003987319951093,0.2181338449593739
toy,20,25,0.5,40,3,2,1.0,1.0,2,0.0003078827648393,0.0003987319951093,0.2181338449593739
toy,20,25,0.562341,40,3,2,1.0,1.0,2,0.0003078827648393,0.0003987319951093,0.2181338449593739
toy,20,25,1.0,40,3,1,1.0,0.0893596299001704,2,0.0003078827648393,0.0003987319951093,0.2181338449593739
toy,20,25,1.778279,40,3,9,0.0893596299001704,0.5195597303214317,3,0.1321705981379121,0.0003987319951093,0.2227335111084672
toy,20,25,3.162278,40,3,9,0.0142828404747535,1.0,3,0.8208054874442082,1.0,0.0196076548048623
toy,20,25,5.623413,40,3,9,0.0142828404747535,1.0,3,0.8208054874442082,1.0,0.0196076548048623
toy,20,25,10.0,40,3,9,0.0142828404747535,1.0,3,0.8208054874442082,1.0,0.0196076548048623
toy,20,25,17.782794,40,3,9,0.0142828404747535,1.0,3,0.8208054874442082,1.0,0.0196076548048623
toy,20,25,31.622777,40,3,9,0.0142828404747535,1.0,3,0.8208054874442082,1.0,0.0196076548048623
toy,20,25,56.234133,40,3,7,0.0142828404747535,1.0,3,0.8208054874442082,1.0,0.0196076548048623
toy,20,25,100.0,40,3,3,0.0142828404747535,1.0,3,0.8208054874442082,1.0,0.0196076548048623
toy,20,25,177.827941,40,3,3,0.0142828404747535,1.0,3,0.8208054874442082,1.0,0.0196076548048623
toy,20,25,316.227766,40,3,3,0.0142828404747535,1.0,3,0.8208054874442082,1.0,0.0196076548048623
toy,20,25,562.341325,40,3,3,0.0142828404747535,1.0,3,0.8208054874442082,1.0,0.0196076548048623
toy,20,25,1000.0,40,3,3,0.0142828404747535,,3,0.8208054874442082,1.0,0.0196076548048623
toy,20,26,0.001,37,3,1,0.020366598778004,-0.053637741568776,3,0.0166814715104475,0.0094351140529983,0.2152289288497046
toy,20,26,0.001778,37,3,1,0.020366598778004,-0.0065684728685151,3,0.0223602779634069,0.0265057966943793,0.2264881355717618
toy,20,26,0.003162,37,3,1,-0.0370068027210884,-0.0370068027210884,3,0.1312785076007382,0.1699269722062918,0.1944718929249003
toy,20,26,0.005623,37,3,1,-0.0277777777777777,-0.0370068027210884,2,0.0729172946086323,0.0970194296244613,0.1978328935013614
toy,20,26,0.01,37,3,1,-0.0370068027210884,-0.0549269942595812,3,0.0669396747981028,0.0902338425803,0.1963521268234321
toy,20,26,0.017783,37,3,1,-0.0362438220757825,-0.0535953978906999,2,0.009300791382581,0.0,0.208734137987005
toy,20,26,0.031623,37,3,1,-0.0362438220757825,-0.064821759898938,2,0.0148124840548646,0.0,0.2092886248110539
toy,20,26,0.056234,37,3,1,-0.0407220822837951,-0.0407220822837951,3,0.0380756196720707,0.0,0.2096387849225013
toy,20,26,0.1,37,3,1,-0.0277777777777777,-0.0277777777777777,2,0.0009383171846794,0.0,0.208241319285024
toy,20,26,0.177828,37,3,1,-0.0277777777777777,-0.0277777777777777,2,0.0184638415972438,0.0,0.208396807916107
toy,20,26,0.316228,37,3,1,-0.0277777777777777,-0.0277777777777777,2,0.0003066236884182,0.0003989621482887,0.2081976042798146
toy,20,26,0.5,37,3,1,1.0,1.0,2,0.0013433555569149,0.0018191748161255,0.2089196471698008
toy,20,26,0.562341,37,3,2,1.0,0.6476190476190476,2,0.0013433555569149,0.0018191748161255,0.2089196471698008
toy,20,26,1.0,37,3,1,0.6476190476190476,1.0,3,0.0109010568303833,0.0018191748161255,0.2092280284313801
toy,20,26,1.778279,37,3,10,0.6476190476190476,0.0946551006363582,3,0.0109010568303833,0.0018191748161255,0.2092280284313801
toy,20,26,3.162278,37,3,10,0.0931785416192427,0.6710427918570835,3,0.1230238118108507,0.0018191748161255,0.2129545992212413
toy,20,26,5.623413,37,3,10,-0.0206569155760841,1.0,3,0.6645259393959524,0.8148618116502714,0.027430130162121
toy,20,26,10.0,37,3,10,-0.0206569155760841,1.0,3,0.6645259393959524,0.8148618116502714,0.027430130162121
toy,20,26,17.782794,37,3,10,-0.0206569155760841,1.0,3,0.6645259393959524,0.8148618116502714,0.027430130162121
toy,20,26,31.622777,37,3,8,-0.0206569155760841,1.0,3,0.6645259393959524,0.8148618116502714,0.027430130162121
toy,20,26,56.234133,37,3,8,-0.0206569155760841,1.0,3,0.6645259393959524,0.8148618116502714,0.027430130162121
toy,20,26,100.0,37,3,8,-0.0206569155760841,1.0,3,0.6645259393959524,0.8148618116502714,0.027430130162121
toy,20,26,177.827941,37,3,3,-0.0206569155760841,1.0,3,0.6645259393959524,0.8148618116502714,0.027430130162121
toy,20,26,316.227766,37,3,3,-0.0206569155760841,1.0,3,0.6645259393959522,0.8148618116502713,0.027430130162121
toy,20,26,562.341325,37,3,3,-0.0206569155760841,1.0,3,0.6645259393959522,0.8148618116502713,0.027430130162121
toy,20,26,1000.0,37,3,1,-0.0206569155760841,,3,0.6645259393959522,0.8148618116502713,0.027430130162121
toy,20,27,0.001,42,3,1,-0.0241448692152917,1.0,3,0.1247167095802418,0.1508062337445523,0.262981694931191
toy,20,27,0.001778,42,3,1,-0.0241448692152917,0.0965155564520195,3,0.1247167095802418,0.1508062337445523,0.262981694931191
toy,20,27,0.003162,42,3,1,-0.0358744394618834,-0.0585004119747322,3,0.1907831576118037,0.2374406313733832,0.2017089030287267
toy,20,27,0.005623,42,3,1,-0.0325,-0.0483204812949125,3,0.0786350992503533,0.1073262060967919,0.20570413201687
toy,20,27,0.01,42,3,1,-0.0319193616127677,-0.0483204812949125,2,0.0689015877598168,0.0947263341438598,0.2092383820212255
toy,20,27,0.017783,42,3,1,-0.0325,-0.0585004119747322,3,0.0679687934165535,0.0934403563947253,0.2040013733684409
toy,20,27,0.031623,42,3,1,-0.0358744394618834,-0.0358744394618834,3,0.0303030132233054,0.0,0.2152724814272875
toy,20,27,0.056234,42,3,1,-0.024390243902439,-0.024390243902439,2,0.009087987267884,0.0,0.2148326182686744
toy,20,27,0.1,42,3,1,-0.024390243902439,-0.024390243902439,2,0.0027441364168579,0.0,0.2143289161553505
toy,20,27,0.177828,42,3,2,-0.024390243902439,-0.024390243902439,2,0.0009168403919685,0.0,0.2142620113013734
toy,20,27,0.316228,42,3,1,1.0,1.0,2,0.0003055762930485,0.0003994230067602,0.2142128952283841
toy,20,27,0.5,42,3,1,1.0,0.65,2,0.0003055762930485,0.0003994230067602,0.2142128952283841
toy,20,27,0.562341,42,3,1,0.65,0.65,3,0.0012200828849525,0.0003994230067602,0.2142586056068151
toy,20,27,1.0,42,3,3,1.0,0.0831600831600831,2,0.0003055762930485,0.0003994230067602,0.2142128952283841
toy,20,27,1.778279,42,3,10,0.0831600831600831,0.7393135338966723,3,0.1401425518402039,0.0003994230067602,0.2191651971974817
toy,20,27,3.162278,42,3,10,0.0176522506619594,1.0,3,0.8071896949080202,1.0,0.0198468902335947
toy,20,27,5.623413,42,3,10,0.0176522506619594,1.0,3,0.8071896949080202,1.0,0.0198468902335947
toy,20,27,10.0,42,3,10,0.0176522506619594,1.0,3,0.8071896949080202,1.0,0.0198468902335947
toy,20,27,17.782794,42,3,6,0.0176522506619594,1.0,3,0.8071896949080202,1.0,0.0198468902335947
toy,20,27,31.622777,42,3,9,0.0176522506619594,1.0,3,0.8071896949080202,1.0,0.0198468902335947
toy,20,27,56.234133,42,3,3,0.0176522506619594,1.0,3,0.8071896949080202,1.0,0.0198468902335947
toy,20,27,100.0,42,3,3,0.0176522506619594,1.0,3,0.8071896949080202,1.0,0.0198468902335947
toy,20,27,177.827941,42,3,3,0.0176522506619594,1.0,3,0.8071896949080202,1.0,0.0198468902335947
toy,20,27,316.227766,42,3,3,0.0176522506619594,1.0,3,0.8071896949080202,1.0,0.0198468902335947
toy,20,27,562.341325,42,3,3,0.0176522506619594,1.0,3,0.8071896949080202,1.0,0.0198468902335947
toy,20,27,1000.0,42,3,1,0.0176522506619594,,3,0.8071896949080202,1.0,0.0198468902335947
toy,20,28,0.001,39,3,1,-0.0039784694593962,1.0,3,0.0439264625531104,0.0553945654362864,0.2171638686428982
toy,20,28,0.001778,39,3,1,-0.0039784694593962,-0.0117878438643082,3,0.0439264625531104,0.0553945654362864,0.2171638686428982
toy,20,28,0.003162,39,3,1,-0.0343811394891945,-0.067433999400967,2,0.1691743149488043,0.2230056649492343,0.1924449331289495
toy,20,28,0.005623,39,3,1,-0.0404783808647654,-0.1032942490228922,3,0.1485707800081553,0.1841365353390743,0.1952145560492409
toy,20,28,0.01,39,3,1,-0.0404783808647654,-0.0404783808647654,3,0.0809236250147412,0.0907744252615416,0.2058031632493875
toy,20,28,0.017783,39,3,1,-0.0263157894736842,0.0,2,0.0444636195430524,0.0631340733307981,0.2064892784634439
toy,20,28,0.031623,39,3,1,0.0,0.0,1,0.0,0.0,0.2111000439581502
toy,20,28,0.056234,39,3,1,-0.0350620891161431,-0.0350620891161431,3,0.0062300562301509,0.0,0.2114465027109652
toy,20,28,0.1,39,3,3,-0.0263157894736842,-0.0263157894736842,2,0.0062357066290167,0.0,0.2114192948024396
toy,20,28,0.177828,39,3,4,1.0,1.0,2,0.0003041201078746,0.0003991924854273,0.2111096539057656
toy,20,28,0.316228,39,3,1,1.0,1.0,2,0.0003041201078746,0.0003991924854273,0.2111096539057656
toy,20,28,0.5,39,3,1,1.0,-0.0263157894736842,2,0.0003041201078746,0.0003991924854273,0.2111096539057656
toy,20,28,0.562341,39,3,1,-0.0263157894736842,1.0,2,0.0039854955782673,0.0055589015429152,0.2129297676783161
toy,20,28,1.0,39,3,10,-0.0263157894736842,1.0,2,0.0039854955782673,0.0055589015429152,0.2129297676783161
toy,20,28,1.778279,39,3,10,-0.0263157894736842,0.1341579448144624,2,0.0039854955782673,0.0055589015429152,0.2129297676783161
toy,20,28,3.162278,39,3,10,0.0784966698382492,0.5059791991241737,3,0.6445070276365804,0.8229946105985764,0.0527987910006326
toy,20,28,5.623413,39,3,10,0.0213026990854338,1.0,3,0.6592317966019463,0.8229946105985764,0.0277206216892356
toy,20,28,10.0,39,3,10,0.0213026990854338,1.0,3,0.6592317966019463,0.8229946105985764,0.0277206216892356
toy,20,28,17.782794,39,3,10,0.0213026990854338,1.0,3,0.6592317966019463,0.8229946105985764,0.0277206216892356
toy,20,28,31.622777,39,3,8,0.0213026990854338,1.0,3,0.6592317966019463,0.8229946105985764,0.0277206216892356
toy,20,28,56.234133,39,3,4,0.0213026990854338,1.0,3,0.6592317966019463,0.8229946105985764,0.0277206216892356
toy,20,28,100.0,39,3,4,0.0213026990854338,1.0,3,0.6592317966019463,0.8229946105985764,0.0277206216892356
toy,20,28,177.827941,39,3,3,0.0213026990854338,1.0,3,0.6592317966019463,0.8229946105985764,0.0277206216892356
toy,20,28,316.227766,39,3,3,0.0213026990854338,1.0,3,0.6592317966019463,0.8229946105985764,0.0277206216892356
toy,20,28,562.341325,39,3,3,0.0213026990854338,1.0,3,0.6592317966019463,0.8229946105985764,0.0277206216892356
toy,20,28,1000.0,39,3,1,0.0213026990854338,,3,0.6592317966019463,0.8229946105985764,0.0277206216892356
toy,20,29,0.001,36,3,1,-0.0046974302293451,0.0165631469979296,3,0.0874364707717814,0.1097902820388187,0.2724017853259518
toy,20,29,0.001778,36,3,1,-0.020671834625323,0.0210727969348659,3,0.0336220736858151,0.040117987204274,0.2359642886787627
toy,20,29,0.003162,36,3,1,-0.0166915052160953,-0.0385380297874221,3,0.0366675054673482,0.0237951639209378,0.2249735738145005
toy,20,29,0.005623,36,3,1,-0.0418521816562778,-0.0848041325871717,3,0.192032793500889,0.2434451022531915,0.1890756142311146
toy,20,29,0.01,36,3,1,-0.0418521816562778,-0.0418521816562778,3,0.0476725582728834,0.041037723987068,0.2116443299179961
toy,20,29,0.017783,36,3,1,-0.0285714285714285,-0.0380622837370242,2,0.0336144518802675,0.0488895215859164,0.2077570679771237
toy,20,29,0.031623,36,3,1,-0.0380622837370242,-0.0380622837370242,3,0.0239472844131614,0.0,0.214084060033375
toy,20,29,0.056234,36,3,1,-0.0285714285714285,1.0,2,0.011271996966144,0.0,0.2133819760434641
toy,20,29,0.1,36,3,1,-0.0285714285714285,-0.0285714285714285,2,0.011271996966144,0.0,0.2133819760434641
toy,20,29,0.177828,36,3,1,-0.0285714285714285,1.0,2,0.0095529160056186,0.0,0.2133505323391275
toy,20,29,0.316228,36,3,2,-0.0285714285714285,-0.0285714285714285,2,0.0095529160056186,0.0,0.2133505323391275
toy,20,29,0.5,36,3,2,1.0,1.0,2,0.0055441495578269,0.0076441101963959,0.2155338350268876
toy,20,29,0.562341,36,3,1,1.0,-0.0285714285714285,2,0.0055441495578269,0.0076441101963959,0.2155338350268876
toy,20,29,1.0,36,3,10,-0.0285714285714285,1.0,2,0.0105037316053897,0.014622553420958,0.2180341729296615
toy,20,29,1.778279,36,3,10,-0.0285714285714285,1.0,2,0.0105037316053897,0.014622553420958,0.2180341729296615
toy,20,29,3.162278,36,3,10,-0.0285714285714285,0.0949720670391061,2,0.0105037316053897,0.014622553420958,0.2180341729296615
toy,20,29,5.623413,36,3,10,-0.0055865921787709,0.7081682021720109,3,0.0551010919921305,0.0161334552023536,0.2204414853524774
toy,20,29,10.0,36,3,9,-0.0256115107913669,1.0,3,0.5471961908361683,0.6761057314981188,0.0455613632884526
toy,20,29,17.782794,36,3,9,-0.0256115107913669,1.0,3,0.5471961908361683,0.6761057314981188,0.0455613632884526
toy,20,29,31.622777,36,3,7,-0.0256115107913669,1.0,3,0.5471961908361683,0.6761057314981188,0.0455613632884526
toy,20,29,56.234133,36,3,7,-0.0256115107913669,1.0,3,0.5471961908361683,0.6761057314981188,0.0455613632884526
toy,20,29,100.0,36,3,6,-0.0256115107913669,1.0,3,0.5471961908361683,0.6761057314981188,0.0455613632884526
toy,20,29,177.827941,36,3,3,-0.0256115107913669,1.0,3,0.5471961908361683,0.6761057314981188,0.0455613632884526
toy,20,29,316.227766,36,3,3,-0.0256115107913669,1.0,3,0.5471961908361683,0.6761057314981188,0.0455613632884526
toy,20,29,562.341325,36,3,3,-0.0256115107913669,1.0,3,0.5471961908361683,0.6761057314981188,0.0455613632884526
toy,20,29,1000.0,36,3,1,-0.0256115107913669,,3,0.5471961908361683,0.6761057314981188,0.0455613632884526
toy,20,30,0.001,37,3,1,0.0211110715683832,-0.0391651636176243,3,0.1180084008616716,0.1493524228846929,0.2869340695635244
toy,20,30,0.001778,37,3,1,-0.012020441949183,0.0176991150442477,3,0.031935132187393,0.0147179144752853,0.2209511704156393
toy,20,30,0.003162,37,3,1,-0.0549269942595812,-0.064821759898938,2,0.1606145314625709,0.2093173366797154,0.1860024142988194
toy,20,30,0.005623,37,3,1,-0.0665736574246919,0.0,3,0.1367345955674459,0.1792383348712072,0.1880544358319999
toy,20,30,0.01,37,3,1,0.0,0.0,1,0.0,0.0,0.2132805050939152
toy,20,30,0.017783,37,3,1,-0.0549269942595812,-0.0627094303494495,2,0.0588475069893262,0.0841079056211091,0.2045719480931468
toy,20,30,0.031623,37,3,1,-0.0644469593186014,-0.0795654423176409,2,0.0292794846217173,0.0,0.2144613563795852
toy,20,30,0.056234,37,3,1,-0.0665736574246919,0.0,3,0.0135249147481954,0.0,0.2139495392097798
toy,20,30,0.1,37,3,3,0.0,0.0,1,0.0,0.0,0.2132805050939152
toy,20,30,0.177828,37,3,1,-0.0370068027210884,-0.0277777777777777,2,0.0051218041330921,0.0,0.2133958744005525
toy,20,30,0.316228,37,3,4,0.6476190476190476,0.6476190476190476,2,0.0003013714225598,0.0003987319951093,0.2133216929164682
toy,20,30,0.5,37,3,1,1.0,1.0,3,0.0057934890815858,0.0016971654691026,0.2136250142383294
toy,20,30,0.562341,37,3,1,1.0,1.0,3,0.0057934890815858,0.0016971654691026,0.2136250142383294
toy,20,30,1.0,37,3,1,1.0,0.3522037295396042,3,0.0057934890815858,0.0016971654691026,0.2136250142383294
toy,20,30,1.778279,37,3,2,0.3522037295396042,0.5139868645098516,3,0.0361178432543193,0.0444455953564037,0.2321154711844822
toy,20,30,3.162278,37,3,10,-0.0730156052298608,0.1347396492187767,3,0.0379379035751481,0.044243097728234,0.2323294164429513
toy,20,30,5.623413,37,3,10,-0.0380805135659728,0.4222332383194944,3,0.041890826273151,0.0332219074007255,0.231858277177392
toy,20,30,10.0,37,3,10,-0.0739058231103016,0.4451712434433816,3,0.3158013973113577,0.3911318536470852,0.1994932738307757
toy,20,30,17.782794,37,3,8,-0.0636600604079606,1.0,3,0.3910462734391397,0.4910629465909892,0.0903214452051804
toy,20,30,31.622777,37,3,10,-0.0636600604079606,0.9113019517795636,3,0.3910462734391397,0.4910629465909892,0.0903214452051804
toy,20,30,56.234133,37,3,6,0.0098737727910238,1.0,3,0.391131856006904,0.4911576706718905,0.0903166615063798
toy,20,30,100.0,37,3,6,0.0098737727910238,1.0,3,0.391131856006904,0.4911576706718905,0.0903166615063798
toy,20,30,177.827941,37,3,3,0.0098737727910238,1.0,3,0.391131856006904,0.4911576706718905,0.0903166615063798
toy,20,30,316.227766,37,3,3,0.0098737727910238,1.0,3,0.391131856006904,0.4911576706718905,0.0903166615063798
toy,20,30,562.341325,37,3,3,0.0098737727910238,1.0,3,0.391131856006904,0.4911576706718905,0.0903166615063798
toy,20,30,1000.0,37,3,1,0.0098737727910238,,3,0.391131856006904,0.4911576706718905,0.0903166615063798
toy,20,31,0.001,40,3,1,-0.0249839846252402,-0.0421337620034688,3,0.0969030786080998,0.1221475903271126,0.2683690170144661
toy,20,31,0.001778,40,3,1,-0.0137041515517936,-0.014422263576383,3,0.0577373131940799,0.0703956936531857,0.2517442167576337
toy,20,31,0.003162,40,3,1,-0.0335195530726257,-0.0600104419397438,2,0.1160957862392871,0.1557303771708921,0.1945827995846696
toy,20,31,0.005623,40,3,1,-0.0376687988628287,-0.0376687988628287,3,0.114836982585021,0.1550589517900696,0.1973442457433606
toy,20,31,0.01,40,3,1,-0.0256410256410256,-0.0335195530726257,2,0.0737094957711524,0.1016256960660534,0.2014788689119321
toy,20,31,0.017783,40,3,1,-0.0335195530726257,-0.0335195530726257,2,0.0165350865232093,0.0,0.211540123553871
toy,20,31,0.031623,40,3,1,-0.0256410256410256,-0.0376687988628287,2,0.0347482803531237,0.0501252517773424,0.208465243935067
toy,20,31,0.056234,40,3,1,-0.0376687988628287,-0.061484120552302,3,0.0221755450859393,0.0,0.2112566705496313
toy,20,31,0.1,40,3,1,-0.0341643582640812,1.0,3,0.0229492530135343,0.0,0.2114506953080402
toy,20,31,0.177828,40,3,3,-0.0341643582640812,-0.0341643582640812,3,0.0229492530135343,0.0,0.2114506953080402
toy,20,31,0.316228,40,3,4,1.0,1.0,2,0.000300371353185,0.0003989621482887,0.2105220714558125
toy,20,31,0.5,40,3,2,1.0,1.0,2,0.000300371353185,0.0003989621482887,0.2105220714558125
toy,20,31,0.562341,40,3,1,1.0,0.6491228070175439,2,0.000300371353185,0.0003989621482887,0.2105220714558125
toy,20,31,1.0,40,3,1,0.6491228070175439,1.0,3,0.0011385339740784,0.0003989621482887,0.2105634830017836
toy,20,31,1.778279,40,3,9,0.6491228070175439,-0.0078939949252889,3,0.0011385339740784,0.0003989621482887,0.2105634830017836
toy,20,31,3.162278,40,3,9,0.0087405641636869,1.0,3,0.782027177731673,1.0,0.0253630479271108
toy,20,31,5.623413,40,3,8,0.0087405641636869,1.0,3,0.782027177731673,1.0,0.0253630479271108
toy,20,31,10.0,40,3,7,0.0087405641636869,1.0,3,0.782027177731673,1.0,0.0253630479271108
toy,20,31,17.782794,40,3,8,0.0087405641636869,1.0,3,0.782027177731673,1.0,0.0253630479271108
toy,20,31,31.622777,40,3,8,0.0087405641636869,1.0,3,0.782027177731673,1.0,0.0253630479271108
toy,20,31,56.234133,40,3,5,0.0087405641636869,1.0,3,0.782027177731673,1.0,0.0253630479271108
toy,20,31,100.0,40,3,3,0.0087405641636869,1.0,3,0.782027177731673,1.0,0.0253630479271108
toy,20,31,177.827941,40,3,3,0.0087405641636869,1.0,3,0.782027177731673,1.0,0.0253630479271108
toy,20,31,316.227766,40,3,3,0.0087405641636869,1.0,3,0.782027177731673,1.0,0.0253630479271108
toy,20,31,562.341325,40,3,3,0.0087405641636869,1.0,3,0.782027177731673,1.0,0.0253630479271108
toy,20,31,1000.0,40,3,1,0.0087405641636869,,3,0.782027177731673,1.0,0.0253630479271108
toy,20,32,0.001,39,3,1,-0.0164290725058876,1.0,3,0.1637385507643946,0.2147230916669402,0.3006703222657365
toy,20,32,0.001778,39,3,1,-0.0164290725058876,1.0,3,0.1637385507643946,0.2147230916669402,0.3006703222657365
toy,20,32,0.003162,39,3,1,-0.0164290725058876,0.0,3,0.1637385507643946,0.2147230916669402,0.3006703222657365
toy,20,32,0.005623,39,3,1,0.0,0.0,1,0.0,0.0,0.2115901060780461
toy,20,32,0.01,39,3,1,-0.0343811394891945,0.0,2,0.0631007744533706,0.0885110877106142,0.2000065913790956
toy,20,32,0.017783,39,3,1,0.0,0.0,1,0.0,0.0,0.2115901060780461
toy,20,32,0.031623,39,3,1,-0.0615338486140724,-0.0630924244308993,3,0.0145774285242363,0.0,0.2123345970802356
toy,20,32,0.056234,39,3,1,-0.0520798719149321,-0.0350620891161431,3,0.0169558449833772,0.0,0.2124658979561396
toy,20,32,0.1,39,3,1,-0.0343811394891945,-0.0263157894736842,2,0.0105825792813043,0.0,0.2120986177988965
toy,20,32,0.177828,39,3,2,-0.0343811394891945,-0.0263157894736842,2,0.0002992652204947,0.0003989621482887,0.2115809871894124
toy,20,32,0.316228,39,3,1,-0.0343811394891945,-0.0343811394891945,2,0.0008231530346456,0.0,0.2116231571843878
toy,20,32,0.5,39,3,1,1.0,1.0,2,0.0001765824630895,0.0002415515890549,0.2118026034240165
toy,20,32,0.562341,39,3,1,1.0,-0.0343811394891945,2,0.0001765824630895,0.0002415515890549,0.2118026034240165
toy,20,32,1.0,39,3,2,-0.0343811394891945,1.0,2,0.0024638071464621,0.0,0.2115146836993525
toy,20,32,1.778279,39,3,9,-0.0343811394891945,0.4733683420855213,2,0.0024638071464621,0.0,0.2115146836993525
toy,20,32,3.162278,39,3,10,0.7778184968017058,1.0,3,0.001874650168385,0.0002415515890549,0.2117266660323908
toy,20,32,5.623413,39,3,10,0.7778184968017058,-0.0718054263467101,3,0.001874650168385,0.0002415515890549,0.2117266660323908
toy,20,32,10.0,39,3,10,-0.0489176729969434,1.0,3,0.5424173001597091,0.6829512959204871,0.0468081773611564
toy,20,32,17.782794,39,3,10,-0.0489176729969434,1.0,3,0.5424173001597091,0.6829512959204871,0.0468081773611564
toy,20,32,31.622777,39,3,10,-0.0489176729969434,1.0,3,0.5424173001597091,0.6829512959204871,0.0468081773611564
toy,20,32,56.234133,39,3,7,-0.0489176729969434,0.840102344364124,3,0.5424173001597091,0.6829512959204871,0.0468081773611564
toy,20,32,100.0,39,3,7,-0.0397069052358909,1.0,3,0.5417393674480971,0.6829512959204871,0.0467906722270707
toy,20,32,177.827941,39,3,5,-0.0397069052358909,1.0,3,0.5417393674480971,0.6829512959204871,0.0467906722270707
toy,20,32,316.227766,39,3,3,-0.0397069052358909,1.0,3,0.5417393674480971,0.6829512959204871,0.0467906722270707
toy,20,32,562.341325,39,3,3,-0.0397069052358909,1.0,3,0.5417393674480971,0.6829512959204871,0.0467906722270707
toy,20,32,1000.0,39,3,1,-0.0397069052358909,,3,0.5417393674480971,0.6829512959204871,0.0467906722270707
toy,20,33,0.001,41,3,1,-0.0333114179268025,0.9929562946673997,3,0.0011030617184463,0.0003991924854273,0.2076696429478937
toy,20,33,0.001778,41,3,1,-0.0326999558108705,-0.0495120945574491,2,0.0005946283045341,0.0003991924854273,0.2076696429478937
toy,20,33,0.003162,41,3,1,-0.0333114179268025,-0.0495120945574491,3,0.1348951908433221,0.180714307592725,0.1911247021680239
toy,20,33,0.005623,41,3,1,-0.0326999558108705,-0.0495120945574491,2,0.0127364612878353,0.0,0.2084154854327424
toy,20,33,0.01,41,3,1,-0.0333114179268025,0.4677052904901006,3,0.072826004697461,0.1021591470909219,0.1940969046106704
toy,20,33,0.017783,41,3,1,-0.0333114179268025,-0.0495120945574491,3,0.0973625230610669,0.1326573111209138,0.1927229613950111
toy,20,33,0.031623,41,3,1,-0.0326999558108705,-0.0326999558108705,2,0.0182203904145954,0.0,0.2084418375931077
toy,20,33,0.056234,41,3,1,-0.025,-0.0333114179268025,2,0.011160980049091,0.0,0.2081575432674777
toy,20,33,0.1,41,3,1,-0.0333114179268025,-0.0333114179268025,3,0.016618256115878,0.0,0.2081441020897109
toy,20,33,0.177828,41,3,1,-0.025,-0.025,2,0.0016115426197961,0.0,0.2075755742092358
toy,20,33,0.316228,41,3,3,1.0,1.0,2,0.0709115157497192,0.0961842075708942,0.2242251019513981
toy,20,33,0.5,41,3,1,1.0,1.0,2,0.0709115157497192,0.0961842075708942,0.2242251019513981
toy,20,33,0.562341,41,3,4,1.0,1.0,2,0.0709115157497192,0.0961842075708942,0.2242251019513981
toy,20,33,1.0,41,3,1,1.0,0.0852206005703741,2,0.0709115157497192,0.0961842075708942,0.2242251019513981
toy,20,33,1.778279,41,3,10,0.0852206005703741,0.8199634272515098,3,0.1481234883376091,0.0961842075708942,0.2286195474629556
toy,20,33,3.162278,41,3,10,-0.0090728960266972,0.4631132423459977,3,0.1163777050374342,0.0,0.2123252171167691
toy,20,33,5.623413,41,3,10,0.0322726133801052,0.6928558377489494,3,0.6727918071843816,0.85992602070319,0.0786937196621743
toy,20,33,10.0,41,3,9,0.0033491789109766,0.6928558377489494,3,0.1178735531194079,0.0003991924854273,0.2121162392931846
toy,20,33,17.782794,41,3,10,0.0322726133801052,1.0,3,0.6727918071843816,0.85992602070319,0.0786937196621743
toy,20,33,31.622777,41,3,10,0.0322726133801052,1.0,3,0.6727918071843816,0.85992602070319,0.0786937196621743
toy,20,33,56.234133,41,3,4,0.0322726133801052,1.0,3,0.6727918071843816,0.85992602070319,0.0786937196621743
toy,20,33,100.0,41,3,3,0.0322726133801052,1.0,3,0.6727918071843816,0.85992602070319,0.0786937196621743
toy,20,33,177.827941,41,3,3,0.0322726133801052,1.0,3,0.6727918071843816,0.85992602070319,0.0786937196621743
toy,20,33,316.227766,41,3,3,0.0322726133801052,1.0,3,0.6727918071843816,0.85992602070319,0.0786937196621743
toy,20,33,562.341325,41,3,3,0.0322726133801052,1.0,3,0.6727918071843816,0.85992602070319,0.0786937196621743
toy,20,33,1000.0,41,3,1,0.0322726133801052,,3,0.6727918071843816,0.85992602070319,0.0786937196621743
toy,20,34,0.001,39,3,1,-0.0039784694593962,1.0,3,0.032054784298755,0.037938621962445,0.2142543526765987
toy,20,34,0.001778,39,3,1,-0.0039784694593962,-0.0145882485642042,3,0.032054784298755,0.037938621962445,0.2142543526765987
toy,20,34,0.003162,39,3,1,-0.0350620891161431,-0.0350620891161431,3,0.120703373055708,0.1669676670902185,0.1944502504307649
toy,20,34,0.005623,39,3,1,-0.0263157894736842,-0.0350620891161431,2,0.0374797489285979,0.0556544602813944,0.2000069765223962
toy,20,34,0.01,39,3,1,-0.0350620891161431,-0.0630924244308993,3,0.1115701662005818,0.1519577324371813,0.1943417342981855
toy,20,34,0.017783,39,3,1,-0.0386346586646661,-0.093225064473409,3,0.0132400110243606,0.0,0.2074764480666096
toy,20,34,0.031623,39,3,1,-0.0404120443740095,-0.0404120443740095,3,0.0492829740286632,0.0,0.2087844028077589
toy,20,34,0.056234,39,3,1,-0.0263157894736842,-0.0263157894736842,2,0.0015800569943142,0.0,0.206498791784074
toy,20,34,0.1,39,3,1,-0.0263157894736842,-0.0263157894736842,2,0.0007909670024689,0.0,0.2064399946479833
toy,20,34,0.177828,39,3,1,-0.0263157894736842,-0.0263157894736842,2,0.0007909670024689,0.0,0.2064223004683596
toy,20,34,0.316228,39,3,2,-0.0263157894736842,-0.0263157894736842,2,0.0002970310572931,0.0003987319951093,0.2063892155502147
toy,20,34,0.5,39,3,1,1.0,1.0,2,0.050281157436906,0.0533859321196253,0.2283405789185831
toy,20,34,0.562341,39,3,3,1.0,-0.0263157894736842,2,0.050281157436906,0.0533859321196253,0.2283405789185831
toy,20,34,1.0,39,3,1,-0.0263157894736842,0.6486486486486487,2,0.0106658869945672,0.0149442507290331,0.2124900690290651
toy,20,34,1.778279,39,3,10,0.6486486486486487,1.0,3,0.0459459457244687,0.0473460720270838,0.2309668561458251
toy,20,34,3.162278,39,3,10,0.6486486486486487,-0.00161837592298,3,0.0459459457244687,0.0473460720270838,0.2309668561458252
toy,20,34,5.623413,39,3,9,-0.0244403837368661,0.914934488458948,3,0.4010107815866736,0.5219920045481395,0.1426945973857928
toy,20,34,10.0,39,3,9,-0.0267961619471097,1.0,3,0.4158807029860057,0.5395623791864765,0.0867463385409583
toy,20,34,17.782794,39,3,10,-0.0267961619471097,1.0,3,0.4158807029860057,0.5395623791864765,0.0867463385409583
toy,20,34,31.622777,39,3,9,-0.0267961619471097,1.0,3,0.4158807029860057,0.5395623791864765,0.0867463385409583
toy,20,34,56.234133,39,3,9,-0.0267961619471097,1.0,3,0.4158807029860057,0.5395623791864765,0.0867463385409583
toy,20,34,100.0,39,3,5,-0.0267961619471097,1.0,3,0.4158807029860057,0.5395623791864765,0.0867463385409583
toy,20,34,177.827941,39,3,5,-0.0267961619471097,1.0,3,0.4158807029860057,0.5395623791864765,0.0867463385409583
toy,20,34,316.227766,39,3,3,-0.0267961619471097,1.0,3,0.4158807029860057,0.5395623791864765,0.0867463385409583
toy,20,34,562.341325,39,3,3,-0.0267961619471097,1.0,3,0.4158807029860057,0.5395623791864765,0.0867463385409583
toy,20,34,1000.0,39,3,1,-0.0267961619471097,,3,0.4158807029860057,0.5395623791864765,0.0867463385409583
toy,20,35,0.001,39,3,1,0.055347531008659,1.0,3,0.0413328518645604,0.0496493686582194,0.2118363665765637
toy,20,35,0.001778,39,3,1,0.055347531008659,1.0,3,0.0413328518645604,0.0496493686582194,0.2118363665765637
toy,20,35,0.003162,39,3,1,0.055347531008659,-0.0164290725058876,3,0.0413328518645604,0.0496493686582194,0.2118363665765637
toy,20,35,0.005623,39,3,1,-0.0343811394891945,0.0,2,0.1532642710769663,0.2055276961063214,0.1902640217556275
toy,20,35,0.01,39,3,1,0.0,0.0,1,0.0,0.0,0.2131995734515422
toy,20,35,0.017783,39,3,1,-0.0350620891161431,-0.0520798719149321,3,0.0107155667056803,0.0,0.2139997352771195
toy,20,35,0.031623,39,3,1,-0.0343811394891945,-0.0343811394891945,2,0.0092146073966219,0.0,0.2135941700087508
toy,20,35,0.056234,39,3,1,-0.0263157894736842,-0.0263157894736842,2,0.0030930724569904,0.0,0.2134159724151394
toy,20,35,0.1,39,3,3,-0.0263157894736842,-0.0263157894736842,2,0.0092146073966219,0.0,0.213655965110112
toy,20,35,0.177828,39,3,2,-0.0263157894736842,-0.0263157894736842,2,0.006927831157619,0.0,0.2134861695114074
toy,20,35,0.316228,39,3,1,1.0,1.0,2,0.0023221780038924,0.0,0.21322258712306
toy,20,35,0.5,39,3,1,1.0,1.0,2,0.0023221780038924,0.0,0.21322258712306
toy,20,35,0.562341,39,3,1,1.0,1.0,2,0.0023221780038924,0.0,0.21322258712306
toy,20,35,1.0,39,3,2,1.0,0.4733683420855213,2,0.0023221780038924,0.0,0.21322258712306
toy,20,35,1.778279,39,3,10,0.4733683420855213,0.7005300047342471,3,0.0181961526945303,0.0213159559287171,0.2208522320256348
toy,20,35,3.162278,39,3,10,0.2753205967024339,1.0,3,0.0168806278657233,0.0215404376412793,0.2208838480966431
toy,20,35,5.623413,39,3,10,0.2753205967024339,-0.0133645301998198,3,0.0168806278657233,0.0215404376412793,0.2208838480966431
toy,20,35,10.0,39,3,10,-0.0244403837368661,1.0,3,0.4856246549361272,0.6314583427816427,0.0738486916173754
toy,20,35,17.782794,39,3,8,-0.0244403837368661,1.0,3,0.4856246549361272,0.6314583427816427,0.0738486916173754
toy,20,35,31.622777,39,3,9,-0.0244403837368661,1.0,3,0.4856246549361272,0.6314583427816427,0.0738486916173754
toy,20,35,56.234133,39,3,9,-0.0244403837368661,1.0,3,0.4856246549361272,0.6314583427816427,0.0738486916173754
toy,20,35,100.0,39,3,6,-0.0244403837368661,1.0,3,0.4856246549361272,0.6314583427816427,0.0738486916173754
toy,20,35,177.827941,39,3,4,-0.0244403837368661,0.914934488458948,3,0.4856246549361272,0.6314583427816427,0.0738486916173754
toy,20,35,316.227766,39,3,3,-0.0267961619471097,1.0,3,0.485722750565491,0.6314583427816427,0.073843483075548
toy,20,35,562.341325,39,3,3,-0.0267961619471097,1.0,3,0.485722750565491,0.6314583427816427,0.073843483075548
toy,20,35,1000.0,39,3,1,-0.0267961619471097,,3,0.485722750565491,0.6314583427816427,0.073843483075548
toy,20,36,0.001,35,3,1,0.0037593984962406,1.0,3,0.0902881281530429,0.1197427796574576,0.2410057705939819
toy,20,36,0.001778,35,3,1,0.0037593984962406,-0.010851791288836,3,0.0902881281530429,0.1197427796574576,0.2410057705939819
toy,20,36,0.003162,35,3,1,-0.03831891223733,-0.0684750248097916,2,0.2004295218214959,0.2685634555423664,0.1863030207128678
toy,20,36,0.005623,35,3,1,-0.043046357615894,-0.043046357615894,3,0.1453359447578691,0.1947473706539771,0.1709749936710518
toy,20,36,0.01,35,3,1,-0.0294117647058823,-0.0294117647058823,2,0.0573242584505863,0.085733500035491,0.1934251132719726
toy,20,36,0.017783,35,3,1,-0.0294117647058823,-0.0391796755433119,2,0.0090417683084805,0.0,0.2011029509857412
toy,20,36,0.031623,35,3,1,-0.0391796755433119,0.0,3,0.0003261475933493,0.0002597288608759,0.2010106559546752
toy,20,36,0.056234,35,3,1,0.0,0.0,1,0.0,0.0,0.2005640702878655
toy,20,36,0.1,35,3,1,-0.0294117647058823,-0.0391796755433119,2,0.0030350126499021,0.0,0.20074429623493
toy,20,36,0.177828,35,3,1,-0.0391796755433119,-0.0391796755433119,3,0.0171740328583953,0.0,0.2012052454668087
toy,20,36,0.316228,35,3,2,1.0,1.0,2,0.000295239992525,0.0003989621482887,0.2005660051402704
toy,20,36,0.5,35,3,1,1.0,1.0,2,0.000295239992525,0.0003989621482887,0.2005660051402704
toy,20,36,0.562341,35,3,2,1.0,1.0,2,0.000295239992525,0.0003989621482887,0.2005660051402704
toy,20,36,1.0,35,3,1,1.0,0.3651258045640725,2,0.000295239992525,0.0003989621482887,0.2005660051402704
toy,20,36,1.778279,35,3,10,0.3651258045640725,0.2320850575654525,3,0.0004108648771101,0.0002922439659045,0.2007663256298109
toy,20,36,3.162278,35,3,10,-0.0003313727114572,0.741892384307057,3,0.0700719397887914,6.610806841689923e-05,0.2052242244364826
toy,20,36,5.623413,35,3,10,0.0048250904704463,0.741892384307057,3,0.0220514582557516,6.610806841689923e-05,0.2012468616929948
toy,20,36,10.0,35,3,10,-0.0003313727114572,0.6271514995344152,3,0.0700719397887914,6.610806841689923e-05,0.2052242244364826
toy,20,36,17.782794,35,3,10,0.0381154915753312,1.0,3,0.4681300166621738,0.6042394540422463,0.0602656440480666
toy,20,36,31.622777,35,3,5,0.0381154915753312,1.0,3,0.4681300166621738,0.6042394540422463,0.0602656440480666
toy,20,36,56.234133,35,3,5,0.0381154915753312,1.0,3,0.4681300166621738,0.6042394540422463,0.0602656440480666
toy,20,36,100.0,35,3,4,0.0381154915753312,1.0,3,0.4681300166621738,0.6042394540422463,0.0602656440480666
toy,20,36,177.827941,35,3,4,0.0381154915753312,1.0,3,0.4681300166621738,0.6042394540422463,0.0602656440480666
toy,20,36,316.227766,35,3,3,0.0381154915753312,1.0,3,0.4681300166621738,0.6042394540422463,0.0602656440480666
toy,20,36,562.341325,35,3,3,0.0381154915753312,1.0,3,0.4681300166621738,0.6042394540422463,0.0602656440480666
toy,20,36,1000.0,35,3,1,0.0381154915753312,,3,0.4681300166621738,0.6042394540422463,0.0602656440480666
toy,20,37,0.001,50,3,1,-0.0077111812127585,1.0,3,0.0686736802290993,0.0806846540271998,0.2424062909901038
toy,20,37,0.001778,50,3,1,-0.0077111812127585,1.0,3,0.0686736802290993,0.0806846540271998,0.2424062909901038
toy,20,37,0.003162,50,3,1,-0.0077111812127585,0.0,3,0.0686736802290993,0.0806846540271998,0.2424062909901038
toy,20,37,0.005623,50,3,1,0.0,0.0,1,0.0,0.0,0.193549154313348
toy,20,37,0.01,50,3,1,-0.0317174265633447,-0.0529050300830008,3,0.1275859591803936,0.1811667334445229,0.1827483271639963
toy,20,37,0.017783,50,3,1,-0.0267987183221672,-0.0267987183221672,2,0.0051988685724409,0.0,0.1938756988988715
toy,20,37,0.031623,50,3,1,-0.0204081632653061,-0.0204081632653061,2,0.0022366143516012,0.0,0.1937220073877399
toy,20,37,0.056234,50,3,1,-0.0204081632653061,-0.0204081632653061,2,0.0007472205541194,0.0,0.1936143673483576
toy,20,37,0.1,50,3,2,-0.0204081632653061,-0.027199074074074,2,0.0044601897948892,0.0,0.1937363589329769
toy,20,37,0.177828,50,3,1,-0.027199074074074,-0.0412096951085764,3,0.0161188259251662,0.0,0.1940762109595222
toy,20,37,0.316228,50,3,1,-0.027199074074074,-0.027199074074074,3,0.0032665150960913,0.0003991924854273,0.1936305886523931
toy,20,37,0.5,50,3,2,1.0,1.0,2,0.1024822824323947,0.1268193097955054,0.2222136566699525
toy,20,37,0.562341,50,3,1,1.0,1.0,2,0.1024822824323947,0.1268193097955054,0.2222136566699525
toy,20,37,1.0,50,3,1,1.0,0.1388447270800211,2,0.1024822824323947,0.1268193097955055,0.2222136566699525
toy,20,37,1.778279,50,3,10,0.1388447270800211,0.5248180732051699,3,0.5386256723429806,0.6989269233279485,0.1027308468995583
toy,20,37,3.162278,50,3,10,-0.0242251514071962,0.933676949897673,3,0.5297041465849716,0.6989269233279485,0.0880482942497628
toy,20,37,5.623413,50,3,10,0.0319038261472662,1.0,3,0.6534789993972684,0.8380418368554767,0.0932155110850818
toy,20,37,10.0,50,3,10,0.0319038261472662,1.0,3,0.6534789993972684,0.8380418368554767,0.0932155110850818
toy,20,37,17.782794,50,3,10,0.0319038261472662,1.0,3,0.6534789993972684,0.8380418368554767,0.0932155110850818
toy,20,37,31.622777,50,3,7,0.0319038261472662,1.0,3,0.6534789993972684,0.8380418368554767,0.0932155110850818
toy,20,37,56.234133,50,3,4,0.0319038261472662,1.0,3,0.6534789993972684,0.8380418368554767,0.0932155110850818
toy,20,37,100.0,50,3,3,0.0319038261472662,1.0,3,0.6534789993972684,0.8380418368554767,0.0932155110850818
toy,20,37,177.827941,50,3,3,0.0319038261472662,1.0,3,0.6534789993972684,0.8380418368554767,0.0932155110850818
toy,20,37,316.227766,50,3,3,0.0319038261472662,1.0,3,0.6534789993972684,0.8380418368554767,0.0932155110850818
toy,20,37,562.341325,50,3,3,0.0319038261472662,1.0,3,0.6534789993972684,0.8380418368554767,0.0932155110850818
toy,20,37,1000.0,50,3,1,0.0319038261472662,,3,0.6534789993972684,0.8380418368554767,0.0932155110850818
toy,20,38,0.001,42,3,1,-0.0033824114604058,1.0,3,0.0220297704685485,0.0213814893236701,0.2213189317564636
toy,20,38,0.001778,42,3,1,-0.0033824114604058,1.0,3,0.0220297704685485,0.0213814893236701,0.2213189317564636
toy,20,38,0.003162,42,3,1,-0.0033824114604058,1.0,3,0.0220297704685485,0.0213814893236701,0.2213189317564636
toy,20,38,0.005623,42,3,1,-0.0033824114604058,-0.001691794795243,3,0.0220297704685485,0.0213814893236701,0.2213189317564636
toy,20,38,0.01,42,3,1,-0.0483204812949125,-0.0569018769303872,3,0.0930789658347863,0.1287502102950111,0.1954543149755854
toy,20,38,0.017783,42,3,1,-0.0555875862343187,-0.0788492436414345,2,0.0186991656685577,0.0,0.2097754239341148
toy,20,38,0.031623,42,3,1,-0.0620947982088039,-0.0815278559369724,3,0.0291467049342302,0.0,0.2099137353906212
toy,20,38,0.056234,42,3,1,-0.0571770005055844,-0.0585004119747322,3,0.027024286090335,0.0,0.209519674634469
toy,20,38,0.1,42,3,1,-0.0483204812949125,-0.0325,3,0.0014653370605467,0.0,0.2084145535442261
toy,20,38,0.177828,42,3,1,-0.0319193616127677,-0.0319193616127677,2,0.0014656964310236,0.0,0.2084081353202652
toy,20,38,0.316228,42,3,1,1.0,1.0,2,0.0313251845666372,0.0445626919099896,0.2249012188129127
toy,20,38,0.5,42,3,1,1.0,1.0,2,0.0313251845666372,0.0445626919099896,0.2249012188129127
toy,20,38,0.562341,42,3,1,1.0,1.0,2,0.0313251845666372,0.0445626919099896,0.2249012188129127
toy,20,38,1.0,42,3,1,1.0,1.0,2,0.0313251845666372,0.0445626919099896,0.2249012188129127
toy,20,38,1.778279,42,3,10,1.0,0.9931482321483992,2,0.0313251845666372,0.0445626919099896,0.2249012188129127
toy,20,38,3.162278,42,3,10,0.9931482321483992,0.1540416572674637,3,0.0324188280717043,0.0428549891905599,0.2252912530180391
toy,20,38,5.623413,42,3,10,0.1563709901741882,0.7218581119926412,3,0.108483948758692,0.0445626919099896,0.2299350934856099
toy,20,38,10.0,42,3,10,-0.0502591803526194,1.0,3,0.5139748832326574,0.6759024462985802,0.0717810416781815
toy,20,38,17.782794,42,3,10,-0.0502591803526194,1.0,3,0.5139748832326574,0.6759024462985802,0.0717810416781815
toy,20,38,31.622777,42,3,10,-0.0502591803526194,1.0,3,0.5139748832326573,0.6759024462985802,0.0717810416781815
toy,20,38,56.234133,42,3,10,-0.0502591803526194,1.0,3,0.5139748832326574,0.6759024462985802,0.0717810416781815
toy,20,38,100.0,42,3,4,-0.0502591803526194,1.0,3,0.5139748832326574,0.6759024462985802,0.0717810416781815
toy,20,38,177.827941,42,3,3,-0.0502591803526194,1.0,3,0.5139748832326574,0.6759024462985802,0.0717810416781815
toy,20,38,316.227766,42,3,3,-0.0502591803526194,1.0,3,0.5139748832326574,0.6759024462985802,0.0717810416781815
toy,20,38,562.341325,42,3,3,-0.0502591803526194,1.0,3,0.5139748832326574,0.6759024462985802,0.0717810416781815
toy,20,38,1000.0,42,3,1,-0.0502591803526194,,3,0.5139748832326574,0.6759024462985802,0.0717810416781815
toy,20,39,0.001,45,3,1,-0.0152405920158079,0.0084510962387561,3,0.0728949804006444,0.0963099327430622,0.2581874566289917
toy,20,39,0.001778,45,3,1,-0.0153884868496305,0.0,3,0.0863230500884891,0.1173648329510545,0.2272998218050079
toy,20,39,0.003162,45,3,1,0.0,0.0,1,0.0,0.0,0.1993288646621238
toy,20,39,0.005623,45,3,1,-0.0677385440835266,-0.0533912054107583,3,0.1589779972966058,0.2198648806547591,0.1858382282568735
toy,20,39,0.01,45,3,1,-0.0533912054107583,-0.0533912054107583,2,0.0106763469988579,0.0,0.2001513144502997
toy,20,39,0.017783,45,3,1,-0.0677385440835266,-0.0677385440835266,3,0.0134572719160667,0.0,0.2004202864965781
toy,20,39,0.031623,45,3,1,-0.0677385440835266,-0.054528854327362,3,0.0078462598995253,0.0,0.1999028433238101
toy,20,39,0.056234,45,3,2,-0.054528854327362,-0.0302866414277988,3,0.0035866583917151,0.0,0.199583255428061
toy,20,39,0.1,45,3,1,-0.033480907581627,-0.0297856883399927,2,0.0021571941426126,0.0,0.1994518174325069
toy,20,39,0.177828,45,3,3,0.7809780662017235,-0.0297856883399927,2,0.0016055804649763,0.0012662092671533,0.199969782784644
toy,20,39,0.316228,45,3,1,0.4770337576092971,0.4770337576092971,2,0.0002925866307327,0.0003989621482887,0.1993228849962519
toy,20,39,0.5,45,3,1,1.0,0.4770337576092971,3,0.0018401592850735,0.0015667607392267,0.1999603315517114
toy,20,39,0.562341,45,3,1,0.4770337576092971,0.4770337576092971,2,0.0002925866307327,0.0003989621482887,0.1993228849962519
toy,20,39,1.0,45,3,2,1.0,1.0,3,0.0018401592850735,0.0015667607392267,0.1999603315517114
toy,20,39,1.778279,45,3,10,1.0,1.0,3,0.0018401592850735,0.0015667607392267,0.1999603315517114
toy,20,39,3.162278,45,3,10,1.0,0.2988538735002222,3,0.0018401592850735,0.0015667607392267,0.1999603315517114
toy,20,39,5.623413,45,3,10,0.2988538735002222,0.4815437839210334,3,0.6222113985446766,0.842741912617623,0.0594546997312653
toy,20,39,10.0,45,3,10,-0.016068393304716,1.0,3,0.6315262855765318,0.842741912617623,0.0318295480823873
toy,20,39,17.782794,45,3,8,-0.016068393304716,1.0,3,0.6315262855765318,0.842741912617623,0.0318295480823873
toy,20,39,31.622777,45,3,8,-0.016068393304716,1.0,3,0.6315262855765318,0.842741912617623,0.0318295480823873
toy,20,39,56.234133,45,3,4,-0.016068393304716,1.0,3,0.6315262855765318,0.842741912617623,0.0318295480823873
toy,20,39,100.0,45,3,4,-0.016068393304716,1.0,3,0.6315262855765318,0.842741912617623,0.0318295480823873
toy,20,39,177.827941,45,3,3,-0.016068393304716,1.0,3,0.6315262855765318,0.842741912617623,0.0318295480823873
toy,20,39,316.227766,45,3,3,-0.016068393304716,1.0,3,0.6315262855765318,0.842741912617623,0.0318295480823873
toy,20,39,562.341325,45,3,3,-0.016068393304716,1.0,3,0.6315262855765318,0.842741912617623,0.0318295480823873
toy,20,39,1000.0,45,3,1,-0.016068393304716,,3,0.6315262855765318,0.842741912617623,0.0318295480823873
toy,20,40,0.001,41,3,1,-0.0177858093969944,1.0,3,0.0077476952047347,0.0058591765293222,0.2026139886700182
toy,20,40,0.001778,41,3,1,-0.0177858093969944,0.0219788761817775,3,0.0077476952047347,0.0058591765293222,0.2026139886700182
toy,20,40,0.003162,41,3,1,-0.0333114179268025,-0.0333114179268025,3,0.1457982152681973,0.2003555805521664,0.1886594936269003
toy,20,40,0.005623,41,3,1,-0.025,-0.0385462555066079,2,0.0556955164909154,0.0840586112439263,0.1877503573931044
toy,20,40,0.01,41,3,1,-0.0385462555066079,-0.0844679559448443,3,0.0207258442524262,0.0,0.199933936638581
toy,20,40,0.017783,41,3,1,-0.0367498314227916,-0.0367498314227916,3,0.053173000352609,0.0663331772402295,0.1950943346423251
toy,20,40,0.031623,41,3,1,-0.025,-0.025,2,0.00282325392147,0.0,0.1986108929498493
toy,20,40,0.056234,41,3,1,-0.025,-0.025,2,0.0070207016132315,0.0,0.1990949020762563
toy,20,40,0.1,41,3,2,-0.025,-0.025,2,0.0104904054696623,0.0,0.1989986378951782
toy,20,40,0.177828,41,3,1,1.0,1.0,2,0.0049269723030835,0.0,0.1986381588907935
toy,20,40,0.316228,41,3,1,1.0,1.0,2,0.0049269723030835,0.0,0.1986381588907935
toy,20,40,0.5,41,3,1,1.0,-0.025,2,0.0049269723030835,0.0,0.1986381588907935
toy,20,40,0.562341,41,3,1,-0.025,-0.025,2,0.0111293716298098,0.0144380363561583,0.2025529933304576
toy,20,40,1.0,41,3,2,-0.025,1.0,2,0.000291763078134,0.0003989621482887,0.1984072486582001
toy,20,40,1.778279,41,3,9,-0.025,1.0,2,0.000291763078134,0.0003989621482887,0.1984072486582001
toy,20,40,3.162278,41,3,10,-0.025,0.0864280891289669,2,0.000291763078134,0.0003989621482887,0.1984072486582001
toy,20,40,5.623413,41,3,10,-0.0104659014179608,0.7771093070455204,3,0.0304369244099422,0.0146962085358473,0.2033258989122864
toy,20,40,10.0,41,3,9,-0.0231943628890193,1.0,3,0.5624330178639736,0.7576642167343829,0.0525004943169774
toy,20,40,17.782794,41,3,10,-0.0231943628890193,1.0,3,0.5624330178639736,0.7576642167343829,0.0525004943169774
toy,20,40,31.622777,41,3,9,-0.0231943628890193,1.0,3,0.5624330178639736,0.7576642167343829,0.0525004943169774
toy,20,40,56.234133,41,3,9,-0.0231943628890193,1.0,3,0.5624330178639736,0.7576642167343829,0.0525004943169774
toy,20,40,100.0,41,3,5,-0.0231943628890193,1.0,3,0.5624330178639736,0.7576642167343829,0.0525004943169774
toy,20,40,177.827941,41,3,5,-0.0231943628890193,1.0,3,0.5624330178639736,0.7576642167343829,0.0525004943169774
toy,20,40,316.227766,41,3,3,-0.0231943628890193,1.0,3,0.5624330178639736,0.7576642167343829,0.0525004943169774
toy,20,40,562.341325,41,3,3,-0.0231943628890193,1.0,3,0.5624330178639736,0.7576642167343829,0.0525004943169774
toy,20,40,1000.0,41,3,1,-0.0231943628890193,,3,0.5624330178639736,0.7576642167343829,0.0525004943169774
toy,20,41,0.001,47,3,1,-0.0181795147906505,1.0,3,0.1169434823228139,0.1580684651788102,0.234700403063862
toy,20,41,0.001778,47,3,1,-0.0181795147906505,0.0019974103342759,3,0.1169434823228139,0.1580684651788102,0.234700403063862
toy,20,41,0.003162,47,3,1,-0.0337101747173689,-0.0858864892014063,3,0.1263055235788193,0.1798956522556993,0.1673963126531122
toy,20,41,0.005623,47,3,1,-0.0337101747173689,-0.0562169260472278,3,0.1136583009492937,0.1522473892457559,0.1829625749419688
toy,20,41,0.01,47,3,1,-0.0285145888594164,0.0,2,0.0484533580418391,0.0704910131764971,0.1890390365980236
toy,20,41,0.017783,47,3,1,0.0,0.0,1,0.0,0.0,0.1929432366269646
toy,20,41,0.031623,47,3,1,-0.0320545179202423,-0.052166681137102,3,0.0102931181930218,0.0,0.1936254625610969
toy,20,41,0.056234,47,3,2,-0.0289711934156378,-0.0289711934156378,3,0.0013899796121978,0.0,0.1930567746059297
toy,20,41,0.1,47,3,1,-0.0217391304347826,-0.0217391304347826,2,0.0006959623894875,0.0,0.193000808522148
toy,20,41,0.177828,47,3,1,-0.0217391304347826,-0.0217391304347826,2,0.0034652723565478,0.0,0.1931247155157186
toy,20,41,0.316228,47,3,1,1.0,1.0,2,0.0002906900195564,0.0003985020256606,0.1929460222207715
toy,20,41,0.5,47,3,2,1.0,1.0,2,0.0002906900195564,0.0003985020256606,0.1929460222207715
toy,20,41,0.562341,47,3,1,1.0,0.6518518518518519,2,0.0002906900195564,0.0003985020256606,0.1929460222207715
toy,20,41,1.0,47,3,10,0.6518518518518519,0.0762894350070068,3,0.0126097307923686,0.0003985020256606,0.1935526280894278
toy,20,41,1.778279,47,3,10,0.0755476084041126,0.6287555806862293,3,0.1106280127409355,0.0003985020256606,0.2009337899916808
toy,20,41,3.162278,47,3,10,0.0250246954231149,1.0,3,0.7406361476502447,1.0,0.0279292357980027
toy,20,41,5.623413,47,3,10,0.0250246954231149,1.0,3,0.7406361476502447,1.0,0.0279292357980027
toy,20,41,10.0,47,3,10,0.0250246954231149,1.0,3,0.7406361476502447,1.0,0.0279292357980027
toy,20,41,17.782794,47,3,9,0.0250246954231149,1.0,3,0.7406361476502447,1.0,0.0279292357980027
toy,20,41,31.622777,47,3,9,0.0250246954231149,1.0,3,0.7406361476502447,1.0,0.0279292357980027
toy,20,41,56.234133,47,3,3,0.0250246954231149,1.0,3,0.7406361476502447,1.0,0.0279292357980027
toy,20,41,100.0,47,3,3,0.0250246954231149,1.0,3,0.7406361476502447,1.0,0.0279292357980027
toy,20,41,177.827941,47,3,3,0.0250246954231149,1.0,3,0.7406361476502447,1.0,0.0279292357980027
toy,20,41,316.227766,47,3,3,0.0250246954231149,1.0,3,0.7406361476502447,1.0,0.0279292357980027
toy,20,41,562.341325,47,3,3,0.0250246954231149,1.0,3,0.7406361476502447,1.0,0.0279292357980027
toy,20,41,1000.0,47,3,1,0.0250246954231149,,3,0.7406361476502447,1.0,0.0279292357980027
toy,20,42,0.001,42,3,1,-0.049335232668566,0.9931482321483992,3,0.0013665567944882,0.0,0.19224029940278
toy,20,42,0.001778,42,3,1,-0.0483204812949125,1.0,2,0.0013668830516119,0.0,0.19224029940278
toy,20,42,0.003162,42,3,1,-0.0483204812949125,-0.0473111395646606,2,0.0013668830516119,0.0,0.19224029940278
toy,20,42,0.005623,42,3,1,-0.0483204812949125,-0.0319193616127677,2,0.0636694339895471,0.0980491527193382,0.1836324015936846
toy,20,42,0.01,42,3,1,-0.0325,-0.0358744394618834,2,0.0833407541764369,0.1189855227214818,0.1830903714803005
toy,20,42,0.017783,42,3,1,-0.0585004119747322,-0.0886332026804905,3,0.0252570032064011,0.0,0.1940332507438048
toy,20,42,0.031623,42,3,1,-0.0675129151291513,-0.0657885003279561,3,0.0067772785017641,0.0,0.1927016642359255
toy,20,42,0.056234,42,3,1,-0.0483204812949125,-0.0473111395646606,2,0.0213874488913158,0.0,0.193057340654878
toy,20,42,0.1,42,3,4,-0.0483204812949125,1.0,2,0.0233518567796542,0.0,0.1935417967377792
toy,20,42,0.177828,42,3,1,-0.0483204812949125,-0.0483204812949125,2,0.0233518567796542,0.0,0.1935417967377792
toy,20,42,0.316228,42,3,1,1.0,1.0,3,0.0023336281675648,0.0003991924854273,0.1921877861227066
toy,20,42,0.5,42,3,1,1.0,-0.0325,3,0.0023336281675648,0.0003991924854273,0.1921877861227066
toy,20,42,0.562341,42,3,4,-0.0325,1.0,2,0.0124885433083106,0.0186897615252646,0.1982634826196617
toy,20,42,1.0,42,3,3,-0.0325,1.0,2,0.0124885433083106,0.0186897615252646,0.1982634826196617
toy,20,42,1.778279,42,3,10,-0.0325,1.0,2,0.0124885433083106,0.0186897615252646,0.1982634826196617
toy,20,42,3.162278,42,3,9,-0.0325,-0.0215807930941462,2,0.0124885433083106,0.0186897615252646,0.1982634826196617
toy,20,42,5.623413,42,3,8,0.046972166877981,1.0,3,0.5786665079147492,0.7778673621335683,0.0432834967767263
toy,20,42,10.0,42,3,9,0.046972166877981,1.0,3,0.5786665079147492,0.7778673621335683,0.0432834967767263
toy,20,42,17.782794,42,3,9,0.046972166877981,1.0,3,0.5786665079147492,0.7778673621335683,0.0432834967767263
toy,20,42,31.622777,42,3,10,0.046972166877981,1.0,3,0.5786665079147492,0.7778673621335683,0.0432834967767263
toy,20,42,56.234133,42,3,10,0.046972166877981,1.0,3,0.5786665079147492,0.7778673621335683,0.0432834967767263
toy,20,42,100.0,42,3,4,0.046972166877981,1.0,3,0.5786665079147492,0.7778673621335683,0.0432834967767263
toy,20,42,177.827941,42,3,3,0.046972166877981,1.0,3,0.5786665079147492,0.7778673621335683,0.0432834967767263
toy,20,42,316.227766,42,3,3,0.046972166877981,1.0,3,0.5786665079147492,0.7778673621335683,0.0432834967767263
toy,20,42,562.341325,42,3,3,0.046972166877981,1.0,3,0.5786665079147492,0.7778673621335683,0.0432834967767263
toy,20,42,1000.0,42,3,1,0.046972166877981,,3,0.5786665079147492,0.7778673621335683,0.0432834967767263
toy,20,43,0.001,42,3,1,-0.0241448692152917,1.0,3,0.1460673986843565,0.1974231081662083,0.2757639293996481
toy,20,43,0.001778,42,3,1,-0.0241448692152917,-0.0647471131057435,3,0.1460673986843565,0.1974231081662083,0.2757639293996481
toy,20,43,0.003162,42,3,1,-0.0358744394618834,-0.0571770005055844,3,0.1468122751601338,0.2087814175381807,0.1896123771389794
toy,20,43,0.005623,42,3,1,-0.0319193616127677,-0.0319193616127677,2,0.0040168766889983,0.0,0.1998339487871107
toy,20,43,0.01,42,3,1,-0.024390243902439,-0.0319193616127677,2,0.0323229592091504,0.0504040075152065,0.194686864451439
toy,20,43,0.017783,42,3,1,-0.0319193616127677,-0.0627482663434996,2,0.0203885505190207,0.0,0.2008186371702428
toy,20,43,0.031623,42,3,1,-0.0376470588235294,0.0,3,0.013218938111177,0.0,0.2004403149450234
toy,20,43,0.056234,42,3,1,0.0,0.0,1,0.0,0.0,0.1994871382615972
toy,20,43,0.1,42,3,4,-0.024390243902439,0.0,2,0.0020142092266706,0.0,0.1996086335676775
toy,20,43,0.177828,42,3,1,0.0,0.0,1,0.0,0.0,0.1994871382615972
toy,20,43,0.316228,42,3,1,1.0,1.0,2,0.0002895932510321,0.0003991924854273,0.199468251213959
toy,20,43,0.5,42,3,1,1.0,1.0,2,0.0002895932510321,0.0003991924854273,0.199468251213959
toy,20,43,0.562341,42,3,1,1.0,0.4753363228699551,2,0.0002895932510321,0.0003991924854273,0.199468251213959
toy,20,43,1.0,42,3,1,0.4753363228699551,1.0,3,0.0004300767192101,0.0004629029062907,0.1996718687656258
toy,20,43,1.778279,42,3,10,0.4753363228699551,0.7747871463883549,3,0.0004300767192101,0.0004629029062907,0.1996718687656258
toy,20,43,3.162278,42,3,10,-0.0325,0.6291803003607686,3,0.0041305968457012,0.002764207847403,0.2006877080045388
toy,20,43,5.623413,42,3,9,-0.0376470588235294,-0.093248749290835,3,0.0048384185038365,0.000223175011636,0.200383604444783
toy,20,43,10.0,42,3,10,0.0380434782608695,1.0,3,0.4964869844954962,0.6725109898196157,0.0572910504392038
toy,20,43,17.782794,42,3,10,0.0380434782608695,1.0,3,0.4964869844954962,0.6725109898196157,0.0572910504392038
toy,20,43,31.622777,42,3,9,0.0380434782608695,1.0,3,0.4964869844954962,0.6725109898196157,0.0572910504392038
toy,20,43,56.234133,42,3,9,0.0380434782608695,1.0,3,0.4964869844954962,0.6725109898196157,0.0572910504392038
toy,20,43,100.0,42,3,4,0.0380434782608695,1.0,3,0.4964869844954962,0.6725109898196157,0.0572910504392038
toy,20,43,177.827941,42,3,4,0.0380434782608695,1.0,3,0.4964869844954962,0.6725109898196157,0.0572910504392038
toy,20,43,316.227766,42,3,3,0.0380434782608695,1.0,3,0.4964869844954962,0.6725109898196157,0.0572910504392038
toy,20,43,562.341325,42,3,3,0.0380434782608695,1.0,3,0.4964869844954962,0.6725109898196157,0.0572910504392038
toy,20,43,1000.0,42,3,1,0.0380434782608695,,3,0.4964869844954962,0.6725109898196157,0.0572910504392038
toy,20,44,0.001,41,3,1,-0.0177858093969944,1.0,3,0.0176707913409325,0.0229350385265135,0.2090398929023094
toy,20,44,0.001778,41,3,1,-0.0177858093969944,1.0,3,0.0176707913409325,0.0229350385265135,0.2090398929023094
toy,20,44,0.003162,41,3,1,-0.0177858093969944,0.0,3,0.0176707913409325,0.0229350385265135,0.2090398929023094
toy,20,44,0.005623,41,3,1,0.0,1.0,1,0.0,0.0,0.193295648678559
toy,20,44,0.01,41,3,1,0.0,0.0,1,0.0,0.0,0.193295648678559
toy,20,44,0.017783,41,3,1,-0.0326999558108705,-0.0326999558108705,2,0.0098073480099661,0.0,0.1942434285705258
toy,20,44,0.031623,41,3,1,-0.025,-0.0367498314227916,2,0.0072139455717351,0.0,0.1938918544451685
toy,20,44,0.056234,41,3,1,-0.0367498314227916,-0.0367498314227916,3,0.0268953859186029,0.0,0.1949651884152267
toy,20,44,0.1,41,3,1,-0.025,-0.025,2,0.0013223085669131,0.0,0.1934074353396297
toy,20,44,0.177828,41,3,4,-0.025,-0.0326999558108705,2,0.006563369637188,0.0,0.1936210382776844
toy,20,44,0.316228,41,3,3,-0.0326999558108705,-0.0326999558108705,2,0.0077790501191136,0.0044409950451053,0.1962172986740681
toy,20,44,0.5,41,3,1,1.0,1.0,2,0.0068696358213218,0.010383451181856,0.1975297186305712
toy,20,44,0.562341,41,3,4,1.0,-0.025,2,0.0068696358213218,0.010383451181856,0.1975297186305712
toy,20,44,1.0,41,3,2,-0.025,1.0,2,0.0019813718599799,0.0,0.1931636915475104
toy,20,44,1.778279,41,3,10,-0.025,0.3702781237027812,2,0.0019813718599799,0.0,0.1931636915475104
toy,20,44,3.162278,41,3,10,0.3475854434758544,1.0,3,0.0056176346216947,0.0001226814289288,0.1932699812322395
toy,20,44,5.623413,41,3,10,0.3475854434758544,-0.0958768499727763,3,0.0056176346216947,0.0001226814289288,0.1932699812322395
toy,20,44,10.0,41,3,10,-0.0287677800863033,1.0,3,0.3618452851560761,0.4910975080313223,0.0850520354742637
toy,20,44,17.782794,41,3,10,-0.0287677800863033,1.0,3,0.3618452851560761,0.4910975080313223,0.0850520354742637
toy,20,44,31.622777,41,3,8,-0.0287677800863033,1.0,3,0.3618452851560761,0.4910975080313223,0.0850520354742637
toy,20,44,56.234133,41,3,8,-0.0287677800863033,1.0,3,0.3618452851560761,0.4910975080313223,0.0850520354742637
toy,20,44,100.0,41,3,8,-0.0287677800863033,1.0,3,0.3618452851560761,0.4910975080313224,0.0850520354742637
toy,20,44,177.827941,41,3,4,-0.0287677800863033,1.0,3,0.3618452851560761,0.4910975080313224,0.0850520354742637
toy,20,44,316.227766,41,3,4,-0.0287677800863033,1.0,3,0.3618452851560761,0.4910975080313224,0.0850520354742637
toy,20,44,562.341325,41,3,1,-0.0287677800863033,1.0,3,0.3618452851560761,0.4910975080313224,0.0850520354742637
toy,20,44,1000.0,41,3,1,-0.0287677800863033,,3,0.3618452851560761,0.4910975080313224,0.0850520354742637
toy,20,45,0.001,51,3,1,0.0023739435951001,1.0,3,0.0689421858757415,0.0904957857591705,0.2468465096989164
toy,20,45,0.001778,51,3,1,0.0023739435951001,0.0082128837352339,3,0.0689421858757415,0.0904957857591705,0.2468465096989164
toy,20,45,0.003162,51,3,1,-0.031104199066874,-0.0679246490933243,3,0.0972691865889344,0.1450399636559934,0.1807153437537918
toy,20,45,0.005623,51,3,1,-0.0295367615809604,0.0,3,0.0721759275955389,0.1083949247489202,0.1795013156496542
toy,20,45,0.01,51,3,1,0.0,0.0,1,0.0,0.0,0.1919542505546998
toy,20,45,0.017783,51,3,1,-0.0295367615809604,-0.0480055879520367,3,0.0083639051096243,0.0,0.1926745365337263
toy,20,45,0.031623,51,3,1,-0.0266555601832569,-0.0480055879520367,3,0.0247414319502387,0.0362102322997641,0.1908985602568441
toy,20,45,0.056234,51,3,1,-0.0295367615809604,-0.0480055879520367,3,0.0153037732926413,0.0,0.1929310432760297
toy,20,45,0.1,51,3,1,-0.0266555601832569,-0.0266555601832569,3,0.0096362767748214,0.0,0.192682335496017
toy,20,45,0.177828,51,3,1,-0.02,-0.02,2,0.00388805857428,0.0,0.1921519358456966
toy,20,45,0.316228,51,3,2,-0.02,-0.02,2,0.0002880427108245,0.0003989621482887,0.1919426314635639
toy,20,45,0.5,51,3,2,1.0,1.0,2,0.0034968778624652,0.0053845996468304,0.1932662870781978
toy,20,45,0.562341,51,3,1,1.0,1.0,2,0.0034968778624652,0.0053845996468304,0.1932662870781978
toy,20,45,1.0,51,3,10,1.0,0.6530612244897959,2,0.0034968778624652,0.0053845996468304,0.1932662870781978
toy,20,45,1.778279,51,3,10,0.6530612244897959,0.0794682201807453,3,0.0037211391443935,0.0056656172462944,0.1932514788552109
toy,20,45,3.162278,51,3,10,0.0719602977667493,0.5872685219505686,3,0.0976012809089182,0.0053845996468304,0.2017771986437879
toy,20,45,5.623413,51,3,10,-0.0241543160991062,1.0,3,0.6018258356335561,0.8298228471366602,0.0355349223601299
toy,20,45,10.0,51,3,10,-0.0241543160991062,1.0,3,0.6018258356335561,0.8298228471366602,0.0355349223601299
toy,20,45,17.782794,51,3,8,-0.0241543160991062,1.0,3,0.6018258356335561,0.8298228471366602,0.0355349223601299
toy,20,45,31.622777,51,3,7,-0.0241543160991062,1.0,3,0.6018258356335561,0.8298228471366602,0.0355349223601299
toy,20,45,56.234133,51,3,7,-0.0241543160991062,1.0,3,0.6018258356335561,0.8298228471366602,0.0355349223601299
toy,20,45,100.0,51,3,7,-0.0241543160991062,1.0,3,0.6018258356335561,0.8298228471366602,0.0355349223601299
toy,20,45,177.827941,51,3,3,-0.0241543160991062,1.0,3,0.6018258356335561,0.8298228471366602,0.0355349223601299
toy,20,45,316.227766,51,3,3,-0.0241543160991062,1.0,3,0.601825835633556,0.8298228471366603,0.0355349223601299
toy,20,45,562.341325,51,3,3,-0.0241543160991062,1.0,3,0.601825835633556,0.8298228471366603,0.0355349223601299
toy,20,45,1000.0,51,3,1,-0.0241543160991062,,3,0.601825835633556,0.8298228471366603,0.0355349223601299
toy,20,46,0.001,42,3,1,-0.0241448692152917,1.0,3,0.0210192324806259,0.0260118161611057,0.2116438641825337
toy,20,46,0.001778,42,3,1,-0.0241448692152917,0.1450820096238423,3,0.0210192324806259,0.0260118161611057,0.2116438641825337
toy,20,46,0.003162,42,3,1,-0.0383073496659242,-0.0675129151291513,3,0.2522829294700724,0.3307183042844795,0.1386920355877461
toy,20,46,0.005623,42,3,1,-0.0325,-0.049335232668566,3,0.1300012144029134,0.1846713621611335,0.176914890024784
toy,20,46,0.01,42,3,1,-0.0325,0.0,3,0.0827102653395329,0.1206647378915974,0.1809787196909388
toy,20,46,0.017783,42,3,1,0.0,0.0,1,0.0,0.0,0.1930476608475072
toy,20,46,0.031623,42,3,1,-0.0325,-0.0325,3,0.0169078108536648,0.0,0.1942110817054834
toy,20,46,0.056234,42,3,1,-0.024390243902439,-0.024390243902439,2,0.0061016718198576,8.018201547481515e-09,0.1932886845138702
toy,20,46,0.1,42,3,2,-0.024390243902439,-0.024390243902439,2,0.0044605310986382,0.0,0.1933792607336133
toy,20,46,0.177828,42,3,2,1.0,1.0,2,0.0012805332292358,0.0,0.1931538716783082
toy,20,46,0.316228,42,3,2,1.0,1.0,2,0.0012805332292358,0.0,0.1931538716783082
toy,20,46,0.5,42,3,1,1.0,1.0,2,0.0012805332292358,0.0,0.1931538716783082
toy,20,46,0.562341,42,3,2,1.0,0.65,2,0.0012805332292358,0.0,0.1931538716783082
toy,20,46,1.0,42,3,10,0.65,-0.0038115822447444,3,0.0076087138525482,0.0,0.1935853416739249
toy,20,46,1.778279,42,3,9,0.0197374913648475,0.8166732571419091,3,0.0662607121501866,0.0003991924854273,0.1983826327663802
toy,20,46,3.162278,42,3,10,0.0269654386631219,0.1411942016277094,3,0.0661927842238562,0.0003991924854273,0.1985534811634738
toy,20,46,5.623413,42,3,10,-0.0226011916991986,0.7113659588963325,3,0.0759491668101522,0.0015695490055414,0.2004370025991838
toy,20,46,10.0,42,3,9,-0.0318181818181818,1.0,3,0.4636938822866284,0.6224922282823956,0.0586313931045114
toy,20,46,17.782794,42,3,6,-0.0318181818181818,1.0,3,0.4636938822866284,0.6224922282823956,0.0586313931045114
toy,20,46,31.622777,42,3,6,-0.0318181818181818,1.0,3,0.4636938822866284,0.6224922282823956,0.0586313931045114
toy,20,46,56.234133,42,3,4,-0.0318181818181818,1.0,3,0.4636938822866284,0.6224922282823956,0.0586313931045114
toy,20,46,100.0,42,3,4,-0.0318181818181818,1.0,3,0.4636938822866284,0.6224922282823956,0.0586313931045114
toy,20,46,177.827941,42,3,4,-0.0318181818181818,1.0,3,0.4636938822866284,0.6224922282823956,0.0586313931045114
toy,20,46,316.227766,42,3,3,-0.0318181818181818,1.0,3,0.4636938822866284,0.6224922282823956,0.0586313931045114
toy,20,46,562.341325,42,3,3,-0.0318181818181818,1.0,3,0.4636938822866284,0.6224922282823956,0.0586313931045114
toy,20,46,1000.0,42,3,1,-0.0318181818181818,,3,0.4636938822866284,0.6224922282823956,0.0586313931045114
toy,20,47,0.001,45,3,1,-0.0302866414277988,-0.0302866414277988,3,0.0012603193419745,0.0,0.1856970278578678
toy,20,47,0.001778,45,3,1,-0.0227272727272727,1.0,2,0.0006310204725647,0.0,0.1856338644219868
toy,20,47,0.003162,45,3,1,-0.0227272727272727,0.0,2,0.0006310204725647,0.0,0.1856338644219868
toy,20,47,0.005623,45,3,1,0.0,0.0,1,0.0,0.0,0.1855710531947904
toy,20,47,0.01,45,3,1,-0.033480907581627,-0.0677385440835266,3,0.0763748495315666,0.1178939744410857,0.173599019331616
toy,20,47,0.017783,45,3,1,-0.033480907581627,-0.0761819188280692,3,0.0190722713678825,0.0,0.1872968305129838
toy,20,47,0.031623,45,3,1,-0.0348929421094369,-0.0761819188280692,3,0.0461264374266962,0.0384970479329266,0.1858029036842077
toy,20,47,0.056234,45,3,1,-0.033480907581627,-0.033480907581627,3,0.0220679268501709,0.0,0.1877910628519905
toy,20,47,0.1,45,3,1,-0.0227272727272727,1.0,2,0.0006310204725647,0.0,0.1856230299888262
toy,20,47,0.177828,45,3,1,-0.0227272727272727,-0.0227272727272727,2,0.0006310204725647,0.0,0.1856230299888262
toy,20,47,0.316228,45,3,3,-0.0227272727272727,-0.0227272727272727,2,0.0386746842664456,0.0318489284773668,0.1999511444558618
toy,20,47,0.5,45,3,4,1.0,1.0,2,0.0012606110051902,0.0,0.1855728904274418
toy,20,47,0.562341,45,3,2,1.0,-0.0227272727272727,2,0.0012606110051902,0.0,0.1855728904274418
toy,20,47,1.0,45,3,1,-0.0227272727272727,1.0,2,0.0025161084672182,0.0,0.1856817254340834
toy,20,47,1.778279,45,3,10,-0.0227272727272727,1.0,2,0.0025161084672182,0.0,0.1856817254340834
toy,20,47,3.162278,45,3,10,-0.0227272727272727,0.1151167554281032,2,0.0025161084672182,0.0,0.1856817254340834
toy,20,47,5.623413,45,3,10,-0.0277550184350675,0.4054815799377056,3,0.415237060988751,0.6017135601347677,0.2207871687369315
toy,20,47,10.0,45,3,10,-0.0255697609783212,1.0,3,0.4048359024039658,0.5582312597026572,0.0841845945954373
toy,20,47,17.782794,45,3,9,-0.0255697609783212,1.0,3,0.4048359024039658,0.5582312597026572,0.0841845945954373
toy,20,47,31.622777,45,3,9,-0.0255697609783212,1.0,3,0.4048359024039658,0.5582312597026572,0.0841845945954373
toy,20,47,56.234133,45,3,7,-0.0255697609783212,1.0,3,0.4048359024039658,0.5582312597026572,0.0841845945954373
toy,20,47,100.0,45,3,7,-0.0255697609783212,1.0,3,0.4048359024039658,0.5582312597026572,0.0841845945954373
toy,20,47,177.827941,45,3,5,-0.0255697609783212,1.0,3,0.4048359024039658,0.5582312597026572,0.0841845945954373
toy,20,47,316.227766,45,3,3,-0.0255697609783212,1.0,3,0.4048359024039658,0.5582312597026572,0.0841845945954373
toy,20,47,562.341325,45,3,3,-0.0255697609783212,1.0,3,0.4048359024039658,0.5582312597026572,0.0841845945954373
toy,20,47,1000.0,45,3,1,-0.0255697609783212,,3,0.4048359024039658,0.5582312597026572,0.0841845945954373
toy,20,48,0.001,46,3,1,-0.0291363163371488,0.0,2,0.0012412918964046,0.0,0.1949276767820503
toy,20,48,0.001778,46,3,1,0.0,1.0,1,0.0,0.0,0.1948028433695017
toy,20,48,0.003162,46,3,1,0.0,1.0,1,0.0,0.0,0.1948028433695017
toy,20,48,0.005623,46,3,1,0.0,1.0,1,0.0,0.0,0.1948028433695017
toy,20,48,0.01,46,3,1,0.0,0.0,1,0.0,0.0,0.1948028433695017
toy,20,48,0.017783,46,3,1,-0.0291363163371488,-0.0291363163371488,2,0.0122338218633329,0.0,0.195658507562898
toy,20,48,0.031623,46,3,1,-0.0222222222222222,-0.0291363163371488,2,0.0030940481069128,0.0,0.19501175470271
toy,20,48,0.056234,46,3,2,-0.0291363163371488,-0.0522373765403297,2,0.0012412918964046,0.0,0.1948958285139254
toy,20,48,0.1,46,3,1,-0.0327522451135763,-0.0522373765403297,3,0.010409802578909,0.0,0.1952553616707796
toy,20,48,0.177828,46,3,1,-0.0291363163371488,0.9938220389062324,2,0.0034677659261925,0.0031398391765416,0.1964504678123263
toy,20,48,0.316228,46,3,1,-0.0296143250688705,-0.0296143250688705,3,0.0043686334249022,0.0037154012838044,0.1973068606935716
toy,20,48,0.5,46,3,1,1.0,1.0,2,0.0168991230170642,0.0241455978215369,0.2029824624348575
toy,20,48,0.562341,46,3,1,1.0,1.0,2,0.0168991230170642,0.0241455978215369,0.2029824624348575
toy,20,48,1.0,46,3,4,1.0,1.0,2,0.0168991230170642,0.0241455978215369,0.2029824624348575
toy,20,48,1.778279,46,3,1,1.0,0.4775488642366614,2,0.0168991230170642,0.0241455978215369,0.2029824624348575
toy,20,48,3.162278,46,3,10,0.4775488642366614,0.1477353393820193,3,0.0148049340218318,0.0188558302989073,0.2037203333142111
toy,20,48,5.623413,46,3,8,-0.0239254891908057,0.1477353393820193,3,0.0268768167905562,0.018677176182782,0.2047402331620355
toy,20,48,10.0,46,3,10,0.4775488642366614,0.2618420270618301,3,0.0148049340218318,0.0188558302989073,0.2037203333142111
toy,20,48,17.782794,46,3,10,-0.0336457582311944,1.0,3,0.4146421955722899,0.5826321511942589,0.1298233544228694
toy,20,48,31.622777,46,3,5,-0.0336457582311944,0.4143389404528318,3,0.4146421955722899,0.5826321511942589,0.1298233544228694
toy,20,48,56.234133,46,3,5,-0.0281395722785013,1.0,3,0.4329142281318673,0.5957136529789467,0.0719006360675193
toy,20,48,100.0,46,3,5,-0.0281395722785013,1.0,3,0.4329142281318673,0.5957136529789467,0.0719006360675193
toy,20,48,177.827941,46,3,3,-0.0281395722785013,1.0,3,0.4329142281318673,0.5957136529789467,0.0719006360675193
toy,20,48,316.227766,46,3,3,-0.0281395722785013,1.0,3,0.4329142281318673,0.5957136529789467,0.0719006360675193
toy,20,48,562.341325,46,3,1,-0.0281395722785013,1.0,3,0.4329142281318673,0.5957136529789467,0.0719006360675193
toy,20,48,1000.0,46,3,1,-0.0281395722785013,,3,0.4329142281318673,0.5957136529789467,0.0719006360675193
toy,20,49,0.001,40,3,1,0.0122583686940122,0.0223372600171197,3,0.0176232578920186,0.0221836205707253,0.1964885420496229
toy,20,49,0.001778,40,3,1,-0.0077059869590989,0.0,3,0.0490239194336042,0.0688450938269454,0.2310276054566068
toy,20,49,0.003162,40,3,1,0.0,0.0,1,0.0,0.0,0.1827573262475944
toy,20,49,0.005623,40,3,1,-0.0335195530726257,0.0,2,0.1139095968151198,0.1701437043569184,0.1702743117016706
toy,20,49,0.01,40,3,1,0.0,0.0,1,0.0,0.0,0.1827573262475944
toy,20,49,0.017783,40,3,1,-0.0256410256410256,-0.0376687988628287,2,0.0389143114376652,0.0630972414224866,0.1780204829821565
toy,20,49,0.031623,40,3,1,-0.0376687988628287,-0.0600104419397438,3,0.0155655882912746,0.0,0.1839991175911319
toy,20,49,0.056234,40,3,1,-0.0335195530726257,1.0,2,0.0249742167326313,0.0,0.1839704228389745
toy,20,49,0.1,40,3,1,-0.0335195530726257,0.7784158963176807,2,0.0249742167326313,0.0,0.1839704228389745
toy,20,49,0.177828,40,3,2,-0.0376687988628287,-0.0376687988628287,3,0.0300727062553734,0.0,0.1843738268818031
toy,20,49,0.316228,40,3,1,-0.0256410256410256,-0.0256410256410256,2,0.0002854784719112,0.0003989621482887,0.1827297324012515
toy,20,49,0.5,40,3,1,1.0,-0.0256410256410256,2,0.0030473556343291,0.0,0.1829273376278546
toy,20,49,0.562341,40,3,4,-0.0256410256410256,1.0,2,0.0010851405372093,0.0015851973535165,0.1831449667950636
toy,20,49,1.0,40,3,3,-0.0256410256410256,0.6491228070175439,2,0.0010851405372093,0.0015851973535165,0.1831449667950636
toy,20,49,1.778279,40,3,9,0.6491228070175439,0.118883014775654,3,0.0034503516823089,0.0015851973535165,0.1832951365073234
toy,20,49,3.162278,40,3,9,0.0253705099221301,0.2778207646370256,3,0.0814475934860535,0.0015851973535165,0.1902328035298606
toy,20,49,5.623413,40,3,9,-0.0227509914422876,1.0,3,0.558827884771058,0.7847890409992155,0.0404045406809968
toy,20,49,10.0,40,3,9,-0.0227509914422876,1.0,3,0.558827884771058,0.7847890409992155,0.0404045406809968
toy,20,49,17.782794,40,3,9,-0.0227509914422876,1.0,3,0.558827884771058,0.7847890409992155,0.0404045406809968
toy,20,49,31.622777,40,3,9,-0.0227509914422876,1.0,3,0.558827884771058,0.7847890409992155,0.0404045406809968
toy,20,49,56.234133,40,3,7,-0.0227509914422876,0.9199065222009772,3,0.558827884771058,0.7847890409992155,0.0404045406809968
toy,20,49,100.0,40,3,7,0.0204498977505112,0.9199065222009772,3,0.5581703235209183,0.7847890409992155,0.0406526856886989
toy,20,49,177.827941,40,3,3,-0.0227509914422876,1.0,3,0.5588278847710579,0.7847890409992156,0.0404045406809968
toy,20,49,316.227766,40,3,3,-0.0227509914422876,1.0,3,0.558827884771058,0.7847890409992155,0.0404045406809968
toy,20,49,562.341325,40,3,3,-0.0227509914422876,1.0,3,0.558827884771058,0.7847890409992155,0.0404045406809968
toy,20,49,1000.0,40,3,1,-0.0227509914422876,,3,0.558827884771058,0.7847890409992155,0.0404045406809968
toy,20,50,0.001,45,3,1,-0.0146561443066516,0.0235900326073829,3,0.0288695736898217,0.0363051713295164,0.2079662018040398
toy,20,50,0.001778,45,3,1,0.0051101884381986,0.0051101884381986,3,0.0080945959787403,0.0030858394903431,0.1912036510644839
toy,20,50,0.003162,45,3,1,-0.0227272727272727,0.0,2,0.0372421167278201,0.0609860649281287,0.1823643559949166
toy,20,50,0.005623,45,3,1,0.0,0.0,1,0.0,0.0,0.1879804271398012
toy,20,50,0.01,45,3,1,-0.033480907581627,0.0,3,0.0983641648721139,0.1488087406389791,0.1782177239906073
toy,20,50,0.017783,45,3,1,0.0,0.0,1,0.0,0.0,0.1879804271398012
toy,20,50,0.031623,45,3,1,-0.033480907581627,-0.054528854327362,3,0.020511402953928,0.0,0.1898847625723962
toy,20,50,0.056234,45,3,1,-0.0302866414277988,-0.0459388246076297,3,0.010094045700239,0.0,0.1886690697667521
toy,20,50,0.1,45,3,1,-0.0302866414277988,-0.0459388246076297,3,0.0035534539643552,0.0021270023907321,0.189073514763548
toy,20,50,0.177828,45,3,1,-0.0302866414277988,-0.0302866414277988,3,0.0096086248545875,0.0139429848064247,0.193367853020256
toy,20,50,0.316228,45,3,2,1.0,1.0,2,0.0002847556046627,0.0003987319951093,0.1879899042454746
toy,20,50,0.5,45,3,1,1.0,1.0,2,0.0002847556046627,0.0003987319951093,0.1879899042454746
toy,20,50,0.562341,45,3,1,1.0,0.4770337576092971,2,0.0002847556046627,0.0003987319951093,0.1879899042454746
toy,20,50,1.0,45,3,1,0.4770337576092971,0.3819574960242879,3,0.0144617387673046,0.0003987319951093,0.1890158278246074
toy,20,50,1.778279,45,3,1,-0.0359603427995294,1.0,3,0.0128961370993166,0.0024547933651615,0.1905365654430537
toy,20,50,3.162278,45,3,10,-0.0359603427995294,1.0,3,0.0128961370993166,0.0024547933651615,0.1905365654430537
toy,20,50,5.623413,45,3,10,-0.0359603427995294,0.2380828340713727,3,0.0128961370993166,0.0024547933651615,0.1905365654430537
toy,20,50,10.0,45,3,10,0.0325038090401218,0.6904315196998124,3,0.0745759035064627,0.0024547933651615,0.1949774450558971
toy,20,50,17.782794,45,3,9,0.0765006262645727,1.0,3,0.4198148219299806,0.5679741636926412,0.0700593175127967
toy,20,50,31.622777,45,3,10,0.0765006262645727,1.0,3,0.4198148219299806,0.5679741636926412,0.0700593175127967
toy,20,50,56.234133,45,3,10,0.0765006262645727,1.0,3,0.4198148219299806,0.5679741636926412,0.0700593175127967
toy,20,50,100.0,45,3,4,0.0765006262645727,1.0,3,0.4198148219299806,0.5679741636926412,0.0700593175127967
toy,20,50,177.827941,45,3,3,0.0765006262645727,0.925116832460412,3,0.4198148219299806,0.5679741636926412,0.0700593175127967
toy,20,50,316.227766,45,3,3,0.0683101501170637,1.0,3,0.4196815225687538,0.5679741636926412,0.0700875870199772
toy,20,50,562.341325,45,3,1,0.0683101501170637,1.0,3,0.4196815225687538,0.5679741636926412,0.0700875870199772
toy,20,50,1000.0,45,3,1,0.0683101501170637,,3,0.4196815225687538,0.5679741636926412,0.0700875870199772
toy,20,51,0.001,54,3,1,0.0154672223112678,-0.0006200854926381,3,0.0354766148729399,0.0480765623313185,0.2209906419799595
toy,20,51,0.001778,54,3,1,0.0044434050514499,0.0153037964917694,3,0.0839052868965812,0.1179340663400775,0.2646996824333366
toy,20,51,0.003162,54,3,1,-0.0293982544786403,-0.0641436305880942,3,0.0082112543958657,0.0,0.189049927558961
toy,20,51,0.005623,54,3,1,-0.0278929513758009,-0.0278929513758009,3,0.0264285861216584,0.042016673355305,0.1852815674102863
toy,20,51,0.01,54,3,1,-0.0188679245283018,0.0,2,0.0005940055131045,0.0,0.1881537183093844
toy,20,51,0.017783,54,3,1,0.0,0.0,1,0.0,0.0,0.1880916103817929
toy,20,51,0.031623,54,3,1,-0.0248077400148846,-0.0374839037797712,2,0.0111195331369276,0.0,0.1890877924628597
toy,20,51,0.056234,54,3,3,-0.0251479289940828,-0.0380736910148674,3,0.0058846332327965,0.0,0.1885073719320207
toy,20,51,0.1,54,3,1,-0.0251479289940828,1.0,3,0.0070489923880186,0.0,0.1884971589805212
toy,20,51,0.177828,54,3,2,-0.0251479289940828,-0.0251479289940828,3,0.0070489923880186,0.0,0.1884971589805212
toy,20,51,0.316228,54,3,3,-0.0188679245283018,-0.0188679245283018,2,0.0064750509941337,0.0,0.1883946010512703
toy,20,51,0.5,54,3,4,1.0,1.0,2,0.0049633988561665,0.0064337614464897,0.1916895919109413
toy,20,51,0.562341,54,3,1,1.0,1.0,2,0.0049633988561665,0.0064337614464897,0.1916895919109413
toy,20,51,1.0,54,3,3,1.0,0.4809649453448926,2,0.0049633988561665,0.0064337614464897,0.1916895919109413
toy,20,51,1.778279,54,3,10,0.4809649453448926,0.194420821904682,3,0.010740956518833,0.0064337614464897,0.1920350970224685
toy,20,51,3.162278,54,3,10,0.3087774294670846,-0.0297805642633228,3,0.0067464599669558,0.0064337614464897,0.1919046577936091
toy,20,51,5.623413,54,3,10,-0.0188679245283018,1.0,2,0.0002844444988253,0.0003991924854273,0.1879903282960381
toy,20,51,10.0,54,3,8,-0.0188679245283018,1.0,2,0.0002844444988253,0.0003991924854273,0.1879903282960381
toy,20,51,17.782794,54,3,8,-0.0188679245283018,0.173188159237836,2,0.0002844444988253,0.0003991924854273,0.1879903282960381
toy,20,51,31.622777,54,3,8,-0.0289214018373596,0.5380035542439088,3,0.4913503135741207,0.7137364735228666,0.159847677687891
toy,20,51,56.234133,54,3,8,-0.0246548825836686,1.0,3,0.542252462943372,0.7568749311226097,0.0437191398346301
toy,20,51,100.0,54,3,5,-0.0246548825836686,1.0,3,0.542252462943372,0.7568749311226097,0.0437191398346301
toy,20,51,177.827941,54,3,4,-0.0246548825836686,1.0,3,0.542252462943372,0.7568749311226097,0.0437191398346301
toy,20,51,316.227766,54,3,4,-0.0246548825836686,1.0,3,0.542252462943372,0.7568749311226097,0.0437191398346301
toy,20,51,562.341325,54,3,4,-0.0246548825836686,1.0,3,0.542252462943372,0.7568749311226097,0.0437191398346301
toy,20,51,1000.0,54,3,2,-0.0246548825836686,,3,0.542252462943372,0.7568749311226097,0.0437191398346301
toy,20,52,0.001,49,3,1,0.0094581543277716,-0.0166938754015482,3,0.0298289334836102,0.0316839976133539,0.2036478621471337
toy,20,52,0.001778,49,3,1,-0.0081962579842857,-0.0255834269312367,3,0.056390237366231,0.0800689600921667,0.2344053964607292
toy,20,52,0.003162,49,3,1,-0.0141561601415616,-0.0312287847929395,3,0.0266338219083385,0.0333461985279602,0.1899210032159694
toy,20,52,0.005623,49,3,1,-0.0323551542513167,-0.0539653002025067,3,0.2617695419920075,0.3601133530701191,0.1857217167540871
toy,20,52,0.01,49,3,1,-0.0273473108477666,-0.0413494843545136,2,0.0137975633438013,0.0,0.1925023180127637
toy,20,52,0.017783,49,3,1,-0.0277652029575977,-0.04886435178459,3,0.0707164930038137,0.1118172855835985,0.1848970842760756
toy,20,52,0.031623,49,3,1,-0.0301331464611072,-0.0479245649849324,2,0.0132311440128836,0.0,0.1919519906949129
toy,20,52,0.056234,49,3,1,-0.0273473108477666,-0.0273473108477666,2,0.0120963970035011,0.0,0.191716480132133
toy,20,52,0.1,49,3,1,-0.0208333333333333,-0.0208333333333333,2,0.0023343609771532,0.0,0.1909557302409681
toy,20,52,0.177828,49,3,3,-0.0208333333333333,-0.0208333333333333,2,0.0109590365027764,0.0,0.1916045456638486
toy,20,52,0.316228,49,3,3,-0.0208333333333333,-0.0208333333333333,2,0.0002837581030816,0.0003989621482887,0.1908570824312206
toy,20,52,0.5,49,3,2,1.0,1.0,2,0.0191489963052344,0.0303343421756605,0.200536371378213
toy,20,52,0.562341,49,3,1,1.0,1.0,2,0.0191489963052344,0.0303343421756605,0.200536371378213
toy,20,52,1.0,49,3,3,1.0,1.0,2,0.0191489963052344,0.0303343421756605,0.200536371378213
toy,20,52,1.778279,49,3,10,1.0,0.089430894308943,2,0.0191489963052344,0.0303343421756605,0.200536371378213
toy,20,52,3.162278,49,3,10,0.089430894308943,0.5650788593277043,3,0.0550485254640293,0.0303343421756605,0.2034833746155439
toy,20,52,5.623413,49,3,10,0.0066698177616721,0.4420510588917899,3,0.0654721822558367,0.0303343421756605,0.2056731716328044
toy,20,52,10.0,49,3,10,-0.0242730562835392,1.0,3,0.5481401629016911,0.7784449386605465,0.0561957397954823
toy,20,52,17.782794,49,3,9,-0.0242730562835392,1.0,3,0.5481401629016911,0.7784449386605465,0.0561957397954823
toy,20,52,31.622777,49,3,10,-0.0242730562835392,1.0,3,0.5481401629016911,0.7784449386605465,0.0561957397954823
toy,20,52,56.234133,49,3,6,-0.0242730562835392,1.0,3,0.5481401629016911,0.7784449386605465,0.0561957397954823
toy,20,52,100.0,49,3,5,-0.0242730562835392,1.0,3,0.548140162901691,0.7784449386605465,0.0561957397954823
toy,20,52,177.827941,49,3,5,-0.0242730562835392,1.0,3,0.548140162901691,0.7784449386605465,0.0561957397954823
toy,20,52,316.227766,49,3,3,-0.0242730562835392,0.8711992043194089,3,0.5481401629016911,0.7784449386605466,0.0561957397954823
toy,20,52,562.341325,49,3,3,-0.0217404182216693,0.8711992043194089,3,0.5475016545401524,0.7784449386605465,0.0565162249294942
toy,20,52,1000.0,49,3,1,-0.0242730562835392,,3,0.5481401629016911,0.7784449386605465,0.0561957397954823
toy,20,53,0.001,52,3,1,-0.0076339070963963,-0.0145932933238395,3,0.1265992115312823,0.1866763928078111,0.2496713113219904
toy,20,53,0.001778,52,3,1,-0.0029100442657327,0.0279047277378297,3,0.0142757020889016,0.0187506710022072,0.1979130718518565
toy,20,53,0.003162,52,3,1,-0.0666162150242318,-0.0518758998390876,3,0.1665287191735745,0.2374140920147493,0.1501448589696685
toy,20,53,0.005623,52,3,1,-0.0470667082501111,-0.0395797130733481,3,0.1074548627061635,0.1593977876407051,0.1714456524334273
toy,20,53,0.01,52,3,1,-0.0470667082501111,-0.0518758998390876,3,0.0703927588815579,0.1122931109515167,0.182609268328966
toy,20,53,0.017783,52,3,1,-0.0666162150242318,-0.0666162150242318,3,0.0102212064910546,0.0,0.1874979004523659
toy,20,53,0.031623,52,3,1,-0.0585437895229026,-0.0289677682578539,3,0.0141240871082963,0.0,0.1879352346135174
toy,20,53,0.056234,52,3,1,-0.0289677682578539,-0.0289677682578539,2,0.0028736702495238,0.0,0.1868043476621978
toy,20,53,0.1,52,3,3,-0.0585437895229026,-0.0470667082501111,3,0.0135864648800323,0.0,0.187786796509607
toy,20,53,0.177828,52,3,2,0.780028002468464,-0.0261333333333333,3,0.0055839749920888,0.007469005429303,0.1900447433872466
toy,20,53,0.316228,52,3,2,0.4802121583027335,0.4802121583027335,2,0.0045859596458356,0.0,0.1869293379587058
toy,20,53,0.5,52,3,3,1.0,1.0,3,0.0074116686788074,0.0065583202200011,0.1896516142244146
toy,20,53,0.562341,52,3,4,1.0,1.0,3,0.0074116686788074,0.0065583202200011,0.1896516142244146
toy,20,53,1.0,52,3,3,1.0,1.0,3,0.0074116686788074,0.0065583202200011,0.1896516142244146
toy,20,53,1.778279,52,3,2,1.0,0.3415814954276492,3,0.0074116686788074,0.0065583202200011,0.1896516142244146
toy,20,53,3.162278,52,3,10,0.3415814954276492,0.2497701501685565,3,0.0117920591663907,0.0065583202200011,0.1902273708813646
toy,20,53,5.623413,52,3,10,0.4521177934168983,0.0951081100495654,3,0.0047801339559716,0.0068062630829612,0.1893228894758626
toy,20,53,10.0,52,3,8,0.1346198141939446,0.4881908577940339,3,0.0711486725249907,0.0068062630829612,0.1950677094537765
toy,20,53,17.782794,52,3,10,0.2423232607907931,0.4881908577940339,3,0.4799506251806606,0.6857141689855492,0.0860183367456478
toy,20,53,31.622777,52,3,10,0.1346198141939446,0.6343061170291245,3,0.0711486725249907,0.0068062630829612,0.1950677094537765
toy,20,53,56.234133,52,3,10,-0.066380439934205,1.0,3,0.4828119150047976,0.6857141689855492,0.0631385629897213
toy,20,53,100.0,52,3,4,-0.066380439934205,1.0,3,0.4828119150047976,0.6857141689855492,0.0631385629897213
toy,20,53,177.827941,52,3,3,-0.066380439934205,1.0,3,0.4828119150047976,0.6857141689855492,0.0631385629897213
toy,20,53,316.227766,52,3,3,-0.066380439934205,1.0,3,0.4828119150047976,0.6857141689855492,0.0631385629897213
toy,20,53,562.341325,52,3,1,-0.066380439934205,1.0,3,0.4828119150047976,0.6857141689855492,0.0631385629897213
toy,20,53,1000.0,52,3,1,-0.066380439934205,,3,0.4828119150047976,0.6857141689855492,0.0631385629897213
toy,20,54,0.001,41,3,1,-0.0098914659385718,1.0,3,0.1862059350425496,0.2659915343123314,0.2096344358260183
toy,20,54,0.001778,41,3,1,-0.0098914659385718,0.0,3,0.1862059350425496,0.2659915343123314,0.2096344358260183
toy,20,54,0.003162,41,3,1,0.0,0.0,1,0.0,0.0,0.183408843986021
toy,20,54,0.005623,41,3,1,-0.0333114179268025,-0.0326999558108705,2,0.0393138438791804,0.0651980734589466,0.179915524459176
toy,20,54,0.01,41,3,1,-0.0495120945574491,0.0,2,0.0650959076979892,0.1066663451290123,0.1784723064833952
toy,20,54,0.017783,41,3,1,0.0,0.0,1,0.0,0.0,0.183408843986021
toy,20,54,0.031623,41,3,1,-0.0505816635063803,-0.0691174592362382,3,0.012829790838311,0.0,0.1847731604255603
toy,20,54,0.056234,41,3,1,-0.0691174592362382,-0.0672982545982161,3,0.0106405865206964,0.0,0.184606609175635
toy,20,54,0.1,41,3,1,-0.0495120945574491,-0.0326999558108705,2,0.0120115474980688,0.0175203868827811,0.1913967088046717
toy,20,54,0.177828,41,3,1,-0.0333114179268025,-0.0333114179268025,2,0.0017031562870324,0.0,0.1834799582812584
toy,20,54,0.316228,41,3,2,1.0,1.0,3,0.0045182338286278,0.0,0.1835646393084599
toy,20,54,0.5,41,3,2,1.0,1.0,3,0.0045182338286278,0.0,0.1835646393084599
toy,20,54,0.562341,41,3,1,1.0,1.0,3,0.0045182338286278,0.0,0.1835646393084599
toy,20,54,1.0,41,3,1,1.0,0.6217115246870865,3,0.0045182338286278,0.0,0.1835646393084599
toy,20,54,1.778279,41,3,1,0.6217115246870865,0.8261087065271766,3,0.0144509555233821,0.0175203868827811,0.1915368921516499
toy,20,54,3.162278,41,3,9,0.357076258017122,-0.0734577061691753,3,0.0127934545651571,0.0175203868827811,0.1914114525148109
toy,20,54,5.623413,41,3,9,-0.0524912427458566,1.0,3,0.4836501186798262,0.6844774927014123,0.0643095344836907
toy,20,54,10.0,41,3,9,-0.0524912427458566,1.0,3,0.4836501186798262,0.6844774927014123,0.0643095344836907
toy,20,54,17.782794,41,3,9,-0.0524912427458566,1.0,3,0.4836501186798262,0.6844774927014123,0.0643095344836907
toy,20,54,31.622777,41,3,9,-0.0524912427458566,1.0,3,0.4836501186798262,0.6844774927014123,0.0643095344836907
toy,20,54,56.234133,41,3,7,-0.0524912427458566,1.0,3,0.4836501186798262,0.6844774927014123,0.0643095344836907
toy,20,54,100.0,41,3,4,-0.0524912427458566,0.9216157878507556,3,0.4836501186798262,0.6844774927014123,0.0643095344836907
toy,20,54,177.827941,41,3,3,-0.0488444976686116,1.0,3,0.4837796366500054,0.6846441581661469,0.0642896328257874
toy,20,54,316.227766,41,3,3,-0.0488444976686116,1.0,3,0.4837796366500054,0.6846441581661469,0.0642896328257874
toy,20,54,562.341325,41,3,3,-0.0488444976686116,1.0,3,0.4837796366500054,0.6846441581661469,0.0642896328257874
toy,20,54,1000.0,41,3,1,-0.0488444976686116,,3,0.4837796366500054,0.6846441581661469,0.0642896328257874
toy,20,55,0.001,54,3,1,-0.0248077400148846,1.0,2,0.0011208082510298,0.0,0.1874353647052242
toy,20,55,0.001778,54,3,1,-0.0248077400148846,1.0,2,0.0011208082510298,0.0,0.1874353647052242
toy,20,55,0.003162,54,3,1,-0.0248077400148846,-0.0374839037797712,2,0.0011208082510298,0.0,0.1874353647052242
toy,20,55,0.005623,54,3,1,-0.0251479289940828,0.0,3,0.085431611776599,0.1324158568950088,0.1748977080061709
toy,20,55,0.01,54,3,1,0.0,0.0,1,0.0,0.0,0.1873254775208811
toy,20,55,0.017783,54,3,1,-0.0188679245283018,-0.0251479289940828,2,0.0055644605007685,0.0,0.1879902928508265
toy,20,55,0.031623,54,3,1,-0.0251479289940828,-0.0380736910148674,3,0.0115711434435259,0.0,0.1884454863821413
toy,20,55,0.056234,54,3,1,-0.0251479289940828,-0.0452946894053194,3,0.0201515705620399,0.0,0.1891612769188689
toy,20,55,0.1,54,3,2,-0.0278929513758009,-0.0452946894053194,3,0.0096728733511806,0.0003991924854273,0.1881318345616017
toy,20,55,0.177828,54,3,1,-0.0251479289940828,-0.0251479289940828,3,0.0180313600871079,0.0086469551941676,0.1929407721807148
toy,20,55,0.316228,54,3,1,1.0,1.0,2,0.0216585066260841,0.0344150215689695,0.1983028711245405
toy,20,55,0.5,54,3,1,1.0,1.0,2,0.0216585066260841,0.0344150215689695,0.1983028711245405
toy,20,55,0.562341,54,3,1,1.0,1.0,2,0.0216585066260841,0.0344150215689695,0.1983028711245405
toy,20,55,1.0,54,3,1,1.0,0.4809649453448926,2,0.0216585066260841,0.0344150215689695,0.1983028711245405
toy,20,55,1.778279,54,3,1,0.4809649453448926,1.0,3,0.0355386648119658,0.0363858772529251,0.2086153528066263
toy,20,55,3.162278,54,3,10,0.4809649453448926,0.212379465623586,3,0.0355386648119658,0.0363858772529251,0.2086153528066263
toy,20,55,5.623413,54,3,9,0.0689655172413793,0.7651481256435255,3,0.0971321848851202,0.0339862446410623,0.2131645335114945
toy,20,55,10.0,54,3,9,-0.0262550807426123,1.0,3,0.3420801555015434,0.4900353220719184,0.1071389980564316
toy,20,55,17.782794,54,3,10,-0.0262550807426123,1.0,3,0.3420801555015434,0.4900353220719184,0.1071389980564316
toy,20,55,31.622777,54,3,10,-0.0262550807426123,1.0,3,0.3420801555015434,0.4900353220719184,0.1071389980564316
toy,20,55,56.234133,54,3,5,-0.0262550807426123,1.0,3,0.3420801555015434,0.4900353220719184,0.1071389980564316
toy,20,55,100.0,54,3,6,-0.0262550807426123,1.0,3,0.3420801555015434,0.4900353220719184,0.1071389980564316
toy,20,55,177.827941,54,3,3,-0.0262550807426123,1.0,3,0.3420801555015434,0.4900353220719184,0.1071389980564316
toy,20,55,316.227766,54,3,3,-0.0262550807426123,1.0,3,0.3420801555015434,0.4900353220719184,0.1071389980564316
toy,20,55,562.341325,54,3,1,-0.0262550807426123,1.0,3,0.3420801555015434,0.4900353220719184,0.1071389980564316
toy,20,55,1000.0,54,3,1,-0.0262550807426123,,3,0.3420801555015434,0.4900353220719184,0.1071389980564316
toy,20,56,0.001,54,3,1,0.0195533157935463,-0.0113009009938249,3,0.0155792146622566,0.0184092583914033,0.2059524169834022
toy,20,56,0.001778,54,3,1,-0.0374839037797712,-0.0368964118022143,2,0.0011054412787849,0.0,0.1892407640712544
toy,20,56,0.003162,54,3,1,-0.0374839037797712,-0.0374839037797712,2,0.0817562832784357,0.1332293577703023,0.1809089972488429
toy,20,56,0.005623,54,3,1,-0.0380736910148674,-0.0452946894053194,3,0.1036089948153503,0.1474230415215518,0.1770361755362023
toy,20,56,0.01,54,3,1,-0.0452946894053194,-0.0452946894053194,3,0.1470062711975463,0.2166956793755983,0.1745475237254799
toy,20,56,0.017783,54,3,1,-0.0380736910148674,0.0,3,0.0430555446121469,0.0675023843744247,0.1880113009144997
toy,20,56,0.031623,54,3,1,0.0,0.0,1,0.0,0.0,0.1891252656722451
toy,20,56,0.056234,54,3,1,-0.0380736910148674,-0.0251479289940828,3,0.0108836761998851,0.0,0.1899067264356012
toy,20,56,0.1,54,3,1,-0.0251479289940828,-0.0251479289940828,2,0.0033038285435659,0.0,0.1892787398048451
toy,20,56,0.177828,54,3,3,-0.0380736910148674,-0.0380736910148674,3,0.0008336874878435,0.0003989621482887,0.1891030029462126
toy,20,56,0.316228,54,3,2,1.0,1.0,3,0.003849423112126,0.0,0.1892941793753544
toy,20,56,0.5,54,3,2,1.0,0.3677653088274277,3,0.003849423112126,0.0,0.1892941793753544
toy,20,56,0.562341,54,3,1,0.3677653088274277,1.0,3,0.00368644258984,0.0003989621482887,0.1892561328428708
toy,20,56,1.0,54,3,1,0.3677653088274277,1.0,3,0.00368644258984,0.0003989621482887,0.1892561328428708
toy,20,56,1.778279,54,3,9,0.3677653088274277,1.0,3,0.00368644258984,0.0003989621482887,0.1892561328428708
toy,20,56,3.162278,54,3,9,0.3677653088274277,0.1158066207309766,3,0.00368644258984,0.0003989621482887,0.1892561328428708
toy,20,56,5.623413,54,3,9,-0.0250888434955368,0.8136806969366981,3,0.088863962204352,0.0003989621482887,0.1943941170248475
toy,20,56,10.0,54,3,9,-0.0384703422807526,1.0,3,0.6778413966318311,1.0,0.0466937479986014
toy,20,56,17.782794,54,3,9,-0.0384703422807526,1.0,3,0.6778413966318311,1.0,0.0466937479986014
toy,20,56,31.622777,54,3,6,-0.0384703422807526,1.0,3,0.6778413966318311,1.0,0.0466937479986014
toy,20,56,56.234133,54,3,7,-0.0384703422807526,1.0,3,0.6778413966318311,1.0,0.0466937479986014
toy,20,56,100.0,54,3,3,-0.0384703422807526,1.0,3,0.6778413966318311,1.0,0.0466937479986014
toy,20,56,177.827941,54,3,3,-0.0384703422807526,0.9419630364160654,3,0.6778413966318311,1.0,0.0466937479986014
toy,20,56,316.227766,54,3,3,0.0063639036593691,1.0,3,0.6776717781956213,1.0,0.046673288390579
toy,20,56,562.341325,54,3,3,0.0063639036593691,1.0,3,0.6776717781956215,1.0,0.046673288390579
toy,20,56,1000.0,54,3,1,0.0063639036593691,,3,0.6776717781956215,1.0,0.046673288390579
toy,20,57,0.001,47,3,1,0.0001597591840509,1.0,3,0.1133806923164571,0.1635940012393899,0.2454220963418223
toy,20,57,0.001778,47,3,1,0.0001597591840509,1.0,3,0.1133806923164571,0.1635940012393899,0.2454220963418223
toy,20,57,0.003162,47,3,1,0.0001597591840509,-0.0325246918239724,3,0.1133806923164571,0.1635940012393899,0.2454220963418223
toy,20,57,0.005623,47,3,1,-0.0562169260472278,-0.0337101747173689,3,0.1657860235936591,0.2378884201595625,0.1513712291605661
toy,20,57,0.01,47,3,1,-0.0285145888594164,-0.0285145888594164,2,0.0350188428783726,0.0597947702463466,0.1818440776668132
toy,20,57,0.017783,47,3,1,-0.0423365848189258,-0.0431278272655775,2,0.0144491988508951,0.0,0.1884225961995932
toy,20,57,0.031623,47,3,1,-0.0431278272655775,-0.0289711934156378,3,0.0027169143056012,0.0,0.1869778504613687
toy,20,57,0.056234,47,3,1,-0.0285145888594164,-0.0217391304347826,2,0.0016340658663804,0.0,0.186828111584961
toy,20,57,0.1,47,3,1,-0.0285145888594164,-0.0217391304347826,2,0.0005458373934825,0.0,0.1867926800388698
toy,20,57,0.177828,47,3,3,-0.0285145888594164,-0.0285145888594164,2,0.0010904794009403,0.0,0.1867738059207979
toy,20,57,0.316228,47,3,2,1.0,1.0,2,0.0048854705260598,0.0076664735185461,0.1905347415922448
toy,20,57,0.5,47,3,3,1.0,1.0,2,0.0048854705260598,0.0076664735185461,0.1905347415922448
toy,20,57,0.562341,47,3,2,1.0,1.0,2,0.0048854705260598,0.0076664735185461,0.1905347415922448
toy,20,57,1.0,47,3,1,1.0,0.9939703593799678,2,0.0048854705260598,0.0076664735185461,0.1905347415922448
toy,20,57,1.778279,47,3,10,0.9939703593799678,1.0,3,0.0067002794736551,0.0099499267363911,0.1916798816157275
toy,20,57,3.162278,47,3,10,0.9939703593799678,0.2533848184173224,3,0.0067002794736551,0.0099499267363911,0.1916798816157274
toy,20,57,5.623413,47,3,10,0.255281690140845,0.4911059551430781,3,0.4492740540681174,0.6504454181587266,0.0932606908515864
toy,20,57,10.0,47,3,10,-0.0502708823945746,1.0,3,0.4544257012846815,0.650175618945953,0.0660989831891452
toy,20,57,17.782794,47,3,8,-0.0502708823945746,1.0,3,0.4544257012846815,0.650175618945953,0.0660989831891452
toy,20,57,31.622777,47,3,7,-0.0502708823945746,1.0,3,0.4544257012846815,0.650175618945953,0.0660989831891452
toy,20,57,56.234133,47,3,7,-0.0502708823945746,1.0,3,0.4544257012846815,0.650175618945953,0.0660989831891452
toy,20,57,100.0,47,3,8,-0.0502708823945746,1.0,3,0.4544257012846815,0.650175618945953,0.0660989831891452
toy,20,57,177.827941,47,3,3,-0.0502708823945746,1.0,3,0.4544257012846815,0.650175618945953,0.0660989831891452
toy,20,57,316.227766,47,3,3,-0.0502708823945746,1.0,3,0.4544257012846815,0.650175618945953,0.0660989831891452
toy,20,57,562.341325,47,3,1,-0.0502708823945746,0.8652297079215121,3,0.4544257012846815,0.650175618945953,0.0660989831891452
toy,20,57,1000.0,47,3,1,-0.0453146666017953,,3,0.4537526959650332,0.6504454181587266,0.0665376830491159
toy,20,58,0.001,55,3,1,-0.0243553008595988,1.0,2,0.0010759062219558,0.0,0.1868153132746098
toy,20,58,0.001778,55,3,1,-0.0243553008595988,-0.0362307934379575,2,0.0010759062219558,0.0,0.1868153132746098
toy,20,58,0.003162,55,3,1,-0.0243553008595988,-0.0362307934379575,2,0.1022613340553395,0.1631717686360356,0.1769767535437273
toy,20,58,0.005623,55,3,1,-0.0243553008595988,0.0,2,0.1225766801751795,0.1889147215823205,0.171446918197848
toy,20,58,0.01,55,3,4,0.0,0.0,1,0.0,0.0,0.1867237307434215
toy,20,58,0.017783,55,3,4,-0.0273848385926731,0.0,3,0.0364766669418891,0.0476760838150139,0.188482719398463
toy,20,58,0.031623,55,3,3,0.0,0.0,1,0.0,0.0,0.1867237307434215
toy,20,58,0.056234,55,3,2,-0.0246825679363949,-0.0373628311381794,3,0.001611750380753,0.0,0.1868306021938739
toy,20,58,0.1,55,3,2,-0.0246825679363949,-0.0246825679363949,3,0.0069193458463144,0.0,0.1871736821359471
toy,20,58,0.177828,55,3,1,-0.0185185185185185,-0.0185185185185185,2,0.0010759062219558,0.0,0.1867558265967243
toy,20,58,0.316228,55,3,3,1.0,1.0,2,0.0002808831008158,0.0003991924854273,0.1867191664019438
toy,20,58,0.5,55,3,1,1.0,-0.0185185185185185,2,0.0002808831008158,0.0003991924854273,0.1867191664019438
toy,20,58,0.562341,55,3,2,-0.0185185185185185,1.0,2,0.0016806272739834,2.116584746371884e-05,0.1868710379553889
toy,20,58,1.0,55,3,1,-0.0185185185185185,1.0,2,0.0016806272739834,2.116584746371884e-05,0.1868710379553889
toy,20,58,1.778279,55,3,2,-0.0185185185185185,0.1016217477540543,2,0.0016806272739834,2.116584746371884e-05,0.1868710379553889
toy,20,58,3.162278,55,3,10,-0.0235095088087737,-0.0936537775905098,3,0.0447343768045572,2.116584746371884e-05,0.1909360583168078
toy,20,58,5.623413,55,3,10,0.0436810856658184,1.0,3,0.5149364811533863,0.7498310571954581,0.0541759727882162
toy,20,58,10.0,55,3,9,0.0436810856658184,1.0,3,0.5149364811533863,0.7498310571954581,0.0541759727882162
toy,20,58,17.782794,55,3,9,0.0436810856658184,1.0,3,0.5149364811533863,0.7498310571954581,0.0541759727882162
toy,20,58,31.622777,55,3,6,0.0436810856658184,1.0,3,0.5149364811533863,0.7498310571954581,0.0541759727882162
toy,20,58,56.234133,55,3,6,0.0436810856658184,1.0,3,0.5149364811533863,0.7498310571954581,0.0541759727882162
toy,20,58,100.0,55,3,5,0.0436810856658184,0.8836332026701219,3,0.5149364811533863,0.7498310571954581,0.0541759727882162
toy,20,58,177.827941,55,3,5,0.0367604569498155,1.0,3,0.5142539654329442,0.7498310571954581,0.0542971162969083
toy,20,58,316.227766,55,3,3,0.0367604569498155,0.9398199572274076,3,0.5142539654329442,0.7498310571954581,0.0542971162969083
toy,20,58,562.341325,55,3,1,0.0339578454332552,0.8829111312814588,3,0.5141428542509288,0.7498310571954581,0.0543180729345345
toy,20,58,1000.0,55,3,1,0.0399817226410783,,3,0.5148208436541409,0.7498310571954581,0.0541575082281891
toy,20,59,0.001,53,3,1,-0.0118041387350626,0.0362837096549202,3,0.021470580181889,0.0198691150204207,0.1964584617132646
toy,20,59,0.001778,53,3,1,-0.0252772762445189,1.0,2,0.0021192655294215,0.0,0.1874236766267903
toy,20,59,0.003162,53,3,1,-0.0252772762445189,-0.0252772762445189,2,0.0021192655294215,0.0,0.1874236766267903
toy,20,59,0.005623,53,3,1,-0.0192307692307692,-0.0256311674996796,2,0.0528182568150448,0.0878537852730565,0.1802591567721025
toy,20,59,0.01,53,3,1,-0.0256311674996796,-0.0388121073672187,3,0.0820421090668775,0.1256382032029987,0.1758834333815594
toy,20,59,0.017783,53,3,1,-0.0256311674996796,-0.0508909638778319,3,0.0644147125519997,0.1039024002392248,0.1831724946921426
toy,20,59,0.031623,53,3,1,-0.0299458426250398,-0.0508909638778319,3,0.009416385964911,0.0,0.188218199980281
toy,20,59,0.056234,53,3,1,-0.0256311674996796,-0.0256311674996796,3,0.002118522511018,0.0,0.1873718439624402
toy,20,59,0.1,53,3,2,-0.0192307692307692,-0.0192307692307692,2,0.004748044374652,0.0,0.1875965018926729
toy,20,59,0.177828,53,3,2,-0.0192307692307692,-0.0192307692307692,2,0.0015909604071868,0.0,0.1873122200907465
toy,20,59,0.316228,53,3,1,-0.0192307692307692,-0.0192307692307692,2,0.0002800569966712,0.0003985020256606,0.1872400198767554
toy,20,59,0.5,53,3,7,1.0,1.0,2,0.0381201284137648,0.0570569297123052,0.2052336687973287
toy,20,59,0.562341,53,3,8,1.0,1.0,2,0.0381201284137648,0.0570569297123052,0.2052336687973287
toy,20,59,1.0,53,3,2,1.0,1.0,2,0.0381201284137648,0.0570569297123052,0.2052336687973287
toy,20,59,1.778279,53,3,1,1.0,0.4805958447667581,2,0.0381201284137648,0.0570569297123052,0.2052336687973287
toy,20,59,3.162278,53,3,10,0.4805958447667581,0.141589652088404,3,0.0328708433221006,0.03977385399647,0.2055713483266193
toy,20,59,5.623413,53,3,10,-0.0223884959373355,0.8954282534275452,3,0.0375752273374956,0.03977385399647,0.2068848027717245
toy,20,59,10.0,53,3,7,-0.0255984961574611,0.6096317280453257,3,0.2860284067754441,0.4138570948749788,0.2075302991738112
toy,20,59,17.782794,53,3,7,-0.029418935392117,1.0,3,0.2182661234520493,0.3142945846881126,0.2004480987958126
toy,20,59,31.622777,53,3,8,-0.029418935392117,0.9187373506253332,3,0.2182661234520493,0.3142945846881126,0.2004480987958126
toy,20,59,56.234133,53,3,5,0.1044298980057847,0.5054425387817834,3,0.343489092711898,0.4937966807952184,0.1570935626816079
toy,20,59,100.0,53,3,6,0.053153947948831,1.0,3,0.3396547364529245,0.4937966807952184,0.1302472394543034
toy,20,59,177.827941,53,3,4,0.053153947948831,1.0,3,0.3396547364529245,0.4937966807952184,0.1302472394543034
toy,20,59,316.227766,53,3,3,0.053153947948831,1.0,3,0.3396547364529245,0.4937966807952184,0.1302472394543034
toy,20,59,562.341325,53,3,1,0.053153947948831,1.0,3,0.3396547364529245,0.4937966807952184,0.1302472394543034
toy,20,59,1000.0,53,3,1,0.053153947948831,,3,0.3396547364529246,0.4937966807952184,0.1302472394543034
toy,20,60,0.001,54,3,1,-0.0374839037797712,0.9948383885384092,2,0.0036507787275908,0.0,0.186264165869658
toy,20,60,0.001778,54,3,1,-0.0380736910148674,0.0,3,0.003648415958658,0.0,0.186264165869658
toy,20,60,0.003162,54,3,1,0.0,0.0,1,0.0,0.0,0.1860033014661172
toy,20,60,0.005623,54,3,1,-0.049942530030876,-0.049942530030876,3,0.1609192613913384,0.2402911583522051,0.1900120900978839
toy,20,60,0.01,54,3,1,-0.0380736910148674,-0.0452946894053194,3,0.0621821039483769,0.0999391189349222,0.1757091044285699
toy,20,60,0.017783,54,3,1,-0.0452946894053194,-0.0452946894053194,3,0.0236167745170248,0.0396798762348527,0.1843678892988884
toy,20,60,0.031623,54,3,1,-0.0380736910148674,-0.0251479289940828,3,0.0148669555845096,0.0,0.1871306783021002
toy,20,60,0.056234,54,3,1,-0.0251479289940828,-0.0278929513758009,2,0.0005245015902079,0.0,0.1860164072927826
toy,20,60,0.1,54,3,1,-0.0452946894053194,0.7843280957714347,3,0.0041669426615298,0.0,0.1861017094626797
toy,20,60,0.177828,54,3,4,-0.0374839037797712,-0.0374839037797712,2,0.0036507787275908,0.0,0.1860749635028761
toy,20,60,0.316228,54,3,1,1.0,1.0,3,0.0036480819394527,0.0,0.1861414074328591
toy,20,60,0.5,54,3,1,1.0,-0.0251479289940828,3,0.0036480819394527,0.0,0.1861414074328591
toy,20,60,0.562341,54,3,3,-0.0251479289940828,1.0,2,0.0303942371664412,0.0317956412568021,0.1987949762275547
toy,20,60,1.0,54,3,2,-0.0251479289940828,1.0,2,0.0303942371664412,0.0317956412568021,0.1987949762275547
toy,20,60,1.778279,54,3,3,-0.0251479289940828,0.3087774294670846,2,0.0303942371664412,0.0317956412568021,0.1987949762275547
toy,20,60,3.162278,54,3,10,0.5148981694270545,0.8636438600156124,3,0.034840774286928,0.0317956412568021,0.198922034417362
toy,20,60,5.623413,54,3,10,0.281117658583636,-0.0866420356975594,3,0.0335643006927707,0.0317956412568021,0.1989589235021368
toy,20,60,10.0,54,3,10,-0.0481158517595764,1.0,3,0.4491265262826116,0.6609879933665105,0.0802010804697999
toy,20,60,17.782794,54,3,10,-0.0481158517595764,1.0,3,0.4491265262826116,0.6609879933665105,0.0802010804697999
toy,20,60,31.622777,54,3,10,-0.0481158517595764,1.0,3,0.4491265262826116,0.6609879933665105,0.0802010804697999
toy,20,60,56.234133,54,3,9,-0.0481158517595764,0.9384404202523626,3,0.4491265262826116,0.6609879933665105,0.0802010804697999
toy,20,60,100.0,54,3,4,-0.0464448610683605,0.8790061408321093,3,0.4491137627591385,0.6609879933665105,0.0801360873001154
toy,20,60,177.827941,54,3,3,-0.0425480999329951,0.9374015748031496,3,0.4490903569605722,0.6609879933665105,0.0800830944931474
toy,20,60,316.227766,54,3,3,-0.040324595556851,1.0,3,0.4490251565512081,0.6609879933665106,0.0802250912648178
toy,20,60,562.341325,54,3,1,-0.040324595556851,0.9374015748031496,3,0.4490251565512081,0.6609879933665106,0.0802250912648178
toy,20,60,1000.0,54,3,1,-0.0425480999329951,,3,0.4490903569605722,0.6609879933665105,0.0800830944931474
toy,20,61,0.001,55,3,1,0.0050152247895396,-0.0143936853509428,3,0.0065896917117467,0.0088070344045856,0.1882674559279403
toy,20,61,0.001778,55,3,1,-0.0170084836504406,-0.0170084836504406,3,0.0606968728583116,0.0869513305216268,0.2367494780296132
toy,20,61,0.003162,55,3,1,-0.0185185185185185,0.0,2,0.0460007489800917,0.0778147949701599,0.1739624304956337
toy,20,61,0.005623,55,3,1,0.0,0.0,1,0.0,0.0,0.1819413424858727
toy,20,61,0.01,55,3,1,-0.0243553008595988,0.0,2,0.0137080751533653,0.0,0.183560779773128
toy,20,61,0.017783,55,3,1,0.0,0.0,1,0.0,0.0,0.1819413424858727
toy,20,61,0.031623,55,3,1,-0.0246825679363949,-0.0246825679363949,3,0.0066528446173684,0.0,0.1826065950099292
toy,20,61,0.056234,55,3,1,-0.0185185185185185,-0.0243553008595988,2,0.0010343702288394,0.0,0.1820080305696604
toy,20,61,0.1,55,3,2,-0.0243553008595988,-0.0243553008595988,2,0.0056451892185984,0.0,0.1824181847686643
toy,20,61,0.177828,55,3,2,-0.0185185185185185,0.4813202756619514,2,0.0015500063987572,0.0,0.1819993691882578
toy,20,61,0.316228,55,3,2,-0.0273848385926731,-0.0273848385926731,3,0.0071609356060392,0.0,0.1824683284726526
toy,20,61,0.5,55,3,4,1.0,1.0,2,0.0045857542653496,0.0034729215882104,0.1832690861481501
toy,20,61,0.562341,55,3,3,1.0,-0.0185185185185185,2,0.0045857542653496,0.0034729215882104,0.1832690861481501
toy,20,61,1.0,55,3,1,-0.0185185185185185,1.0,2,0.0002793220470137,0.0003987319951093,0.1818965642857175
toy,20,61,1.778279,55,3,10,-0.0185185185185185,1.0,2,0.0002793220470137,0.0003987319951093,0.1818965642857175
toy,20,61,3.162278,55,3,10,-0.0185185185185185,0.0807799442896936,2,0.0002793220470137,0.0003987319951093,0.1818965642857175
toy,20,61,5.623413,55,3,7,-0.0185185185185185,0.8790677220756377,3,0.0250315744767479,0.0037151093680571,0.1833969612418067
toy,20,61,10.0,55,3,8,-0.0237018188672132,1.0,3,0.4909803965059116,0.7204517865766775,0.0535127733714231
toy,20,61,17.782794,55,3,9,-0.0237018188672132,0.9391976547081896,3,0.4909803965059116,0.7204517865766775,0.0535127733714231
toy,20,61,31.622777,55,3,5,-0.022781856858574,1.0,3,0.4906906664908115,0.7204517865766775,0.0536242702959304
toy,20,61,56.234133,55,3,6,-0.022781856858574,1.0,3,0.4906906664908115,0.7204517865766775,0.0536242702959304
toy,20,61,100.0,55,3,6,-0.022781856858574,1.0,3,0.4906906664908115,0.7204517865766775,0.0536242702959304
toy,20,61,177.827941,55,3,6,-0.022781856858574,1.0,3,0.4906906664908115,0.7204517865766775,0.0536242702959304
toy,20,61,316.227766,55,3,3,-0.022781856858574,1.0,3,0.4906906664908115,0.7204517865766775,0.0536242702959304
toy,20,61,562.341325,55,3,1,-0.022781856858574,1.0,3,0.4906906664908115,0.7204517865766775,0.0536242702959304
toy,20,61,1000.0,55,3,1,-0.022781856858574,,3,0.4906906664908115,0.7204517865766775,0.0536242702959304
toy,20,62,0.001,67,3,1,-0.0199809705042816,1.0,2,0.0010212068557437,0.0,0.1911959021998762
toy,20,62,0.001778,67,3,1,-0.0199809705042816,-0.0297785827819465,2,0.0010212068557437,0.0,0.1911959021998762
toy,20,62,0.003162,67,3,1,-0.0199809705042816,-0.0396296286882725,2,0.1870050416530778,0.2596514401418268,0.1741448765565595
toy,20,62,0.005623,67,3,1,-0.0237469586374695,-0.0396296286882725,3,0.0878153617873786,0.1376087742485688,0.1821120438634667
toy,20,62,0.01,67,3,1,-0.0199809705042816,-0.0396296286882725,2,0.0050706621481443,0.0,0.1916611009013944
toy,20,62,0.017783,67,3,1,-0.0237469586374695,-0.0401935111623984,3,0.0090576873244123,0.0,0.1920033290184787
toy,20,62,0.031623,67,3,1,-0.0201972386587771,-0.0201972386587771,3,0.006568071812007,0.0,0.1917317642218486
toy,20,62,0.056234,67,3,1,-0.0151515151515151,-0.0224705599615477,2,0.0005111541779324,0.0,0.1911390458954145
toy,20,62,0.1,67,3,3,-0.0224705599615477,-0.0359019948222319,3,0.0095535349716126,0.0,0.1916515860011905
toy,20,62,0.177828,67,3,1,-0.0199809705042816,-0.0199809705042816,2,0.0014094176249712,0.0002381567329696,0.1914529478111542
toy,20,62,0.316228,67,3,5,1.0,1.0,2,0.0002790337330334,0.0003989621482887,0.1910735402575057
toy,20,62,0.5,67,3,1,1.0,1.0,2,0.0002790337330334,0.0003989621482887,0.1910735402575057
toy,20,62,0.562341,67,3,3,1.0,1.0,2,0.0002790337330334,0.0003989621482887,0.1910735402575057
toy,20,62,1.0,67,3,10,1.0,0.4847392453737082,2,0.0002790337330334,0.0003989621482887,0.1910735402575057
toy,20,62,1.778279,67,3,10,0.4847392453737082,0.4632010682565806,3,0.0016090555593153,0.0004958688949453,0.1914356801036861
toy,20,62,3.162278,67,3,10,-0.0244143033292231,1.0,3,0.0063330904884157,0.0002381567329696,0.1918127805215287
toy,20,62,5.623413,67,3,10,-0.0244143033292231,0.1727100617615878,3,0.0063330904884157,0.0002381567329696,0.1918127805215287
toy,20,62,10.0,67,3,10,0.1180236227571905,1.0,3,0.4895862155763411,0.7283945014540957,0.0830111033349757
toy,20,62,17.782794,67,3,9,0.1180236227571905,1.0,3,0.4895862155763411,0.7283945014540957,0.0830111033349757
toy,20,62,31.622777,67,3,9,0.1180236227571905,0.4799110224744957,3,0.4895862155763411,0.7283945014540957,0.0830111033349757
toy,20,62,56.234133,67,3,4,0.0557233374785337,1.0,3,0.5013509913481016,0.7283945014540957,0.0536102175056912
toy,20,62,100.0,67,3,4,0.0557233374785337,1.0,3,0.5013509913481016,0.7283945014540957,0.0536102175056912
toy,20,62,177.827941,67,3,3,0.0557233374785337,1.0,3,0.5013509913481016,0.7283945014540957,0.0536102175056912
toy,20,62,316.227766,67,3,3,0.0557233374785337,1.0,3,0.5013509913481016,0.7283945014540957,0.0536102175056912
toy,20,62,562.341325,67,3,1,0.0557233374785337,1.0,3,0.5013509913481016,0.7283945014540957,0.0536102175056912
toy,20,62,1000.0,67,3,1,0.0557233374785337,,3,0.5013509913481016,0.7283945014540957,0.0536102175056912
toy,20,63,0.001,61,3,1,0.0,1.0,1,0.0,0.0,0.1854226371855689
toy,20,63,0.001778,61,3,1,0.0,0.0,1,0.0,0.0,0.1854226371855689
toy,20,63,0.003162,61,3,1,-0.0222158383606243,-0.0331438320028795,3,0.0699247488006993,0.1137326832818277,0.17785094780724
toy,20,63,0.005623,61,3,1,-0.0219526285384171,-0.0394292666027505,2,0.1597381872730284,0.2402377160035476,0.1715239329345595
toy,20,63,0.01,61,3,1,-0.0246859479988314,-0.0394292666027505,3,0.029987047346885,0.0381524733627675,0.1831138105580342
toy,20,63,0.017783,61,3,1,-0.0219526285384171,-0.0331438320028795,2,0.0094524670028065,0.0,0.1864396384492587
toy,20,63,0.031623,61,3,1,-0.0222158383606243,-0.0331438320028795,3,0.0030121671548703,0.0,0.1856349526811012
toy,20,63,0.056234,61,3,1,-0.0219526285384171,-0.0326904799619832,2,0.0119015453325353,0.0,0.1864485038901283
toy,20,63,0.1,61,3,1,-0.0219526285384171,-0.0219526285384171,2,0.0097522913195737,0.0144020231762916,0.1913457047813145
toy,20,63,0.177828,61,3,1,-0.0166666666666666,-0.0166666666666666,2,0.0005047238102524,0.0,0.1854298167071543
toy,20,63,0.316228,61,3,2,-0.0166666666666666,-0.0166666666666666,2,0.0059993102045189,0.0,0.1858025080244252
toy,20,63,0.5,61,3,4,1.0,1.0,2,0.0235750398274384,0.0082918442431974,0.1896399957748043
toy,20,63,0.562341,61,3,1,1.0,1.0,2,0.0235750398274384,0.0082918442431974,0.1896399957748043
toy,20,63,1.0,61,3,9,1.0,1.0,2,0.0235750398274384,0.0082918442431974,0.1896399957748043
toy,20,63,1.778279,61,3,10,1.0,0.4832018697049371,2,0.0235750398274384,0.0082918442431974,0.1896399957748043
toy,20,63,3.162278,61,3,10,0.4832018697049371,0.1879781420765027,3,0.0234477019624958,0.0134974998733854,0.1937214519775007
toy,20,63,5.623413,61,3,9,0.0612021857923497,0.1879781420765027,3,0.0374748266390194,8.559022232690176e-05,0.1904913911805281
toy,20,63,10.0,61,3,9,0.4832018697049371,0.4064764775074126,3,0.0234477019624958,0.0134974998733854,0.1937214519775007
toy,20,63,17.782794,61,3,8,0.1459604444837445,1.0,3,0.3340659296875227,0.4852524870839198,0.1238211010835918
toy,20,63,31.622777,61,3,10,0.1459604444837445,0.1828568694736933,3,0.3340659296875227,0.4852524870839198,0.1238211010835918
toy,20,63,56.234133,61,3,10,0.1459604444837445,0.4230373325357457,3,0.338480950006313,0.4871230711599498,0.12353590257066
toy,20,63,100.0,61,3,6,-0.0249880905980685,1.0,3,0.3324883739747489,0.4869808364506883,0.0896107524307703
toy,20,63,177.827941,61,3,6,-0.0249880905980685,1.0,3,0.3324883739747489,0.4869808364506883,0.0896107524307703
toy,20,63,316.227766,61,3,1,-0.0249880905980685,0.941625791634257,3,0.3324883739747489,0.4869808364506883,0.0896107524307703
toy,20,63,562.341325,61,3,1,-0.0244891205427318,1.0,3,0.3325969772930853,0.4871230711599498,0.0896124172922744
toy,20,63,1000.0,61,3,1,-0.0244891205427318,,3,0.3325969772930853,0.4871230711599498,0.0896124172922744
toy,20,64,0.001,60,3,1,-0.0166850613516847,1.0,3,0.0240666875963792,0.0279071331799272,0.2044883272496466
toy,20,64,0.001778,60,3,1,-0.0166850613516847,0.0,3,0.0240666875963792,0.0279071331799272,0.2044883272496466
toy,20,64,0.003162,60,3,1,0.0,0.0,1,0.0,0.0,0.1845744834672966
toy,20,64,0.005623,60,3,1,-0.0264900662251655,-0.0449167231893888,3,0.1583373517429646,0.2493478470939369,0.182488959419456
toy,20,64,0.01,60,3,1,-0.0225921521997621,-0.0406964201870487,3,0.0360026144483398,0.0615800779594219,0.1811426211677778
toy,20,64,0.017783,60,3,1,-0.025098276383429,-0.0506694271412076,3,0.0102850681479848,0.0,0.1856001069922594
toy,20,64,0.031623,60,3,1,-0.025098276383429,-0.0406964201870487,3,0.0155461390427233,0.0,0.1860202197790307
toy,20,64,0.056234,60,3,1,-0.0225921521997621,-0.0225921521997621,3,0.0131686445009519,0.0,0.1857442796365433
toy,20,64,0.1,60,3,2,-0.0169491525423728,-0.0169491525423728,2,0.0014922643215042,0.0,0.1846701476705234
toy,20,64,0.177828,60,3,1,-0.0169491525423728,-0.0225921521997621,2,0.0019878230813082,0.0,0.1846212374188477
toy,20,64,0.316228,60,3,1,-0.0225921521997621,-0.0225921521997621,3,0.0081384528799557,0.0003987319951093,0.1850275827911477
toy,20,64,0.5,60,3,4,1.0,1.0,2,0.0120197877529025,0.0189057712373896,0.1901649245333198
toy,20,64,0.562341,60,3,2,1.0,1.0,2,0.0120197877529025,0.0189057712373896,0.1901649245333198
toy,20,64,1.0,60,3,1,1.0,0.6551724137931034,2,0.0120197877529025,0.0189057712373896,0.1901649245333198
toy,20,64,1.778279,60,3,10,0.6551724137931034,0.0576585210030346,3,0.0178514844525868,0.0189057712373896,0.1906553876295941
toy,20,64,3.162278,60,3,10,0.0769978139421909,0.8529090260544716,3,0.0902781627615479,0.0191596390802928,0.19721122946809
toy,20,64,5.623413,60,3,9,-0.0229101218297448,1.0,3,0.5106935265019625,0.7660629900552299,0.0666927232472165
toy,20,64,10.0,60,3,10,-0.0229101218297448,1.0,3,0.5106935265019625,0.7660629900552299,0.0666927232472165
toy,20,64,17.782794,60,3,10,-0.0229101218297448,1.0,3,0.5106935265019625,0.7660629900552299,0.0666927232472165
toy,20,64,31.622777,60,3,9,-0.0229101218297448,0.9435189782615078,3,0.5106935265019625,0.7660629900552299,0.0666927232472165
toy,20,64,56.234133,60,3,4,-0.0221958280751243,1.0,3,0.5108410694115308,0.766281044808772,0.0666357008654936
toy,20,64,100.0,60,3,5,-0.0221958280751243,1.0,3,0.5108410694115308,0.766281044808772,0.0666357008654936
toy,20,64,177.827941,60,3,3,-0.0221958280751243,1.0,3,0.5108410694115308,0.766281044808772,0.0666357008654936
toy,20,64,316.227766,60,3,3,-0.0221958280751243,1.0,3,0.5108410694115308,0.766281044808772,0.0666357008654936
toy,20,64,562.341325,60,3,1,-0.0221958280751243,1.0,3,0.5108410694115308,0.766281044808772,0.0666357008654936
toy,20,64,1000.0,60,3,1,-0.0221958280751243,,3,0.5108410694115308,0.766281044808772,0.0666357008654936
toy,20,65,0.001,54,3,1,-0.0293982544786403,0.1128870055407538,3,0.0354403106936471,0.0604261934152561,0.1785305255748965
toy,20,65,0.001778,54,3,1,0.0003826652635607,0.1128870055407538,3,0.0452990011401658,0.0703608170493133,0.2135681602956288
toy,20,65,0.003162,54,3,1,-0.0293982544786403,0.0,3,0.0354403106936471,0.0604261934152561,0.1785305255748965
toy,20,65,0.005623,54,3,1,0.0,0.0,1,0.0,0.0,0.1789993657937625
toy,20,65,0.01,54,3,1,-0.0278929513758009,0.0,3,0.1650544321788553,0.2464241458031588,0.1661224374666124
toy,20,65,0.017783,54,3,1,0.0,0.0,1,0.0,0.0,0.1789993657937625
toy,20,65,0.031623,54,3,1,-0.0248077400148846,-0.0248077400148846,2,0.0009835896663292,0.0,0.1790087449767217
toy,20,65,0.056234,54,3,1,-0.0188679245283018,-0.0188679245283018,2,0.0039134559648357,0.0,0.1793541182648097
toy,20,65,0.1,54,3,1,-0.0188679245283018,0.0,2,0.0034270598421253,0.0,0.1792334743695545
toy,20,65,0.177828,54,3,7,0.0,0.0,1,0.0,0.0,0.1789993657937625
toy,20,65,0.316228,54,3,5,1.0,1.0,2,0.0002778656144821,0.0003989621482887,0.1789856381747364
toy,20,65,0.5,54,3,1,1.0,1.0,2,0.0002778656144821,0.0003989621482887,0.1789856381747364
toy,20,65,0.562341,54,3,2,1.0,1.0,2,0.0002778656144821,0.0003989621482887,0.1789856381747364
toy,20,65,1.0,54,3,2,1.0,0.4809649453448926,2,0.0002778656144821,0.0003989621482887,0.1789856381747364
toy,20,65,1.778279,54,3,10,0.4809649453448926,0.5330474218016422,3,0.0136142270011856,0.0221573877719441,0.1876979414581185
toy,20,65,3.162278,54,3,10,-0.0293982544786403,0.5330474218016422,3,0.0141115984609102,0.0219730319368924,0.1877545351833304
toy,20,65,5.623413,54,3,10,0.4809649453448926,0.1801580291709436,3,0.0136142270011856,0.0221573877719441,0.1876979414581185
toy,20,65,10.0,54,3,9,0.0317359568390986,0.8014445936201023,3,0.1039639133411384,0.0219730319368924,0.1973633429002809
toy,20,65,17.782794,54,3,10,0.0542308503903777,1.0,3,0.4694611302544687,0.690101417233726,0.0677569663695587
toy,20,65,31.622777,54,3,10,0.0542308503903777,0.8200352717179901,3,0.4694611302544687,0.690101417233726,0.0677569663695587
toy,20,65,56.234133,54,3,9,0.038985237207969,1.0,3,0.4689383870161174,0.690101417233726,0.0678091335915939
toy,20,65,100.0,54,3,4,0.038985237207969,1.0,3,0.4689383870161174,0.690101417233726,0.0678091335915939
toy,20,65,177.827941,54,3,3,0.038985237207969,1.0,3,0.4689383870161174,0.690101417233726,0.0678091335915939
toy,20,65,316.227766,54,3,3,0.038985237207969,1.0,3,0.4689383870161174,0.690101417233726,0.0678091335915939
toy,20,65,562.341325,54,3,3,0.038985237207969,1.0,3,0.4689383870161174,0.690101417233726,0.0678091335915939
toy,20,65,1000.0,54,3,1,0.038985237207969,,3,0.4689383870161174,0.690101417233726,0.0678091335915939
toy,20,66,0.001,50,3,1,-0.0267987183221672,-0.0267987183221672,2,0.000971637625255,0.0,0.1802380575230273
toy,20,66,0.001778,50,3,1,-0.0204081632653061,-0.0267987183221672,2,0.000486336343881,0.0,0.1801903990769389
toy,20,66,0.003162,50,3,1,-0.0267987183221672,-0.0398213758488337,2,0.002904242117624,0.0,0.1804817691779943
toy,20,66,0.005623,50,3,1,-0.0267987183221672,-0.0405140472265967,2,0.1178222338027693,0.1943145005846329,0.1695632119826106
toy,20,66,0.01,50,3,1,-0.027199074074074,-0.048982565782061,3,0.0603682502902381,0.098106836233725,0.1713156029260684
toy,20,66,0.017783,50,3,1,-0.0301284891448825,-0.0480779740614128,3,0.014256613019225,0.0,0.1819854788420643
toy,20,66,0.031623,50,3,1,-0.0267987183221672,-0.0267987183221672,2,0.0053033626077667,0.0,0.1806251746914108
toy,20,66,0.056234,50,3,2,-0.0204081632653061,-0.0204081632653061,2,0.0147525739306831,0.0,0.1812247587024585
toy,20,66,0.1,50,3,1,-0.0204081632653061,-0.0301284891448825,2,0.005781190721432,0.0,0.1807734026647978
toy,20,66,0.177828,50,3,1,-0.0301284891448825,1.0,3,0.0175296849050607,0.0278052202738838,0.1902475467518085
toy,20,66,0.316228,50,3,3,-0.0301284891448825,-0.0301284891448825,3,0.0175296849050607,0.0278052202738838,0.1902475467518085
toy,20,66,0.5,50,3,1,1.0,1.0,2,0.0330748545609294,0.0524600545108668,0.1931350252172372
toy,20,66,0.562341,50,3,1,1.0,1.0,2,0.0330748545609294,0.0524600545108668,0.1931350252172372
toy,20,66,1.0,50,3,1,1.0,0.3068391866913124,2,0.0330748545609294,0.0524600545108668,0.1931350252172372
toy,20,66,1.778279,50,3,1,0.3068391866913124,0.4349138660092361,3,0.0343793115151098,0.0514050222475618,0.1994313327328445
toy,20,66,3.162278,50,3,10,0.4793974302171023,-0.0795718000927363,3,0.0334930320176546,0.0526625944721256,0.1931954917502696
toy,20,66,5.623413,50,3,10,-0.0291164658634538,1.0,3,0.3806197185528737,0.5621666929063822,0.0811449863051237
toy,20,66,10.0,50,3,10,-0.0291164658634538,1.0,3,0.3806197185528737,0.5621666929063822,0.0811449863051237
toy,20,66,17.782794,50,3,8,-0.0291164658634538,0.931084274087687,3,0.3806197185528737,0.5621666929063822,0.0811449863051237
toy,20,66,31.622777,50,3,8,-0.0282423910063065,0.8663524941325486,3,0.3807438931331943,0.5623325441518723,0.0810927126301792
toy,20,66,56.234133,50,3,8,-0.0263558033451596,1.0,3,0.3802899684587145,0.5623325441518723,0.0811194798142773
toy,20,66,100.0,50,3,6,-0.0263558033451596,1.0,3,0.3802899684587145,0.5623325441518723,0.0811194798142773
toy,20,66,177.827941,50,3,5,-0.0263558033451596,1.0,3,0.3802899684587145,0.5623325441518723,0.0811194798142773
toy,20,66,316.227766,50,3,3,-0.0263558033451596,1.0,3,0.3802899684587146,0.5623325441518723,0.0811194798142773
toy,20,66,562.341325,50,3,1,-0.0263558033451596,1.0,3,0.3802899684587146,0.5623325441518723,0.0811194798142773
toy,20,66,1000.0,50,3,1,-0.0263558033451596,,3,0.3802899684587146,0.5623325441518723,0.0811194798142773
toy,20,67,0.001,65,3,1,-0.0208280843201478,-0.0208280843201478,3,0.0028677322585289,0.0,0.1763044930071958
toy,20,67,0.001778,65,3,1,-0.015625,1.0,2,0.0009599618886523,0.0,0.1761807332373004
toy,20,67,0.003162,65,3,1,-0.015625,0.0,2,0.0009599618886523,0.0,0.1761807332373004
toy,20,67,0.005623,65,3,1,0.0,0.0,1,0.0,0.0,0.1760833358646371
toy,20,67,0.01,65,3,1,-0.0231635525979012,-0.0231635525979012,3,0.1206104411196855,0.1951558585223553,0.1687982416468119
toy,20,67,0.017783,65,3,1,-0.015625,-0.0205976700996116,2,0.0009599618886523,0.0,0.1761362187551777
toy,20,67,0.031623,65,3,2,-0.0205976700996116,-0.0205976700996116,2,0.0023931960798007,0.0,0.1761665119238014
toy,20,67,0.056234,65,3,1,-0.015625,-0.0208280843201478,2,0.0038195572753111,0.0,0.1763564735197421
toy,20,67,0.1,65,3,4,-0.0208280843201478,1.0,3,0.0057047803462212,0.0,0.176394700758444
toy,20,67,0.177828,65,3,1,-0.0208280843201478,-0.0208280843201478,3,0.0057047803462212,0.0,0.176394700758444
toy,20,67,0.316228,65,3,1,-0.015625,-0.015625,2,0.0042936116332415,0.0,0.1763470947690367
toy,20,67,0.5,65,3,1,1.0,1.0,2,0.0002770198659838,0.0003987319951093,0.1760604002797266
toy,20,67,0.562341,65,3,2,1.0,1.0,2,0.0002770198659838,0.0003987319951093,0.1760604002797266
toy,20,67,1.0,65,3,2,1.0,1.0,2,0.0002770198659838,0.0003987319951093,0.1760604002797266
toy,20,67,1.778279,65,3,10,1.0,0.4842590222677246,2,0.0002770198659838,0.0003987319951093,0.1760604002797266
toy,20,67,3.162278,65,3,10,0.4842590222677246,0.4620280909712602,3,0.0187145639252286,0.0228499290110626,0.1875025835127721
toy,20,67,5.623413,65,3,9,-0.025146762463857,0.1706539074960127,3,0.0217018588389194,0.0226932857799119,0.1876877738424491
toy,20,67,10.0,65,3,9,0.1164561843246891,1.0,3,0.3988734610205179,0.5944984643048171,0.1100024514623744
toy,20,67,17.782794,65,3,10,0.1164561843246891,1.0,3,0.3988734610205179,0.5944984643048171,0.1100024514623744
toy,20,67,31.622777,65,3,8,0.1164561843246891,1.0,3,0.3988734610205179,0.5944984643048171,0.1100024514623744
toy,20,67,56.234133,65,3,9,0.1164561843246891,1.0,3,0.3988734610205179,0.5944984643048171,0.1100024514623744
toy,20,67,100.0,65,3,7,0.1164561843246891,0.501759520574196,3,0.3988734610205179,0.5944984643048171,0.1100024514623744
toy,20,67,177.827941,65,3,2,0.0588400019767077,0.8469874969464123,3,0.3959017983005539,0.5944984643048171,0.0890930160218966
toy,20,67,316.227766,65,3,3,0.0469662653474788,1.0,3,0.3953272627334607,0.5944984643048171,0.0890396084702059
toy,20,67,562.341325,65,3,1,0.0469662653474788,1.0,3,0.3953272627334607,0.5944984643048171,0.0890396084702059
toy,20,67,1000.0,65,3,1,0.0469662653474788,,3,0.3953272627334607,0.5944984643048171,0.0890396084702059
toy,20,68,0.001,74,3,1,-0.0180855186668389,1.0,2,0.0009485526642242,0.0,0.1839986579729367
toy,20,68,0.001778,74,3,1,-0.0180855186668389,-0.0272755942173358,2,0.0009485526642242,0.0,0.1839986579729367
toy,20,68,0.003162,74,3,1,-0.0182613168724279,0.0,3,0.0009483558055868,0.0,0.1840130568343697
toy,20,68,0.005623,74,3,1,0.0,0.0,1,0.0,0.0,0.1839026049059958
toy,20,68,0.01,74,3,1,-0.0182613168724279,-0.0328985395764881,3,0.0887104844770239,0.1452954125710341,0.1740102431904239
toy,20,68,0.017783,74,3,1,-0.0203403090162331,-0.0328985395764881,3,0.0093383844980432,0.0,0.1848365230246607
toy,20,68,0.031623,74,3,1,-0.0182613168724279,-0.0328985395764881,3,0.0134708486744876,0.0,0.1852620900091969
toy,20,68,0.056234,74,3,1,-0.0203403090162331,-0.0203403090162331,3,0.0056384409494043,0.0,0.1841782952215523
toy,20,68,0.1,74,3,1,-0.0136986301369863,1.0,2,0.0009485526642242,0.0,0.1839416081625774
toy,20,68,0.177828,74,3,1,-0.0136986301369863,-0.0136986301369863,2,0.0009485526642242,0.0,0.1839416081625774
toy,20,68,0.316228,74,3,7,-0.0136986301369863,-0.0136986301369863,2,0.0028352981724039,0.0,0.1840765749501297
toy,20,68,0.5,74,3,1,1.0,1.0,2,0.0009512048153529,0.0016271292213869,0.1844284349798861
toy,20,68,0.562341,74,3,1,1.0,1.0,2,0.0009512048153529,0.0016271292213869,0.1844284349798861
toy,20,68,1.0,74,3,2,1.0,1.0,2,0.0009512048153529,0.0016271292213869,0.1844284349798861
toy,20,68,1.778279,74,3,10,1.0,1.0,2,0.0009512048153529,0.0016271292213869,0.1844284349798861
toy,20,68,3.162278,74,3,8,1.0,-0.0134083482127817,2,0.0009512048153529,0.0016271292213869,0.1844284349798861
toy,20,68,5.623413,74,3,9,-0.0134083482127817,0.5234488593366041,3,0.0612748689894216,0.0016789227435163,0.1866431749451784
toy,20,68,10.0,74,3,9,-0.020364870598218,1.0,3,0.5226373619824659,0.769542521623021,0.0480552977810595
toy,20,68,17.782794,74,3,9,-0.020364870598218,1.0,3,0.5226373619824659,0.769542521623021,0.0480552977810595
toy,20,68,31.622777,74,3,8,-0.020364870598218,1.0,3,0.5226373619824659,0.769542521623021,0.0480552977810595
toy,20,68,56.234133,74,3,8,-0.020364870598218,0.8212850143415302,3,0.5226373619824659,0.769542521623021,0.0480552977810595
toy,20,68,100.0,74,3,6,-0.018714031383265,0.7058523616035033,3,0.5190012291738382,0.769542521623021,0.0487968274665487
toy,20,68,177.827941,74,3,3,-0.0146687894670936,1.0,3,0.5162230658666336,0.7695425216230208,0.0498161557837021
toy,20,68,316.227766,74,3,3,-0.0146687894670936,1.0,3,0.5162230658666336,0.769542521623021,0.0498161557837021
toy,20,68,562.341325,74,3,1,-0.0146687894670936,0.952715622104001,3,0.5162230658666336,0.769542521623021,0.0498161557837021
toy,20,68,1000.0,74,3,1,-0.0153382037582233,,3,0.5163642421068436,0.769542521623021,0.0497490576982912
toy,20,69,0.001,61,3,1,-0.0166666666666666,1.0,2,0.0009374009578168,0.0,0.1801939276584835
toy,20,69,0.001778,61,3,1,-0.0166666666666666,-0.0219526285384171,2,0.0009374009578168,0.0,0.1801939276584835
toy,20,69,0.003162,61,3,1,-0.0219526285384171,-0.0331438320028795,2,0.1627369073859367,0.2433236991891261,0.1691798253298101
toy,20,69,0.005623,61,3,1,-0.0222158383606243,0.0,3,0.0949914597997153,0.1470986057513754,0.1681933924416449
toy,20,69,0.01,61,3,1,0.0,1.0,1,0.0,0.0,0.1800751351806549
toy,20,69,0.017783,61,3,1,0.0,0.0,1,0.0,0.0,0.1800751351806549
toy,20,69,0.031623,61,3,1,-0.0219526285384171,-0.0331438320028795,2,0.0092454924847941,0.0,0.1810523249573965
toy,20,69,0.056234,61,3,1,-0.0222158383606243,-0.0222158383606243,3,0.0083178995390145,0.0,0.1807811029805482
toy,20,69,0.1,61,3,2,-0.0166666666666666,-0.0166666666666666,2,0.0018712448852139,0.0,0.1802133222099688
toy,20,69,0.177828,61,3,2,-0.0166666666666666,0.4832018697049371,2,0.0078742806484846,0.0,0.1807906291019868
toy,20,69,0.316228,61,3,2,-0.0246859479988314,-0.0246859479988314,3,0.0219882601579773,0.0268177968480697,0.1896098428165436
toy,20,69,0.5,61,3,1,1.0,-0.0166666666666666,2,0.0002764546285942,0.0003989621482887,0.1800480525653862
toy,20,69,0.562341,61,3,1,-0.0166666666666666,-0.0166666666666666,2,0.015213271657916,0.0261285001481766,0.1877297106325743
toy,20,69,1.0,61,3,2,-0.0166666666666666,0.655367231638418,2,0.0014047303910094,0.0,0.1801079412754322
toy,20,69,1.778279,61,3,10,-0.0222158383606243,1.0,3,0.0162541129263807,0.0261285001481766,0.1877595210055246
toy,20,69,3.162278,61,3,10,-0.0222158383606243,0.3715785541868656,3,0.0162541129263807,0.0261285001481766,0.1877595210055246
toy,20,69,5.623413,61,3,9,-0.0246859479988314,0.2782432845227922,3,0.0175995757934988,0.0268177968480697,0.1889868028585689
toy,20,69,10.0,61,3,10,-0.0266589580522901,1.0,3,0.3850869996959652,0.5798514079576299,0.1475257488779263
toy,20,69,17.782794,61,3,10,-0.0266589580522901,1.0,3,0.3850869996959652,0.5798514079576299,0.1475257488779263
toy,20,69,31.622777,61,3,9,-0.0266589580522901,1.0,3,0.3850869996959652,0.5798514079576299,0.1475257488779263
toy,20,69,56.234133,61,3,8,-0.0266589580522901,0.420087924911723,3,0.3850869996959652,0.5798514079576299,0.1475257488779263
toy,20,69,100.0,61,3,8,0.0586644394065942,0.9416437930872652,3,0.3906234197392034,0.577668987239949,0.073698823439502
toy,20,69,177.827941,61,3,3,0.0516801809573101,1.0,3,0.3905309498047565,0.577668987239949,0.0737129729571104
toy,20,69,316.227766,61,3,3,0.0516801809573101,1.0,3,0.3905309498047565,0.577668987239949,0.0737129729571104
toy,20,69,562.341325,61,3,1,0.0516801809573101,1.0,3,0.3905309498047565,0.577668987239949,0.0737129729571104
toy,20,69,1000.0,61,3,1,0.0516801809573101,,3,0.3905309498047565,0.577668987239949,0.0737129729571104
toy,20,70,0.001,61,3,1,-0.0214149801072478,0.0173971343856384,3,0.0689739551774362,0.1081975816497133,0.1763960889458689
toy,20,70,0.001778,61,3,1,-0.0222158383606243,-0.0331438320028795,3,0.0009263073916958,0.0,0.1763852845131239
toy,20,70,0.003162,61,3,1,-0.0219526285384171,-0.0394292666027505,2,0.0027694298916626,0.0,0.1765839901812524
toy,20,70,0.005623,61,3,1,-0.0246859479988314,-0.0394292666027505,3,0.0202041652375049,0.0,0.1788372860854458
toy,20,70,0.01,61,3,1,-0.0219526285384171,-0.0326904799619832,2,0.0027694298916626,0.0,0.176659451434144
toy,20,70,0.017783,61,3,1,-0.0219526285384171,-0.0331438320028795,2,0.0122830650740326,0.0,0.1775788196723657
toy,20,70,0.031623,61,3,1,-0.0222158383606243,-0.0335987112553963,3,0.0055069043063394,0.0,0.1768310323800519
toy,20,70,0.056234,61,3,1,-0.0222158383606243,-0.0335987112553963,3,0.0023089692419808,0.0,0.1764392872697257
toy,20,70,0.1,61,3,1,-0.0222158383606243,-0.0400191179246609,3,0.035034400444192,0.0375067656907538,0.1784429262607752
toy,20,70,0.177828,61,3,1,-0.0246859479988314,-0.0246859479988314,3,0.0300964877308008,0.0438909287302783,0.1793124865772279
toy,20,70,0.316228,61,3,2,1.0,1.0,2,0.0051121966251843,0.0016626186837476,0.1769859123487518
toy,20,70,0.5,61,3,1,1.0,0.655367231638418,2,0.0051121966251843,0.0016626186837476,0.1769859123487518
toy,20,70,0.562341,61,3,2,0.655367231638418,1.0,3,0.0174880588498269,0.0220202763623242,0.1860776117802574
toy,20,70,1.0,61,3,1,0.655367231638418,1.0,3,0.0174880588498269,0.0220202763623242,0.1860776117802574
toy,20,70,1.778279,61,3,1,0.655367231638418,0.1749609391342987,3,0.0174880588498269,0.0220202763623242,0.1860776117802574
toy,20,70,3.162278,61,3,10,0.0883115741351268,0.1571769388770524,3,0.0191699575319215,0.0052626313483858,0.1825559072601247
toy,20,70,5.623413,61,3,10,0.1147179487179487,0.4362743870369907,3,0.408697306521195,0.6144925268921249,0.1148183365909212
toy,20,70,10.0,61,3,9,-0.0244891205427318,1.0,3,0.4074524173031092,0.616199865150617,0.0777485262854018
toy,20,70,17.782794,61,3,10,-0.0244891205427318,1.0,3,0.4074524173031092,0.616199865150617,0.0777485262854018
toy,20,70,31.622777,61,3,9,-0.0244891205427318,0.9423118892310676,3,0.4074524173031092,0.616199865150617,0.0777485262854018
toy,20,70,56.234133,61,3,10,-0.0239285714285714,1.0,3,0.4076165279520988,0.6164368667254099,0.077730653237456
toy,20,70,100.0,61,3,6,-0.0239285714285714,1.0,3,0.4076165279520988,0.6164368667254099,0.077730653237456
toy,20,70,177.827941,61,3,3,-0.0239285714285714,0.888156554459717,3,0.4076165279520988,0.6164368667254099,0.077730653237456
toy,20,70,316.227766,61,3,3,-0.0226357963147594,0.8363772919100642,3,0.4073513422704315,0.6164368667254099,0.0778894209297576
toy,20,70,562.341325,61,3,1,-0.0202883799830364,0.8363772919100642,3,0.4063740133460147,0.61643686672541,0.0785706727782264
toy,20,70,1000.0,61,3,1,-0.0226357963147594,,3,0.4073513422704315,0.6164368667254099,0.0778894209297576
toy,20,71,0.001,55,3,1,-0.0153912769642575,0.0263278676323348,3,0.0206888137661153,0.026381871624701,0.1961126031327256
toy,20,71,0.001778,55,3,1,-0.022272071783368,-0.042907755790003,3,0.0152586394944889,0.0191945729642549,0.1894386798352495
toy,20,71,0.003162,55,3,1,-0.0246825679363949,-0.0444576648605972,3,0.0009156477933796,0.0,0.1765029901363946
toy,20,71,0.005623,55,3,1,-0.0273848385926731,-0.055321320576536,3,0.0216866660020687,0.0371832763394993,0.1736210838379455
toy,20,71,0.01,55,3,1,-0.0273848385926731,-0.0444576648605972,3,0.1221958501888759,0.2014895117396191,0.1757436708835
toy,20,71,0.017783,55,3,1,-0.0246825679363949,-0.0246825679363949,3,0.0009156477933796,0.0,0.1764889594885427
toy,20,71,0.031623,55,3,1,-0.0185185185185185,-0.0246825679363949,2,0.0013724210836267,0.0,0.1765424846179687
toy,20,71,0.056234,55,3,1,-0.0246825679363949,0.0,3,0.0067877109848887,0.0,0.1769531882952756
toy,20,71,0.1,55,3,3,0.0,0.0,1,0.0,0.0,0.1763957438919223
toy,20,71,0.177828,55,3,1,-0.0185185185185185,0.6540880503144654,2,0.0002758060108497,0.0003989621482887,0.1763971813380952
toy,20,71,0.316228,55,3,1,-0.0246825679363949,-0.0246825679363949,3,0.0066110822274551,0.0003989621482887,0.1769746741727006
toy,20,71,0.5,55,3,1,1.0,1.0,2,0.0013724210836267,0.0,0.1763435573611586
toy,20,71,0.562341,55,3,2,1.0,1.0,2,0.0013724210836267,0.0,0.1763435573611586
toy,20,71,1.0,55,3,1,1.0,1.0,2,0.0013724210836267,0.0,0.1763435573611586
toy,20,71,1.778279,55,3,1,1.0,0.6540880503144654,2,0.0013724210836267,0.0,0.1763435573611586
toy,20,71,3.162278,55,3,10,0.6540880503144654,1.0,3,0.0338586363181131,0.0508625719569622,0.1888050509051796
toy,20,71,5.623413,55,3,10,0.6540880503144654,0.0212711830278432,3,0.0338586363181131,0.0508625719569622,0.1888050509051796
toy,20,71,10.0,55,3,10,0.0452918869839235,0.8203477565923813,3,0.0332256697852072,0.0384189053999153,0.1914035299268299
toy,20,71,17.782794,55,3,10,0.0698951298523033,0.8755769433930647,3,0.3470873453700328,0.5212762586699045,0.0881745082617342
toy,20,71,31.622777,55,3,10,0.0528288507319049,1.0,3,0.3470164544419639,0.521409799775989,0.0881452735880827
toy,20,71,56.234133,55,3,10,0.0528288507319049,1.0,3,0.3470164544419639,0.521409799775989,0.0881452735880827
toy,20,71,100.0,55,3,6,0.0528288507319049,1.0,3,0.3470164544419639,0.521409799775989,0.0881452735880827
toy,20,71,177.827941,55,3,3,0.0528288507319049,1.0,3,0.3470164544419639,0.521409799775989,0.0881452735880827
toy,20,71,316.227766,55,3,3,0.0528288507319049,1.0,3,0.347016454441964,0.521409799775989,0.0881452735880827
toy,20,71,562.341325,55,3,1,0.0528288507319049,0.9367018579970416,3,0.347016454441964,0.521409799775989,0.0881452735880827
toy,20,71,1000.0,55,3,1,0.0457137263539143,,3,0.3520346508955159,0.5279519650385827,0.1250036911461809
toy,20,72,0.001,43,3,1,-0.0243638332430969,-0.0244875329195607,3,0.0372871024945827,0.058542071090145,0.203863607162932
toy,20,72,0.001778,43,3,1,0.0036027184148038,0.0019362490016216,3,0.0498245728781177,0.0766219000762305,0.1918499330296103
toy,20,72,0.003162,43,3,1,0.0017702675518004,0.0082459695181041,3,0.0058968797243263,0.0053720170919237,0.1786270568047962
toy,20,72,0.005623,43,3,1,-0.0311750599520383,-0.0462256023291049,2,0.0821282267247601,0.143250407143309,0.1678135377370371
toy,20,72,0.01,43,3,1,-0.0311750599520383,-0.0613253174958135,2,0.1499183977543902,0.2410085555558111,0.1705220312066975
toy,20,72,0.017783,43,3,1,-0.0367884663186676,-0.0613253174958135,3,0.0253195614429266,0.0365680383361189,0.1903948909710798
toy,20,72,0.031623,43,3,1,-0.0311750599520383,-0.0462256023291049,2,0.0058325796667047,0.0,0.1741889080056013
toy,20,72,0.056234,43,3,1,-0.0311750599520383,-0.0311750599520383,2,0.0031549132275775,0.0,0.1737684273730368
toy,20,72,0.1,43,3,1,-0.0238095238095238,-0.031727146539758,2,0.0004531762776154,0.0,0.1735340827514543
toy,20,72,0.177828,43,3,1,-0.031727146539758,-0.0571140886675603,3,0.0044943459906999,0.0,0.1737318502535407
toy,20,72,0.316228,43,3,1,-0.0350396099939061,-0.0350396099939061,3,0.0211512415290326,0.0292015117533677,0.1843569692783107
toy,20,72,0.5,43,3,2,1.0,1.0,2,0.000275494887812,0.0003989621482887,0.1734434838987665
toy,20,72,0.562341,43,3,2,1.0,0.4759293113954905,2,0.000275494887812,0.0003989621482887,0.1734434838987665
toy,20,72,1.0,43,3,4,0.4759293113954905,1.0,3,0.0182688001607762,0.0294248266200955,0.1840556864385402
toy,20,72,1.778279,43,3,2,0.4759293113954905,1.0,3,0.0182688001607762,0.0294248266200955,0.1840556864385402
toy,20,72,3.162278,43,3,10,0.4759293113954905,0.1896423195810205,3,0.0182688001607762,0.0294248266200955,0.1840556864385402
toy,20,72,5.623413,43,3,10,0.0257247452260809,0.2167584879043788,3,0.0740299008757814,0.0292015117533677,0.1889348619717064
toy,20,72,10.0,43,3,10,-0.0367884663186676,1.0,3,0.027131881873908,0.0394306081544705,0.1954652308265514
toy,20,72,17.782794,43,3,8,-0.0367884663186676,1.0,3,0.027131881873908,0.0394306081544705,0.1954652308265514
toy,20,72,31.622777,43,3,8,-0.0367884663186676,-0.1118444955795082,3,0.027131881873908,0.0394306081544705,0.1954652308265514
toy,20,72,56.234133,43,3,9,0.0733354776455452,1.0,3,0.3223900210071591,0.4877458773637053,0.0980511924979717
toy,20,72,100.0,43,3,8,0.0733354776455452,1.0,3,0.3223900210071591,0.4877458773637053,0.0980511924979717
toy,20,72,177.827941,43,3,7,0.0733354776455452,0.7816395172459276,3,0.3223900210071591,0.4877458773637053,0.0980511924979717
toy,20,72,316.227766,43,3,3,0.052863436123348,1.0,3,0.3206312346463118,0.4877458773637053,0.0990732264423596
toy,20,72,562.341325,43,3,1,0.052863436123348,1.0,3,0.3206312346463117,0.4877458773637053,0.0990732264423596
toy,20,72,1000.0,43,3,1,0.052863436123348,,3,0.3206312346463118,0.4877458773637053,0.0990732264423596
toy,20,73,0.001,65,3,1,-0.0205976700996116,-0.0306899969131289,2,0.0008951997454128,0.0,0.1772940208671836
toy,20,73,0.001778,65,3,1,-0.0205976700996116,-0.0310863635995759,2,0.0008951997454128,0.0,0.1772941127769047
toy,20,73,0.003162,65,3,1,-0.0208280843201478,-0.0310863635995759,3,0.0988560933612215,0.1583730607835408,0.1678482629240687
toy,20,73,0.005623,65,3,1,-0.0205976700996116,-0.0306899969131289,2,0.061089393285904,0.1088650073171399,0.1702973454599491
toy,20,73,0.01,65,3,1,-0.0205976700996116,-0.0310863635995759,2,0.0580513514450013,0.098106836233725,0.176767611398864
toy,20,73,0.017783,65,3,1,-0.0208280843201478,-0.0314839677298402,3,0.0096831445830569,0.0,0.1782239486050975
toy,20,73,0.031623,65,3,1,-0.0208280843201478,-0.0208280843201478,3,0.0170103138551096,0.0,0.1784329812954568
toy,20,73,0.056234,65,3,3,-0.015625,-0.015625,2,0.0040043294241762,0.0,0.1774484137745173
toy,20,73,0.1,65,3,1,-0.015625,-0.015625,2,0.0013415049019189,0.0,0.1772738850322953
toy,20,73,0.177828,65,3,4,-0.015625,-0.015625,2,0.0083943164294239,0.0,0.1781523580097005
toy,20,73,0.316228,65,3,1,-0.015625,-0.015625,2,0.0004480668831883,0.0,0.1771894632073029
toy,20,73,0.5,65,3,5,1.0,1.0,2,0.0215708707189465,0.0312814084364454,0.1876275274773519
toy,20,73,0.562341,65,3,1,1.0,-0.015625,2,0.0215708707189465,0.0312814084364454,0.1876275274773519
toy,20,73,1.0,65,3,3,-0.015625,-0.015625,2,0.0070149773614187,0.0020534440953816,0.1780423206717216
toy,20,73,1.778279,65,3,9,-0.015625,1.0,2,0.0002751921934246,0.0003989621482887,0.1771215744114315
toy,20,73,3.162278,65,3,10,-0.015625,1.0,2,0.0002751921934246,0.0003989621482887,0.1771215744114315
toy,20,73,5.623413,65,3,10,-0.015625,0.1772151898734177,2,0.0002751921934246,0.0003989621482887,0.1771215744114315
toy,20,73,10.0,65,3,9,-0.0248078661844484,0.5601365957580124,3,0.3064127356978834,0.4927602733683117,0.194470125702568
toy,20,73,17.782794,65,3,9,-0.0224911783134914,1.0,3,0.3800423755688176,0.5721136643346448,0.0777480723321859
toy,20,73,31.622777,65,3,7,-0.0224911783134914,1.0,3,0.3800423755688176,0.5721136643346448,0.0777480723321859
toy,20,73,56.234133,65,3,8,-0.0224911783134914,0.8043822217960397,3,0.3800423755688176,0.5721136643346448,0.0777480723321859
toy,20,73,100.0,65,3,7,-0.020293122886133,0.948006932409012,3,0.3790297196913439,0.5721136643346448,0.0777363029509664
toy,20,73,177.827941,65,3,4,-0.0196293792948068,1.0,3,0.3781016940450518,0.5721136643346448,0.077933088725545
toy,20,73,316.227766,65,3,4,-0.0196293792948068,1.0,3,0.3781016940450518,0.5721136643346448,0.077933088725545
toy,20,73,562.341325,65,3,1,-0.0196293792948068,1.0,3,0.3781016940450518,0.5721136643346448,0.077933088725545
toy,20,73,1000.0,65,3,1,-0.0196293792948068,,3,0.3781016940450518,0.5721136643346448,0.077933088725545
toy,20,74,0.001,71,3,1,-0.0190436182874746,1.0,3,0.0008850328839828,0.0,0.1753933974908108
toy,20,74,0.001778,71,3,1,-0.0190436182874746,1.0,3,0.0008850328839828,0.0,0.1753933974908108
toy,20,74,0.003162,71,3,1,-0.0190436182874746,0.0,3,0.0008850328839828,0.0,0.1753933974908108
toy,20,74,0.005623,71,3,1,0.0,1.0,1,0.0,0.0,0.1753049900502918
toy,20,74,0.01,71,3,1,0.0,0.0,1,0.0,0.0,0.1753049900502918
toy,20,74,0.017783,71,3,1,-0.0212017898998508,-0.0528632830149333,3,0.049693163730083,0.0865685727227312,0.1720536007233603
toy,20,74,0.031623,71,3,1,-0.0230696455862018,-0.0402109723662263,3,0.0108550968012891,0.0,0.1766097687308779
toy,20,74,0.056234,71,3,1,-0.0190436182874746,-0.0287677786159818,3,0.0026446547269243,0.0,0.175524397750261
toy,20,74,0.1,71,3,1,-0.0190436182874746,-0.0190436182874746,3,0.0033526570641838,0.0003989621482887,0.1754976892135607
toy,20,74,0.177828,71,3,3,1.0,1.0,2,0.0017671105497853,0.0,0.1753969179707664
toy,20,74,0.316228,71,3,2,1.0,1.0,2,0.0017671105497853,0.0,0.1753969179707664
toy,20,74,0.5,71,3,6,1.0,1.0,2,0.0017671105497853,0.0,0.1753969179707664
toy,20,74,0.562341,71,3,1,1.0,1.0,2,0.0017671105497853,0.0,0.1753969179707664
toy,20,74,1.0,71,3,1,1.0,0.4856168761985936,2,0.0017671105497853,0.0,0.1753969179707664
toy,20,74,1.778279,71,3,9,0.4856168761985936,1.0,3,0.0113567135424164,0.002231289832352,0.176469533551982
toy,20,74,3.162278,71,3,10,0.4856168761985936,-0.0594702093912807,3,0.0113567135424164,0.002231289832352,0.176469533551982
toy,20,74,5.623413,71,3,5,-0.021314674022741,1.0,3,0.5632850999225446,0.8482322992733847,0.0428885017302414
toy,20,74,10.0,71,3,8,-0.021314674022741,1.0,3,0.5632850999225446,0.8482322992733847,0.0428885017302414
toy,20,74,17.782794,71,3,9,-0.021314674022741,1.0,3,0.5632850999225446,0.8482322992733847,0.0428885017302414
toy,20,74,31.622777,71,3,9,-0.021314674022741,1.0,3,0.5632850999225446,0.8482322992733847,0.0428885017302414
toy,20,74,56.234133,71,3,7,-0.021314674022741,1.0,3,0.5632850999225446,0.8482322992733847,0.0428885017302414
toy,20,74,100.0,71,3,3,-0.021314674022741,0.9009854203884056,3,0.5632850999225446,0.8482322992733847,0.0428885017302414
toy,20,74,177.827941,71,3,3,-0.0204974378202724,0.9046936500352648,3,0.5634598853480618,0.8487097857167426,0.0428928935265027
toy,20,74,316.227766,71,3,3,-0.0195691961143178,1.0,3,0.562830327781291,0.8487097857167426,0.0427352227941371
toy,20,74,562.341325,71,3,1,-0.0195691961143178,1.0,3,0.5628303277812913,0.8487097857167426,0.0427352227941371
toy,20,74,1000.0,71,3,1,-0.0195691961143178,,3,0.5628303277812913,0.8487097857167426,0.0427352227941371
toy,20,75,0.001,51,3,1,0.0023739435951001,1.0,3,0.0186253616266673,0.0248882301876881,0.1871693608891307
toy,20,75,0.001778,51,3,1,0.0023739435951001,-0.009174933331269,3,0.0186253616266673,0.0248882301876881,0.1871693608891307
toy,20,75,0.003162,51,3,1,-0.0262716601453325,-0.0262716601453325,2,0.1894767809005957,0.2870846686899457,0.1674453437371273
toy,20,75,0.005623,51,3,1,-0.02,-0.0262716601453325,2,0.0354702562238642,0.0654919111776251,0.1702798301954498
toy,20,75,0.01,51,3,1,-0.0262716601453325,-0.0397116118927734,2,0.1319631358014586,0.2201954406499097,0.1727526067294054
toy,20,75,0.017783,51,3,1,-0.0266555601832569,0.0,3,0.007345234127566,0.0,0.1761296852370615
toy,20,75,0.031623,51,3,1,0.0,0.0,1,0.0,0.0,0.1752924978102293
toy,20,75,0.056234,51,3,1,-0.0266555601832569,-0.0403782725211296,3,0.0013115292747711,0.0,0.1754264667742254
toy,20,75,0.1,51,3,1,-0.0266555601832569,-0.0403782725211296,3,0.004776792347258,0.0,0.1757663487631833
toy,20,75,0.177828,51,3,1,-0.0266555601832569,-0.0403782725211296,3,0.0024523998913952,0.0003991924854273,0.1753874026909732
toy,20,75,0.316228,51,3,1,-0.0266555601832569,-0.0266555601832569,3,0.0031156527868518,0.0003803200903385,0.1761784187957119
toy,20,75,0.5,51,3,1,1.0,1.0,2,0.0040076410687711,0.0067453803673934,0.1784456591191406
toy,20,75,0.562341,51,3,2,1.0,1.0,2,0.0040076410687711,0.0067453803673934,0.1784456591191406
toy,20,75,1.0,51,3,4,1.0,1.0,2,0.0040076410687711,0.0067453803673934,0.1784456591191406
toy,20,75,1.778279,51,3,10,1.0,0.6530612244897959,2,0.0040076410687711,0.0067453803673934,0.1784456591191406
toy,20,75,3.162278,51,3,10,0.6530612244897959,0.0635901829977354,3,0.0054563047425395,0.0056931834609309,0.1790999891072461
toy,20,75,5.623413,51,3,10,0.0849457894905171,0.8732428594398015,3,0.0367548013229595,0.0056692548871185,0.1795725392892342
toy,20,75,10.0,51,3,10,0.0434147481594016,1.0,3,0.4611619621026425,0.7193603796946938,0.1119745317651661
toy,20,75,17.782794,51,3,10,0.0434147481594016,1.0,3,0.4611619621026425,0.7193603796946938,0.1119745317651661
toy,20,75,31.622777,51,3,10,0.0434147481594016,0.554522902763705,3,0.4611619621026425,0.7193603796946938,0.1119745317651661
toy,20,75,56.234133,51,3,10,0.0047657268987659,0.8641258437713624,3,0.4580809709214177,0.7197517604003595,0.1139372398206312
toy,20,75,100.0,51,3,6,-0.0168110296755676,1.0,3,0.4701537982993319,0.7300787189154907,0.0749371432340662
toy,20,75,177.827941,51,3,3,-0.0168110296755676,0.6690543173040873,3,0.4701537982993319,0.7300787189154907,0.0749371432340662
toy,20,75,316.227766,51,3,2,-0.0151234266757732,0.8754501258545868,3,0.4698553830895254,0.7300787189154907,0.0748839695407377
toy,20,75,562.341325,51,3,2,-0.015203566990717,0.9372378257346866,3,0.4699719315024121,0.7300787189154907,0.0748855377190351
toy,20,75,1000.0,51,3,1,-0.0166699643846458,,3,0.4701933758416095,0.7300787189154907,0.0747783736775156
toy,20,76,0.001,64,3,1,-0.0375833529729804,1.0,3,0.001297191744843,0.0,0.1714330037752164
toy,20,76,0.001778,64,3,1,-0.0375833529729804,-0.0540883880896068,3,0.001297191744843,0.0,0.1714330037752164
toy,20,76,0.003162,64,3,1,-0.0414690273798901,-0.0630944010657588,3,0.1382257046295033,0.216394419282018,0.1596915256399066
toy,20,76,0.005623,64,3,1,-0.0414690273798901,-0.0540883880896068,3,0.2529118657639481,0.3716897900398084,0.1784166763781684
toy,20,76,0.01,64,3,1,-0.0375833529729804,-0.0474736888718319,3,0.1296482587481742,0.2106068297356197,0.1732399882676262
toy,20,76,0.017783,64,3,1,-0.0375833529729804,-0.0540883880896068,3,0.0300512489105296,0.0410615748818901,0.1720328249759901
toy,20,76,0.031623,64,3,1,-0.0414690273798901,-0.0420908356079331,3,0.0265663529648056,0.0,0.1744049018873012
toy,20,76,0.056234,64,3,1,-0.031576444210419,-0.0211585154353104,3,0.0068407133722854,0.0,0.1718939235044164
toy,20,76,0.1,64,3,2,-0.0209205020920502,-0.0235263018768173,2,0.0051528972282073,0.0,0.1716799276245441
toy,20,76,0.177828,64,3,1,0.7868936547765932,1.0,3,0.0076098451752708,0.0102967905887151,0.1743102083465773
toy,20,76,0.316228,64,3,1,0.7868936547765932,0.7868936547765932,3,0.0076098451752708,0.0102967905887151,0.1743102083465773
toy,20,76,0.5,64,3,9,1.0,1.0,2,0.0073936045613765,0.0100103512779498,0.1743225608832601
toy,20,76,0.562341,64,3,1,1.0,-0.0209205020920502,2,0.0073936045613765,0.0100103512779498,0.1743225608832601
toy,20,76,1.0,64,3,3,-0.0209205020920502,1.0,2,0.0004333784666117,0.0,0.1712411319777883
toy,20,76,1.778279,64,3,10,-0.0209205020920502,1.0,2,0.0004333784666117,0.0,0.1712411319777883
toy,20,76,3.162278,64,3,10,-0.0209205020920502,1.0,2,0.0004333784666117,0.0,0.1712411319777883
toy,20,76,5.623413,64,3,10,-0.0209205020920502,0.0770716897812737,2,0.0004333784666117,0.0,0.1712411319777883
toy,20,76,10.0,64,3,10,-0.0335280328104137,0.9014898145332928,3,0.0579743533418823,0.010147317369517,0.1762602129800476
toy,20,76,17.782794,64,3,9,-0.0412382781606598,1.0,3,0.5314097462047561,0.8225843308313734,0.0617516914663263
toy,20,76,31.622777,64,3,7,-0.0412382781606598,0.8969276511397423,3,0.5314097462047561,0.8225843308313736,0.0617516914663264
toy,20,76,56.234133,64,3,10,-0.0388896523292565,0.8964879852125693,3,0.5313711177391178,0.8228816503334262,0.0615368604696293
toy,20,76,100.0,64,3,6,-0.036114715616662,1.0,3,0.5310058015095922,0.8228816503334262,0.0614509098893295
toy,20,76,177.827941,64,3,4,-0.036114715616662,0.895500725689405,3,0.5310058015095923,0.8228816503334262,0.0614509098893295
toy,20,76,316.227766,64,3,4,-0.0329173626805541,0.895500725689405,3,0.5291259669500304,0.8228816503334262,0.0615632790941996
toy,20,76,562.341325,64,3,1,-0.036114715616662,1.0,3,0.5310058015095923,0.8228816503334262,0.0614509098893295
toy,20,76,1000.0,64,3,1,-0.036114715616662,,3,0.5310058015095922,0.8228816503334262,0.0614509098893295
toy,20,77,0.001,67,3,1,0.0046214887957076,-0.0071266186037459,3,0.0245802149135399,0.034349600034756,0.1953697476543955
toy,20,77,0.001778,67,3,1,-0.0199809705042816,0.0,2,0.0025603218322552,0.0,0.1702987833354776
toy,20,77,0.003162,67,3,1,0.0,0.0,1,0.0,0.0,0.1700113009212288
toy,20,77,0.005623,67,3,1,-0.0237469586374695,-0.0602621483375959,3,0.1111030446965536,0.1683778440645985,0.1590591238709188
toy,20,77,0.01,67,3,1,-0.0237469586374695,-0.0237469586374695,3,0.0059321980325372,0.0,0.1707652372746668
toy,20,77,0.017783,67,3,1,-0.0151515151515151,0.0,2,0.0046758203055452,0.0,0.1706257021387488
toy,20,77,0.031623,67,3,1,0.0,0.0,1,0.0,0.0,0.1700113009212288
toy,20,77,0.056234,67,3,1,-0.0151515151515151,-0.0151515151515151,2,0.0050971997934887,0.0,0.170406568156707
toy,20,77,0.1,67,3,3,-0.0151515151515151,-0.0224705599615477,2,0.0038313849325629,0.0,0.1701366066992664
toy,20,77,0.177828,67,3,2,-0.0224705599615477,-0.0224705599615477,3,0.0034055974266325,0.0,0.1700923588231135
toy,20,77,0.316228,67,3,2,1.0,1.0,2,0.0167617973901598,0.0252749507606435,0.1804103668616649
toy,20,77,0.5,67,3,4,1.0,1.0,2,0.0167617973901598,0.0252749507606435,0.1804103668616649
toy,20,77,0.562341,67,3,2,1.0,0.6564102564102564,2,0.0167617973901598,0.0252749507606435,0.1804103668616649
toy,20,77,1.0,67,3,1,0.6564102564102564,1.0,3,0.0180455261649124,0.0252749507606435,0.1804610002526355
toy,20,77,1.778279,67,3,10,0.6564102564102564,1.0,3,0.0180455261649124,0.0252749507606435,0.1804610002526355
toy,20,77,3.162278,67,3,10,0.6564102564102564,-0.0409527872644073,3,0.0180455261649124,0.0252749507606435,0.1804610002526355
toy,20,77,5.623413,67,3,9,-0.0210073181231166,1.0,3,0.5143456973285083,0.7871804884725511,0.0617039688147335
toy,20,77,10.0,67,3,9,-0.0210073181231166,1.0,3,0.5143456973285083,0.7871804884725511,0.0617039688147335
toy,20,77,17.782794,67,3,10,-0.0210073181231166,1.0,3,0.5143456973285083,0.7871804884725511,0.0617039688147335
toy,20,77,31.622777,67,3,9,-0.0210073181231166,1.0,3,0.5143456973285083,0.7871804884725511,0.0617039688147335
toy,20,77,56.234133,67,3,8,-0.0210073181231166,1.0,3,0.5143456973285083,0.7871804884725511,0.0617039688147335
toy,20,77,100.0,67,3,3,-0.0210073181231166,1.0,3,0.5143456973285083,0.7871804884725511,0.0617039688147335
toy,20,77,177.827941,67,3,3,-0.0210073181231166,1.0,3,0.5143456973285083,0.7871804884725511,0.0617039688147335
toy,20,77,316.227766,67,3,3,-0.0210073181231166,0.9041403157447832,3,0.5143456973285083,0.7871804884725511,0.0617039688147335
toy,20,77,562.341325,67,3,1,-0.0200667097051861,1.0,3,0.5136423620014001,0.7871804884725511,0.06171523360104
toy,20,77,1000.0,67,3,1,-0.0200667097051861,,3,0.5136423620014001,0.7871804884725511,0.06171523360104
toy,20,78,0.001,68,3,1,-0.004105057590371,1.0,3,0.0225787795627365,0.0259970386411595,0.1911585019243626
toy,20,78,0.001778,68,3,1,-0.004105057590371,0.0,3,0.0225787795627365,0.0259970386411595,0.1911585019243626
toy,20,78,0.003162,68,3,1,0.0,0.0,1,0.0,0.0,0.178409847350333
toy,20,78,0.005623,68,3,1,-0.019895928986838,-0.0300646721699353,3,0.0579423156581813,0.1006820313737174,0.1675473098712545
toy,20,78,0.01,68,3,1,-0.019895928986838,-0.0358424681627482,3,0.0011191090718836,0.0003989621482887,0.1785320442808855
toy,20,78,0.017783,68,3,1,-0.0221393614542064,-0.0446559029361616,3,0.0358991284730598,0.0616160076011353,0.1779339162240368
toy,20,78,0.031623,68,3,1,-0.0221393614542064,-0.0358424681627482,3,0.01448435785856,0.0,0.1801525434806038
toy,20,78,0.056234,68,3,1,-0.019895928986838,-0.019895928986838,3,0.017676063218712,0.0,0.179882653423174
toy,20,78,0.1,68,3,3,-0.0149253731343283,-0.0149253731343283,2,0.0016914637368006,0.0,0.178497866174965
toy,20,78,0.177828,68,3,1,-0.0149253731343283,-0.0149253731343283,2,0.005874795661103,0.0,0.1789545569688883
toy,20,78,0.316228,68,3,2,1.0,1.0,2,0.0220004685584224,0.0353125314213617,0.1898421830383085
toy,20,78,0.5,68,3,2,1.0,1.0,2,0.0220004685584224,0.0353125314213617,0.1898421830383085
toy,20,78,0.562341,68,3,1,1.0,1.0,2,0.0220004685584224,0.0353125314213617,0.1898421830383085
toy,20,78,1.0,68,3,2,1.0,0.6565656565656566,2,0.0220004685584224,0.0353125314213617,0.1898421830383085
toy,20,78,1.778279,68,3,9,0.6565656565656566,0.4809751651856915,3,0.0259953440633537,0.0353125314213617,0.1902852308885626
toy,20,78,3.162278,68,3,10,0.6565656565656566,0.1035613563323932,3,0.0225655051998215,0.0353125314213617,0.189868188844197
toy,20,78,5.623413,68,3,10,0.1321786690975387,0.9213791803980572,3,0.4656015617508387,0.7192469253588415,0.1171978668729146
toy,20,78,10.0,68,3,9,-0.0236495331180731,1.0,3,0.3750928420424051,0.6059848925597672,0.2003920404079206
toy,20,78,17.782794,68,3,10,-0.0236495331180731,0.5624674169106724,3,0.3750928420424051,0.6059848925597672,0.2003920404079206
toy,20,78,31.622777,68,3,10,-0.020419100702074,1.0,3,0.4640097734723054,0.7211398607980949,0.0791948357910048
toy,20,78,56.234133,68,3,6,-0.020419100702074,0.949060862176252,3,0.4640097734723054,0.7211398607980949,0.0791948357910048
toy,20,78,100.0,68,3,6,-0.0198406498984533,0.8578685755352902,3,0.46387066891319,0.7211398607980949,0.079290524353153
toy,20,78,177.827941,68,3,3,-0.0182185261741095,0.95307404750041,3,0.4628988898858679,0.7211398607980949,0.079680702859092
toy,20,78,316.227766,68,3,3,-0.0176534109582609,1.0,3,0.4628008815158884,0.7211398607980949,0.079633851359997
toy,20,78,562.341325,68,3,1,-0.0176534109582609,1.0,3,0.4628008815158884,0.7211398607980949,0.079633851359997
toy,20,78,1000.0,68,3,1,-0.0176534109582609,,3,0.4628008815158884,0.7211398607980949,0.079633851359997
toy,20,79,0.001,63,3,1,-0.0449610897755044,-0.0234955017905493,3,0.0013250927217421,0.0009945101981234,0.1703093037906872
toy,20,79,0.001778,63,3,1,-0.0214995968825584,0.0,2,0.0004195809957514,0.0,0.1682261447947644
toy,20,79,0.003162,63,3,1,0.0,0.0,1,0.0,0.0,0.1681811552154579
toy,20,79,0.005623,63,3,1,-0.0325069972011195,-0.0325069972011195,3,0.0008381358644839,0.0,0.1682586859800983
toy,20,79,0.01,63,3,1,-0.0325069972011195,0.0,3,0.0796051902301736,0.1307987552472338,0.1568367080999815
toy,20,79,0.017783,63,3,1,0.0,0.0,1,0.0,0.0,0.1681811552154579
toy,20,79,0.031623,63,3,1,-0.0320821989283635,-0.0212536023054755,2,0.0025060109403698,0.0,0.1684869485763713
toy,20,79,0.056234,63,3,1,-0.0214995968825584,-0.0214995968825584,2,0.0029213196931236,0.0,0.1684852238291593
toy,20,79,0.1,63,3,3,-0.0325069972011195,-0.0214995968825584,3,0.0019432328756762,0.0003989621482887,0.1682986084758273
toy,20,79,0.177828,63,3,7,0.6557377049180327,1.0,2,0.0033360278460346,0.0,0.1683833582132272
toy,20,79,0.316228,63,3,1,0.6557377049180327,0.6557377049180327,2,0.0033360278460346,0.0,0.1683833582132272
toy,20,79,0.5,63,3,4,1.0,1.0,3,0.0049837916914504,0.0,0.1684749040113538
toy,20,79,0.562341,63,3,1,1.0,1.0,3,0.0049837916914504,0.0,0.1684749040113538
toy,20,79,1.0,63,3,1,1.0,1.0,3,0.0049837916914504,0.0,0.1684749040113538
toy,20,79,1.778279,63,3,1,1.0,0.0996807488454266,3,0.0049837916914504,0.0,0.1684749040113538
toy,20,79,3.162278,63,3,9,0.0996807488454266,0.7245845120226309,3,0.1109059995577181,0.0003989621482887,0.1793174324543404
toy,20,79,5.623413,63,3,10,-0.0400791425518182,1.0,3,0.6291188686911763,0.9987286066145942,0.0552457158545615
toy,20,79,10.0,63,3,6,-0.0400791425518182,1.0,3,0.6291188686911763,0.9987286066145942,0.0552457158545615
toy,20,79,17.782794,63,3,6,-0.0400791425518182,1.0,3,0.6291188686911763,0.9987286066145942,0.0552457158545615
toy,20,79,31.622777,63,3,7,-0.0400791425518182,1.0,3,0.6291188686911763,0.9987286066145942,0.0552457158545615
toy,20,79,56.234133,63,3,4,-0.0400791425518182,0.9465611739745404,3,0.6291188686911763,0.9987286066145942,0.0552457158545615
toy,20,79,100.0,63,3,4,-0.0386820816415088,0.94633702478972,3,0.6302779123700302,1.0,0.0552477308593118
toy,20,79,177.827941,63,3,3,0.0079616707375378,1.0,3,0.6290006890626051,1.0,0.0556076818746457
toy,20,79,316.227766,63,3,3,0.0079616707375378,1.0,3,0.6290006890626051,1.0,0.0556076818746457
toy,20,79,562.341325,63,3,1,0.0079616707375378,1.0,3,0.6290006890626051,1.0,0.0556076818746457
toy,20,79,1000.0,63,3,1,0.0079616707375378,,3,0.6290006890626051,1.0,0.0556076818746457
toy,20,80,0.001,77,3,1,-0.017378883466254,-0.0259269932756964,2,0.0008294830506814,0.0,0.1810181027722202
toy,20,80,0.001778,77,3,1,-0.017378883466254,-0.0259269932756964,2,0.0012430471866475,0.0,0.1811207334699389
toy,20,80,0.003162,77,3,1,-0.017378883466254,-0.0262045950209833,2,0.1779301186748146,0.2671511036760565,0.1696588066290054
toy,20,80,0.005623,77,3,1,-0.0175407407407407,0.0,3,0.0498622049193,0.0897705447939771,0.1701289308268992
toy,20,80,0.01,77,3,2,0.0,0.0,1,0.0,0.0,0.1809582059405605
toy,20,80,0.017783,77,3,2,-0.0205937123452733,-0.057562046531552,3,0.0200789337441732,0.0,0.183512326215248
toy,20,80,0.031623,77,3,4,-0.0213079521031624,0.6372613270350715,3,0.0246773044081478,0.0,0.1830196543428016
toy,20,80,0.056234,77,3,1,-0.0205937123452733,-0.0446728802092274,3,0.0105835021214411,0.0,0.1820482162024092
toy,20,80,0.1,77,3,1,-0.019546027742749,1.0,3,0.0041170652141752,0.0,0.1811357718098021
toy,20,80,0.177828,77,3,2,-0.019546027742749,-0.019546027742749,3,0.0041170652141752,0.0,0.1811357718098021
toy,20,80,0.316228,77,3,1,-0.0131578947368421,-0.0131578947368421,2,0.0004151658773588,0.0,0.1809469889520823
toy,20,80,0.5,77,3,1,1.0,1.0,2,0.0010689245623376,0.0002740073204638,0.1810926008441045
toy,20,80,0.562341,77,3,2,1.0,1.0,2,0.0010689245623376,0.0002740073204638,0.1810926008441045
toy,20,80,1.0,77,3,1,1.0,0.6577777777777778,2,0.0010689245623376,0.0002740073204638,0.1810926008441045
toy,20,80,1.778279,77,3,10,0.6577777777777778,1.0,3,0.0013963208791424,0.0002740073204638,0.181090474698967
toy,20,80,3.162278,77,3,10,0.6577777777777778,0.0385014261966352,3,0.0013963208791424,0.0002740073204638,0.181090474698967
toy,20,80,5.623413,77,3,8,-0.0198346039539992,1.0,3,0.5250561073627522,0.7843547513815491,0.0400764799934911
toy,20,80,10.0,77,3,5,-0.0198346039539992,0.9535764561986524,3,0.5250561073627522,0.7843547513815491,0.0400764799934911
toy,20,80,17.782794,77,3,6,-0.0195077408375876,1.0,3,0.5247350016867376,0.7843547513815491,0.0400377775204774
toy,20,80,31.622777,77,3,6,-0.0195077408375876,1.0,3,0.5247350016867376,0.7843547513815491,0.0400377775204774
toy,20,80,56.234133,77,3,7,-0.0195077408375876,1.0,3,0.5247350016867376,0.7843547513815491,0.0400377775204774
toy,20,80,100.0,77,3,5,-0.0195077408375876,0.9540396535195902,3,0.5247350016867376,0.7843547513815491,0.0400377775204774
toy,20,80,177.827941,77,3,3,-0.0191517096159631,0.7885088881013225,3,0.5239675368903871,0.7843547513815491,0.0402187924782787
toy,20,80,316.227766,77,3,3,-0.016968424735415,0.9548935192192344,3,0.5221651759673616,0.7843547513815491,0.0408210660830331
toy,20,80,562.341325,77,3,1,-0.017457162808186,0.8290258282021604,3,0.5226105548750648,0.7843547513815491,0.0406841298863746
toy,20,80,1000.0,77,3,1,-0.0184072196996815,,3,0.5233526270898827,0.7843547513815491,0.0403492339971213
toy,20,81,0.001,78,3,1,-0.025866025307021,0.9965459056386968,2,0.0008208386496645,0.0,0.1673826566387305
toy,20,81,0.001778,78,3,1,-0.0261369109047127,-0.0366193941834709,3,0.0008206773206077,0.0,0.1673826566387305
toy,20,81,0.003162,78,3,1,-0.0366193941834709,0.0,3,0.0048801974128671,0.0,0.1678466851333284
toy,20,81,0.005623,78,3,1,0.0,0.0,1,0.0,0.0,0.1672803652185256
toy,20,81,0.01,78,3,1,-0.0366193941834709,-0.0366193941834709,3,0.1803248811621976,0.278087443941472,0.1563611206092893
toy,20,81,0.017783,78,3,3,-0.0261369109047127,-0.0311903388891066,3,0.0211244884685849,0.0365350125094091,0.1658897393263884
toy,20,81,0.031623,78,3,2,-0.0311903388891066,-0.0311903388891066,3,0.0088846876213765,0.0,0.1684668049205407
toy,20,81,0.056234,78,3,1,-0.0261369109047127,-0.0261369109047127,3,0.0028585971459553,0.0,0.1674215242266435
toy,20,81,0.1,78,3,1,-0.0261369109047127,1.0,3,0.0108621810776249,0.0,0.1683203646358925
toy,20,81,0.177828,78,3,2,-0.0261369109047127,-0.0261369109047127,3,0.0108621810776249,0.0,0.1683203646358925
toy,20,81,0.316228,78,3,2,1.0,1.0,3,0.0124395676547221,0.015780002096425,0.1741256250368877
toy,20,81,0.5,78,3,1,1.0,0.9965459056386968,3,0.0124395676547221,0.015780002096425,0.1741256250368877
toy,20,81,0.562341,78,3,1,0.9965459056386968,0.9965459056386968,2,0.0081260137234818,0.0117604348702936,0.1724315614316558
toy,20,81,1.0,78,3,2,1.0,1.0,3,0.0124395676547221,0.015780002096425,0.1741256250368877
toy,20,81,1.778279,78,3,10,1.0,1.0,3,0.0124395676547221,0.015780002096425,0.1741256250368877
toy,20,81,3.162278,78,3,10,1.0,0.2732233999841327,3,0.0124395676547221,0.015780002096425,0.1741256250368877
toy,20,81,5.623413,78,3,10,0.2732233999841327,1.0,3,0.38178806965409,0.5872229984613822,0.1132155715758815
toy,20,81,10.0,78,3,7,0.2732233999841327,1.0,3,0.38178806965409,0.5872229984613822,0.1132155715758815
toy,20,81,17.782794,78,3,10,0.2732233999841327,1.0,3,0.38178806965409,0.5872229984613822,0.1132155715758815
toy,20,81,31.622777,78,3,9,0.2732233999841327,0.5483637275739345,3,0.38178806965409,0.5872229984613822,0.1132155715758815
toy,20,81,56.234133,78,3,4,-0.0391690084024261,0.8207062078391605,3,0.3822350717272667,0.5872229984613822,0.0682666841282284
toy,20,81,100.0,78,3,5,-0.036963149942549,0.9541018891130556,3,0.38137482859065,0.5872229984613822,0.0682293864532509
toy,20,81,177.827941,78,3,3,-0.0362470568941887,0.957066669168609,3,0.3813057823495878,0.5872229984613822,0.0682211375454276
toy,20,81,316.227766,78,3,1,-0.0356707867356234,1.0,3,0.3810164475554395,0.5872229984613822,0.0683924818275791
toy,20,81,562.341325,78,3,1,-0.0356707867356234,1.0,3,0.3810164475554395,0.5872229984613822,0.0683924818275791
toy,20,81,1000.0,78,3,1,-0.0356707867356234,,3,0.3810164475554395,0.5872229984613822,0.0683924818275791
toy,20,82,0.001,74,3,1,-0.0182613168724279,0.996344214967198,3,0.0008122046531801,0.0,0.1803885802651825
toy,20,82,0.001778,74,3,1,-0.0180855186668389,-0.0269738843262503,2,0.0008123636986555,0.0,0.1803885802651825
toy,20,82,0.003162,74,3,1,-0.0180855186668389,-0.0325071413699312,2,0.1185735091048078,0.1990996502574725,0.1704155713624185
toy,20,82,0.005623,74,3,1,-0.0203403090162331,-0.0325071413699312,3,0.0698555231799175,0.1088650073171399,0.1726632132311521
toy,20,82,0.01,74,3,1,-0.0180855186668389,0.0,2,0.0020254526905046,0.0,0.1805473750447418
toy,20,82,0.017783,74,3,1,0.0,0.0,1,0.0,0.0,0.1803381206892043
toy,20,82,0.031623,74,3,1,-0.0203403090162331,-0.0328985395764881,3,0.0111450554609673,0.0,0.181758907915308
toy,20,82,0.056234,74,3,1,-0.0182613168724279,-0.0272755942173358,3,0.013858271746355,0.0,0.1812919903929717
toy,20,82,0.1,74,3,1,-0.0180855186668389,0.996344214967198,2,0.0008123636986555,0.0,0.1803820328588066
toy,20,82,0.177828,74,3,1,-0.0182613168724279,-0.0272755942173358,3,0.0008122046531801,0.0,0.1803820328588066
toy,20,82,0.316228,74,3,3,-0.0180855186668389,-0.0180855186668389,2,0.0020254526905046,0.0,0.1802867309564489
toy,20,82,0.5,74,3,2,1.0,0.6574074074074074,2,0.0004065952185806,0.0,0.180301592575689
toy,20,82,0.562341,74,3,9,0.6574074074074074,-0.0182613168724279,3,0.0224780402000855,0.0374611065048003,0.1903880998224198
toy,20,82,1.0,74,3,1,-0.0136986301369863,0.6574074074074074,2,0.0002728077957873,0.0003989621482887,0.1802922123507272
toy,20,82,1.778279,74,3,10,-0.0182613168724279,1.0,3,0.0223971147083103,0.0376871879511528,0.1904017689633563
toy,20,82,3.162278,74,3,10,-0.0182613168724279,0.1061588191414815,3,0.0223971147083103,0.0376871879511528,0.1904017689633563
toy,20,82,5.623413,74,3,10,0.108219460276042,0.654868788340975,3,0.4525415052761054,0.7321634855073497,0.1847392951896271
toy,20,82,10.0,74,3,9,0.0524041304644498,1.0,3,0.4434583421656188,0.6799266848690355,0.0709210028521613
toy,20,82,17.782794,74,3,10,0.0524041304644498,1.0,3,0.4434583421656188,0.6799266848690355,0.0709210028521613
toy,20,82,31.622777,74,3,10,0.0524041304644498,1.0,3,0.4434583421656188,0.6799266848690355,0.0709210028521613
toy,20,82,56.234133,74,3,10,0.0524041304644498,1.0,3,0.4434583421656188,0.6799266848690355,0.0709210028521613
toy,20,82,100.0,74,3,9,0.0524041304644498,0.6623752746405033,3,0.4434583421656188,0.6799266848690355,0.0709210028521613
toy,20,82,177.827941,74,3,1,0.0223368650727612,1.0,3,0.4391204012655082,0.6799266848690355,0.0726345609820098
toy,20,82,316.227766,74,3,1,0.0223368650727612,0.9078407611273824,3,0.4391204012655082,0.6799266848690355,0.0726345609820098
toy,20,82,562.341325,74,3,1,0.0283949904772897,0.7064558807949667,3,0.4398790428927954,0.6799266848690355,0.0722395139562764
toy,20,82,1000.0,74,3,1,0.0424177277989085,,3,0.4420415998067432,0.6799266848690355,0.0709159937395953
toy,20,83,0.001,60,3,1,-0.0341725223757891,0.9954057715967668,3,0.0008038964167472,0.0,0.1747492602829222
toy,20,83,0.001778,60,3,1,-0.0337013907274454,-0.0332318725764082,2,0.0008040532322335,0.0,0.1747492602829222
toy,20,83,0.003162,60,3,1,-0.0337013907274454,-0.0337013907274454,2,0.0020047456886584,0.0,0.174895179688744
toy,20,83,0.005623,60,3,1,-0.0341725223757891,-0.0406964201870487,3,0.0722060814594258,0.1285870499333409,0.1686670825136361
toy,20,83,0.01,60,3,1,-0.0406964201870487,-0.0406964201870487,3,0.0055710958874894,0.0,0.1754516091833191
toy,20,83,0.017783,60,3,1,-0.0341725223757891,-0.0406964201870487,3,0.0028004467162744,0.0,0.174968988049936
toy,20,83,0.031623,60,3,1,-0.0406964201870487,0.0,3,0.0141115244977441,0.0,0.1763635281206669
toy,20,83,0.056234,60,3,1,0.0,0.0,1,0.0,0.0,0.1746525000312135
toy,20,83,0.1,60,3,1,-0.0341725223757891,-0.0225921521997621,3,0.0122759910716293,0.000494954276406,0.1761085788752542
toy,20,83,0.177828,60,3,2,0.6551724137931034,-0.0169491525423728,2,0.0079337129858914,0.0,0.1752419073239107
toy,20,83,0.316228,60,3,3,0.6551724137931034,0.6551724137931034,2,0.0004024346743047,0.0,0.1746656605577473
toy,20,83,0.5,60,3,1,1.0,1.0,3,0.0083205417301112,0.0,0.1752546829762365
toy,20,83,0.562341,60,3,1,1.0,1.0,3,0.0083205417301112,0.0,0.1752546829762365
toy,20,83,1.0,60,3,1,1.0,0.5321836150992553,3,0.0083205417301112,0.0,0.1752546829762365
toy,20,83,1.778279,60,3,10,0.5321836150992553,0.8664939645284373,3,0.002128313764788,0.0024960641804712,0.1756553449082867
toy,20,83,3.162278,60,3,10,0.2993403651203213,0.6283758388565889,3,0.0018274677542331,0.0024960641804712,0.1756876961308938
toy,20,83,5.623413,60,3,10,-0.0475242130181961,1.0,3,0.0017414699169917,0.002705339912474,0.1756184741206467
toy,20,83,10.0,60,3,10,-0.0475242130181961,1.0,3,0.0017414699169917,0.002705339912474,0.1756184741206467
toy,20,83,17.782794,60,3,10,-0.0475242130181961,0.3213684104024183,3,0.0017414699169917,0.002705339912474,0.1756184741206467
toy,20,83,31.622777,60,3,7,-0.0507412547426604,1.0,3,0.3772526506733592,0.598233422878074,0.1087110142292838
toy,20,83,56.234133,60,3,6,-0.0507412547426604,0.313116005634955,3,0.3772526506733592,0.598233422878074,0.1087110142292838
toy,20,83,100.0,60,3,6,0.0173783872886911,1.0,3,0.3903943932783446,0.598233422878074,0.0712503172901374
toy,20,83,177.827941,60,3,6,0.0173783872886911,1.0,3,0.3903943932783446,0.598233422878074,0.0712503172901374
toy,20,83,316.227766,60,3,3,0.0173783872886911,1.0,3,0.3903943932783446,0.598233422878074,0.0712503172901374
toy,20,83,562.341325,60,3,1,0.0173783872886911,1.0,3,0.3903943932783446,0.598233422878074,0.0712503172901374
toy,20,83,1000.0,60,3,1,0.0173783872886911,,3,0.3903943932783446,0.598233422878074,0.0712503172901374
toy,20,84,0.001,55,3,1,-0.0209038077890536,-0.0172019488913194,3,0.0608245030828012,0.0872493946797051,0.2239021659659822
toy,20,84,0.001778,55,3,1,-0.0193352935935133,0.0266574307867628,3,0.0792186767892886,0.115029802840755,0.1815610609865565
toy,20,84,0.003162,55,3,1,0.0208433349335893,0.0164426308209313,3,0.0350875022722438,0.0509204551319662,0.2060763297763035
toy,20,84,0.005623,55,3,1,-0.0185185185185185,0.0,2,0.0435585109742885,0.0781441280057409,0.1644213830020479
toy,20,84,0.01,55,3,1,0.0,0.0,1,0.0,0.0,0.1716082702418737
toy,20,84,0.017783,55,3,1,-0.0288702312564442,-0.0490286181404942,3,0.0120588222186551,0.0,0.1728933267224164
toy,20,84,0.031623,55,3,1,-0.0246825679363949,-0.0246825679363949,3,0.0215409950236519,0.0365350125094091,0.1722250630622576
toy,20,84,0.056234,55,3,1,-0.0185185185185185,-0.0246825679363949,2,0.004345608780554,0.0,0.1721387518891985
toy,20,84,0.1,55,3,2,-0.0246825679363949,-0.0444576648605972,3,0.0113194793960304,0.0,0.1728752206717879
toy,20,84,0.177828,55,3,1,-0.0273848385926731,-0.0273848385926731,3,0.0017408425968468,0.0004855306960155,0.1720689961455183
toy,20,84,0.316228,55,3,1,1.0,1.0,2,0.0049744051354697,0.0083542177594342,0.1747817779342114
toy,20,84,0.5,55,3,1,1.0,1.0,2,0.0049744051354697,0.0083542177594342,0.1747817779342114
toy,20,84,0.562341,55,3,1,1.0,0.4813202756619514,2,0.0049744051354697,0.0083542177594342,0.1747817779342114
toy,20,84,1.0,55,3,4,0.4813202756619514,1.0,3,0.0047517774857251,0.0067037055942782,0.1750084848553824
toy,20,84,1.778279,55,3,10,0.4813202756619514,1.0,3,0.0047517774857251,0.0067037055942782,0.1750084848553824
toy,20,84,3.162278,55,3,10,0.4813202756619514,0.3355567134462162,3,0.0047517774857251,0.0067037055942782,0.1750084848553824
toy,20,84,5.623413,55,3,8,0.1157094870038809,1.0,3,0.4276123794841936,0.6889247951773867,0.0953855090745643
toy,20,84,10.0,55,3,8,0.1157094870038809,1.0,3,0.4276123794841936,0.6889247951773867,0.0953855090745643
toy,20,84,17.782794,55,3,9,0.1157094870038809,1.0,3,0.4276123794841936,0.6889247951773867,0.0953855090745643
toy,20,84,31.622777,55,3,9,0.1157094870038809,0.9269093467441436,3,0.4276123794841936,0.6889247951773867,0.0953855090745643
toy,20,84,56.234133,55,3,6,0.1056081122859086,1.0,3,0.4270071128364502,0.6889247951773869,0.0935791895623578
toy,20,84,100.0,55,3,7,0.1056081122859086,0.261629453458716,3,0.4270071128364501,0.6889247951773867,0.0935791895623578
toy,20,84,177.827941,55,3,5,-0.0164880804053492,0.9479392193109538,3,0.4362948748419481,0.6889247951773869,0.0661014246331569
toy,20,84,316.227766,55,3,2,-0.0156011944664513,1.0,3,0.4360452742082358,0.6889247951773869,0.0661627782054746
toy,20,84,562.341325,55,3,1,-0.0156011944664513,0.8198386716035124,3,0.4360452742082358,0.6889247951773869,0.0661627782054746
toy,20,84,1000.0,55,3,1,-0.0195602147788289,,3,0.4365633613773328,0.6889247951773869,0.0658311465649666
toy,20,85,0.001,66,3,1,-0.0202846392933093,1.0,2,0.0015729464606918,0.0,0.1643823026896904
toy,20,85,0.001778,66,3,1,-0.0202846392933093,-0.0364455370900545,2,0.0015729464606918,0.0,0.1643823026896904
toy,20,85,0.003162,66,3,1,-0.0228118026283163,-0.0452118852823118,3,0.06260053971032,0.1144374360682106,0.1597656727773974
toy,20,85,0.005623,66,3,1,-0.0224887556221889,-0.0363496845336213,2,0.0035250040932424,0.0,0.164586817329645
toy,20,85,0.01,66,3,1,-0.0205078125,-0.0369442587134018,3,0.0448675401359521,0.0818153057183729,0.1597616523846668
toy,20,85,0.017783,66,3,1,-0.0228118026283163,-0.0369442587134018,3,0.0533734920879038,0.0792772216025987,0.1612076586151241
toy,20,85,0.031623,66,3,1,-0.0205078125,-0.0309962163159837,3,0.0062274259299156,0.0,0.1650746126356246
toy,20,85,0.056234,66,3,1,-0.0205078125,-0.0309962163159837,3,0.0289387541729865,0.0467138373891237,0.1658364537682367
toy,20,85,0.1,66,3,1,-0.0205078125,-0.0309962163159837,3,0.0046843855546555,0.0,0.1643503554039823
toy,20,85,0.177828,66,3,7,-0.0205078125,-0.0205078125,3,0.0073787518446489,0.0,0.1650431312606323
toy,20,85,0.316228,66,3,1,1.0,1.0,2,0.0002721326249766,0.0003989621482887,0.1642124467756395
toy,20,85,0.5,66,3,2,1.0,-0.0153846153846153,2,0.0002721326249766,0.0003989621482887,0.1642124467756395
toy,20,85,0.562341,66,3,5,-0.0153846153846153,1.0,2,0.0016193432191727,0.0002277739584878,0.1644977751334987
toy,20,85,1.0,66,3,1,-0.0153846153846153,1.0,2,0.0016193432191727,0.0002277739584878,0.1644977751334987
toy,20,85,1.778279,66,3,10,-0.0153846153846153,1.0,2,0.0016193432191727,0.0002277739584878,0.1644977751334987
toy,20,85,3.162278,66,3,9,-0.0153846153846153,-0.0213238560639715,2,0.0016193432191727,0.0002277739584878,0.1644977751334987
toy,20,85,5.623413,66,3,9,-0.0213238560639715,1.0,3,0.5377993090224388,0.8557204815475817,0.0523044115720381
toy,20,85,10.0,66,3,9,-0.0213238560639715,1.0,3,0.5377993090224388,0.8557204815475817,0.0523044115720381
toy,20,85,17.782794,66,3,10,-0.0213238560639715,0.9486769552024537,3,0.5377993090224388,0.8557204815475817,0.0523044115720381
toy,20,85,31.622777,66,3,6,0.0436154949784792,1.0,3,0.5381001839420394,0.8561735649044839,0.0522914771590763
toy,20,85,56.234133,66,3,6,0.0436154949784792,0.9487300390473066,3,0.5381001839420394,0.8561735649044839,0.0522914771590763
toy,20,85,100.0,66,3,5,0.0386920525186073,0.9029263096332192,3,0.5370847764037799,0.8561735649044839,0.052527046778844
toy,20,85,177.827941,66,3,5,0.033283144464696,1.0,3,0.5367148982270572,0.8561735649044839,0.0525410337397407
toy,20,85,316.227766,66,3,2,0.033283144464696,1.0,3,0.5367148982270572,0.8561735649044839,0.0525410337397407
toy,20,85,562.341325,66,3,1,0.033283144464696,1.0,3,0.5367148982270572,0.8561735649044839,0.0525410337397407
toy,20,85,1000.0,66,3,1,0.033283144464696,,3,0.5367148982270572,0.8561735649044839,0.0525410337397407
toy,20,86,0.001,72,3,1,-0.004943237024987,1.0,3,0.0298223293499061,0.0413129915576773,0.1858174606174902
toy,20,86,0.001778,72,3,1,-0.004943237024987,1.0,3,0.0298223293499061,0.0413129915576773,0.1858174606174902
toy,20,86,0.003162,72,3,1,-0.004943237024987,-0.0054879476146637,3,0.0298223293499061,0.0413129915576773,0.1858174606174902
toy,20,86,0.005623,72,3,1,-0.0280395311422661,-0.0369000097361503,2,0.0031045249492754,0.0,0.1734573964181966
toy,20,86,0.01,72,3,1,-0.0373838586263435,-0.0480515737904387,3,0.0658597681292859,0.1173380100739612,0.1723718257832005
toy,20,86,0.017783,72,3,1,-0.0338246803133324,0.0,3,0.0046388492927688,0.0,0.1735761870004952
toy,20,86,0.031623,72,3,1,0.0,0.0,1,0.0,0.0,0.1730700203544715
toy,20,86,0.056234,72,3,1,-0.0373838586263435,-0.022110552763819,3,0.0121930908308964,0.0,0.1740381340814892
toy,20,86,0.1,72,3,2,-0.0187755102040816,-0.0140845070422535,2,0.0107249731328068,0.0,0.1742543703438774
toy,20,86,0.177828,72,3,4,-0.0187755102040816,-0.0187755102040816,2,0.0019449651885317,0.0,0.1731977518506116
toy,20,86,0.316228,72,3,5,1.0,1.0,3,0.008066193920009,0.0,0.1738075531821751
toy,20,86,0.5,72,3,1,1.0,-0.0187755102040816,3,0.008066193920009,0.0,0.1738075531821751
toy,20,86,0.562341,72,3,3,-0.0187755102040816,-0.0140845070422535,2,0.0015439993806704,0.0028584170939715,0.1740470170973194
toy,20,86,1.0,72,3,2,-0.0187755102040816,1.0,2,0.0002719192719602,0.0003989621482887,0.1730208585464272
toy,20,86,1.778279,72,3,10,-0.0187755102040816,1.0,2,0.0002719192719602,0.0003989621482887,0.1730208585464272
toy,20,86,3.162278,72,3,10,-0.0187755102040816,0.0776412011825112,2,0.0002719192719602,0.0003989621482887,0.1730208585464272
toy,20,86,5.623413,72,3,10,-0.034009713345773,0.8731545909812467,3,0.0614629539893098,0.0031418462210532,0.1748160123832672
toy,20,86,10.0,72,3,10,-0.0388504230151773,1.0,3,0.5019636461188909,0.7882095841628071,0.0587172174228177
toy,20,86,17.782794,72,3,9,-0.0388504230151773,1.0,3,0.5019636461188909,0.7882095841628071,0.0587172174228177
toy,20,86,31.622777,72,3,10,-0.0388504230151773,1.0,3,0.5019636461188909,0.7882095841628071,0.0587172174228177
toy,20,86,56.234133,72,3,8,-0.0388504230151773,0.9521041889635292,3,0.5019636461188909,0.7882095841628071,0.0587172174228177
toy,20,86,100.0,72,3,9,-0.0379981854584014,0.612097224582959,3,0.5006058263166535,0.7882095841628068,0.0592120376058055
toy,20,86,177.827941,72,3,4,-0.0011381035171171,0.8626771847497012,3,0.4924401555068735,0.7882095841628068,0.0609010144576569
toy,20,86,316.227766,72,3,4,0.0041295420454266,0.6704068025464913,3,0.495143149278771,0.7882095841628071,0.0600721844126607
toy,20,86,562.341325,72,3,1,-0.0332166495972118,0.9559194443366574,3,0.49902037706287,0.7882095841628071,0.0597691292663158
toy,20,86,1000.0,72,3,1,-0.0341439697161759,,3,0.4992758520469659,0.7882095841628068,0.0597953107195326
toy,20,87,0.001,74,3,1,-0.0180855186668389,0.996344214967198,2,0.0007723628968096,0.0,0.1741233383477121
toy,20,87,0.001778,74,3,1,-0.0182613168724279,-0.0328985395764881,3,0.0007722144997711,0.0,0.1741233383477121
toy,20,87,0.003162,74,3,1,-0.0203403090162331,-0.0203403090162331,3,0.2057948181858823,0.3030436677117761,0.1668870572221236
toy,20,87,0.005623,74,3,1,-0.0136986301369863,0.0,2,0.0331754756441912,0.0592319873433346,0.1685842333866107
toy,20,87,0.01,74,3,1,0.0,1.0,1,0.0,0.0,0.1740253182153111
toy,20,87,0.017783,74,3,1,0.0,0.0,1,0.0,0.0,0.1740253182153111
toy,20,87,0.031623,74,3,1,-0.0182613168724279,-0.036366710672641,3,0.004592281457014,0.0,0.1744446986587753
toy,20,87,0.056234,74,3,1,-0.0215172850249189,-0.0215172850249189,3,0.0179365027936129,0.0,0.1759135387206915
toy,20,87,0.1,74,3,2,-0.0136986301369863,-0.0136986301369863,2,0.0011574672389526,0.0,0.1741207990513073
toy,20,87,0.177828,74,3,4,-0.0136986301369863,1.0,2,0.0011574672389526,0.0,0.1740307937934962
toy,20,87,0.316228,74,3,3,-0.0136986301369863,-0.0136986301369863,2,0.0011574672389526,0.0,0.1740307937934962
toy,20,87,0.5,74,3,6,1.0,1.0,2,0.0032733432716896,0.0002463138930843,0.1744074444050353
toy,20,87,0.562341,74,3,5,1.0,1.0,2,0.0032733432716896,0.0002463138930843,0.1744074444050353
toy,20,87,1.0,74,3,4,1.0,1.0,2,0.0032733432716896,0.0002463138930843,0.1744074444050353
toy,20,87,1.778279,74,3,8,1.0,0.0984708452360947,2,0.0032733432716896,0.0002463138930843,0.1744074444050353
toy,20,87,3.162278,74,3,8,0.0984708452360947,0.3024070049328264,3,0.5164842620078435,0.8514265338764644,0.1043965047290918
toy,20,87,5.623413,74,3,8,-0.0199699768002547,1.0,3,0.5484904518406124,0.8509812321203118,0.0498497556921217
toy,20,87,10.0,74,3,10,-0.0199699768002547,1.0,3,0.5484904518406124,0.8509812321203118,0.0498497556921217
toy,20,87,17.782794,74,3,9,-0.0199699768002547,1.0,3,0.5484904518406124,0.8509812321203118,0.0498497556921217
toy,20,87,31.622777,74,3,9,-0.0199699768002547,0.7391137079122581,3,0.5484904518406124,0.8509812321203118,0.0498497556921217
toy,20,87,56.234133,74,3,6,-0.0169707747023349,0.9525042793516816,3,0.5455268960117792,0.8514265338764644,0.0512788236885982
toy,20,87,100.0,74,3,3,-0.0163679763573674,1.0,3,0.5444277092446781,0.8514265338764644,0.0518745905404967
toy,20,87,177.827941,74,3,3,-0.0163679763573674,1.0,3,0.5444277092446781,0.8514265338764644,0.0518745905404967
toy,20,87,316.227766,74,3,3,-0.0163679763573674,0.7319732394007027,3,0.5444277092446781,0.8514265338764644,0.0518745905404967
toy,20,87,562.341325,74,3,1,-0.0141478880441823,0.7319732394007027,3,0.5410786602763905,0.8514265338764643,0.0513397747829467
toy,20,87,1000.0,74,3,1,-0.0163679763573674,,3,0.5444277092446781,0.8514265338764644,0.0518745905404967
toy,20,88,0.001,70,3,1,-0.019122120817036,-0.019122120817036,2,0.0007648066769909,0.0,0.1722446658819834
toy,20,88,0.001778,70,3,1,-0.0144927536231884,-0.0144927536231884,2,0.0003827865018184,0.0,0.1721851922462951
toy,20,88,0.003162,70,3,1,-0.0144927536231884,-0.0193194925028835,2,0.0007648066769909,0.0,0.1722257804613642
toy,20,88,0.005623,70,3,2,-0.0193194925028835,-0.0348043967298864,3,0.0591759446558316,0.0956475381399645,0.1621380003639709
toy,20,88,0.01,70,3,1,-0.021505376344086,-0.0433684604352435,3,0.0570425972119524,0.098436225556819,0.1748835168152116
toy,20,88,0.017783,70,3,1,-0.021505376344086,0.0,3,0.0709380565147215,0.1106624985864226,0.1656282410558968
toy,20,88,0.031623,70,3,1,0.0,0.0,1,0.0,0.0,0.1721402194176553
toy,20,88,0.056234,70,3,4,-0.021505376344086,-0.021505376344086,3,0.0104922504783756,0.0,0.1732971236251555
toy,20,88,0.1,70,3,5,-0.0144927536231884,-0.019122120817036,2,0.0274358578569881,0.0413322765170113,0.1759746240508445
toy,20,88,0.177828,70,3,1,-0.019122120817036,-0.019122120817036,2,0.0188399486320331,0.0327153667264068,0.183510716396754
toy,20,88,0.316228,70,3,2,-0.0144927536231884,-0.0144927536231884,2,0.0003827865018184,0.0,0.172118438677056
toy,20,88,0.5,70,3,2,1.0,1.0,2,0.0007648066769909,0.0,0.1720552511574178
toy,20,88,0.562341,70,3,2,1.0,1.0,2,0.0007648066769909,0.0,0.1720552511574178
toy,20,88,1.0,70,3,4,1.0,-0.0144927536231884,2,0.0007648066769909,0.0,0.1720552511574178
toy,20,88,1.778279,70,3,10,-0.0144927536231884,1.0,2,0.0002713985584412,0.0003987319951093,0.172077337022888
toy,20,88,3.162278,70,3,10,-0.0144927536231884,1.0,2,0.0002713985584412,0.0003987319951093,0.172077337022888
toy,20,88,5.623413,70,3,10,-0.0144927536231884,0.3826830571886692,2,0.0002713985584412,0.0003987319951093,0.172077337022888
toy,20,88,10.0,70,3,8,0.3702120078389453,0.2803684721609789,3,0.0189508302620904,0.0328687261781114,0.1834429136920134
toy,20,88,17.782794,70,3,8,0.0784178452339887,0.943674783095438,3,0.4192779041772518,0.6670268695127584,0.129513359617128
toy,20,88,31.622777,70,3,9,0.073826995774961,0.4473673117493912,3,0.4189497971634532,0.6670268695127584,0.1289425244556296
toy,20,88,56.234133,70,3,6,-0.0158083240706434,0.953118266210597,3,0.4319191626280679,0.6670268695127584,0.0797267630208148
toy,20,88,100.0,70,3,7,-0.0151395551237678,0.954475176086583,3,0.4314778669758217,0.6670268695127584,0.0799757839017229
toy,20,88,177.827941,70,3,3,0.0189520624303233,1.0,3,0.4312472648929708,0.6670268695127584,0.0800707993726636
toy,20,88,316.227766,70,3,4,0.0189520624303233,1.0,3,0.4312472648929708,0.6670268695127584,0.0800707993726636
toy,20,88,562.341325,70,3,1,0.0189520624303233,0.9093397194663018,3,0.4312472648929708,0.6670268695127584,0.0800707993726636
toy,20,88,1000.0,70,3,1,0.0216541105759334,,3,0.4317986395949785,0.6670268695127584,0.0797696438935433
toy,20,89,0.001,71,3,1,0.0,0.0,1,0.0,0.0,0.1806504136879021
toy,20,89,0.001778,71,3,1,-0.0287677786159818,0.9961768113221772,3,0.0006495763080083,0.0003991924854273,0.1807372150227948
toy,20,89,0.003162,71,3,1,-0.0284377543343574,-0.0374155786636264,2,0.0002681408773911,0.0003991924854273,0.1807372150227948
toy,20,89,0.005623,71,3,1,-0.0379140103984375,-0.0374155786636264,3,0.2262289682040941,0.3218464541434477,0.166847354520335
toy,20,89,0.01,71,3,1,-0.0284377543343574,-0.0338803785539559,2,0.0900099439550877,0.1568386028434404,0.1678931553388133
toy,20,89,0.017783,71,3,1,-0.0343075555866644,-0.0212017898998508,3,0.0033864444367588,0.0,0.1811105658856875
toy,20,89,0.031623,71,3,1,-0.0190436182874746,-0.0223115838630172,2,0.0173057059932319,0.0,0.1822604986226082
toy,20,89,0.056234,71,3,1,-0.0377080524678011,-0.0377080524678011,3,0.0183298825713906,0.0,0.1826588766803394
toy,20,89,0.1,71,3,1,-0.0287677786159818,-0.0190436182874746,3,0.0026381119798116,0.0,0.1807983814822936
toy,20,89,0.177828,71,3,1,-0.0190436182874746,-0.0142857142857142,2,0.0030143959794935,0.0,0.180926255593063
toy,20,89,0.316228,71,3,3,-0.0190436182874746,-0.0190436182874746,2,0.00151204851364,0.0,0.1806751553540571
toy,20,89,0.5,71,3,6,1.0,1.0,3,0.0062501612399252,0.0079395574757811,0.1840800327924308
toy,20,89,0.562341,71,3,4,1.0,1.0,3,0.0062501612399252,0.0079395574757811,0.1840800327924308
toy,20,89,1.0,71,3,2,1.0,1.0,3,0.0062501612399252,0.0079395574757811,0.1840800327924308
toy,20,89,1.778279,71,3,2,1.0,1.0,3,0.0062501612399252,0.0079395574757811,0.1840800327924308
toy,20,89,3.162278,71,3,10,1.0,-0.0406759107247002,3,0.0062501612399252,0.0079395574757811,0.1840800327924308
toy,20,89,5.623413,71,3,10,-0.0406759107247002,1.0,3,0.402091385400963,0.6287876165950049,0.0759324881919764
toy,20,89,10.0,71,3,10,-0.0406759107247002,1.0,3,0.402091385400963,0.6287876165950049,0.0759324881919764
toy,20,89,17.782794,71,3,10,-0.0406759107247002,0.951071600854524,3,0.402091385400963,0.6287876165950049,0.0759324881919764
toy,20,89,31.622777,71,3,8,-0.0399537848011628,0.4809457147301291,3,0.4019204348599103,0.6287876165950049,0.0759807162106403
toy,20,89,56.234133,71,3,9,-0.0214936268674169,0.9611687885518074,3,0.3935577549555455,0.6287876165950049,0.0791983372312921
toy,20,89,100.0,71,3,6,-0.0204298706645639,1.0,3,0.3931261352169001,0.6287876165950049,0.0793697530606074
toy,20,89,177.827941,71,3,3,-0.0204298706645639,0.8643121040019056,3,0.3931261352169001,0.6287876165950049,0.0793697530606074
toy,20,89,316.227766,71,3,3,-0.0229873701197121,1.0,3,0.394437138892927,0.6287876165950049,0.078330747475311
toy,20,89,562.341325,71,3,1,-0.0229873701197121,0.7002311216924975,3,0.3944371388929269,0.6287876165950049,0.0783307474753111
toy,20,89,1000.0,71,3,1,-0.0332652616618186,,3,0.398121113701874,0.6287876165950049,0.0765923910737629
toy,20,90,0.001,70,3,1,-0.0089804543053354,1.0,3,0.0461960483741909,0.0423025296077861,0.1861672321435538
toy,20,90,0.001778,70,3,1,-0.0089804543053354,-0.0164808024221433,3,0.0461960483741909,0.0423025296077861,0.1861672321435538
toy,20,90,0.003162,70,3,1,-0.019122120817036,0.0,2,0.0002655632889545,0.0003989621482887,0.1675382441689573
toy,20,90,0.005623,70,3,1,0.0,0.0,1,0.0,0.0,0.1674832947961494
toy,20,90,0.01,70,3,1,-0.021505376344086,-0.0494314431341059,3,0.0884346983860297,0.1558925048666923,0.1557213232764587
toy,20,90,0.017783,70,3,1,-0.0227373656630251,-0.0494314431341059,3,0.0048302573387855,0.0,0.168037865617142
toy,20,90,0.031623,70,3,1,-0.021505376344086,-0.0343641981534286,3,0.0055656104657873,0.0,0.1682521459082678
toy,20,90,0.056234,70,3,1,-0.019122120817036,-0.019122120817036,2,0.0037262769391964,0.0,0.1678465787067571
toy,20,90,0.1,70,3,3,-0.0144927536231884,0.0,2,0.0033561083523544,0.0,0.1676890842802572
toy,20,90,0.177828,70,3,1,0.0,0.0,1,0.0,0.0,0.1674832947961494
toy,20,90,0.316228,70,3,1,1.0,1.0,2,0.00112411996918,0.0,0.1675091566865253
toy,20,90,0.5,70,3,9,1.0,1.0,2,0.00112411996918,0.0,0.1675091566865253
toy,20,90,0.562341,70,3,2,1.0,0.6568627450980392,2,0.00112411996918,0.0,0.1675091566865253
toy,20,90,1.0,70,3,1,0.6568627450980392,0.6414301574954958,3,0.0033534920651732,0.0,0.167588495414887
toy,20,90,1.778279,70,3,10,0.3826830571886692,1.0,3,0.0010357606154575,0.0002725999075888,0.1677260762819611
toy,20,90,3.162278,70,3,10,0.3826830571886692,0.3805009137719165,3,0.0010357606154575,0.0002725999075888,0.1677260762819611
toy,20,90,5.623413,70,3,10,0.1003816664977876,1.0,3,0.4045960397898485,0.6451628274408097,0.1214885780975757
toy,20,90,10.0,70,3,10,0.1003816664977876,0.4511479852911076,3,0.4045960397898485,0.6451628274408097,0.1214885780975757
toy,20,90,17.782794,70,3,8,-0.0206638253906754,1.0,3,0.4183072590090758,0.6469374348509092,0.0649689521188769
toy,20,90,31.622777,70,3,10,-0.0206638253906754,1.0,3,0.4183072590090758,0.6469374348509092,0.0649689521188769
toy,20,90,56.234133,70,3,10,-0.0206638253906754,1.0,3,0.4183072590090758,0.6469374348509092,0.0649689521188769
toy,20,90,100.0,70,3,7,-0.0206638253906754,0.9508906953058626,3,0.4183072590090758,0.6469374348509092,0.0649689521188769
toy,20,90,177.827941,70,3,3,-0.0201989900504974,0.8586275162925913,3,0.4177106997876688,0.6469374348509092,0.0649513961929467
toy,20,90,316.227766,70,3,3,-0.0185888145029562,0.9037011166462936,3,0.4170072891181555,0.6469374348509092,0.0650309782267255
toy,20,90,562.341325,70,3,1,-0.0173388782537901,1.0,3,0.416245257099716,0.6471447917836037,0.065300152865083
toy,20,90,1000.0,70,3,1,-0.0173388782537901,,3,0.4162452570997162,0.6471447917836037,0.065300152865083
toy,20,91,0.001,68,3,1,-0.0297032140960113,1.0,2,0.00026314845913,0.0003989621482887,0.1635979960902835
toy,20,91,0.001778,68,3,1,-0.0297032140960113,-0.0390520370334426,2,0.00026314845913,0.0003989621482887,0.1635979960902835
toy,20,91,0.003162,68,3,1,-0.0395983992136488,-0.0390520370334426,3,0.1498939544288623,0.2523960609142218,0.1720689930046006
toy,20,91,0.005623,68,3,1,-0.0297032140960113,0.0,2,0.0011134040885364,0.0,0.1637115014362334
toy,20,91,0.01,68,3,1,0.0,0.0,1,0.0,0.0,0.1635452782303525
toy,20,91,0.017783,68,3,1,-0.0300646721699353,-0.0300646721699353,3,0.0385448337963413,0.0664743447687447,0.1615842382540738
toy,20,91,0.031623,68,3,8,-0.0300646721699353,0.0,3,0.0214247143606357,0.0,0.1661621405420566
toy,20,91,0.056234,68,3,3,0.0,0.0,1,0.0,0.0,0.1635452782303525
toy,20,91,0.1,68,3,2,-0.019895928986838,-0.0149253731343283,2,0.0014832423974159,0.0,0.163611255941043
toy,20,91,0.177828,68,3,2,0.6565656565656566,0.6565656565656566,2,0.0011134040885364,0.0,0.1635809098041885
toy,20,91,0.316228,68,3,1,1.0,1.0,3,0.0029548860184567,0.0,0.1637139729447772
toy,20,91,0.5,68,3,2,1.0,1.0,3,0.0029548860184567,0.0,0.1637139729447772
toy,20,91,0.562341,68,3,2,1.0,1.0,3,0.0029548860184567,0.0,0.1637139729447772
toy,20,91,1.0,68,3,2,1.0,-0.0434456366774217,3,0.0029548860184567,0.0,0.1637139729447772
toy,20,91,1.778279,68,3,10,-0.0434456366774217,0.3931716505768778,3,0.0377324899869256,0.0,0.167910169164981
toy,20,91,3.162278,68,3,9,-0.0179786034323634,0.1771766781740385,3,0.1225260472223497,0.0,0.1788159036509765
toy,20,91,5.623413,68,3,10,-0.0442385152676542,1.0,3,0.5840291847598003,0.9987286066145942,0.0950152666735808
toy,20,91,10.0,68,3,9,-0.0442385152676542,1.0,3,0.5840291847598003,0.9987286066145942,0.0950152666735808
toy,20,91,17.782794,68,3,8,-0.0442385152676542,0.4325073403148398,3,0.5840291847598003,0.9987286066145942,0.0950152666735808
toy,20,91,31.622777,68,3,5,-0.0390024173066445,1.0,3,0.607151787459505,0.9987286066145942,0.0650695360943983
toy,20,91,56.234133,68,3,5,-0.0390024173066445,0.7762980443745441,3,0.607151787459505,0.9987286066145942,0.0650695360943983
toy,20,91,100.0,68,3,3,-0.0333001661585566,0.9083354044618024,3,0.6043213532571734,1.0,0.0663832142329706
toy,20,91,177.827941,68,3,3,-0.0308083860868104,1.0,3,0.6034158947492188,1.0,0.0665668110971685
toy,20,91,316.227766,68,3,3,-0.0308083860868104,1.0,3,0.6034158947492188,1.0,0.0665668110971684
toy,20,91,562.341325,68,3,1,-0.0308083860868104,1.0,3,0.6034158947492188,1.0,0.0665668110971684
toy,20,91,1000.0,68,3,1,-0.0308083860868104,,3,0.6034158947492188,1.0,0.0665668110971684
toy,20,92,0.001,80,3,1,-0.0188113867154985,-0.0126582278481012,2,0.0003683294926678,0.0,0.1678806436937769
toy,20,92,0.001778,80,3,1,-0.0188113867154985,1.0,2,0.0003683294926678,0.0,0.1678833755341453
toy,20,92,0.003162,80,3,1,-0.0188113867154985,-0.0209090016687935,2,0.0003683294926678,0.0,0.1678833755341453
toy,20,92,0.005623,80,3,1,-0.0497469670285414,-0.0367314525681059,3,0.234546617338088,0.3440361853674353,0.1202325467944743
toy,20,92,0.01,80,3,2,-0.0300688949145039,-0.0332344629469603,2,0.0043809294119886,0.0,0.1685299538361651
toy,20,92,0.017783,80,3,1,-0.0432226161406663,-0.0336216241418297,3,0.0097413988667406,0.0,0.1693438347703553
toy,20,92,0.031623,80,3,1,-0.0304010047979793,-0.0254713439426815,3,0.0201986631502943,0.0,0.1703661183475725
toy,20,92,0.056234,80,3,1,-0.0304010047979793,1.0,3,0.0267011621496587,0.0355387301599379,0.1714632728742848
toy,20,92,0.1,80,3,5,-0.0304010047979793,-0.0168748630287091,3,0.0267011621496587,0.0355387301599379,0.1714632728742848
toy,20,92,0.177828,80,3,8,0.4872648576660562,1.0,2,0.004742731065447,0.0,0.1684496280395143
toy,20,92,0.316228,80,3,2,0.4872648576660562,0.4872648576660562,2,0.004742731065447,0.0,0.1684496280395143
toy,20,92,0.5,80,3,1,1.0,1.0,3,0.0118594303397512,0.0,0.1688346683882426
toy,20,92,0.562341,80,3,5,1.0,1.0,3,0.0118594303397512,0.0,0.1688346683882426
toy,20,92,1.0,80,3,2,1.0,-0.0188113867154985,3,0.0118594303397512,0.0,0.1688346683882426
toy,20,92,1.778279,80,3,10,-0.0188113867154985,1.0,2,0.0002706422221665,0.0003987319951093,0.1677843442195223
toy,20,92,3.162278,80,3,10,-0.0188113867154985,0.1349100792228069,2,0.0002706422221665,0.0003987319951093,0.1677843442195223
toy,20,92,5.623413,80,3,10,-0.0532558671460736,0.0730466989629418,3,0.5784555398796217,0.9987285489068812,0.1091882924795516
toy,20,92,10.0,80,3,8,-0.0078857664038856,0.7895171125332588,3,0.0930894126895474,0.0003987319951093,0.1781145059258246
toy,20,92,17.782794,80,3,10,0.0007774604143351,1.0,3,0.595413414928657,1.0,0.0807796665797316
toy,20,92,31.622777,80,3,5,0.0007774604143351,0.968474534250088,3,0.595413414928657,1.0,0.0807796665797316
toy,20,92,56.234133,80,3,5,-0.0011606353816251,1.0,3,0.5951942720978078,1.0,0.0807669609351247
toy,20,92,100.0,80,3,5,-0.0011606353816251,0.6817595874959717,3,0.5951942720978078,1.0,0.0807669609351247
toy,20,92,177.827941,80,3,5,0.0087150191506178,1.0,3,0.6052215680353872,1.0,0.0762812435297887
toy,20,92,316.227766,80,3,4,0.0087150191506178,0.9562067590354068,3,0.6052215680353872,1.0,0.0762812435297887
toy,20,92,562.341325,80,3,2,0.0116154924955538,0.8738992274332414,3,0.6053664975425967,1.0,0.0762580097951264
toy,20,92,1000.0,80,3,1,0.0218054406371222,,3,0.6089326992784657,1.0,0.0754106009452583
toy,20,93,0.001,74,3,1,-0.0174010142837202,0.0215582380356674,3,0.0183459927066459,0.0314092871643677,0.1879220275721405
toy,20,93,0.001778,74,3,1,-0.0180855186668389,-0.0269738843262503,2,0.0014554540739382,0.0,0.1689704971906605
toy,20,93,0.003162,74,3,1,-0.0180855186668389,-0.0325071413699312,2,0.1003635844176025,0.1661060221841479,0.1577106294166934
toy,20,93,0.005623,74,3,1,-0.0203403090162331,0.0,3,0.1043809506307101,0.1778242371384408,0.1619622904482489
toy,20,93,0.01,74,3,1,0.0,0.0,1,0.0,0.0,0.1687907609033867
toy,20,93,0.017783,74,3,1,-0.0136986301369863,-0.0215172850249189,2,0.0014554540739382,0.0,0.1690015043793073
toy,20,93,0.031623,74,3,1,-0.0215172850249189,-0.0215172850249189,3,0.0190312097151757,0.0,0.1706107339386378
toy,20,93,0.056234,74,3,1,-0.0136986301369863,-0.0182613168724279,2,0.0003648749059393,0.0,0.1688421136745233
toy,20,93,0.1,74,3,1,-0.0182613168724279,-0.0182613168724279,3,0.0083798769058482,0.0132725492773477,0.16918379002256
toy,20,93,0.177828,74,3,2,-0.0136986301369863,-0.0136986301369863,2,0.0036217255134428,0.0,0.1691243699950719
toy,20,93,0.316228,74,3,3,-0.0136986301369863,-0.0136986301369863,2,0.0014554540739382,0.0,0.1688072710462813
toy,20,93,0.5,74,3,3,1.0,0.6574074074074074,2,0.0070814864372348,0.0041102184317191,0.170171709516579
toy,20,93,0.562341,74,3,1,0.6574074074074074,1.0,3,0.0080888845091807,0.0041102184317191,0.1701987004029365
toy,20,93,1.0,74,3,1,0.6574074074074074,1.0,3,0.0080888845091807,0.0041102184317191,0.1701987004029365
toy,20,93,1.778279,74,3,10,0.6574074074074074,1.0,3,0.0080888845091807,0.0041102184317191,0.1701987004029365
toy,20,93,3.162278,74,3,10,0.6574074074074074,1.0,3,0.0080888845091807,0.0041102184317191,0.1701987004029365
toy,20,93,5.623413,74,3,9,0.6574074074074074,-0.0417422415915212,3,0.0080888845091807,0.0041102184317191,0.1701987004029365
toy,20,93,10.0,74,3,10,-0.0220305868085966,1.0,3,0.3482414300834217,0.5905869346680892,0.2008060142746472
toy,20,93,17.782794,74,3,10,-0.0220305868085966,0.5121924967847272,3,0.3482414300834217,0.5905869346680892,0.2008060142746472
toy,20,93,31.622777,74,3,7,-0.0210547833197056,0.8557812347708906,3,0.3840342673888787,0.6109882226332004,0.0708890831516248
toy,20,93,56.234133,74,3,9,-0.0198809876655799,0.7348905383328499,3,0.3842266824642819,0.6113794221363856,0.0707540286548028
toy,20,93,100.0,74,3,4,-0.0171601161963024,0.8712559647089261,3,0.3821713725857884,0.6113794221363856,0.0712552464855479
toy,20,93,177.827941,74,3,3,-0.0157071835146624,0.8727208443321796,3,0.3812914022562807,0.6113794221363856,0.0715758360169569
toy,20,93,316.227766,74,3,3,-0.0152975802329884,1.0,3,0.381352721299699,0.6113794221363856,0.0715466699861897
toy,20,93,562.341325,74,3,1,-0.0152975802329884,0.9555364771421292,3,0.381352721299699,0.6113794221363856,0.0715466699861897
toy,20,93,1000.0,74,3,1,-0.0158633312995729,,3,0.3816921131174824,0.6113794221363856,0.0714354377223178
toy,20,94,0.001,64,3,1,-0.012305086434514,1.0,3,0.0505140942782275,0.0801553465076801,0.2173205663728086
toy,20,94,0.001778,64,3,1,-0.012305086434514,1.0,3,0.0505140942782275,0.0801553465076801,0.2173205663728086
toy,20,94,0.003162,64,3,1,-0.012305086434514,0.0,3,0.0505140942782275,0.0801553465076801,0.2173205663728086
toy,20,94,0.005623,64,3,1,0.0,0.0,1,0.0,0.0,0.1656073275382637
toy,20,94,0.01,64,3,1,-0.0158730158730158,0.0,2,0.0201374622061314,0.0401029152330653,0.1621267570263216
toy,20,94,0.017783,64,3,1,0.0,0.0,1,0.0,0.0,0.1656073275382637
toy,20,94,0.031623,64,3,1,-0.0247152374811949,0.0,3,0.0291561984711493,0.0,0.1697103453425079
toy,20,94,0.056234,64,3,1,0.0,0.0,1,0.0,0.0,0.1656073275382637
toy,20,94,0.1,64,3,1,-0.0158730158730158,0.4840074015331747,2,0.0018009062088163,0.0,0.1657107345273146
toy,20,94,0.177828,64,3,2,-0.0235263018768173,1.0,3,0.014070106521552,0.0,0.167217451622196
toy,20,94,0.316228,64,3,1,-0.0235263018768173,-0.0235263018768173,3,0.014070106521552,0.0,0.167217451622196
toy,20,94,0.5,64,3,1,1.0,1.0,2,0.000722248673549,0.0,0.1655726043575567
toy,20,94,0.562341,64,3,3,1.0,1.0,2,0.000722248673549,0.0,0.1655726043575567
toy,20,94,1.0,64,3,3,1.0,1.0,2,0.000722248673549,0.0,0.1655726043575567
toy,20,94,1.778279,64,3,9,1.0,0.4840074015331747,2,0.000722248673549,0.0,0.1655726043575567
toy,20,94,3.162278,64,3,9,0.4840074015331747,0.054360174888973,3,0.002158239780193,0.0,0.1655646939389655
toy,20,94,5.623413,64,3,10,-0.0203983681305495,1.0,3,0.6070762517140798,0.9987286640522428,0.0589427961473411
toy,20,94,10.0,64,3,8,-0.0203983681305495,1.0,3,0.6070762517140798,0.9987286640522428,0.0589427961473411
toy,20,94,17.782794,64,3,6,-0.0203983681305495,1.0,3,0.6070762517140798,0.9987286640522428,0.0589427961473411
toy,20,94,31.622777,64,3,7,-0.0203983681305495,1.0,3,0.6070762517140798,0.9987286640522428,0.0589427961473411
toy,20,94,56.234133,64,3,7,-0.0203983681305495,0.947299264888668,3,0.6070762517140798,0.9987286640522428,0.0589427961473411
toy,20,94,100.0,64,3,5,-0.0197041454715546,1.0,3,0.6057070404353823,0.9987286640522428,0.0592409150447881
toy,20,94,177.827941,64,3,3,-0.0197041454715546,0.846842588215666,3,0.6057070404353823,0.9987286640522428,0.0592409150447881
toy,20,94,316.227766,64,3,3,-0.0173359666447224,1.0,3,0.6044965174676198,0.9987286640522428,0.0594278383136483
toy,20,94,562.341325,64,3,1,-0.0173359666447224,0.846842588215666,3,0.6044965174676198,0.9987286640522428,0.0594278383136483
toy,20,94,1000.0,64,3,1,-0.0197041454715546,,3,0.605707040435382,0.9987286640522428,0.0592409150447881
toy,20,95,0.001,79,3,1,0.0,0.0,1,0.0,0.0,0.1622568562656643
toy,20,95,0.001778,79,3,1,-0.0169376693766937,0.9965929033749168,2,0.0010724008753801,0.0,0.1624133383538315
toy,20,95,0.003162,79,3,1,-0.0170911339742508,0.0,3,0.0010721252760366,0.0,0.1624133383538315
toy,20,95,0.005623,79,3,1,0.0,0.0,1,0.0,0.0,0.1622568562656643
toy,20,95,0.01,79,3,1,-0.0190500597983939,-0.0383862260381559,3,0.0339770765538912,0.0651980734589466,0.1598398141226191
toy,20,95,0.017783,79,3,1,-0.0190500597983939,-0.0307906196603237,3,0.0017837056579347,0.0,0.1624191852283283
toy,20,95,0.031623,79,3,1,-0.0170911339742508,-0.0255360841500891,3,0.0255071039540465,0.0473096760883946,0.1579218315431288
toy,20,95,0.056234,79,3,1,-0.0169376693766937,-0.0334891872094854,2,0.002139448390238,0.0,0.1624118475577066
toy,20,95,0.1,79,3,1,-0.0200782358846539,-0.0200782358846539,3,0.0132656248138727,0.0,0.1630599375587791
toy,20,95,0.177828,79,3,2,-0.0128205128205128,-0.0128205128205128,2,0.0247765905303157,0.0426514602433038,0.1664252603526503
toy,20,95,0.316228,79,3,1,1.0,1.0,2,0.0014286304593985,0.0,0.1623358371710742
toy,20,95,0.5,79,3,1,1.0,-0.0128205128205128,2,0.0014286304593985,0.0,0.1623358371710742
toy,20,95,0.562341,79,3,1,-0.0128205128205128,1.0,2,0.000270341122681,0.0003991924854273,0.162231159248803
toy,20,95,1.0,79,3,1,-0.0128205128205128,1.0,2,0.000270341122681,0.0003991924854273,0.162231159248803
toy,20,95,1.778279,79,3,10,-0.0128205128205128,1.0,2,0.000270341122681,0.0003991924854273,0.162231159248803
toy,20,95,3.162278,79,3,10,-0.0128205128205128,0.0383000873127812,2,0.000270341122681,0.0003991924854273,0.162231159248803
toy,20,95,5.623413,79,3,10,-0.0174121834911679,0.9578098939290616,3,0.5969597682152101,1.0,0.072133831007599
toy,20,95,10.0,79,3,9,-0.0170230875625066,1.0,3,0.5964450394493039,1.0,0.0721631058563671
toy,20,95,17.782794,79,3,9,-0.0170230875625066,0.8389469184650964,3,0.5964450394493039,1.0,0.0721631058563671
toy,20,95,31.622777,79,3,10,-0.0152195327362824,0.9573145817174302,3,0.5932046040468743,1.0,0.0725312605324222
toy,20,95,56.234133,79,3,9,-0.0147067518032399,1.0,3,0.5928425354706148,1.0,0.072588750826495
toy,20,95,100.0,79,3,5,-0.0147067518032399,1.0,3,0.5928425354706148,1.0,0.072588750826495
toy,20,95,177.827941,79,3,3,-0.0147067518032399,0.9153729087215036,3,0.5928425354706148,1.0,0.072588750826495
toy,20,95,316.227766,79,3,3,0.0158409312460576,0.8779254930857953,3,0.592244572773724,1.0,0.0728796027433348
toy,20,95,562.341325,79,3,1,-0.0142751447099273,1.0,3,0.5921478797443069,1.0,0.0727095231325368
toy,20,95,1000.0,79,3,1,-0.0142751447099273,,3,0.5921478797443069,1.0,0.0727095231325368
toy,20,96,0.001,74,3,1,-0.0054079582860886,1.0,3,0.0783761560761447,0.1272301301741186,0.2014864085185633
toy,20,96,0.001778,74,3,1,-0.0054079582860886,0.0032895083661054,3,0.0783761560761447,0.1272301301741186,0.2014864085185633
toy,20,96,0.003162,74,3,1,-0.0272755942173358,-0.0359101724388309,2,0.093071278490758,0.154115490355941,0.1506260585257402
toy,20,96,0.005623,74,3,1,-0.036366710672641,-0.0467463340727874,3,0.0024698994144918,0.0,0.1633717987308731
toy,20,96,0.01,74,3,1,-0.0328985395764881,-0.0203403090162331,3,0.0641060153543545,0.1162159536714477,0.1588308947308806
toy,20,96,0.017783,74,3,1,-0.0182613168724279,-0.0182613168724279,2,0.012823189127425,0.0,0.1644779303302219
toy,20,96,0.031623,74,3,1,-0.0275781123522745,-0.0275781123522745,3,0.0144828107232269,0.0,0.1648308908042532
toy,20,96,0.056234,74,3,1,-0.0275781123522745,-0.0182613168724279,3,0.0035194110737318,0.0,0.1632666573405024
toy,20,96,0.1,74,3,1,-0.0182613168724279,-0.0136986301369863,2,0.0028221833940404,0.0,0.1631799672999643
toy,20,96,0.177828,74,3,1,0.6574074074074074,0.6574074074074074,2,0.0024712817839114,0.0,0.1632089782334099
toy,20,96,0.316228,74,3,1,1.0,1.0,3,0.0104144110588257,0.0,0.1644163671908879
toy,20,96,0.5,74,3,1,1.0,1.0,3,0.0104144110588257,0.0,0.1644163671908879
toy,20,96,0.562341,74,3,1,1.0,-0.0182613168724279,3,0.0104144110588257,0.0,0.1644163671908879
toy,20,96,1.0,74,3,2,-0.0182613168724279,0.6574074074074074,2,0.0007531240552877,0.0007736000355866,0.1635720876673349
toy,20,96,1.778279,74,3,10,-0.0275781123522745,1.0,3,0.0009702136368286,0.0010662881281259,0.1635235025768414
toy,20,96,3.162278,74,3,10,-0.0275781123522745,1.0,3,0.0009702136368286,0.0010662881281259,0.1635235025768414
toy,20,96,5.623413,74,3,10,-0.0275781123522745,-0.0408236021739687,3,0.0009702136368286,0.0010662881281259,0.1635235025768414
toy,20,96,10.0,74,3,10,0.0630423706001487,0.5541302933493878,3,0.4817072424513507,0.8134049882860439,0.1615460742591276
toy,20,96,17.782794,74,3,10,0.0172720638333945,0.6688698781490477,3,0.5120530773252535,0.8210178938221485,0.0611782819653103
toy,20,96,31.622777,74,3,9,0.009804720521352,1.0,3,0.5074987742607671,0.8214272433153877,0.0626054710337344
toy,20,96,56.234133,74,3,5,0.009804720521352,0.771703318966356,3,0.5074987742607672,0.8214272433153877,0.0626054710337344
toy,20,96,100.0,74,3,8,0.0016564775788793,1.0,3,0.5033906270233129,0.8214272433153877,0.062108858480486
toy,20,96,177.827941,74,3,6,0.0016564775788793,1.0,3,0.5033906270233129,0.8214272433153877,0.062108858480486
toy,20,96,316.227766,74,3,2,0.0016564775788793,1.0,3,0.5033906270233129,0.8214272433153877,0.062108858480486
toy,20,96,562.341325,74,3,2,0.0016564775788793,0.912425803188407,3,0.5033906270233129,0.8214272433153877,0.062108858480486
toy,20,96,1000.0,74,3,1,0.0014756147611603,,3,0.5045284354544001,0.8214272433153877,0.0615154221362141
toy,20,97,0.001,71,3,1,-0.0190436182874746,0.0,3,0.000620699209833,0.0003989621482887,0.1639683724185446
toy,20,97,0.001778,71,3,1,0.0,1.0,1,0.0,0.0,0.1639480491161099
toy,20,97,0.003162,71,3,1,0.0,1.0,1,0.0,0.0,0.1639480491161099
toy,20,97,0.005623,71,3,1,0.0,0.0,1,0.0,0.0,0.1639480491161099
toy,20,97,0.01,71,3,1,-0.0212017898998508,-0.0212017898998508,3,0.0267162852128743,0.0457761320948559,0.1603635863425742
toy,20,97,0.017783,71,3,1,-0.0142857142857142,0.0,2,0.0296583112343535,0.0595309558137046,0.1611319716298691
toy,20,97,0.031623,71,3,1,0.0,0.0,1,0.0,0.0,0.1639480491161099
toy,20,97,0.056234,71,3,2,-0.0190436182874746,-0.0284377543343574,3,0.0034875243843072,0.0,0.1642194933558098
toy,20,97,0.1,71,3,1,-0.0188519977490151,0.788241368247985,2,0.0147224475517191,0.0,0.1654996428567031
toy,20,97,0.177828,71,3,4,-0.0212017898998508,-0.0212017898998508,3,0.0179986190523826,0.0,0.1658421147046674
toy,20,97,0.316228,71,3,2,1.0,1.0,2,0.003836986610023,0.0,0.1643084348135028
toy,20,97,0.5,71,3,5,1.0,-0.0142857142857142,2,0.003836986610023,0.0,0.1643084348135028
toy,20,97,0.562341,71,3,6,-0.0142857142857142,1.0,2,0.0010529486121972,0.0,0.1638802221715406
toy,20,97,1.0,71,3,3,-0.0142857142857142,1.0,2,0.0010529486121972,0.0,0.1638802221715406
toy,20,97,1.778279,71,3,10,-0.0142857142857142,0.6570048309178744,2,0.0010529486121972,0.0,0.1638802221715406
toy,20,97,3.162278,71,3,10,0.6570048309178744,0.2539626235389861,3,0.0048687347333572,0.0,0.1642624649058009
toy,20,97,5.623413,71,3,10,-0.0228901565013894,1.0,3,0.0076411492762468,0.0112649113999909,0.1683515362379422
toy,20,97,10.0,71,3,9,-0.0228901565013894,0.5200430429924077,3,0.0076411492762468,0.0112649113999909,0.1683515362379422
toy,20,97,17.782794,71,3,10,-0.0230247479376718,1.0,3,0.379011654070451,0.6300385715503745,0.1219910266724237
toy,20,97,31.622777,71,3,10,-0.0230247479376718,1.0,3,0.379011654070451,0.6300385715503745,0.1219910266724237
toy,20,97,56.234133,71,3,9,-0.0230247479376718,0.3266548450393876,3,0.379011654070451,0.6300385715503745,0.1219910266724237
toy,20,97,100.0,71,3,9,-0.0204645810139724,1.0,3,0.4039333978803623,0.6320037963977639,0.0701217671640825
toy,20,97,177.827941,71,3,9,-0.0204645810139724,0.8201284021595966,3,0.4039333978803623,0.6320037963977639,0.0701217671640825
toy,20,97,316.227766,71,3,1,-0.0185959812264915,1.0,3,0.4027119169009189,0.6320037963977639,0.0706283196749912
toy,20,97,562.341325,71,3,1,-0.0185959812264915,1.0,3,0.4027119169009189,0.6320037963977639,0.0706283196749912
toy,20,97,1000.0,71,3,1,-0.0185959812264915,,3,0.4027119169009189,0.6320037963977639,0.0706283196749912
toy,20,98,0.001,78,3,1,-0.0171554422162976,1.0,2,0.0006962772322564,0.0,0.1658609300959045
toy,20,98,0.001778,78,3,1,-0.0171554422162976,-0.0255958204877328,2,0.0006962772322564,0.0,0.1658609300959045
toy,20,98,0.003162,78,3,1,-0.0171554422162976,0.0,2,0.0013900966780557,0.0,0.1658437635750279
toy,20,98,0.005623,78,3,1,0.0,1.0,1,0.0,0.0,0.1657505097336336
toy,20,98,0.01,78,3,1,0.0,0.0,1,0.0,0.0,0.1657505097336336
toy,20,98,0.017783,78,3,1,-0.0173130193905817,-0.0344895270933397,3,0.0027695004380667,0.0,0.1659980928319388
toy,20,98,0.031623,78,3,2,-0.0204211869814933,-0.0344895270933397,3,0.0226961525378254,0.0,0.1684878707269421
toy,20,98,0.056234,78,3,1,-0.0173130193905817,-0.0261369109047127,3,0.0013896805077848,0.0,0.1658195899759129
toy,20,98,0.1,78,3,1,-0.0173130193905817,-0.0261369109047127,3,0.0112230933919271,0.0,0.1666544782127535
toy,20,98,0.177828,78,3,2,-0.0173130193905817,-0.0173130193905817,3,0.0027695004380667,0.0,0.1659093740229236
toy,20,98,0.316228,78,3,2,1.0,1.0,2,0.0099134287445848,0.0,0.1673219780629025
toy,20,98,0.5,78,3,2,1.0,0.6578947368421053,2,0.0099134287445848,0.0,0.1673219780629025
toy,20,98,0.562341,78,3,3,0.6578947368421053,-0.0261369109047127,3,0.0102436868001738,0.0,0.1673131045011415
toy,20,98,1.0,78,3,1,-0.0173130193905817,1.0,3,0.0146090285769808,0.004144868364031,0.1672728309295519
toy,20,98,1.778279,78,3,10,-0.0173130193905817,1.0,3,0.0146090285769808,0.004144868364031,0.1672728309295519
toy,20,98,3.162278,78,3,7,-0.0173130193905817,1.0,3,0.0146090285769808,0.004144868364031,0.1672728309295519
toy,20,98,5.623413,78,3,10,-0.0173130193905817,0.067050935184096,3,0.0146090285769808,0.004144868364031,0.1672728309295519
toy,20,98,10.0,78,3,10,-0.0207253886010362,0.2870598788966136,3,0.3399755434195803,0.5891565540660857,0.2013422547596928
toy,20,98,17.782794,78,3,9,0.0014784697837737,1.0,3,0.3822162137415666,0.6386087079157423,0.0967293845818304
toy,20,98,31.622777,78,3,9,0.0014784697837737,1.0,3,0.3822162137415666,0.6386087079157423,0.0967293845818304
toy,20,98,56.234133,78,3,10,0.0014784697837737,0.8646716157388908,3,0.3822162137415666,0.6386087079157423,0.0967293845818304
toy,20,98,100.0,78,3,7,0.0058447382888226,0.9653141454990166,3,0.3822984598794049,0.6386087079157423,0.0951294499677943
toy,20,98,177.827941,78,3,2,0.004898052169951,0.7130961270546251,3,0.3821572894501851,0.6386087079157423,0.095027968657792
toy,20,98,316.227766,78,3,2,-0.0058772597276519,0.7495764109212067,3,0.3803455247595144,0.6386087079157424,0.0931374171915219
toy,20,98,562.341325,78,3,2,-0.0103279111799638,1.0,3,0.3824873040819681,0.6386087079157423,0.0928579306816072
toy,20,98,1000.0,78,3,1,-0.0103279111799638,,3,0.3824873040819681,0.6386087079157423,0.0928579306816072
toy,20,99,0.001,78,3,1,-0.0204211869814933,1.0,3,0.0009336823882636,0.0003994230067602,0.1623085710393586
toy,20,99,0.001778,78,3,1,-0.0204211869814933,-0.0517351091379948,3,0.0009336823882636,0.0003994230067602,0.1623085710393586
toy,20,99,0.003162,78,3,1,-0.0204211869814933,-0.0443368655976537,3,0.1369915619834818,0.2294221151332244,0.1341921465500172
toy,20,99,0.005623,78,3,1,-0.0192948605507805,-0.0311903388891066,3,0.0761688001392516,0.1388015607763195,0.1519203440072497
toy,20,99,0.01,78,3,1,-0.0173130193905817,-0.025866025307021,3,0.0399330253276381,0.0760267121196746,0.1592258549798131
toy,20,99,0.017783,78,3,1,-0.0171554422162976,-0.0308400576544084,2,0.0081545552562199,0.0,0.1634180040245568
toy,20,99,0.031623,78,3,1,-0.0192948605507805,-0.0311903388891066,3,0.0037653758353517,0.0,0.1623422303087016
toy,20,99,0.056234,78,3,1,-0.0173130193905817,-0.0173130193905817,3,0.0211126142644998,0.0400330980581979,0.1645786994569614
toy,20,99,0.1,78,3,4,-0.0129870129870129,-0.0129870129870129,2,0.0037685760473069,0.0,0.1625532880826842
toy,20,99,0.177828,78,3,1,-0.0129870129870129,1.0,2,0.0017206859035684,0.0,0.1622735395836194
toy,20,99,0.316228,78,3,4,-0.0129870129870129,-0.0129870129870129,2,0.0017206859035684,0.0,0.1622735395836194
toy,20,99,0.5,78,3,5,1.0,1.0,2,0.017473957508527,0.0228422376898328,0.1715478469909651
toy,20,99,0.562341,78,3,2,1.0,1.0,2,0.017473957508527,0.0228422376898328,0.1715478469909651
toy,20,99,1.0,78,3,1,1.0,1.0,2,0.017473957508527,0.0228422376898328,0.1715478469909651
toy,20,99,1.778279,78,3,10,1.0,1.0,2,0.017473957508527,0.0228422376898328,0.1715478469909651
toy,20,99,3.162278,78,3,10,1.0,0.1236460013828071,2,0.017473957508527,0.0228422376898328,0.1715478469909651
toy,20,99,5.623413,78,3,10,0.1236460013828071,0.3262676269092853,3,0.0300872289174293,0.0228422376898328,0.173692481431272
toy,20,99,10.0,78,3,8,0.0164700021793953,0.9628886146138844,3,0.473114864970124,0.7501045991390474,0.1436702861463303
toy,20,99,17.782794,78,3,10,0.0149983995610224,0.9110469014657212,3,0.472244576330328,0.7501045991390474,0.1436818757995367
toy,20,99,31.622777,78,3,8,-0.0147606111521128,0.9550757556981722,3,0.41439365802524,0.6856125395451649,0.0750265696598897
toy,20,99,56.234133,78,3,7,-0.0153330138955438,1.0,3,0.4147839469128743,0.6856125395451649,0.0747339204370559
toy,20,99,100.0,78,3,4,-0.0153330138955438,1.0,3,0.4147839469128743,0.6856125395451649,0.0747339204370559
toy,20,99,177.827941,78,3,3,-0.0153330138955438,0.9610932333668848,3,0.4147839469128743,0.6856125395451649,0.0747339204370559
toy,20,99,316.227766,78,3,3,-0.014965008747813,1.0,3,0.4143545885427843,0.6856125395451649,0.0749597521349484
toy,20,99,562.341325,78,3,1,-0.014965008747813,1.0,3,0.4143545885427843,0.6856125395451649,0.0749597521349484
toy,20,99,1000.0,78,3,1,-0.014965008747813,,3,0.4143545885427843,0.6856125395451649,0.0749597521349484
toy,20,100,0.001,74,3,1,0.0025399307122203,0.0364028137360022,3,0.0735523912592715,0.1154460749909673,0.1895767358568979
toy,20,100,0.001778,74,3,1,-0.0272755942173358,0.0,2,0.00102498389181,0.0,0.1640040573863173
toy,20,100,0.003162,74,3,1,0.0,1.0,1,0.0,0.0,0.1638825182053274
toy,20,100,0.005623,74,3,1,0.0,1.0,1,0.0,0.0,0.1638825182053274
toy,20,100,0.01,74,3,1,0.0,1.0,1,0.0,0.0,0.1638825182053274
toy,20,100,0.017783,74,3,1,0.0,0.0,1,0.0,0.0,0.1638825182053274
toy,20,100,0.031623,74,3,1,-0.0182613168724279,-0.0182613168724279,2,0.001705441993821,0.0,0.1640615385679431
toy,20,100,0.056234,74,3,1,-0.0275781123522745,-0.0182613168724279,3,0.0077342690891997,0.0,0.164884370394891
toy,20,100,0.1,74,3,4,-0.0182613168724279,-0.0136986301369863,2,0.0027223920940881,0.0,0.163971605752833
toy,20,100,0.177828,74,3,1,-0.0182613168724279,-0.0182613168724279,2,0.001705441993821,0.0,0.1638580860950693
toy,20,100,0.316228,74,3,1,1.0,1.0,3,0.0006838138884226,0.0,0.1638634309700283
toy,20,100,0.5,74,3,4,1.0,1.0,3,0.0006838138884226,0.0,0.1638634309700283
toy,20,100,0.562341,74,3,4,1.0,-0.0182613168724279,3,0.0006838138884226,0.0,0.1638634309700283
toy,20,100,1.0,74,3,4,-0.0182613168724279,1.0,2,0.0002694558427964,0.0003989621482887,0.1638228573206578
toy,20,100,1.778279,74,3,10,-0.0182613168724279,1.0,2,0.0002694558427964,0.0003989621482887,0.1638228573206578
toy,20,100,3.162278,74,3,10,-0.0182613168724279,0.1054849850728794,2,0.0002694558427964,0.0003989621482887,0.1638228573206578
toy,20,100,5.623413,74,3,10,-0.0385481963820573,0.4510434390625855,3,0.3894049383962638,0.639124399031558,0.1913231769314601
toy,20,100,10.0,74,3,10,-0.0414774729256277,0.8723705580809479,3,0.43459655506277,0.7102683076181802,0.1131613743414425
toy,20,100,17.782794,74,3,8,0.0716283135520939,1.0,3,0.4357165750879814,0.7123255855870857,0.1125549823879669
toy,20,100,31.622777,74,3,8,0.0716283135520939,0.0419889129505335,3,0.4357165750879814,0.7123255855870857,0.1125549823879669
toy,20,100,56.234133,74,3,9,0.0821928602031921,0.4880818194110418,3,0.4189503860491446,0.7123255855870857,0.1090862039488952
toy,20,100,100.0,74,3,5,0.0975906940039481,1.0,3,0.4500863311548791,0.7123255855870857,0.0574271071948816
toy,20,100,177.827941,74,3,6,0.0975906940039481,1.0,3,0.4500863311548791,0.7123255855870857,0.0574271071948816
toy,20,100,316.227766,74,3,1,0.0975906940039481,0.9538150273394342,3,0.4500863311548791,0.7123255855870856,0.0574271071948816
toy,20,100,562.341325,74,3,1,0.0896105254593847,1.0,3,0.4496144371534914,0.7123255855870857,0.0575986304253266
toy,20,100,1000.0,74,3,1,0.0896105254593847,,3,0.4496144371534913,0.7123255855870856,0.0575986304253266
